shipment_id,carrier,ship_date,status,origin,destination,freight_cost,Expected Delivery Date,Delivered_Date,delay_days
SHO0003,FEDEX,08/08/2024,Delivered,Delhi,Hyderabad,115.22,08/10/2024,08/14/2024,4
SHO0005,FEDEX,06/15/2024,In Transit,Mumbai,Delhi,126.06,NULL,NULL,NULL
SHO0006,FEDEX,08/12/2024,Delivered,Delhi,Bangalore,108.08,08/14/2024,08/15/2024,1
SHO0009,DHL,11/29/2025,Accepted,Bangalore,Pune,355.51,12/06/2025,NULL,NULL
SHO0011,FEDEX,02/29/2024,In Transit,Delhi,Hyderabad,429.25,NULL,NULL,NULL
SHO0017,DHL,05/12/2025,Pending,Hyderabad,Chennai,43.97,05/17/2025,NULL,NULL
SHO0018,BLUEDART,07/06/2024,In Transit,Chennai,Mumbai,92.09,NULL,NULL,NULL
SHO0020,DHL,08/01/2025,Pending,Mumbai,Bangalore,103.49,NULL,NULL,NULL
SHO0023,FEDEX,06/01/2025,Accepted,Hyderabad,Mumbai,65.65,NULL,NULL,NULL
SHO0024,BLUEDART,12/23/2025,In Transit,Mumbai,Bangalore,245.33,NULL,NULL,NULL
SHO0025,FEDEX,01/01/2025,In Transit,Delhi,Pune,315.6,01/08/2025,NULL,NULL
SHO0028,BLUEDART,04/28/2024,In Transit,Delhi,Pune,23.57,05/02/2024,NULL,NULL
SHO0029,BLUEDART,02/15/2024,Delivered,Hyderabad,Mumbai,172.91,02/21/2024,02/22/2024,1
SHO0030,BLUEDART,11/30/2024,In Transit,Delhi,Chennai,324.38,12/06/2024,NULL,NULL
SHO0037,BLUEDART,04/03/2024,In Transit,Mumbai,Chennai,403.08,NULL,NULL,NULL
SHO0040,FEDEX,10/11/2024,Delivered,Delhi,Chennai,471.7,10/16/2024,10/18/2024,2
SHO0042,BLUEDART,03/07/2026,Accepted,Chennai,Pune,14.98,NULL,NULL,NULL
SHO0049,FEDEX,02/17/2026,Accepted,Bangalore,Chennai,266.14,02/19/2026,NULL,NULL
SHO0050,BLUEDART,10/15/2025,Accepted,Delhi,Hyderabad,356.62,NULL,NULL,NULL
SHO0051,DHL,05/18/2025,Delayed,Pune,Chennai,254.67,05/25/2025,NULL,NULL
SHO0057,FEDEX,03/22/2025,Delivered,Hyderabad,Bangalore,392.26,03/24/2025,03/29/2025,5
SHO0059,BLUEDART,07/27/2024,In Transit,Mumbai,Pune,238.55,NULL,NULL,NULL
SHO0061,FEDEX,12/04/2025,Pending,Mumbai,Hyderabad,3.89,NULL,NULL,NULL
SHO0063,BLUEDART,01/27/2025,In Transit,Hyderabad,Bangalore,416.49,02/01/2025,NULL,NULL
SHO0064,DHL,05/09/2024,Accepted,Mumbai,Pune,479.91,05/13/2024,NULL,NULL
SHO0065,DHL,12/12/2024,Pending,Mumbai,Delhi,321.77,12/19/2024,NULL,NULL
SHO0066,BLUEDART,03/11/2024,In Transit,Pune,Bangalore,286.07,NULL,NULL,NULL
SHO0071,FEDEX,01/04/2026,In Transit,Hyderabad,Bangalore,47.02,04/04/2026,NULL,NULL
SHO0073,FEDEX,10/06/2024,Accepted,Chennai,Bangalore,15.44,NULL,NULL,NULL
SHO0077,FEDEX,05/03/2026,Pending,Bangalore,Pune,277.08,NULL,NULL,NULL
SHO0080,DHL,09/13/2024,Delivered,Hyderabad,Bangalore,21.21,09/20/2024,09/18/2024,0
SHO0081,BLUEDART,02/05/2025,Pending,Pune,Hyderabad,371.25,05/08/2025,NULL,NULL
SHO0087,FEDEX,06/04/2026,In Transit,Chennai,Hyderabad,410.19,NULL,NULL,NULL
SHO0091,DHL,11/04/2024,In Transit,Pune,Delhi,365.06,11/08/2024,NULL,NULL
SHO0092,BLUEDART,03/14/2024,In Transit,Bangalore,Delhi,419.82,03/16/2024,NULL,NULL
SHO0093,FEDEX,01/22/2024,In Transit,Pune,Chennai,19.69,NULL,NULL,NULL
SHO0095,DHL,05/29/2024,In Transit,Hyderabad,Pune,34.42,NULL,NULL,NULL
SHO0096,BLUEDART,11/26/2024,Accepted,Chennai,Bangalore,483.16,11/30/2024,NULL,NULL
SHO0098,BLUEDART,11/25/2024,Pending,Bangalore,Hyderabad,195.86,11/28/2024,NULL,NULL
SHO0099,DHL,03/25/2025,Pending,Bangalore,Mumbai,223.19,03/28/2025,NULL,NULL
SHO0100,FEDEX,04/06/2024,Pending,Pune,Mumbai,313.46,NULL,NULL,NULL
SHO0101,FEDEX,05/12/2024,Pending,Delhi,Chennai,331.12,NULL,NULL,NULL
SHO0102,BLUEDART,10/23/2025,Delivered,Chennai,Pune,165.58,10/27/2025,10/25/2025,0
SHO0103,FEDEX,02/28/2026,Pending,Pune,Bangalore,404.37,NULL,NULL,NULL
SHO0104,BLUEDART,02/14/2024,In Transit,Hyderabad,Chennai,131.29,02/21/2024,NULL,NULL
SHO0105,FEDEX,11/25/2025,Pending,Hyderabad,Mumbai,490.98,11/30/2025,NULL,NULL
SHO0107,FEDEX,04/16/2026,Pending,Pune,Delhi,433.09,04/18/2026,NULL,NULL
SHO0109,BLUEDART,03/09/2025,Delayed,Chennai,Bangalore,370.18,03/12/2025,03/17/2025,NULL
SHO0112,BLUEDART,03/01/2026,Pending,Bangalore,Pune,346.41,03/05/2026,NULL,NULL
SHO0119,DHL,12/21/2025,Pending,Delhi,Mumbai,44.45,NULL,NULL,NULL
SHO0122,BLUEDART,06/22/2025,In Transit,Bangalore,Mumbai,366.12,06/28/2025,NULL,NULL
SHO0123,BLUEDART,07/05/2024,Delivered,Bangalore,Chennai,480.43,10/07/2024,07/08/2024,0
SHO0127,DHL,01/21/2026,Accepted,Delhi,Mumbai,120.31,01/26/2026,NULL,NULL
SHO0128,DHL,06/03/2026,Pending,Delhi,Chennai,162.52,06/06/2026,NULL,NULL
SHO0129,FEDEX,02/06/2025,Pending,Pune,Hyderabad,185.19,09/02/2025,NULL,NULL
SHO0130,BLUEDART,03/17/2025,Delayed,Pune,Hyderabad,431.82,03/24/2025,03/30/2025,NULL
SHO0134,BLUEDART,03/09/2025,Pending,Bangalore,Pune,74.01,10/09/2025,NULL,NULL
SHO0135,FEDEX,02/02/2024,Pending,Hyderabad,Delhi,469.96,02/04/2024,NULL,NULL
SHO0137,BLUEDART,09/16/2025,Pending,Bangalore,Delhi,31.51,NULL,NULL,NULL
SHO0138,FEDEX,12/23/2024,Pending,Delhi,Chennai,461.55,12/30/2024,NULL,NULL
SHO0140,BLUEDART,02/21/2024,Delivered,Hyderabad,Delhi,445.01,02/24/2024,02/25/2024,1
SHO0144,DHL,03/20/2026,In Transit,Bangalore,Delhi,249.31,NULL,NULL,NULL
SHO0149,BLUEDART,03/04/2024,Pending,Chennai,Mumbai,178.38,04/05/2024,NULL,NULL
SHO0150,FEDEX,02/02/2026,In Transit,Delhi,Pune,255.42,02/04/2026,NULL,NULL
SHO0151,FEDEX,02/26/2026,Delayed,Mumbai,Hyderabad,364.18,05/03/2026,12/03/2026,NULL
SHO0154,DHL,02/04/2024,Pending,Pune,Bangalore,266.72,02/11/2024,NULL,NULL
SHO0155,BLUEDART,04/15/2026,Delivered,Delhi,Hyderabad,254.14,04/21/2026,04/24/2026,3
SHO0157,BLUEDART,05/19/2026,In Transit,Mumbai,Hyderabad,94.43,05/26/2026,NULL,NULL
SHO0159,BLUEDART,08/10/2024,Pending,Bangalore,Chennai,41.16,08/14/2024,NULL,NULL
SHO0166,BLUEDART,04/14/2026,In Transit,Chennai,Delhi,75.05,04/19/2026,NULL,NULL
SHO0169,DHL,07/31/2024,Pending,Delhi,Pune,3.63,08/07/2024,NULL,NULL
SHO0170,FEDEX,03/20/2026,Delivered,Bangalore,Hyderabad,340.01,03/26/2026,03/29/2026,3
SHO0174,FEDEX,12/01/2026,Pending,Mumbai,Pune,445.02,NULL,NULL,NULL
SHO0179,FEDEX,08/19/2025,In Transit,Chennai,Mumbai,229.93,NULL,NULL,NULL
SHO0181,FEDEX,04/19/2025,Delivered,Delhi,Chennai,314.14,04/26/2025,04/26/2025,0
SHO0182,FEDEX,03/14/2026,In Transit,Delhi,Chennai,222.25,03/18/2026,NULL,NULL
SHO0189,DHL,08/10/2024,In Transit,Delhi,Pune,231.81,11/10/2024,NULL,NULL
SHO0192,BLUEDART,07/05/2025,Delayed,Delhi,Bangalore,107.72,12/07/2025,07/17/2025,NULL
SHO0195,BLUEDART,10/12/2025,Delivered,Pune,Chennai,324.43,10/14/2025,10/18/2025,4
SHO0196,FEDEX,02/17/2024,Delayed,Bangalore,Pune,283.18,02/22/2024,02/23/2024,NULL
SHO0201,DHL,12/25/2024,In Transit,Chennai,Mumbai,102.41,12/28/2024,NULL,NULL
SHO0203,FEDEX,03/13/2024,Pending,Bangalore,Chennai,435.46,03/15/2024,NULL,NULL
SHO0210,BLUEDART,08/17/2024,In Transit,Bangalore,Mumbai,63.99,08/24/2024,NULL,NULL
SHO0211,BLUEDART,03/11/2024,Pending,Pune,Chennai,422.3,03/15/2024,NULL,NULL
SHO0215,FEDEX,11/21/2024,Pending,Bangalore,Delhi,77.73,11/23/2024,NULL,NULL
SHO0216,BLUEDART,04/07/2025,In Transit,Delhi,Hyderabad,188.74,04/09/2025,NULL,NULL
SHO0217,DHL,12/30/2024,In Transit,Pune,Delhi,217.81,01/06/2025,NULL,NULL
SHO0218,DHL,04/03/2026,Delivered,Mumbai,Pune,1.08,04/05/2026,04/03/2026,0
SHO0219,DHL,07/21/2024,Delivered,Pune,Hyderabad,177.19,07/24/2024,07/23/2024,0
SHO0220,FEDEX,06/25/2024,In Transit,Bangalore,Mumbai,44.54,06/28/2024,NULL,NULL
SHO0221,BLUEDART,03/30/2024,In Transit,Mumbai,Pune,142.15,NULL,NULL,NULL
SHO0223,FEDEX,02/24/2026,Pending,Chennai,Delhi,499.77,02/27/2026,NULL,NULL
SHO0226,FEDEX,04/05/2026,Delayed,Chennai,Hyderabad,117.64,04/08/2026,04/14/2026,NULL
SHO0227,FEDEX,08/23/2025,Delayed,Bangalore,Mumbai,115.21,NULL,08/30/2025,NULL
SHO0228,BLUEDART,11/12/2025,Pending,Delhi,Hyderabad,392.38,NULL,NULL,NULL
SHO0229,BLUEDART,09/08/2025,In Transit,Pune,Delhi,454.2,NULL,NULL,NULL
SHO0231,FEDEX,06/19/2024,In Transit,Bangalore,Mumbai,205.99,NULL,NULL,NULL
SHO0233,FEDEX,03/17/2025,Delivered,Bangalore,Pune,15.7,03/22/2025,03/22/2025,0
SHO0234,FEDEX,04/08/2024,Delayed,Delhi,Hyderabad,147.88,NULL,04/22/2024,NULL
SHO0235,DHL,03/24/2024,Pending,Hyderabad,Mumbai,409.39,03/28/2024,NULL,NULL
SHO0236,FEDEX,02/15/2024,In Transit,Hyderabad,Chennai,175.05,02/19/2024,NULL,NULL
SHO0238,BLUEDART,11/24/2025,Pending,Chennai,Bangalore,5.52,11/29/2025,NULL,NULL
SHO0242,FEDEX,02/20/2024,Delivered,Bangalore,Hyderabad,195.63,02/24/2024,02/27/2024,3
SHO0243,FEDEX,03/03/2026,Accepted,Bangalore,Mumbai,106.1,10/03/2026,NULL,NULL
SHO0248,DHL,09/14/2025,Delivered,Hyderabad,Mumbai,466.94,09/21/2025,09/23/2025,2
SHO0250,BLUEDART,02/06/2024,Pending,Delhi,Hyderabad,363.98,04/06/2024,NULL,NULL
SHO0251,FEDEX,01/24/2026,Delayed,Mumbai,Chennai,258.15,NULL,NULL,NULL
SHO0253,DHL,02/01/2026,Accepted,Delhi,Hyderabad,98.11,02/05/2026,NULL,NULL
SHO0258,FEDEX,09/02/2025,Pending,Mumbai,Bangalore,115.94,09/09/2025,NULL,NULL
SHO0261,DHL,08/11/2025,Delayed,Delhi,Chennai,304.24,NULL,11/22/2025,NULL
SHO0263,DHL,04/23/2024,Accepted,Pune,Hyderabad,253.01,04/28/2024,NULL,NULL
SHO0266,BLUEDART,10/26/2025,Delivered,Mumbai,Chennai,16.73,10/29/2025,10/27/2025,0
SHO0269,DHL,02/25/2024,Delayed,Chennai,Bangalore,293.17,02/28/2024,03/08/2024,NULL
SHO0272,DHL,05/12/2024,Pending,Hyderabad,Chennai,365.1,NULL,NULL,NULL
SHO0273,BLUEDART,06/18/2025,In Transit,Delhi,Bangalore,327.22,06/20/2025,NULL,NULL
SHO0276,BLUEDART,09/15/2025,Delivered,Mumbai,Chennai,362.18,09/19/2025,09/23/2025,4
SHO0279,DHL,01/26/2024,In Transit,Chennai,Pune,4.29,02/02/2024,NULL,NULL
SHO0280,FEDEX,03/02/2024,In Transit,Hyderabad,Bangalore,392.14,NULL,NULL,NULL
SHO0282,DHL,02/12/2026,Pending,Bangalore,Delhi,237.04,NULL,NULL,NULL
SHO0283,BLUEDART,02/11/2024,In Transit,Pune,Chennai,81.89,02/15/2024,NULL,NULL
SHO0284,FEDEX,03/03/2026,Delivered,Chennai,Pune,277.05,10/03/2026,12/03/2026,61
SHO0285,BLUEDART,07/10/2025,Pending,Hyderabad,Chennai,153.98,07/14/2025,NULL,NULL
SHO0287,BLUEDART,04/02/2026,Pending,Delhi,Bangalore,178.42,NULL,NULL,NULL
SHO0288,DHL,08/03/2024,Delivered,Bangalore,Pune,285.12,08/06/2024,10/08/2024,63
SHO0289,BLUEDART,04/15/2025,Delivered,Hyderabad,Pune,112.39,04/17/2025,04/16/2025,0
SHO0291,DHL,01/25/2025,In Transit,Delhi,Chennai,396.83,01/27/2025,NULL,NULL
SHO0292,DHL,01/12/2024,Pending,Delhi,Mumbai,427.36,NULL,NULL,NULL
SHO0294,BLUEDART,03/15/2024,In Transit,Mumbai,Bangalore,309.58,03/19/2024,NULL,NULL
SHO0300,DHL,01/02/2025,Delayed,Bangalore,Mumbai,46.92,01/07/2025,01/11/2025,NULL
SHO0302,BLUEDART,08/16/2024,Pending,Delhi,Chennai,155.39,08/20/2024,NULL,NULL
SHO0309,BLUEDART,03/11/2025,Delayed,Chennai,Pune,67.62,NULL,NULL,NULL
SHO0312,BLUEDART,04/02/2025,Delivered,Pune,Delhi,325.6,05/04/2025,04/04/2025,0
SHO0313,BLUEDART,04/23/2026,Accepted,Pune,Hyderabad,193.57,04/29/2026,05/06/2026,NULL
SHO0314,BLUEDART,02/28/2024,Delivered,Delhi,Bangalore,395.73,03/06/2024,03/11/2024,5
SHO0316,DHL,10/18/2024,Delivered,Pune,Bangalore,401.26,10/24/2024,10/27/2024,3
SHO0318,DHL,11/28/2025,Pending,Delhi,Chennai,439.98,11/30/2025,NULL,NULL
SHO0319,FEDEX,07/02/2025,Delayed,Delhi,Bangalore,326.47,07/06/2025,10/07/2025,NULL
SHO0322,DHL,02/11/2025,In Transit,Chennai,Delhi,355.1,NULL,NULL,NULL
SHO0323,DHL,12/16/2025,Pending,Mumbai,Pune,186.84,12/23/2025,NULL,NULL
SHO0324,FEDEX,04/27/2025,Pending,Hyderabad,Mumbai,119.0,04/30/2025,NULL,NULL
SHO0325,DHL,04/13/2026,Delayed,Chennai,Hyderabad,338.07,04/16/2026,04/25/2026,NULL
SHO0326,BLUEDART,01/07/2026,In Transit,Chennai,Bangalore,375.49,11/01/2026,NULL,NULL
SHO0327,BLUEDART,01/02/2026,Accepted,Pune,Chennai,70.67,05/02/2026,NULL,NULL
SHO0329,DHL,03/07/2025,Delivered,Hyderabad,Mumbai,275.14,03/12/2025,03/11/2025,0
SHO0330,FEDEX,06/17/2025,Pending,Delhi,Bangalore,160.11,06/20/2025,NULL,NULL
SHO0331,DHL,06/18/2026,Pending,Pune,Hyderabad,238.09,NULL,NULL,NULL
SHO0332,FEDEX,01/25/2026,In Transit,Hyderabad,Delhi,177.03,NULL,NULL,NULL
SHO0333,BLUEDART,03/31/2025,Delayed,Delhi,Bangalore,482.33,07/04/2025,NULL,NULL
SHO0335,DHL,02/12/2026,Pending,Bangalore,Mumbai,93.77,NULL,NULL,NULL
SHO0336,DHL,04/28/2026,In Transit,Bangalore,Mumbai,47.94,NULL,NULL,NULL
SHO0337,BLUEDART,02/26/2025,In Transit,Chennai,Delhi,415.02,03/01/2025,NULL,NULL
SHO0341,FEDEX,01/02/2026,Pending,Hyderabad,Pune,222.14,NULL,NULL,NULL
SHO0342,FEDEX,06/20/2024,Delivered,Delhi,Pune,80.14,06/22/2024,06/26/2024,4
SHO0344,FEDEX,01/22/2024,Delivered,Mumbai,Hyderabad,139.11,01/29/2024,01/29/2024,0
SHO0345,FEDEX,10/08/2024,Accepted,Bangalore,Mumbai,402.18,10/14/2024,NULL,NULL
SHO0346,BLUEDART,06/23/2026,Delayed,Mumbai,Hyderabad,279.45,06/27/2026,NULL,NULL
SHO0349,BLUEDART,04/24/2025,Accepted,Mumbai,Pune,290.57,NULL,05/02/2025,NULL
SHO0350,BLUEDART,01/12/2026,In Transit,Pune,Hyderabad,228.36,NULL,NULL,NULL
SHO0351,BLUEDART,11/21/2025,Pending,Chennai,Delhi,327.48,11/26/2025,NULL,NULL
SHO0352,FEDEX,11/28/2024,Accepted,Delhi,Bangalore,135.6,NULL,NULL,NULL
SHO0354,BLUEDART,06/07/2025,Pending,Delhi,Bangalore,250.99,NULL,NULL,NULL
SHO0355,FEDEX,02/13/2025,Pending,Pune,Bangalore,452.37,NULL,NULL,NULL
SHO0356,DHL,02/08/2024,Delivered,Chennai,Delhi,388.84,02/13/2024,02/12/2024,0
SHO0358,FEDEX,05/31/2025,Accepted,Chennai,Bangalore,48.81,06/04/2025,06/11/2025,NULL
SHO0360,FEDEX,04/01/2024,Delayed,Bangalore,Chennai,309.61,04/06/2024,04/12/2024,NULL
SHO0363,DHL,01/20/2025,Pending,Bangalore,Pune,445.5,01/26/2025,NULL,NULL
SHO0364,DHL,11/07/2025,In Transit,Pune,Chennai,304.53,NULL,NULL,NULL
SHO0367,DHL,08/18/2024,Delayed,Chennai,Delhi,118.24,NULL,08/26/2024,NULL
SHO0371,BLUEDART,08/24/2024,Pending,Chennai,Bangalore,54.67,08/31/2024,NULL,NULL
SHO0372,DHL,04/30/2025,Delayed,Mumbai,Chennai,15.0,05/03/2025,05/04/2025,NULL
SHO0373,FEDEX,05/12/2025,In Transit,Chennai,Mumbai,422.73,08/12/2025,NULL,NULL
SHO0375,BLUEDART,10/25/2024,Pending,Pune,Delhi,150.86,10/29/2024,NULL,NULL
SHO0377,DHL,09/13/2024,In Transit,Mumbai,Pune,321.2,NULL,NULL,NULL
SHO0378,BLUEDART,06/12/2024,In Transit,Chennai,Bangalore,239.2,06/14/2024,NULL,NULL
SHO0379,FEDEX,01/17/2026,Accepted,Delhi,Mumbai,477.36,NULL,01/21/2026,NULL
SHO0386,FEDEX,12/07/2024,In Transit,Mumbai,Pune,245.04,12/14/2024,NULL,NULL
SHO0388,DHL,10/04/2025,Pending,Mumbai,Hyderabad,437.39,10/10/2025,NULL,NULL
SHO0389,FEDEX,01/20/2024,Accepted,Chennai,Bangalore,254.89,01/24/2024,NULL,NULL
SHO0394,BLUEDART,01/06/2024,Delayed,Pune,Mumbai,78.71,03/06/2024,06/13/2024,NULL
SHO0395,DHL,11/14/2024,Pending,Hyderabad,Pune,437.5,11/20/2024,NULL,NULL
SHO0398,BLUEDART,02/05/2025,Delayed,Delhi,Mumbai,325.78,NULL,02/18/2025,NULL
SHO0399,BLUEDART,06/04/2025,Delayed,Chennai,Hyderabad,155.3,11/06/2025,NULL,NULL
SHO0409,FEDEX,03/21/2024,Pending,Mumbai,Bangalore,436.15,03/23/2024,NULL,NULL
SHO0412,FEDEX,09/22/2025,In Transit,Delhi,Hyderabad,79.63,NULL,NULL,NULL
SHO0413,FEDEX,05/11/2025,Delayed,Bangalore,Hyderabad,383.64,05/13/2025,NULL,NULL
SHO0414,FEDEX,08/03/2024,Pending,Bangalore,Hyderabad,345.93,NULL,NULL,NULL
SHO0416,DHL,05/14/2026,In Transit,Chennai,Delhi,274.08,05/21/2026,NULL,NULL
SHO0420,FEDEX,09/20/2024,Delayed,Mumbai,Delhi,372.82,09/24/2024,09/25/2024,NULL
SHO0422,FEDEX,06/01/2024,Accepted,Pune,Chennai,291.39,06/03/2024,NULL,NULL
SHO0424,BLUEDART,01/07/2025,Accepted,Pune,Mumbai,477.34,07/03/2025,NULL,NULL
SHO0425,DHL,05/13/2025,Delayed,Bangalore,Delhi,433.42,NULL,05/22/2025,NULL
SHO0426,FEDEX,01/17/2024,Delayed,Chennai,Mumbai,116.79,01/21/2024,01/22/2024,NULL
SHO0428,DHL,06/23/2024,Accepted,Mumbai,Bangalore,262.8,06/25/2024,NULL,NULL
SHO0429,BLUEDART,11/28/2024,Delayed,Bangalore,Mumbai,485.99,12/04/2024,12/13/2024,NULL
SHO0433,BLUEDART,04/20/2025,Delivered,Chennai,Hyderabad,283.35,04/23/2025,04/25/2025,2
SHO0436,FEDEX,08/13/2024,Delayed,Hyderabad,Chennai,193.17,08/18/2024,08/19/2024,NULL
SHO0437,FEDEX,05/10/2024,Delayed,Hyderabad,Mumbai,321.48,05/12/2024,05/17/2024,NULL
SHO0438,BLUEDART,08/14/2025,Pending,Chennai,Hyderabad,415.9,NULL,NULL,NULL
SHO0445,DHL,09/30/2024,Pending,Delhi,Mumbai,314.53,10/04/2024,NULL,NULL
SHO0446,BLUEDART,09/27/2025,In Transit,Delhi,Chennai,383.94,10/04/2025,NULL,NULL
SHO0452,DHL,02/25/2026,Delayed,Mumbai,Chennai,469.72,NULL,04/03/2026,NULL
SHO0456,FEDEX,11/11/2024,Pending,Delhi,Mumbai,427.1,NULL,NULL,NULL
SHO0457,FEDEX,05/22/2024,Accepted,Bangalore,Mumbai,260.56,05/24/2024,NULL,NULL
SHO0459,FEDEX,05/20/2025,Pending,Chennai,Delhi,349.12,05/23/2025,NULL,NULL
SHO0460,FEDEX,05/18/2025,Delivered,Mumbai,Hyderabad,293.98,05/20/2025,05/19/2025,0
SHO0463,BLUEDART,12/02/2025,Delivered,Delhi,Mumbai,319.24,12/04/2025,12/07/2025,3
SHO0464,DHL,01/05/2026,In Transit,Chennai,Hyderabad,381.16,NULL,NULL,NULL
SHO0465,FEDEX,04/18/2026,Delayed,Pune,Hyderabad,455.58,NULL,04/29/2026,NULL
SHO0466,FEDEX,08/15/2024,Delayed,Pune,Hyderabad,416.95,08/18/2024,08/22/2024,NULL
SHO0468,BLUEDART,07/23/2024,Delayed,Hyderabad,Bangalore,308.95,NULL,07/27/2024,NULL
SHO0469,BLUEDART,04/19/2026,Pending,Pune,Hyderabad,362.68,NULL,NULL,NULL
SHO0470,DHL,01/10/2025,Delivered,Chennai,Mumbai,261.84,01/15/2025,01/14/2025,0
SHO0473,BLUEDART,03/24/2025,Pending,Pune,Chennai,301.96,03/26/2025,NULL,NULL
SHO0474,FEDEX,07/24/2024,Pending,Hyderabad,Mumbai,409.54,07/29/2024,NULL,NULL
SHO0475,BLUEDART,02/05/2025,Delivered,Mumbai,Delhi,269.84,05/07/2025,05/12/2025,5
SHO0479,BLUEDART,08/08/2025,Pending,Bangalore,Chennai,196.03,08/11/2025,NULL,NULL
SHO0483,BLUEDART,05/23/2025,Pending,Hyderabad,Mumbai,390.65,05/30/2025,NULL,NULL
SHO0485,BLUEDART,08/02/2024,In Transit,Mumbai,Chennai,381.48,09/08/2024,NULL,NULL
SHO0486,FEDEX,03/07/2024,Delayed,Bangalore,Chennai,284.15,09/07/2024,07/12/2024,NULL
SHO0487,FEDEX,06/18/2025,In Transit,Chennai,Pune,131.28,06/21/2025,NULL,NULL
SHO0488,BLUEDART,09/30/2024,Accepted,Hyderabad,Chennai,86.49,NULL,NULL,NULL
SHO0489,FEDEX,03/22/2025,In Transit,Mumbai,Bangalore,295.21,03/24/2025,NULL,NULL
SHO0495,FEDEX,01/07/2025,Accepted,Bangalore,Pune,57.1,07/06/2025,NULL,NULL
SHO0498,DHL,10/07/2025,Pending,Pune,Delhi,378.79,10/10/2025,NULL,NULL
SHO0499,BLUEDART,03/12/2025,In Transit,Hyderabad,Bangalore,379.73,07/12/2025,NULL,NULL
SHO0500,DHL,07/05/2024,In Transit,Mumbai,Delhi,428.31,07/11/2024,NULL,NULL
SHO0501,DHL,02/20/2024,In Transit,Delhi,Hyderabad,278.44,02/26/2024,NULL,NULL
SHO0502,FEDEX,05/01/2024,In Transit,Bangalore,Mumbai,333.87,05/04/2024,NULL,NULL
SHO0504,DHL,04/12/2025,In Transit,Delhi,Chennai,333.73,NULL,NULL,NULL
SHO0506,FEDEX,05/19/2025,In Transit,Hyderabad,Bangalore,429.18,05/22/2025,NULL,NULL
SHO0508,BLUEDART,02/24/2024,In Transit,Bangalore,Mumbai,6.2,02/27/2024,NULL,NULL
SHO0509,FEDEX,05/11/2025,Pending,Delhi,Bangalore,205.93,05/18/2025,NULL,NULL
SHO0510,BLUEDART,05/08/2024,Pending,Bangalore,Chennai,498.84,07/08/2024,NULL,NULL
SHO0511,FEDEX,02/07/2025,In Transit,Bangalore,Pune,262.4,NULL,NULL,NULL
SHO0513,BLUEDART,04/04/2024,In Transit,Chennai,Mumbai,68.0,NULL,NULL,NULL
SHO0516,FEDEX,03/26/2024,In Transit,Chennai,Bangalore,191.57,03/28/2024,NULL,NULL
SHO0523,BLUEDART,01/03/2025,Accepted,Bangalore,Mumbai,207.51,NULL,NULL,NULL
SHO0524,BLUEDART,01/01/2026,Delayed,Mumbai,Hyderabad,226.42,06/01/2026,01/16/2026,NULL
SHO0525,FEDEX,01/22/2024,Delayed,Bangalore,Mumbai,87.05,01/25/2024,02/02/2024,NULL
SHO0527,FEDEX,05/20/2025,In Transit,Pune,Chennai,56.14,05/26/2025,NULL,NULL
SHO0531,DHL,03/25/2025,In Transit,Pune,Delhi,366.15,03/27/2025,NULL,NULL
SHO0538,FEDEX,08/02/2025,Delivered,Hyderabad,Bangalore,438.72,08/09/2025,08/10/2025,1
SHO0539,DHL,08/19/2025,In Transit,Delhi,Bangalore,397.25,08/23/2025,NULL,NULL
SHO0543,DHL,03/07/2025,Delayed,Hyderabad,Bangalore,463.36,03/11/2025,NULL,NULL
SHO0545,FEDEX,11/11/2025,Pending,Pune,Bangalore,157.58,11/14/2025,NULL,NULL
SHO0547,FEDEX,05/03/2024,Delivered,Chennai,Pune,462.99,05/06/2024,05/04/2024,0
SHO0551,BLUEDART,10/02/2024,Pending,Hyderabad,Pune,478.82,10/09/2024,NULL,NULL
SHO0558,DHL,02/15/2026,In Transit,Hyderabad,Pune,314.72,02/22/2026,NULL,NULL
SHO0561,BLUEDART,09/21/2025,In Transit,Bangalore,Chennai,314.79,09/26/2025,NULL,NULL
SHO0564,BLUEDART,09/10/2024,Delayed,Delhi,Mumbai,194.67,NULL,09/15/2024,NULL
SHO0565,DHL,01/21/2025,In Transit,Pune,Hyderabad,436.25,01/28/2025,NULL,NULL
SHO0569,BLUEDART,08/20/2025,Pending,Delhi,Mumbai,369.79,08/23/2025,NULL,NULL
SHO0571,BLUEDART,09/22/2025,In Transit,Chennai,Delhi,162.84,09/25/2025,NULL,NULL
SHO0573,DHL,03/26/2025,In Transit,Hyderabad,Mumbai,286.17,03/30/2025,NULL,NULL
SHO0575,FEDEX,06/23/2025,Delivered,Bangalore,Hyderabad,498.66,06/28/2025,06/27/2025,0
SHO0576,DHL,08/24/2025,In Transit,Pune,Bangalore,415.57,08/28/2025,NULL,NULL
SHO0577,FEDEX,03/14/2026,Pending,Hyderabad,Pune,378.78,03/20/2026,NULL,NULL
SHO0579,DHL,11/09/2024,In Transit,Mumbai,Hyderabad,435.45,11/15/2024,NULL,NULL
SHO0582,DHL,09/13/2024,In Transit,Bangalore,Delhi,352.22,09/20/2024,NULL,NULL
SHO0583,DHL,04/22/2026,In Transit,Delhi,Mumbai,374.21,NULL,NULL,NULL
SHO0584,DHL,04/30/2025,In Transit,Hyderabad,Delhi,219.18,NULL,NULL,NULL
SHO0585,FEDEX,04/05/2025,Accepted,Hyderabad,Chennai,243.9,09/04/2025,NULL,NULL
SHO0587,BLUEDART,06/06/2026,In Transit,Chennai,Bangalore,488.5,06/09/2026,NULL,NULL
SHO0590,DHL,11/13/2024,In Transit,Hyderabad,Delhi,394.38,11/20/2024,NULL,NULL
SHO0593,DHL,02/09/2024,Accepted,Mumbai,Pune,11.6,09/09/2024,NULL,NULL
SHO0595,FEDEX,05/26/2026,In Transit,Bangalore,Mumbai,150.07,05/28/2026,NULL,NULL
SHO0596,BLUEDART,05/23/2024,Pending,Hyderabad,Chennai,395.85,05/26/2024,NULL,NULL
SHO0598,BLUEDART,02/03/2025,Delivered,Bangalore,Pune,98.83,05/02/2025,02/03/2025,0
SHO0600,BLUEDART,05/03/2024,Accepted,Mumbai,Chennai,43.99,NULL,NULL,NULL
SHO0603,BLUEDART,06/07/2025,Delivered,Mumbai,Chennai,350.25,06/13/2025,11/06/2025,146
SHO0606,BLUEDART,09/14/2025,Accepted,Bangalore,Hyderabad,141.26,09/18/2025,NULL,NULL
SHO0607,DHL,06/26/2024,Pending,Hyderabad,Pune,238.33,NULL,NULL,NULL
SHO0608,DHL,08/13/2025,Pending,Delhi,Mumbai,481.28,08/16/2025,NULL,NULL
SHO0611,FEDEX,01/28/2025,Pending,Mumbai,Delhi,98.53,03/02/2025,NULL,NULL
SHO0615,FEDEX,01/21/2026,In Transit,Chennai,Delhi,356.43,01/28/2026,NULL,NULL
SHO0616,FEDEX,01/07/2024,Delayed,Bangalore,Delhi,393.51,NULL,11/01/2024,NULL
SHO0617,DHL,05/29/2025,Delayed,Mumbai,Hyderabad,181.38,06/01/2025,NULL,NULL
SHO0622,BLUEDART,10/15/2025,Accepted,Hyderabad,Pune,106.87,10/22/2025,NULL,NULL
SHO0624,FEDEX,02/05/2026,Delivered,Pune,Mumbai,497.86,05/07/2026,07/05/2026,59
SHO0625,FEDEX,06/13/2024,In Transit,Bangalore,Pune,443.54,NULL,NULL,NULL
SHO0627,FEDEX,09/22/2024,Delayed,Hyderabad,Delhi,88.77,NULL,NULL,NULL
SHO0628,BLUEDART,11/14/2024,Delayed,Bangalore,Pune,262.23,11/17/2024,11/24/2024,NULL
SHO0630,FEDEX,06/12/2025,Delayed,Delhi,Bangalore,78.6,NULL,12/23/2025,NULL
SHO0634,BLUEDART,01/20/2025,In Transit,Pune,Delhi,314.08,01/23/2025,NULL,NULL
SHO0636,FEDEX,10/08/2024,Delivered,Bangalore,Mumbai,298.85,10/12/2024,10/10/2024,0
SHO0639,BLUEDART,01/06/2026,Pending,Pune,Delhi,323.23,03/06/2026,NULL,NULL
SHO0642,FEDEX,09/08/2025,Pending,Hyderabad,Delhi,45.3,09/12/2025,NULL,NULL
SHO0645,FEDEX,01/06/2025,In Transit,Bangalore,Pune,371.28,NULL,NULL,NULL
SHO0650,DHL,07/21/2025,Pending,Bangalore,Delhi,388.84,NULL,NULL,NULL
SHO0651,BLUEDART,01/15/2024,Pending,Pune,Chennai,30.31,NULL,NULL,NULL
SHO0656,FEDEX,03/14/2025,Delayed,Delhi,Mumbai,231.13,NULL,03/20/2025,NULL
SHO0657,DHL,05/16/2024,In Transit,Delhi,Pune,164.21,05/20/2024,NULL,NULL
SHO0659,FEDEX,01/25/2026,Delayed,Mumbai,Bangalore,171.91,01/29/2026,03/02/2026,NULL
SHO0661,DHL,10/07/2024,In Transit,Mumbai,Pune,458.88,12/10/2024,NULL,NULL
SHO0662,DHL,05/05/2025,Delayed,Delhi,Chennai,215.72,05/12/2025,05/13/2025,NULL
SHO0668,FEDEX,07/29/2025,Delivered,Chennai,Mumbai,146.34,08/04/2025,08/06/2025,2
SHO0673,FEDEX,08/25/2024,Delivered,Hyderabad,Chennai,341.25,08/29/2024,08/29/2024,0
SHO0674,BLUEDART,11/13/2024,Delayed,Delhi,Pune,433.45,11/18/2024,11/28/2024,NULL
SHO0675,BLUEDART,04/12/2024,In Transit,Pune,Bangalore,142.71,NULL,NULL,NULL
SHO0676,DHL,01/23/2026,Accepted,Pune,Bangalore,116.27,01/30/2026,NULL,NULL
SHO0677,DHL,12/09/2025,In Transit,Pune,Bangalore,283.94,12/11/2025,NULL,NULL
SHO0682,FEDEX,10/03/2025,Pending,Delhi,Chennai,322.18,NULL,NULL,NULL
SHO0683,BLUEDART,03/07/2025,Accepted,Mumbai,Bangalore,53.47,NULL,NULL,NULL
SHO0684,DHL,01/06/2025,Pending,Hyderabad,Pune,194.88,01/09/2025,NULL,NULL
SHO0686,BLUEDART,03/16/2024,Pending,Pune,Bangalore,405.71,03/19/2024,NULL,NULL
SHO0690,DHL,03/05/2025,In Transit,Bangalore,Mumbai,298.57,05/08/2025,NULL,NULL
SHO0692,DHL,02/16/2024,Delayed,Chennai,Mumbai,102.46,02/20/2024,02/21/2024,NULL
SHO0695,FEDEX,12/13/2024,In Transit,Mumbai,Hyderabad,128.98,NULL,NULL,NULL
SHO0696,BLUEDART,04/04/2026,Delayed,Mumbai,Pune,2.72,08/04/2026,04/17/2026,NULL
SHO0699,BLUEDART,12/17/2025,Accepted,Pune,Delhi,245.26,12/20/2025,NULL,NULL
SHO0700,FEDEX,10/19/2025,Pending,Mumbai,Chennai,442.07,10/24/2025,NULL,NULL
SHO0702,DHL,03/04/2024,Delivered,Chennai,Mumbai,129.67,03/09/2024,03/14/2024,5
SHO0703,DHL,03/24/2024,In Transit,Delhi,Chennai,426.79,NULL,NULL,NULL
SHO0706,FEDEX,09/26/2024,Pending,Pune,Chennai,338.93,NULL,NULL,NULL
SHO0708,DHL,10/26/2025,Pending,Bangalore,Mumbai,160.15,NULL,NULL,NULL
SHO0713,FEDEX,03/16/2025,In Transit,Hyderabad,Bangalore,242.33,NULL,NULL,NULL
SHO0714,BLUEDART,11/21/2024,Pending,Hyderabad,Chennai,11.9,NULL,NULL,NULL
SHO0717,BLUEDART,03/25/2024,Delayed,Pune,Mumbai,283.91,04/01/2024,11/04/2024,NULL
SHO0718,FEDEX,04/13/2024,Pending,Hyderabad,Chennai,381.36,04/18/2024,NULL,NULL
SHO0719,DHL,01/11/2024,Delayed,Hyderabad,Mumbai,302.61,01/18/2024,01/28/2024,NULL
SHO0722,FEDEX,04/12/2025,Accepted,Hyderabad,Delhi,434.64,12/08/2025,NULL,NULL
SHO0723,FEDEX,02/04/2026,In Transit,Mumbai,Bangalore,393.22,10/02/2026,NULL,NULL
SHO0725,DHL,01/15/2025,Delayed,Bangalore,Delhi,372.12,NULL,01/18/2025,NULL
SHO0730,FEDEX,05/13/2026,In Transit,Bangalore,Pune,463.87,NULL,NULL,NULL
SHO0732,FEDEX,05/21/2024,Pending,Delhi,Hyderabad,187.2,05/24/2024,NULL,NULL
SHO0735,BLUEDART,02/17/2026,In Transit,Chennai,Delhi,330.94,NULL,NULL,NULL
SHO0736,DHL,03/11/2024,In Transit,Mumbai,Hyderabad,165.39,NULL,NULL,NULL
SHO0737,DHL,05/02/2025,Delivered,Delhi,Pune,227.91,06/05/2025,05/08/2025,0
SHO0738,FEDEX,10/26/2025,In Transit,Pune,Hyderabad,344.56,10/31/2025,NULL,NULL
SHO0743,FEDEX,05/30/2025,Delayed,Hyderabad,Bangalore,357.9,NULL,06/03/2025,NULL
SHO0745,BLUEDART,05/24/2025,Delayed,Hyderabad,Mumbai,61.73,05/31/2025,NULL,NULL
SHO0747,BLUEDART,03/25/2026,Pending,Pune,Chennai,248.66,03/29/2026,NULL,NULL
SHO0748,BLUEDART,11/06/2024,Pending,Chennai,Hyderabad,87.19,NULL,NULL,NULL
SHO0751,BLUEDART,04/03/2026,Pending,Mumbai,Delhi,0.72,04/06/2026,NULL,NULL
SHO0752,DHL,08/04/2024,Delayed,Mumbai,Chennai,225.41,NULL,NULL,NULL
SHO0754,FEDEX,04/18/2025,Delivered,Bangalore,Pune,362.54,04/24/2025,04/29/2025,5
SHO0758,DHL,06/23/2024,Pending,Hyderabad,Delhi,350.17,06/29/2024,NULL,NULL
SHO0759,FEDEX,04/20/2025,Accepted,Bangalore,Pune,391.83,04/23/2025,NULL,NULL
SHO0760,BLUEDART,12/29/2024,Delayed,Mumbai,Pune,191.39,01/05/2025,01/13/2025,NULL
SHO0769,DHL,01/07/2025,Pending,Delhi,Pune,60.01,07/07/2025,NULL,NULL
SHO0770,FEDEX,02/03/2024,In Transit,Bangalore,Pune,164.42,02/06/2024,NULL,NULL
SHO0771,DHL,04/04/2026,Pending,Mumbai,Pune,444.51,04/11/2026,NULL,NULL
SHO0773,DHL,05/30/2026,In Transit,Chennai,Bangalore,315.53,06/06/2026,NULL,NULL
SHO0774,DHL,09/22/2025,Accepted,Mumbai,Pune,124.04,09/26/2025,NULL,NULL
SHO0775,BLUEDART,04/01/2026,Delayed,Chennai,Pune,426.49,04/04/2026,04/05/2026,NULL
SHO0779,DHL,08/25/2025,Accepted,Delhi,Mumbai,94.24,08/27/2025,NULL,NULL
SHO0780,FEDEX,06/29/2025,Delayed,Hyderabad,Chennai,303.03,07/01/2025,10/07/2025,NULL
SHO0785,DHL,10/10/2024,Pending,Chennai,Pune,239.84,10/12/2024,NULL,NULL
SHO0786,BLUEDART,08/26/2024,Delayed,Bangalore,Pune,299.67,NULL,09/07/2024,NULL
SHO0787,BLUEDART,01/05/2026,Delayed,Delhi,Bangalore,268.34,09/01/2026,11/01/2026,NULL
SHO0791,DHL,11/06/2025,Pending,Chennai,Mumbai,221.79,11/10/2025,NULL,NULL
SHO0792,FEDEX,12/10/2025,In Transit,Delhi,Pune,178.1,12/15/2025,NULL,NULL
SHO0794,FEDEX,05/31/2024,Pending,Mumbai,Bangalore,206.64,NULL,NULL,NULL
SHO0799,DHL,03/16/2025,Pending,Bangalore,Hyderabad,81.39,03/22/2025,NULL,NULL
SHO0809,FEDEX,12/02/2025,Accepted,Mumbai,Chennai,449.17,NULL,NULL,NULL
SHO0811,BLUEDART,06/15/2025,In Transit,Pune,Hyderabad,130.02,NULL,NULL,NULL
SHO0816,FEDEX,01/01/2026,Delayed,Delhi,Bangalore,182.32,01/07/2026,08/01/2026,NULL
SHO0817,DHL,07/31/2024,Accepted,Chennai,Hyderabad,466.41,08/06/2024,NULL,NULL
SHO0820,DHL,06/19/2024,In Transit,Chennai,Pune,173.81,06/21/2024,NULL,NULL
SHO0821,DHL,03/21/2025,In Transit,Delhi,Pune,337.57,NULL,NULL,NULL
SHO0822,BLUEDART,06/15/2025,Pending,Bangalore,Delhi,65.72,06/20/2025,NULL,NULL
SHO0824,FEDEX,06/23/2026,In Transit,Bangalore,Chennai,120.08,06/25/2026,NULL,NULL
SHO0826,FEDEX,11/09/2025,Accepted,Chennai,Bangalore,480.66,NULL,NULL,NULL
SHO0827,BLUEDART,06/17/2024,Pending,Hyderabad,Delhi,427.28,06/21/2024,NULL,NULL
SHO0833,BLUEDART,12/23/2025,Delivered,Bangalore,Hyderabad,22.61,12/26/2025,12/25/2025,0
SHO0835,BLUEDART,03/07/2024,Accepted,Bangalore,Pune,398.53,NULL,NULL,NULL
SHO0836,BLUEDART,11/14/2024,In Transit,Bangalore,Pune,245.12,11/16/2024,NULL,NULL
SHO0837,BLUEDART,11/21/2024,Pending,Pune,Delhi,283.44,11/23/2024,NULL,NULL
SHO0838,BLUEDART,11/13/2024,Delayed,Hyderabad,Delhi,140.0,11/17/2024,NULL,NULL
SHO0839,BLUEDART,04/04/2024,Pending,Mumbai,Delhi,125.99,NULL,NULL,NULL
SHO0845,BLUEDART,11/10/2025,In Transit,Hyderabad,Delhi,377.37,11/12/2025,NULL,NULL
SHO0847,BLUEDART,12/16/2025,In Transit,Bangalore,Mumbai,449.44,12/23/2025,NULL,NULL
SHO0848,FEDEX,03/09/2025,In Transit,Delhi,Chennai,229.79,NULL,NULL,NULL
SHO0850,FEDEX,11/14/2024,In Transit,Hyderabad,Mumbai,311.66,11/19/2024,NULL,NULL
SHO0853,DHL,02/16/2026,In Transit,Mumbai,Bangalore,424.78,02/18/2026,NULL,NULL
SHO0855,DHL,02/07/2024,In Transit,Chennai,Delhi,126.99,07/04/2024,NULL,NULL
SHO0857,BLUEDART,11/02/2024,Delayed,Chennai,Mumbai,109.42,NULL,NULL,NULL
SHO0858,FEDEX,01/23/2024,Delayed,Mumbai,Chennai,471.21,01/27/2024,01/29/2024,NULL
SHO0862,FEDEX,04/22/2026,Pending,Delhi,Mumbai,8.03,04/29/2026,NULL,NULL
SHO0864,BLUEDART,03/17/2025,In Transit,Delhi,Bangalore,497.58,NULL,NULL,NULL
SHO0865,DHL,08/11/2024,In Transit,Pune,Chennai,495.44,08/17/2024,NULL,NULL
SHO0866,DHL,10/12/2024,In Transit,Mumbai,Bangalore,366.89,NULL,NULL,NULL
SHO0867,FEDEX,10/20/2024,Accepted,Mumbai,Chennai,456.24,10/23/2024,NULL,NULL
SHO0869,FEDEX,06/19/2024,Pending,Chennai,Hyderabad,282.79,NULL,NULL,NULL
SHO0873,BLUEDART,02/13/2025,Delivered,Pune,Mumbai,457.89,02/20/2025,02/25/2025,5
SHO0874,FEDEX,05/25/2024,In Transit,Bangalore,Delhi,381.42,05/28/2024,NULL,NULL
SHO0875,FEDEX,04/12/2024,Delivered,Delhi,Chennai,181.22,12/08/2024,12/10/2024,2
SHO0877,DHL,08/20/2025,In Transit,Pune,Delhi,6.05,08/22/2025,NULL,NULL
SHO0878,FEDEX,08/24/2025,Accepted,Bangalore,Hyderabad,210.64,08/30/2025,NULL,NULL
SHO0879,DHL,12/16/2024,In Transit,Bangalore,Pune,99.4,12/19/2024,NULL,NULL
SHO0882,BLUEDART,10/11/2024,Delayed,Delhi,Bangalore,351.0,NULL,10/20/2024,NULL
SHO0884,DHL,03/07/2026,Delivered,Bangalore,Mumbai,32.98,03/14/2026,03/19/2026,5
SHO0889,DHL,01/14/2026,In Transit,Delhi,Mumbai,400.95,01/18/2026,NULL,NULL
SHO0890,FEDEX,04/12/2025,Accepted,Bangalore,Hyderabad,79.04,NULL,NULL,NULL
SHO0891,BLUEDART,09/24/2025,Pending,Hyderabad,Delhi,175.26,09/28/2025,NULL,NULL
SHO0892,DHL,12/05/2025,Delivered,Bangalore,Mumbai,202.48,12/09/2025,12/13/2025,4
SHO0896,DHL,02/02/2024,Pending,Chennai,Mumbai,426.39,06/02/2024,NULL,NULL
SHO0901,DHL,08/23/2024,Delivered,Delhi,Mumbai,41.11,08/27/2024,08/27/2024,0
SHO0902,FEDEX,06/07/2026,Delivered,Pune,Chennai,415.43,10/06/2026,06/14/2026,0
SHO0907,BLUEDART,06/19/2026,Delayed,Hyderabad,Mumbai,376.2,06/21/2026,06/29/2026,NULL
SHO0908,FEDEX,02/21/2025,Delayed,Pune,Delhi,232.9,NULL,03/08/2025,NULL
SHO0909,FEDEX,05/17/2024,Accepted,Chennai,Mumbai,269.9,05/24/2024,NULL,NULL
SHO0910,BLUEDART,05/04/2025,Pending,Bangalore,Pune,354.26,05/10/2025,NULL,NULL
SHO0913,BLUEDART,06/14/2024,In Transit,Pune,Delhi,107.07,06/20/2024,NULL,NULL
SHO0915,BLUEDART,11/15/2025,Accepted,Mumbai,Pune,118.58,11/21/2025,NULL,NULL
SHO0918,BLUEDART,06/19/2024,In Transit,Hyderabad,Bangalore,12.07,NULL,NULL,NULL
SHO0920,BLUEDART,01/08/2024,Delivered,Bangalore,Delhi,275.61,08/03/2024,08/01/2024,0
SHO0921,DHL,02/04/2025,Pending,Bangalore,Mumbai,32.16,02/08/2025,NULL,NULL
SHO0925,FEDEX,09/14/2024,Delivered,Bangalore,Delhi,214.54,09/19/2024,09/21/2024,2
SHO0929,BLUEDART,09/11/2024,In Transit,Delhi,Mumbai,178.68,09/13/2024,NULL,NULL
SHO0934,FEDEX,03/25/2024,In Transit,Chennai,Bangalore,499.67,03/30/2024,NULL,NULL
SHO0939,DHL,04/04/2025,Pending,Pune,Bangalore,297.16,NULL,NULL,NULL
SHO0940,BLUEDART,05/17/2025,In Transit,Pune,Bangalore,328.45,05/20/2025,NULL,NULL
SHO0941,BLUEDART,02/23/2026,Pending,Mumbai,Hyderabad,488.5,03/01/2026,NULL,NULL
SHO0942,DHL,01/17/2026,Delayed,Chennai,Mumbai,344.88,01/20/2026,01/30/2026,NULL
SHO0943,BLUEDART,01/25/2025,Delivered,Mumbai,Chennai,195.16,01/29/2025,01/29/2025,0
SHO0950,BLUEDART,10/20/2025,In Transit,Mumbai,Bangalore,83.89,10/23/2025,NULL,NULL
SHO0952,BLUEDART,10/18/2025,In Transit,Chennai,Hyderabad,348.77,10/24/2025,NULL,NULL
SHO0955,FEDEX,04/26/2026,In Transit,Hyderabad,Chennai,135.63,05/01/2026,NULL,NULL
SHO0958,FEDEX,10/18/2024,Pending,Bangalore,Mumbai,86.13,10/24/2024,NULL,NULL
SHO0959,DHL,02/06/2024,Pending,Hyderabad,Bangalore,197.72,02/08/2024,NULL,NULL
SHO0961,FEDEX,04/18/2025,In Transit,Hyderabad,Mumbai,442.91,04/20/2025,NULL,NULL
SHO0962,FEDEX,03/12/2024,Accepted,Pune,Chennai,62.55,NULL,NULL,NULL
SHO0963,DHL,01/11/2026,In Transit,Chennai,Hyderabad,134.82,NULL,NULL,NULL
SHO0965,BLUEDART,10/13/2025,Pending,Delhi,Mumbai,197.89,NULL,NULL,NULL
SHO0966,FEDEX,01/27/2026,Delayed,Hyderabad,Mumbai,170.41,01/31/2026,03/02/2026,NULL
SHO0967,FEDEX,04/16/2025,Delivered,Mumbai,Chennai,182.34,04/21/2025,04/26/2025,5
SHO0968,BLUEDART,01/07/2025,Pending,Bangalore,Chennai,237.96,NULL,NULL,NULL
SHO0970,DHL,02/26/2026,Delayed,Delhi,Bangalore,291.92,04/03/2026,03/08/2026,NULL
SHO0971,BLUEDART,11/23/2025,Delayed,Chennai,Pune,376.44,11/25/2025,11/26/2025,NULL
SHO0972,DHL,11/19/2024,Pending,Delhi,Bangalore,444.62,11/24/2024,NULL,NULL
SHO0974,FEDEX,05/18/2024,In Transit,Pune,Hyderabad,194.23,05/23/2024,NULL,NULL
SHO0975,DHL,12/18/2024,In Transit,Mumbai,Bangalore,492.93,12/22/2024,NULL,NULL
SHO0978,DHL,01/11/2024,Delivered,Hyderabad,Bangalore,252.72,01/15/2024,01/19/2024,4
SHO0979,FEDEX,05/15/2024,In Transit,Mumbai,Delhi,337.09,05/21/2024,NULL,NULL
SHO0980,BLUEDART,04/10/2026,Delayed,Pune,Hyderabad,387.61,04/12/2026,04/16/2026,NULL
SHO0984,DHL,11/07/2024,Delayed,Bangalore,Pune,412.2,NULL,NULL,NULL
SHO0988,FEDEX,04/08/2025,Delayed,Mumbai,Chennai,2.41,04/13/2025,04/20/2025,NULL
SHO0990,FEDEX,05/13/2025,Pending,Hyderabad,Delhi,339.76,05/18/2025,NULL,NULL
SHO0991,BLUEDART,08/28/2024,Pending,Delhi,Hyderabad,467.14,NULL,NULL,NULL
SHO0993,FEDEX,06/11/2026,In Transit,Bangalore,Hyderabad,287.65,NULL,NULL,NULL
SHO0994,BLUEDART,09/16/2025,In Transit,Hyderabad,Bangalore,391.73,NULL,NULL,NULL
SHO0995,DHL,04/18/2025,Pending,Chennai,Mumbai,442.25,04/25/2025,NULL,NULL
SHO1001,DHL,01/10/2026,Delivered,Chennai,Pune,333.93,01/15/2026,01/14/2026,0
SHO1005,FEDEX,12/19/2025,Delayed,Pune,Mumbai,257.32,12/23/2025,NULL,NULL
SHO1006,FEDEX,02/11/2026,Pending,Hyderabad,Delhi,68.64,02/14/2026,NULL,NULL
SHO1007,FEDEX,04/25/2024,Delayed,Hyderabad,Delhi,144.72,NULL,NULL,NULL
SHO1008,DHL,08/03/2025,Accepted,Bangalore,Hyderabad,66.35,NULL,NULL,NULL
SHO1010,DHL,05/27/2026,Delayed,Chennai,Pune,469.14,05/29/2026,NULL,NULL
SHO1013,DHL,01/31/2024,Delayed,Mumbai,Chennai,208.51,02/05/2024,12/02/2024,NULL
SHO1014,DHL,11/18/2025,In Transit,Delhi,Pune,478.65,NULL,NULL,NULL
SHO1015,BLUEDART,01/02/2026,Accepted,Mumbai,Hyderabad,350.67,01/06/2026,NULL,NULL
SHO1017,BLUEDART,03/18/2025,Delayed,Mumbai,Delhi,269.25,NULL,03/27/2025,NULL
SHO1018,BLUEDART,12/15/2024,Pending,Hyderabad,Bangalore,286.96,NULL,NULL,NULL
SHO1020,BLUEDART,02/08/2025,Pending,Delhi,Bangalore,301.0,NULL,NULL,NULL
SHO1021,BLUEDART,03/23/2026,Pending,Hyderabad,Pune,383.96,03/28/2026,NULL,NULL
SHO1023,BLUEDART,01/02/2025,In Transit,Delhi,Mumbai,40.9,06/02/2025,NULL,NULL
SHO1025,FEDEX,02/16/2026,Delayed,Pune,Chennai,195.43,02/22/2026,NULL,NULL
SHO1026,FEDEX,11/13/2024,Pending,Pune,Mumbai,370.75,NULL,NULL,NULL
SHO1027,FEDEX,04/07/2024,Pending,Pune,Bangalore,79.35,10/07/2024,NULL,NULL
SHO1034,FEDEX,11/10/2025,Pending,Hyderabad,Delhi,197.4,11/13/2025,NULL,NULL
SHO1035,BLUEDART,04/05/2025,Pending,Hyderabad,Pune,494.12,05/06/2025,NULL,NULL
SHO1036,DHL,06/10/2026,In Transit,Mumbai,Pune,372.77,NULL,NULL,NULL
SHO1039,FEDEX,01/30/2025,Delivered,Chennai,Mumbai,425.27,02/06/2025,02/06/2025,0
SHO1040,FEDEX,06/09/2025,In Transit,Delhi,Bangalore,101.57,NULL,NULL,NULL
SHO1043,FEDEX,07/04/2025,In Transit,Chennai,Mumbai,4.88,07/10/2025,NULL,NULL
SHO1046,BLUEDART,01/11/2024,Delayed,Chennai,Pune,115.81,01/17/2024,01/22/2024,NULL
SHO1047,DHL,08/21/2025,In Transit,Pune,Bangalore,362.16,08/24/2025,NULL,NULL
SHO1048,FEDEX,09/09/2024,Accepted,Pune,Hyderabad,155.71,12/09/2024,NULL,NULL
SHO1052,BLUEDART,04/08/2025,Delivered,Hyderabad,Pune,384.06,04/13/2025,04/16/2025,3
SHO1055,BLUEDART,06/11/2026,Delayed,Pune,Delhi,280.15,NULL,06/20/2026,NULL
SHO1057,FEDEX,05/27/2025,Pending,Chennai,Pune,439.01,NULL,NULL,NULL
SHO1061,DHL,04/05/2025,Accepted,Mumbai,Hyderabad,262.45,NULL,NULL,NULL
SHO1062,FEDEX,01/15/2025,In Transit,Mumbai,Chennai,188.71,01/20/2025,NULL,NULL
SHO1064,BLUEDART,04/13/2024,Accepted,Hyderabad,Pune,351.72,04/19/2024,NULL,NULL
SHO1069,FEDEX,07/25/2025,Pending,Delhi,Bangalore,435.72,NULL,NULL,NULL
SHO1072,DHL,09/11/2025,Delayed,Chennai,Mumbai,369.48,11/11/2025,11/18/2025,NULL
SHO1073,FEDEX,08/07/2024,In Transit,Mumbai,Bangalore,169.46,08/10/2024,NULL,NULL
SHO1077,BLUEDART,05/23/2025,Pending,Chennai,Pune,49.8,05/27/2025,NULL,NULL
SHO1078,FEDEX,03/04/2025,Delivered,Bangalore,Mumbai,459.69,03/08/2025,11/03/2025,240
SHO1082,FEDEX,06/24/2026,Accepted,Hyderabad,Pune,59.21,06/30/2026,NULL,NULL
SHO1083,FEDEX,05/09/2025,Delivered,Pune,Hyderabad,398.11,05/15/2025,05/16/2025,1
SHO1084,BLUEDART,07/20/2024,In Transit,Chennai,Bangalore,366.43,07/27/2024,NULL,NULL
SHO1087,FEDEX,02/03/2025,Delayed,Chennai,Bangalore,211.02,NULL,03/14/2025,NULL
SHO1089,FEDEX,11/18/2025,In Transit,Hyderabad,Mumbai,161.03,NULL,NULL,NULL
SHO1090,DHL,06/13/2026,Delayed,Pune,Delhi,414.76,06/15/2026,06/19/2026,NULL
SHO1094,FEDEX,01/31/2025,In Transit,Chennai,Mumbai,292.67,02/03/2025,NULL,NULL
SHO1095,FEDEX,11/18/2024,Accepted,Bangalore,Pune,188.82,NULL,NULL,NULL
SHO1096,FEDEX,04/10/2026,Delayed,Pune,Bangalore,375.96,04/17/2026,NULL,NULL
SHO1097,DHL,04/15/2026,In Transit,Bangalore,Delhi,499.58,04/19/2026,NULL,NULL
SHO1099,DHL,10/10/2024,In Transit,Hyderabad,Pune,408.05,10/16/2024,NULL,NULL
SHO1103,FEDEX,05/19/2025,Pending,Chennai,Hyderabad,57.99,NULL,NULL,NULL
SHO1107,DHL,02/24/2025,In Transit,Delhi,Mumbai,302.52,03/03/2025,NULL,NULL
SHO1108,BLUEDART,05/15/2025,In Transit,Hyderabad,Chennai,173.72,05/19/2025,NULL,NULL
SHO1109,FEDEX,05/24/2024,In Transit,Pune,Mumbai,82.01,05/29/2024,NULL,NULL
SHO1110,BLUEDART,03/02/2025,In Transit,Delhi,Chennai,13.07,NULL,NULL,NULL
SHO1111,DHL,01/08/2026,In Transit,Pune,Mumbai,222.78,01/15/2026,NULL,NULL
SHO1113,DHL,07/10/2024,Delayed,Mumbai,Hyderabad,344.92,NULL,07/24/2024,NULL
SHO1114,FEDEX,07/19/2024,In Transit,Mumbai,Bangalore,108.33,07/23/2024,NULL,NULL
SHO1115,DHL,08/24/2024,In Transit,Chennai,Hyderabad,422.6,08/27/2024,NULL,NULL
SHO1118,DHL,04/12/2024,Delayed,Mumbai,Delhi,212.15,04/15/2024,04/25/2024,NULL
SHO1119,BLUEDART,11/14/2025,In Transit,Chennai,Pune,31.68,NULL,NULL,NULL
SHO1121,DHL,06/29/2025,Delayed,Delhi,Pune,316.97,07/04/2025,07/06/2025,NULL
SHO1123,FEDEX,09/12/2025,In Transit,Delhi,Mumbai,457.2,09/14/2025,NULL,NULL
SHO1125,DHL,05/28/2026,Pending,Pune,Bangalore,235.33,NULL,NULL,NULL
SHO1126,DHL,05/17/2025,Accepted,Pune,Chennai,405.98,NULL,NULL,NULL
SHO1127,BLUEDART,06/17/2024,Delivered,Delhi,Chennai,80.26,06/21/2024,06/19/2024,0
SHO1128,BLUEDART,03/24/2024,Delayed,Bangalore,Chennai,319.01,NULL,NULL,NULL
SHO1129,FEDEX,03/24/2026,Pending,Mumbai,Pune,294.45,03/28/2026,NULL,NULL
SHO1132,DHL,08/11/2025,Delayed,Delhi,Mumbai,132.4,NULL,NULL,NULL
SHO1137,BLUEDART,07/08/2024,Delayed,Chennai,Mumbai,99.56,08/11/2024,08/13/2024,NULL
SHO1141,FEDEX,08/09/2024,In Transit,Hyderabad,Delhi,482.44,NULL,NULL,NULL
SHO1143,DHL,10/21/2025,In Transit,Hyderabad,Chennai,499.68,10/23/2025,NULL,NULL
SHO1146,BLUEDART,01/04/2024,Pending,Pune,Chennai,314.47,09/01/2024,NULL,NULL
SHO1147,BLUEDART,10/20/2024,Delayed,Bangalore,Chennai,232.75,NULL,NULL,NULL
SHO1148,DHL,08/09/2025,Pending,Hyderabad,Bangalore,5.77,09/11/2025,NULL,NULL
SHO1149,FEDEX,07/02/2025,In Transit,Hyderabad,Bangalore,465.59,NULL,NULL,NULL
SHO1152,BLUEDART,08/08/2025,Delayed,Hyderabad,Chennai,201.52,NULL,08/20/2025,NULL
SHO1153,FEDEX,03/23/2026,Pending,Chennai,Pune,491.39,03/26/2026,NULL,NULL
SHO1155,FEDEX,05/07/2024,Delayed,Delhi,Bangalore,334.5,07/10/2024,07/15/2024,NULL
SHO1158,DHL,07/08/2024,Accepted,Hyderabad,Pune,372.59,07/11/2024,NULL,NULL
SHO1162,BLUEDART,01/22/2025,In Transit,Mumbai,Bangalore,156.02,01/24/2025,NULL,NULL
SHO1165,FEDEX,03/17/2024,Delayed,Chennai,Hyderabad,307.62,03/23/2024,03/29/2024,NULL
SHO1167,BLUEDART,01/18/2024,Pending,Delhi,Mumbai,175.58,01/24/2024,NULL,NULL
SHO1170,FEDEX,07/26/2024,Accepted,Delhi,Hyderabad,451.18,07/31/2024,NULL,NULL
SHO1171,DHL,06/16/2024,Delayed,Pune,Bangalore,140.3,NULL,NULL,NULL
SHO1173,DHL,10/18/2024,Delayed,Mumbai,Delhi,57.17,10/21/2024,10/26/2024,NULL
SHO1174,DHL,03/05/2026,Delayed,Pune,Hyderabad,290.66,05/08/2026,05/18/2026,NULL
SHO1179,DHL,11/02/2025,Pending,Delhi,Bangalore,357.88,NULL,NULL,NULL
SHO1180,DHL,08/02/2024,Accepted,Hyderabad,Delhi,111.91,NULL,NULL,NULL
SHO1181,BLUEDART,01/11/2024,Pending,Delhi,Hyderabad,115.88,08/11/2024,NULL,NULL
SHO1182,DHL,03/04/2024,In Transit,Bangalore,Mumbai,455.72,06/04/2024,NULL,NULL
SHO1183,FEDEX,09/03/2026,Delayed,Delhi,Chennai,478.84,11/03/2026,NULL,NULL
SHO1184,DHL,06/12/2025,Accepted,Hyderabad,Mumbai,33.77,NULL,NULL,NULL
SHO1187,DHL,11/30/2025,Pending,Bangalore,Hyderabad,348.83,12/04/2025,NULL,NULL
SHO1193,DHL,01/15/2026,Accepted,Mumbai,Chennai,471.36,01/17/2026,NULL,NULL
SHO1201,FEDEX,10/20/2025,In Transit,Bangalore,Delhi,6.83,10/22/2025,NULL,NULL
SHO1202,DHL,04/04/2026,Accepted,Chennai,Hyderabad,20.27,NULL,NULL,NULL
SHO1204,FEDEX,12/24/2025,Delayed,Mumbai,Bangalore,305.79,12/27/2025,12/30/2025,NULL
SHO1207,DHL,06/25/2024,Delayed,Delhi,Hyderabad,254.46,NULL,11/07/2024,NULL
SHO1208,BLUEDART,07/20/2025,Pending,Delhi,Hyderabad,3.45,NULL,NULL,NULL
SHO1211,DHL,11/13/2025,Pending,Delhi,Hyderabad,191.74,NULL,NULL,NULL
SHO1214,BLUEDART,03/28/2026,Accepted,Mumbai,Pune,455.08,03/30/2026,NULL,NULL
SHO1217,DHL,05/26/2025,Delayed,Hyderabad,Bangalore,273.04,05/28/2025,NULL,NULL
SHO1218,FEDEX,02/09/2026,Delivered,Mumbai,Chennai,0.99,02/11/2026,10/02/2026,233
SHO1220,BLUEDART,10/28/2025,Delivered,Hyderabad,Chennai,390.53,11/03/2025,11/02/2025,0
SHO1221,FEDEX,11/11/2025,In Transit,Pune,Bangalore,489.55,11/14/2025,NULL,NULL
SHO1224,DHL,01/27/2024,Delayed,Bangalore,Hyderabad,494.26,01/29/2024,05/02/2024,NULL
SHO1225,BLUEDART,03/17/2025,In Transit,Bangalore,Pune,419.94,03/19/2025,NULL,NULL
SHO1227,FEDEX,03/16/2026,In Transit,Delhi,Chennai,281.29,NULL,NULL,NULL
SHO1228,FEDEX,05/06/2026,Delivered,Pune,Delhi,65.64,05/11/2026,09/05/2026,117
SHO1229,BLUEDART,08/23/2024,Delayed,Mumbai,Bangalore,180.61,08/27/2024,08/29/2024,NULL
SHO1231,DHL,06/27/2025,Accepted,Delhi,Mumbai,205.38,06/30/2025,NULL,NULL
SHO1232,BLUEDART,03/12/2025,Delivered,Delhi,Chennai,169.1,03/16/2025,03/21/2025,5
SHO1236,DHL,02/13/2024,In Transit,Delhi,Hyderabad,274.12,NULL,NULL,NULL
SHO1238,DHL,02/20/2024,Pending,Mumbai,Delhi,198.34,02/24/2024,NULL,NULL
SHO1239,BLUEDART,08/19/2025,Pending,Chennai,Delhi,448.94,08/25/2025,NULL,NULL
SHO1244,FEDEX,11/13/2025,Delayed,Delhi,Chennai,400.71,NULL,11/20/2025,NULL
SHO1245,FEDEX,03/10/2024,Delivered,Bangalore,Chennai,15.9,10/10/2024,10/14/2024,4
SHO1246,BLUEDART,02/14/2024,Pending,Pune,Mumbai,125.69,02/21/2024,NULL,NULL
SHO1248,BLUEDART,05/07/2024,In Transit,Bangalore,Mumbai,291.2,NULL,NULL,NULL
SHO1250,DHL,08/10/2024,Pending,Bangalore,Mumbai,237.09,10/10/2024,NULL,NULL
SHO1251,DHL,09/21/2024,In Transit,Mumbai,Hyderabad,198.12,NULL,NULL,NULL
SHO1256,DHL,03/22/2024,Pending,Pune,Mumbai,77.1,03/28/2024,NULL,NULL
SHO1260,DHL,04/12/2024,Accepted,Mumbai,Hyderabad,255.98,NULL,NULL,NULL
SHO1261,DHL,08/17/2025,In Transit,Delhi,Bangalore,23.78,08/21/2025,NULL,NULL
SHO1262,FEDEX,03/19/2026,In Transit,Pune,Mumbai,72.04,03/21/2026,NULL,NULL
SHO1263,FEDEX,07/15/2024,Delivered,Delhi,Hyderabad,213.72,07/21/2024,07/19/2024,0
SHO1265,DHL,04/06/2024,In Transit,Pune,Delhi,25.01,09/06/2024,NULL,NULL
SHO1269,FEDEX,03/16/2025,In Transit,Delhi,Hyderabad,323.93,NULL,NULL,NULL
SHO1271,FEDEX,10/19/2024,Delivered,Bangalore,Delhi,190.99,10/26/2024,10/26/2024,0
SHO1275,DHL,08/22/2024,In Transit,Delhi,Bangalore,411.71,08/26/2024,NULL,NULL
SHO1276,FEDEX,01/06/2025,In Transit,Mumbai,Chennai,218.23,06/03/2025,NULL,NULL
SHO1284,DHL,01/11/2026,In Transit,Delhi,Pune,440.69,NULL,NULL,NULL
SHO1288,FEDEX,04/12/2024,Accepted,Chennai,Delhi,276.19,NULL,NULL,NULL
SHO1292,BLUEDART,07/26/2025,Accepted,Chennai,Bangalore,426.16,07/31/2025,NULL,NULL
SHO1293,DHL,04/01/2025,In Transit,Pune,Chennai,216.09,06/01/2025,NULL,NULL
SHO1297,DHL,08/12/2024,Delivered,Bangalore,Mumbai,441.12,08/17/2024,08/19/2024,2
SHO1298,BLUEDART,06/27/2026,Delivered,Chennai,Delhi,433.58,07/01/2026,06/29/2026,0
SHO1299,DHL,03/05/2025,Delayed,Pune,Delhi,145.9,11/03/2025,03/17/2025,NULL
SHO1300,BLUEDART,09/17/2025,Delayed,Delhi,Pune,409.43,09/19/2025,09/21/2025,NULL
SHO1305,BLUEDART,09/19/2024,Pending,Delhi,Chennai,363.09,09/22/2024,NULL,NULL
SHO1306,FEDEX,07/15/2025,In Transit,Hyderabad,Bangalore,494.04,NULL,NULL,NULL
SHO1317,FEDEX,01/03/2024,In Transit,Pune,Hyderabad,478.98,03/07/2024,NULL,NULL
SHO1319,FEDEX,12/16/2025,In Transit,Delhi,Bangalore,419.9,12/18/2025,NULL,NULL
SHO1320,BLUEDART,03/15/2024,Pending,Delhi,Pune,43.26,03/20/2024,NULL,NULL
SHO1323,BLUEDART,11/25/2025,In Transit,Pune,Mumbai,475.46,NULL,NULL,NULL
SHO1324,BLUEDART,02/28/2026,In Transit,Bangalore,Chennai,100.78,03/05/2026,NULL,NULL
SHO1325,DHL,12/28/2024,Pending,Mumbai,Delhi,28.19,01/01/2025,NULL,NULL
SHO1326,DHL,01/07/2024,Delayed,Hyderabad,Bangalore,29.65,NULL,NULL,NULL
SHO1327,FEDEX,12/03/2025,In Transit,Bangalore,Pune,248.02,12/08/2025,NULL,NULL
SHO1328,FEDEX,12/07/2025,Pending,Chennai,Mumbai,17.14,12/14/2025,NULL,NULL
SHO1330,FEDEX,06/10/2025,Delayed,Pune,Hyderabad,17.51,06/15/2025,06/18/2025,NULL
SHO1332,FEDEX,12/28/2025,Accepted,Chennai,Bangalore,326.64,NULL,NULL,NULL
SHO1334,DHL,06/26/2026,Delayed,Mumbai,Delhi,156.15,NULL,07/05/2026,NULL
SHO1339,FEDEX,08/03/2026,Delivered,Chennai,Delhi,374.27,12/03/2026,10/03/2026,0
SHO1340,DHL,01/20/2025,Delayed,Delhi,Bangalore,183.1,01/23/2025,01/26/2025,NULL
SHO1343,DHL,04/04/2026,In Transit,Chennai,Delhi,434.67,11/04/2026,NULL,NULL
SHO1346,DHL,03/23/2025,In Transit,Delhi,Hyderabad,247.3,03/27/2025,NULL,NULL
SHO1349,FEDEX,01/11/2025,Delivered,Hyderabad,Delhi,336.09,01/13/2025,01/15/2025,2
SHO1350,DHL,04/16/2026,Delayed,Hyderabad,Chennai,94.58,NULL,04/25/2026,NULL
SHO1351,DHL,10/23/2025,Delivered,Pune,Bangalore,343.9,10/28/2025,10/31/2025,3
SHO1352,DHL,01/26/2026,Accepted,Delhi,Mumbai,171.11,02/01/2026,NULL,NULL
SHO1360,BLUEDART,02/21/2026,Pending,Mumbai,Pune,388.02,02/24/2026,NULL,NULL
SHO1362,BLUEDART,05/04/2025,In Transit,Delhi,Chennai,108.1,05/08/2025,NULL,NULL
SHO1363,BLUEDART,10/11/2025,Delayed,Chennai,Pune,357.54,10/15/2025,NULL,NULL
SHO1364,DHL,02/18/2025,Delayed,Hyderabad,Mumbai,138.68,NULL,NULL,NULL
SHO1365,DHL,06/28/2025,Delayed,Pune,Hyderabad,77.5,NULL,07/13/2025,NULL
SHO1367,FEDEX,01/18/2026,In Transit,Pune,Mumbai,378.64,01/20/2026,NULL,NULL
SHO1368,BLUEDART,03/20/2024,Pending,Delhi,Pune,364.53,03/27/2024,NULL,NULL
SHO1369,DHL,04/06/2025,Accepted,Chennai,Delhi,208.06,09/04/2025,NULL,NULL
SHO1370,DHL,04/08/2024,Delayed,Chennai,Mumbai,342.8,04/10/2024,04/13/2024,NULL
SHO1371,BLUEDART,02/07/2024,Pending,Mumbai,Chennai,473.84,02/12/2024,NULL,NULL
SHO1373,BLUEDART,07/26/2024,Delayed,Bangalore,Delhi,269.52,NULL,08/09/2024,NULL
SHO1377,DHL,08/02/2024,Pending,Mumbai,Hyderabad,348.69,12/02/2024,NULL,NULL
SHO1378,DHL,08/16/2024,In Transit,Chennai,Mumbai,39.42,NULL,NULL,NULL
SHO1379,BLUEDART,02/11/2024,In Transit,Hyderabad,Chennai,492.72,11/06/2024,NULL,NULL
SHO1380,FEDEX,09/10/2024,In Transit,Mumbai,Chennai,483.98,NULL,NULL,NULL
SHO1387,BLUEDART,03/11/2024,In Transit,Chennai,Hyderabad,329.37,03/17/2024,NULL,NULL
SHO1390,BLUEDART,08/05/2025,Accepted,Delhi,Hyderabad,82.74,08/11/2025,NULL,NULL
SHO1391,FEDEX,02/08/2024,In Transit,Delhi,Hyderabad,40.55,02/12/2024,NULL,NULL
SHO1393,DHL,08/10/2025,Delayed,Delhi,Chennai,45.01,08/12/2025,08/16/2025,NULL
SHO1397,BLUEDART,07/11/2025,Pending,Mumbai,Delhi,188.29,NULL,NULL,NULL
SHO1400,BLUEDART,08/10/2025,Delivered,Hyderabad,Chennai,465.48,08/13/2025,08/12/2025,0
SHO1404,DHL,12/09/2025,Pending,Hyderabad,Pune,393.54,12/12/2025,NULL,NULL
SHO1405,BLUEDART,01/13/2024,In Transit,Chennai,Delhi,189.48,01/16/2024,NULL,NULL
SHO1406,DHL,05/23/2025,In Transit,Bangalore,Mumbai,281.87,05/26/2025,NULL,NULL
SHO1408,DHL,08/09/2025,Delivered,Pune,Mumbai,457.92,08/12/2025,08/14/2025,2
SHO1416,DHL,06/16/2024,Pending,Pune,Mumbai,66.7,06/19/2024,NULL,NULL
SHO1417,DHL,02/04/2025,Delayed,Mumbai,Bangalore,398.72,07/04/2025,NULL,NULL
SHO1419,FEDEX,02/09/2025,In Transit,Hyderabad,Bangalore,426.32,NULL,NULL,NULL
SHO1423,DHL,03/21/2026,Delayed,Bangalore,Chennai,36.65,03/24/2026,NULL,NULL
SHO1425,BLUEDART,06/20/2024,Delayed,Delhi,Bangalore,288.19,NULL,07/05/2024,NULL
SHO1428,FEDEX,08/30/2025,Pending,Chennai,Bangalore,436.84,09/02/2025,NULL,NULL
SHO1429,DHL,01/24/2024,Pending,Chennai,Bangalore,75.51,NULL,NULL,NULL
SHO1430,FEDEX,01/04/2024,Pending,Pune,Bangalore,373.47,NULL,NULL,NULL
SHO1431,DHL,04/01/2026,Pending,Chennai,Hyderabad,385.15,05/04/2026,NULL,NULL
SHO1435,FEDEX,07/18/2025,In Transit,Delhi,Bangalore,278.94,07/25/2025,NULL,NULL
SHO1437,FEDEX,04/09/2024,Pending,Mumbai,Delhi,71.41,04/15/2024,NULL,NULL
SHO1439,FEDEX,05/14/2024,Pending,Delhi,Mumbai,265.28,05/16/2024,NULL,NULL
SHO1440,DHL,01/21/2025,Delayed,Delhi,Pune,376.69,01/24/2025,NULL,NULL
SHO1444,DHL,08/30/2024,Delivered,Bangalore,Mumbai,291.25,09/06/2024,11/09/2024,64
SHO1445,BLUEDART,11/28/2024,Delayed,Delhi,Bangalore,24.95,NULL,12/10/2024,NULL
SHO1447,BLUEDART,03/01/2026,Delayed,Hyderabad,Mumbai,92.59,07/03/2026,03/12/2026,NULL
SHO1448,BLUEDART,12/07/2024,In Transit,Hyderabad,Pune,203.23,12/13/2024,NULL,NULL
SHO1449,BLUEDART,05/07/2024,In Transit,Chennai,Bangalore,463.08,11/07/2024,NULL,NULL
SHO1450,FEDEX,10/19/2024,Accepted,Hyderabad,Pune,241.81,NULL,NULL,NULL
SHO1455,BLUEDART,08/02/2026,Accepted,Delhi,Bangalore,308.6,NULL,NULL,NULL
SHO1457,BLUEDART,02/11/2024,Pending,Pune,Delhi,233.46,09/11/2024,NULL,NULL
SHO1458,FEDEX,03/19/2026,In Transit,Delhi,Pune,380.99,03/22/2026,NULL,NULL
SHO1459,DHL,02/08/2024,Pending,Bangalore,Pune,211.61,08/07/2024,NULL,NULL
SHO1461,DHL,03/09/2025,Pending,Chennai,Mumbai,40.48,NULL,NULL,NULL
SHO1462,BLUEDART,07/18/2024,Delayed,Pune,Mumbai,310.53,NULL,07/22/2024,NULL
SHO1463,FEDEX,10/23/2025,Accepted,Delhi,Hyderabad,102.79,NULL,NULL,NULL
SHO1464,BLUEDART,02/13/2024,In Transit,Bangalore,Pune,110.09,02/16/2024,NULL,NULL
SHO1465,FEDEX,02/14/2026,In Transit,Hyderabad,Chennai,1.12,02/19/2026,NULL,NULL
SHO1466,BLUEDART,10/03/2025,In Transit,Pune,Hyderabad,235.84,10/08/2025,NULL,NULL
SHO1467,FEDEX,05/14/2025,Pending,Hyderabad,Bangalore,27.84,05/18/2025,NULL,NULL
SHO1471,FEDEX,09/27/2024,Delayed,Hyderabad,Pune,202.23,NULL,10/07/2024,NULL
SHO1474,FEDEX,05/19/2024,Accepted,Chennai,Mumbai,204.76,NULL,NULL,NULL
SHO1476,BLUEDART,07/08/2024,In Transit,Hyderabad,Delhi,84.7,08/12/2024,NULL,NULL
SHO1478,DHL,09/17/2025,Accepted,Hyderabad,Pune,340.01,09/21/2025,09/29/2025,NULL
SHO1481,DHL,05/22/2025,Accepted,Delhi,Pune,93.16,NULL,NULL,NULL
SHO1491,DHL,07/07/2025,In Transit,Hyderabad,Chennai,496.15,NULL,NULL,NULL
SHO1492,BLUEDART,05/09/2024,In Transit,Bangalore,Mumbai,188.89,11/05/2024,NULL,NULL
SHO1496,DHL,01/02/2024,In Transit,Delhi,Mumbai,361.59,NULL,NULL,NULL
SHO1498,BLUEDART,04/20/2026,In Transit,Bangalore,Hyderabad,0.54,04/25/2026,NULL,NULL
SHO1499,BLUEDART,01/10/2024,Pending,Pune,Chennai,381.19,NULL,NULL,NULL
SHO1502,FEDEX,03/11/2024,In Transit,Bangalore,Pune,38.0,03/14/2024,NULL,NULL
SHO1504,DHL,04/06/2024,Delayed,Bangalore,Chennai,298.52,06/10/2024,06/18/2024,NULL
SHO1506,DHL,04/06/2024,Delivered,Hyderabad,Bangalore,244.81,09/04/2024,04/12/2024,0
SHO1508,DHL,07/24/2024,Delayed,Pune,Delhi,249.32,07/31/2024,08/07/2024,NULL
SHO1509,FEDEX,08/17/2024,Accepted,Mumbai,Delhi,367.7,08/24/2024,NULL,NULL
SHO1511,BLUEDART,05/15/2026,Delayed,Delhi,Chennai,70.49,05/19/2026,05/28/2026,NULL
SHO1514,DHL,10/16/2025,In Transit,Chennai,Pune,129.73,10/18/2025,NULL,NULL
SHO1515,FEDEX,10/11/2024,Delayed,Delhi,Hyderabad,98.2,11/15/2024,11/22/2024,NULL
SHO1517,BLUEDART,09/12/2024,Delayed,Hyderabad,Chennai,417.16,09/17/2024,09/21/2024,NULL
SHO1519,FEDEX,11/03/2025,Delivered,Delhi,Hyderabad,81.8,11/10/2025,11/10/2025,0
SHO1520,DHL,04/12/2024,Delivered,Mumbai,Hyderabad,343.39,04/18/2024,04/22/2024,4
SHO1523,FEDEX,04/21/2026,Pending,Bangalore,Mumbai,110.62,NULL,NULL,NULL
SHO1529,FEDEX,03/08/2024,In Transit,Bangalore,Delhi,279.45,10/03/2024,NULL,NULL
SHO1530,FEDEX,08/05/2026,In Transit,Pune,Hyderabad,438.9,NULL,NULL,NULL
SHO1532,DHL,09/07/2025,Delivered,Bangalore,Mumbai,389.5,09/09/2025,09/12/2025,3
SHO1533,FEDEX,02/17/2025,Accepted,Bangalore,Delhi,380.63,02/20/2025,NULL,NULL
SHO1534,FEDEX,05/17/2025,Pending,Delhi,Hyderabad,395.75,05/23/2025,NULL,NULL
SHO1535,BLUEDART,05/19/2025,In Transit,Pune,Chennai,388.16,NULL,NULL,NULL
SHO1536,BLUEDART,04/17/2025,Delayed,Pune,Bangalore,51.71,04/22/2025,04/23/2025,NULL
SHO1539,FEDEX,11/18/2025,Delayed,Bangalore,Mumbai,142.33,11/21/2025,12/01/2025,NULL
SHO1540,BLUEDART,04/04/2025,In Transit,Delhi,Pune,168.59,07/04/2025,NULL,NULL
SHO1541,DHL,01/14/2026,Pending,Delhi,Hyderabad,480.8,01/19/2026,NULL,NULL
SHO1543,DHL,05/04/2026,Pending,Bangalore,Chennai,367.76,09/05/2026,NULL,NULL
SHO1545,DHL,09/04/2024,Accepted,Chennai,Pune,373.13,09/08/2024,NULL,NULL
SHO1546,BLUEDART,10/20/2025,Delayed,Hyderabad,Delhi,199.64,10/22/2025,NULL,NULL
SHO1547,FEDEX,06/23/2026,Accepted,Hyderabad,Bangalore,135.73,NULL,NULL,NULL
SHO1553,FEDEX,05/31/2026,Delayed,Hyderabad,Bangalore,12.84,06/06/2026,06/08/2026,NULL
SHO1556,DHL,08/01/2025,Accepted,Bangalore,Pune,409.78,08/07/2025,NULL,NULL
SHO1558,DHL,02/11/2024,Delayed,Delhi,Pune,389.56,02/18/2024,02/24/2024,NULL
SHO1559,DHL,08/17/2025,Pending,Hyderabad,Chennai,391.63,NULL,NULL,NULL
SHO1562,FEDEX,03/18/2024,Pending,Mumbai,Hyderabad,186.68,03/24/2024,NULL,NULL
SHO1566,FEDEX,05/30/2026,In Transit,Bangalore,Hyderabad,125.68,06/03/2026,NULL,NULL
SHO1567,DHL,05/11/2025,Pending,Chennai,Mumbai,187.38,05/14/2025,NULL,NULL
SHO1568,BLUEDART,12/26/2025,Accepted,Chennai,Hyderabad,67.54,NULL,NULL,NULL
SHO1576,DHL,02/21/2024,Delivered,Chennai,Pune,360.95,02/27/2024,02/28/2024,1
SHO1577,DHL,12/12/2025,Delayed,Mumbai,Pune,163.53,12/14/2025,12/23/2025,NULL
SHO1579,FEDEX,05/27/2026,In Transit,Bangalore,Hyderabad,310.51,05/30/2026,NULL,NULL
SHO1580,FEDEX,01/02/2026,Delayed,Hyderabad,Delhi,145.67,NULL,01/11/2026,NULL
SHO1583,FEDEX,03/20/2024,Delivered,Delhi,Mumbai,207.8,03/23/2024,03/25/2024,2
SHO1584,DHL,02/03/2026,Pending,Delhi,Mumbai,134.44,03/05/2026,NULL,NULL
SHO1585,BLUEDART,10/30/2025,Delayed,Delhi,Pune,487.97,11/01/2025,11/11/2025,NULL
SHO1587,BLUEDART,08/15/2024,Pending,Pune,Mumbai,213.01,08/21/2024,NULL,NULL
SHO1588,FEDEX,02/28/2025,Accepted,Mumbai,Delhi,191.07,03/07/2025,NULL,NULL
SHO1591,FEDEX,08/29/2025,Accepted,Delhi,Chennai,62.48,08/31/2025,NULL,NULL
SHO1593,DHL,11/23/2025,Pending,Chennai,Delhi,388.84,11/25/2025,NULL,NULL
SHO1594,BLUEDART,02/13/2025,Delayed,Chennai,Mumbai,350.3,NULL,NULL,NULL
SHO1603,DHL,02/13/2024,Pending,Mumbai,Delhi,430.3,NULL,NULL,NULL
SHO1606,BLUEDART,01/06/2026,Pending,Bangalore,Pune,433.04,01/11/2026,NULL,NULL
SHO1607,DHL,04/12/2025,Delayed,Chennai,Pune,288.65,NULL,04/22/2025,NULL
SHO1610,FEDEX,02/11/2026,In Transit,Pune,Delhi,60.52,NULL,NULL,NULL
SHO1614,DHL,09/19/2024,Delayed,Hyderabad,Pune,270.8,09/24/2024,NULL,NULL
SHO1615,BLUEDART,12/07/2024,In Transit,Mumbai,Hyderabad,138.63,NULL,NULL,NULL
SHO1617,BLUEDART,06/19/2025,Accepted,Hyderabad,Pune,388.34,06/25/2025,NULL,NULL
SHO1618,DHL,01/31/2024,Delayed,Mumbai,Pune,440.15,NULL,NULL,NULL
SHO1619,FEDEX,05/23/2026,Delayed,Bangalore,Hyderabad,425.01,05/30/2026,06/09/2026,NULL
SHO1622,FEDEX,02/14/2025,Accepted,Chennai,Bangalore,450.92,NULL,03/01/2025,NULL
SHO1625,DHL,05/23/2025,Pending,Pune,Hyderabad,207.6,05/30/2025,NULL,NULL
SHO1626,DHL,12/12/2025,In Transit,Pune,Delhi,403.33,NULL,NULL,NULL
SHO1628,DHL,03/08/2024,Accepted,Hyderabad,Mumbai,321.26,03/13/2024,NULL,NULL
SHO1630,BLUEDART,01/02/2024,In Transit,Delhi,Bangalore,120.86,NULL,NULL,NULL
SHO1640,DHL,03/22/2024,Pending,Bangalore,Hyderabad,355.41,NULL,NULL,NULL
SHO1644,BLUEDART,05/30/2026,In Transit,Pune,Hyderabad,260.25,06/05/2026,NULL,NULL
SHO1645,FEDEX,02/24/2026,Pending,Hyderabad,Delhi,359.05,NULL,NULL,NULL
SHO1648,BLUEDART,06/26/2026,Accepted,Hyderabad,Mumbai,410.26,06/30/2026,NULL,NULL
SHO1649,DHL,01/24/2025,Accepted,Delhi,Chennai,56.15,01/29/2025,NULL,NULL
SHO1650,FEDEX,07/20/2024,In Transit,Pune,Delhi,383.87,NULL,NULL,NULL
SHO1657,FEDEX,06/08/2026,Pending,Pune,Delhi,454.5,06/12/2026,NULL,NULL
SHO1660,DHL,06/21/2025,Delayed,Chennai,Bangalore,435.89,06/23/2025,07/01/2025,NULL
SHO1661,FEDEX,07/12/2025,Pending,Mumbai,Bangalore,280.95,12/10/2025,NULL,NULL
SHO1665,FEDEX,06/02/2025,Delayed,Mumbai,Delhi,168.26,07/06/2025,06/10/2025,NULL
SHO1666,BLUEDART,10/11/2025,Accepted,Bangalore,Delhi,380.44,10/16/2025,NULL,NULL
SHO1668,FEDEX,01/27/2026,Pending,Pune,Bangalore,435.47,01/31/2026,NULL,NULL
SHO1669,DHL,02/02/2026,In Transit,Hyderabad,Delhi,485.71,02/06/2026,NULL,NULL
SHO1670,DHL,12/03/2024,Pending,Bangalore,Pune,87.22,NULL,NULL,NULL
SHO1671,DHL,04/16/2026,Pending,Hyderabad,Delhi,483.86,04/23/2026,NULL,NULL
SHO1674,BLUEDART,07/03/2025,Accepted,Chennai,Bangalore,481.75,NULL,NULL,NULL
SHO1675,BLUEDART,01/04/2024,Accepted,Chennai,Hyderabad,280.12,01/09/2024,NULL,NULL
SHO1677,FEDEX,12/26/2024,Delayed,Delhi,Chennai,494.89,NULL,01/03/2025,NULL
SHO1678,BLUEDART,11/30/2025,Delayed,Hyderabad,Mumbai,127.3,12/05/2025,12/12/2025,NULL
SHO1679,BLUEDART,06/01/2024,Delayed,Mumbai,Delhi,384.97,09/01/2024,NULL,NULL
SHO1681,BLUEDART,07/07/2025,Pending,Delhi,Pune,346.81,10/07/2025,NULL,NULL
SHO1683,BLUEDART,01/14/2024,In Transit,Delhi,Bangalore,104.31,01/16/2024,NULL,NULL
SHO1687,BLUEDART,09/06/2025,In Transit,Delhi,Pune,347.93,NULL,NULL,NULL
SHO1690,FEDEX,08/06/2024,Delivered,Hyderabad,Bangalore,480.63,08/13/2024,12/08/2024,117
SHO1696,DHL,05/31/2026,Delayed,Chennai,Pune,476.5,06/07/2026,06/15/2026,NULL
SHO1697,DHL,01/25/2026,Delayed,Bangalore,Delhi,237.37,NULL,NULL,NULL
SHO1698,DHL,01/08/2024,In Transit,Pune,Chennai,145.05,NULL,NULL,NULL
SHO1701,BLUEDART,05/10/2026,Delivered,Pune,Delhi,301.76,05/13/2026,05/12/2026,0
SHO1702,BLUEDART,05/04/2025,Pending,Pune,Bangalore,270.03,11/05/2025,NULL,NULL
SHO1708,DHL,01/12/2025,Delivered,Delhi,Bangalore,303.9,01/19/2025,01/19/2025,0
SHO1709,FEDEX,08/20/2025,In Transit,Chennai,Hyderabad,382.32,08/22/2025,NULL,NULL
SHO1713,DHL,10/22/2024,Delivered,Chennai,Mumbai,289.41,10/25/2024,10/26/2024,1
SHO1715,DHL,09/03/2024,In Transit,Delhi,Chennai,20.86,09/05/2024,NULL,NULL
SHO1717,FEDEX,05/03/2024,In Transit,Delhi,Chennai,90.38,05/09/2024,NULL,NULL
SHO1720,DHL,01/03/2024,Delayed,Chennai,Delhi,350.91,NULL,NULL,NULL
SHO1722,BLUEDART,01/17/2025,Delivered,Bangalore,Pune,199.68,01/23/2025,01/24/2025,1
SHO1724,BLUEDART,04/12/2024,Delivered,Pune,Hyderabad,324.09,04/17/2024,04/18/2024,1
SHO1726,FEDEX,10/19/2025,Pending,Pune,Chennai,297.98,10/21/2025,NULL,NULL
SHO1728,BLUEDART,04/30/2026,Accepted,Pune,Mumbai,17.56,NULL,05/09/2026,NULL
SHO1732,BLUEDART,05/02/2026,Accepted,Delhi,Mumbai,158.8,05/06/2026,NULL,NULL
SHO1733,DHL,08/20/2025,Pending,Hyderabad,Mumbai,169.43,08/23/2025,NULL,NULL
SHO1736,DHL,12/03/2026,In Transit,Delhi,Chennai,47.12,NULL,NULL,NULL
SHO1738,FEDEX,06/06/2024,In Transit,Bangalore,Hyderabad,37.48,06/13/2024,NULL,NULL
SHO1742,DHL,07/10/2024,Pending,Pune,Hyderabad,275.86,NULL,NULL,NULL
SHO1743,DHL,03/13/2026,In Transit,Delhi,Chennai,263.45,03/17/2026,NULL,NULL
SHO1747,DHL,08/04/2025,Pending,Mumbai,Hyderabad,77.82,08/10/2025,NULL,NULL
SHO1748,FEDEX,12/03/2025,In Transit,Bangalore,Hyderabad,229.42,12/05/2025,NULL,NULL
SHO1751,DHL,05/28/2025,Delivered,Hyderabad,Mumbai,462.03,06/01/2025,06/03/2025,2
SHO1754,DHL,05/10/2026,Pending,Pune,Delhi,186.44,05/17/2026,NULL,NULL
SHO1756,DHL,05/05/2024,Accepted,Bangalore,Mumbai,255.01,NULL,05/09/2024,NULL
SHO1757,FEDEX,03/09/2025,Delivered,Pune,Chennai,171.34,09/10/2025,10/09/2025,29
SHO1759,FEDEX,10/16/2024,Pending,Mumbai,Bangalore,250.72,NULL,NULL,NULL
SHO1760,BLUEDART,01/09/2025,In Transit,Mumbai,Hyderabad,371.41,01/13/2025,NULL,NULL
SHO1761,FEDEX,09/22/2024,In Transit,Delhi,Pune,426.9,NULL,NULL,NULL
SHO1762,FEDEX,05/31/2026,Delayed,Chennai,Mumbai,71.19,NULL,06/16/2026,NULL
SHO1766,DHL,05/29/2024,Delayed,Delhi,Chennai,364.36,06/04/2024,06/14/2024,NULL
SHO1773,DHL,02/13/2026,In Transit,Hyderabad,Chennai,135.33,02/15/2026,NULL,NULL
SHO1775,FEDEX,03/03/2026,Accepted,Delhi,Chennai,209.36,03/06/2026,NULL,NULL
SHO1776,BLUEDART,10/07/2024,Delayed,Pune,Hyderabad,183.53,NULL,10/15/2024,NULL
SHO1777,FEDEX,01/28/2025,Delayed,Chennai,Pune,403.78,02/03/2025,02/10/2025,NULL
SHO1783,BLUEDART,03/16/2025,Delayed,Chennai,Delhi,138.53,NULL,NULL,NULL
SHO1784,DHL,08/16/2025,Pending,Bangalore,Mumbai,390.9,08/19/2025,NULL,NULL
SHO1786,FEDEX,12/17/2025,Delayed,Hyderabad,Bangalore,453.6,12/24/2025,01/01/2026,NULL
SHO1789,BLUEDART,07/06/2025,In Transit,Mumbai,Pune,259.75,08/07/2025,NULL,NULL
SHO1790,DHL,05/16/2026,Delayed,Pune,Mumbai,271.64,05/19/2026,NULL,NULL
SHO1794,FEDEX,05/14/2025,Delayed,Pune,Delhi,496.19,05/18/2025,05/24/2025,NULL
SHO1795,FEDEX,03/27/2025,Pending,Delhi,Bangalore,90.23,04/01/2025,NULL,NULL
SHO1798,DHL,08/12/2025,Delayed,Pune,Delhi,94.67,08/19/2025,08/25/2025,NULL
SHO1800,DHL,10/27/2025,Pending,Hyderabad,Delhi,227.23,10/29/2025,NULL,NULL
SHO1801,BLUEDART,12/11/2025,Delayed,Bangalore,Hyderabad,457.35,12/18/2025,NULL,NULL
SHO1802,DHL,05/19/2026,Accepted,Bangalore,Hyderabad,374.62,NULL,NULL,NULL
SHO1803,DHL,10/26/2024,Pending,Bangalore,Chennai,452.5,10/29/2024,NULL,NULL
SHO1805,FEDEX,05/16/2024,Delayed,Mumbai,Bangalore,246.13,NULL,NULL,NULL
SHO1806,BLUEDART,02/21/2024,Accepted,Hyderabad,Mumbai,298.79,02/23/2024,NULL,NULL
SHO1807,BLUEDART,07/07/2025,Delayed,Bangalore,Pune,45.71,NULL,NULL,NULL
SHO1813,BLUEDART,12/22/2024,In Transit,Pune,Bangalore,109.75,NULL,NULL,NULL
SHO1815,FEDEX,07/15/2025,Pending,Mumbai,Chennai,270.76,NULL,NULL,NULL
SHO1817,FEDEX,05/01/2024,Accepted,Pune,Delhi,235.73,08/01/2024,06/01/2024,NULL
SHO1818,BLUEDART,03/23/2026,Pending,Hyderabad,Chennai,192.1,03/30/2026,NULL,NULL
SHO1820,FEDEX,12/23/2024,Delivered,Hyderabad,Pune,302.02,12/30/2024,04/01/2025,92
SHO1826,BLUEDART,01/01/2025,Pending,Chennai,Hyderabad,438.77,01/07/2025,NULL,NULL
SHO1827,BLUEDART,10/10/2025,In Transit,Chennai,Mumbai,414.78,NULL,NULL,NULL
SHO1836,FEDEX,07/25/2025,Pending,Hyderabad,Pune,492.71,08/01/2025,NULL,NULL
SHO1837,BLUEDART,04/11/2026,Pending,Pune,Chennai,167.74,NULL,NULL,NULL
SHO1838,FEDEX,07/11/2025,Pending,Hyderabad,Chennai,445.51,07/18/2025,NULL,NULL
SHO1839,DHL,07/07/2024,In Transit,Chennai,Hyderabad,170.71,NULL,NULL,NULL
SHO1851,BLUEDART,07/10/2025,Accepted,Chennai,Mumbai,415.71,12/10/2025,10/16/2025,NULL
SHO1852,FEDEX,09/15/2025,In Transit,Pune,Bangalore,61.35,NULL,NULL,NULL
SHO1857,BLUEDART,04/24/2026,In Transit,Bangalore,Hyderabad,355.35,04/30/2026,NULL,NULL
SHO1858,DHL,02/14/2025,In Transit,Delhi,Hyderabad,27.1,02/19/2025,NULL,NULL
SHO1860,BLUEDART,08/21/2025,In Transit,Bangalore,Pune,108.02,NULL,NULL,NULL
SHO1861,BLUEDART,05/18/2024,Pending,Pune,Chennai,28.16,05/20/2024,NULL,NULL
SHO1870,FEDEX,04/07/2025,In Transit,Delhi,Pune,417.2,04/13/2025,NULL,NULL
SHO1871,DHL,08/30/2025,Pending,Hyderabad,Pune,62.79,09/05/2025,NULL,NULL
SHO1873,DHL,05/03/2026,Delivered,Pune,Delhi,138.82,11/03/2026,12/03/2026,30
SHO1874,BLUEDART,02/13/2025,Pending,Delhi,Bangalore,361.51,NULL,NULL,NULL
SHO1876,DHL,04/12/2024,Accepted,Pune,Mumbai,61.85,04/17/2024,NULL,NULL
SHO1880,BLUEDART,03/24/2026,Delivered,Delhi,Pune,309.35,03/30/2026,04/02/2026,3
SHO1881,BLUEDART,05/01/2025,In Transit,Delhi,Mumbai,462.15,10/01/2025,NULL,NULL
SHO1885,FEDEX,03/10/2025,In Transit,Hyderabad,Chennai,341.96,NULL,NULL,NULL
SHO1889,FEDEX,12/03/2024,Pending,Pune,Chennai,49.37,NULL,NULL,NULL
SHO1894,FEDEX,04/17/2026,Delayed,Delhi,Chennai,352.01,NULL,04/24/2026,NULL
SHO1896,DHL,12/22/2024,In Transit,Mumbai,Chennai,381.3,12/29/2024,NULL,NULL
SHO1897,DHL,05/31/2026,Pending,Mumbai,Bangalore,111.07,06/06/2026,NULL,NULL
SHO1901,DHL,12/24/2025,In Transit,Bangalore,Hyderabad,155.37,NULL,NULL,NULL
SHO1904,FEDEX,02/12/2024,Delivered,Mumbai,Hyderabad,468.51,04/12/2024,12/08/2024,240
SHO1905,FEDEX,05/03/2024,Pending,Bangalore,Hyderabad,300.98,05/10/2024,NULL,NULL
SHO1907,BLUEDART,10/01/2024,Delayed,Delhi,Mumbai,91.99,NULL,NULL,NULL
SHO1910,FEDEX,02/27/2024,Pending,Pune,Bangalore,447.39,03/01/2024,NULL,NULL
SHO1913,DHL,10/14/2024,Delivered,Delhi,Hyderabad,285.94,10/17/2024,10/19/2024,2
SHO1918,BLUEDART,05/19/2024,Pending,Delhi,Mumbai,215.02,05/24/2024,NULL,NULL
SHO1919,FEDEX,07/05/2025,Pending,Mumbai,Bangalore,256.05,10/07/2025,NULL,NULL
SHO1920,FEDEX,03/28/2024,Accepted,Chennai,Pune,71.3,NULL,NULL,NULL
SHO1925,DHL,05/07/2025,In Transit,Bangalore,Hyderabad,425.35,NULL,NULL,NULL
SHO1927,DHL,07/16/2025,Pending,Hyderabad,Chennai,138.88,NULL,NULL,NULL
SHO1928,BLUEDART,12/24/2024,Pending,Mumbai,Chennai,138.11,12/29/2024,NULL,NULL
SHO1929,BLUEDART,05/10/2025,Pending,Delhi,Hyderabad,69.74,11/10/2025,NULL,NULL
SHO1931,FEDEX,11/22/2025,Accepted,Mumbai,Hyderabad,436.31,11/27/2025,NULL,NULL
SHO1934,FEDEX,12/29/2024,Delayed,Mumbai,Chennai,98.71,01/03/2025,01/09/2025,NULL
SHO1935,DHL,07/08/2025,Accepted,Pune,Hyderabad,81.1,08/09/2025,NULL,NULL
SHO1936,BLUEDART,01/09/2025,In Transit,Delhi,Chennai,118.33,NULL,NULL,NULL
SHO1937,DHL,04/22/2025,Delayed,Pune,Mumbai,416.17,04/28/2025,NULL,NULL
SHO1938,BLUEDART,05/28/2025,Pending,Bangalore,Chennai,263.11,06/02/2025,NULL,NULL
SHO1943,FEDEX,11/11/2024,Pending,Mumbai,Pune,98.37,NULL,NULL,NULL
SHO1944,FEDEX,01/03/2024,In Transit,Delhi,Hyderabad,109.84,NULL,NULL,NULL
SHO1947,BLUEDART,08/03/2024,Pending,Pune,Mumbai,462.69,NULL,NULL,NULL
SHO1948,DHL,06/11/2024,Delivered,Chennai,Bangalore,433.99,08/11/2024,11/08/2024,89
SHO1950,DHL,03/07/2024,Accepted,Hyderabad,Bangalore,69.76,03/12/2024,NULL,NULL
SHO1951,FEDEX,01/02/2026,Accepted,Chennai,Mumbai,60.45,NULL,NULL,NULL
SHO1955,DHL,05/28/2026,Pending,Mumbai,Bangalore,74.8,05/31/2026,NULL,NULL
SHO1956,DHL,10/18/2025,In Transit,Bangalore,Mumbai,320.21,10/20/2025,NULL,NULL
SHO1957,FEDEX,02/18/2025,Pending,Hyderabad,Pune,2.01,02/24/2025,NULL,NULL
SHO1960,BLUEDART,07/26/2025,In Transit,Mumbai,Delhi,277.1,08/02/2025,NULL,NULL
SHO1963,BLUEDART,06/01/2025,In Transit,Chennai,Bangalore,172.68,NULL,NULL,NULL
SHO1966,FEDEX,09/22/2025,Delayed,Pune,Bangalore,44.31,09/24/2025,NULL,NULL
SHO1970,FEDEX,11/10/2025,Delayed,Bangalore,Chennai,426.13,NULL,NULL,NULL
SHO1972,BLUEDART,10/02/2024,Delivered,Hyderabad,Chennai,82.82,10/06/2024,10/11/2024,5
SHO1973,BLUEDART,05/10/2025,Delayed,Delhi,Bangalore,455.78,10/12/2025,NULL,NULL
SHO1975,FEDEX,02/24/2026,In Transit,Delhi,Pune,371.62,03/01/2026,NULL,NULL
SHO1976,DHL,12/25/2024,Delivered,Chennai,Hyderabad,212.5,12/28/2024,12/26/2024,0
SHO1978,FEDEX,03/25/2024,Accepted,Mumbai,Pune,287.59,03/31/2024,03/29/2024,NULL
SHO1979,BLUEDART,03/24/2026,Pending,Hyderabad,Mumbai,151.5,03/31/2026,NULL,NULL
SHO1985,FEDEX,12/13/2024,In Transit,Chennai,Hyderabad,309.87,NULL,NULL,NULL
SHO1986,BLUEDART,03/26/2025,Pending,Mumbai,Delhi,171.94,NULL,NULL,NULL
SHO1990,FEDEX,05/27/2025,In Transit,Delhi,Chennai,152.75,05/29/2025,NULL,NULL
SHO1992,FEDEX,11/04/2024,Accepted,Mumbai,Bangalore,202.92,NULL,NULL,NULL
SHO1993,BLUEDART,02/24/2025,Delayed,Pune,Delhi,58.23,NULL,03/08/2025,NULL
SHO1995,FEDEX,01/01/2026,Delivered,Delhi,Mumbai,153.4,01/03/2026,08/01/2026,210
SHO1998,DHL,12/21/2025,Pending,Delhi,Mumbai,264.72,12/23/2025,NULL,NULL
SHO2001,DHL,04/03/2026,Accepted,Mumbai,Hyderabad,369.02,08/04/2026,NULL,NULL
SHO2004,BLUEDART,05/13/2026,In Transit,Chennai,Hyderabad,389.81,05/17/2026,NULL,NULL
SHO2006,FEDEX,06/07/2025,Delayed,Mumbai,Hyderabad,318.55,10/06/2025,NULL,NULL
SHO2007,FEDEX,03/08/2026,In Transit,Pune,Bangalore,419.93,10/03/2026,NULL,NULL
SHO2008,FEDEX,04/09/2024,Delayed,Delhi,Pune,27.06,12/04/2024,04/21/2024,NULL
SHO2011,FEDEX,02/03/2025,Accepted,Pune,Bangalore,253.1,NULL,NULL,NULL
SHO2016,FEDEX,06/10/2025,Delayed,Delhi,Mumbai,2.11,06/16/2025,NULL,NULL
SHO2021,BLUEDART,02/13/2026,Pending,Delhi,Pune,183.06,02/18/2026,NULL,NULL
SHO2023,BLUEDART,12/07/2024,Delivered,Bangalore,Mumbai,490.51,12/11/2024,12/14/2024,3
SHO2024,BLUEDART,07/08/2025,Delayed,Hyderabad,Pune,494.68,07/13/2025,07/14/2025,NULL
SHO2026,FEDEX,04/17/2025,Delayed,Mumbai,Delhi,216.81,04/22/2025,NULL,NULL
SHO2027,BLUEDART,03/06/2025,In Transit,Pune,Bangalore,474.85,06/08/2025,NULL,NULL
SHO2028,BLUEDART,10/03/2024,In Transit,Bangalore,Mumbai,221.25,NULL,NULL,NULL
SHO2029,FEDEX,08/06/2025,Pending,Pune,Delhi,437.99,11/08/2025,NULL,NULL
SHO2032,BLUEDART,08/02/2025,In Transit,Pune,Chennai,330.48,09/08/2025,NULL,NULL
SHO2035,FEDEX,05/15/2024,In Transit,Mumbai,Delhi,113.15,NULL,NULL,NULL
SHO2040,BLUEDART,01/10/2026,Pending,Pune,Hyderabad,129.29,01/14/2026,NULL,NULL
SHO2044,DHL,05/12/2025,Accepted,Hyderabad,Chennai,75.38,NULL,NULL,NULL
SHO2050,FEDEX,10/12/2025,In Transit,Delhi,Hyderabad,34.58,NULL,NULL,NULL
SHO2051,FEDEX,08/16/2024,Pending,Mumbai,Delhi,422.6,08/23/2024,NULL,NULL
SHO2052,BLUEDART,10/27/2024,Pending,Delhi,Hyderabad,257.09,NULL,NULL,NULL
SHO2053,DHL,10/05/2024,In Transit,Mumbai,Chennai,429.81,NULL,NULL,NULL
SHO2055,DHL,08/03/2024,Accepted,Mumbai,Delhi,204.98,12/03/2024,NULL,NULL
SHO2056,DHL,09/17/2025,Pending,Hyderabad,Mumbai,491.33,09/21/2025,NULL,NULL
SHO2057,FEDEX,01/12/2025,In Transit,Chennai,Mumbai,448.72,12/06/2025,NULL,NULL
SHO2059,FEDEX,03/10/2024,Accepted,Mumbai,Chennai,407.61,03/14/2024,NULL,NULL
SHO2063,FEDEX,12/14/2024,In Transit,Hyderabad,Mumbai,284.86,12/21/2024,NULL,NULL
SHO2065,DHL,04/18/2026,Delayed,Delhi,Pune,202.73,04/20/2026,NULL,NULL
SHO2066,FEDEX,10/25/2025,Accepted,Hyderabad,Delhi,318.5,10/29/2025,NULL,NULL
SHO2069,FEDEX,06/26/2024,Pending,Mumbai,Hyderabad,286.45,06/29/2024,NULL,NULL
SHO2070,BLUEDART,03/11/2025,In Transit,Bangalore,Chennai,437.23,11/10/2025,NULL,NULL
SHO2072,BLUEDART,06/01/2025,Delayed,Mumbai,Pune,352.19,06/07/2025,06/08/2025,NULL
SHO2079,FEDEX,02/16/2024,In Transit,Delhi,Chennai,307.92,02/20/2024,NULL,NULL
SHO2081,FEDEX,05/07/2025,Accepted,Mumbai,Bangalore,263.3,05/10/2025,05/17/2025,NULL
SHO2085,DHL,02/08/2025,Delivered,Mumbai,Bangalore,159.41,08/06/2025,10/08/2025,63
SHO2090,FEDEX,06/08/2024,Delayed,Delhi,Mumbai,3.95,06/12/2024,NULL,NULL
SHO2091,FEDEX,08/19/2024,Delayed,Delhi,Pune,405.81,NULL,08/30/2024,NULL
SHO2094,DHL,04/16/2024,Delayed,Pune,Bangalore,467.44,04/22/2024,04/24/2024,NULL
SHO2097,DHL,08/11/2025,Pending,Mumbai,Delhi,267.79,NULL,NULL,NULL
SHO2101,FEDEX,03/03/2024,In Transit,Delhi,Pune,175.67,09/03/2024,NULL,NULL
SHO2102,FEDEX,06/13/2025,Delayed,Chennai,Delhi,191.03,06/20/2025,06/24/2025,NULL
SHO2103,DHL,11/16/2024,Pending,Bangalore,Mumbai,446.32,11/22/2024,NULL,NULL
SHO2104,DHL,05/02/2026,Delayed,Chennai,Mumbai,495.77,05/06/2026,05/16/2026,NULL
SHO2105,FEDEX,08/25/2024,In Transit,Delhi,Hyderabad,306.04,NULL,NULL,NULL
SHO2106,DHL,04/18/2026,In Transit,Mumbai,Pune,341.6,04/22/2026,NULL,NULL
SHO2111,BLUEDART,07/11/2024,In Transit,Chennai,Bangalore,355.07,07/16/2024,NULL,NULL
SHO2114,DHL,03/26/2024,Accepted,Bangalore,Pune,109.49,03/28/2024,NULL,NULL
SHO2116,BLUEDART,02/21/2026,Delivered,Chennai,Pune,318.23,02/28/2026,03/04/2026,4
SHO2117,FEDEX,10/05/2025,In Transit,Bangalore,Hyderabad,416.53,NULL,NULL,NULL
SHO2120,DHL,11/03/2026,Pending,Hyderabad,Delhi,306.53,NULL,NULL,NULL
SHO2121,BLUEDART,04/14/2024,Delayed,Mumbai,Chennai,140.71,NULL,04/24/2024,NULL
SHO2122,BLUEDART,09/21/2024,In Transit,Mumbai,Delhi,316.6,NULL,NULL,NULL
SHO2123,DHL,03/12/2026,In Transit,Pune,Mumbai,48.06,03/17/2026,NULL,NULL
SHO2127,DHL,05/15/2025,Accepted,Chennai,Delhi,255.74,NULL,NULL,NULL
SHO2130,BLUEDART,10/14/2025,Pending,Hyderabad,Mumbai,0.8,10/19/2025,NULL,NULL
SHO2132,FEDEX,04/26/2025,In Transit,Hyderabad,Bangalore,401.17,NULL,NULL,NULL
SHO2137,BLUEDART,01/10/2024,In Transit,Bangalore,Delhi,39.68,01/12/2024,NULL,NULL
SHO2138,FEDEX,12/03/2025,Pending,Pune,Hyderabad,86.69,NULL,NULL,NULL
SHO2139,FEDEX,06/12/2025,Delayed,Bangalore,Hyderabad,260.08,06/16/2025,NULL,NULL
SHO2140,FEDEX,05/05/2024,In Transit,Pune,Delhi,405.15,05/12/2024,NULL,NULL
SHO2141,FEDEX,07/16/2024,Pending,Chennai,Bangalore,295.79,07/23/2024,NULL,NULL
SHO2142,FEDEX,02/03/2026,Accepted,Hyderabad,Mumbai,312.29,02/09/2026,NULL,NULL
SHO2144,DHL,04/01/2026,Pending,Delhi,Mumbai,436.72,NULL,NULL,NULL
SHO2149,BLUEDART,04/14/2025,In Transit,Hyderabad,Mumbai,314.84,NULL,NULL,NULL
SHO2156,BLUEDART,01/28/2026,Delayed,Bangalore,Chennai,188.0,02/03/2026,NULL,NULL
SHO2157,BLUEDART,05/03/2025,Pending,Pune,Chennai,99.47,NULL,NULL,NULL
SHO2158,BLUEDART,02/01/2025,Delayed,Mumbai,Chennai,430.49,NULL,NULL,NULL
SHO2160,DHL,04/21/2026,Delivered,Pune,Delhi,384.67,04/25/2026,04/26/2026,1
SHO2166,BLUEDART,03/23/2026,In Transit,Chennai,Delhi,54.61,03/26/2026,NULL,NULL
SHO2170,DHL,03/12/2025,In Transit,Chennai,Hyderabad,357.85,NULL,NULL,NULL
SHO2174,FEDEX,12/21/2025,In Transit,Delhi,Chennai,132.09,12/27/2025,NULL,NULL
SHO2175,DHL,06/26/2026,Accepted,Bangalore,Mumbai,471.47,NULL,NULL,NULL
SHO2176,FEDEX,04/25/2025,Pending,Bangalore,Delhi,237.52,05/01/2025,NULL,NULL
SHO2177,DHL,05/25/2024,Pending,Mumbai,Pune,218.09,05/31/2024,NULL,NULL
SHO2178,DHL,12/25/2025,Delivered,Mumbai,Pune,358.42,12/29/2025,12/28/2025,0
SHO2180,FEDEX,05/27/2024,Pending,Bangalore,Pune,257.93,05/30/2024,NULL,NULL
SHO2183,DHL,08/18/2024,In Transit,Delhi,Hyderabad,485.52,NULL,NULL,NULL
SHO2186,FEDEX,03/20/2026,Pending,Delhi,Bangalore,194.56,NULL,NULL,NULL
SHO2187,BLUEDART,02/05/2026,In Transit,Bangalore,Mumbai,67.55,02/08/2026,NULL,NULL
SHO2188,FEDEX,10/18/2024,Delayed,Pune,Chennai,122.55,10/25/2024,10/29/2024,NULL
SHO2190,DHL,12/17/2024,Pending,Chennai,Delhi,364.76,NULL,NULL,NULL
SHO2193,FEDEX,01/07/2025,In Transit,Bangalore,Pune,158.01,06/07/2025,NULL,NULL
SHO2195,DHL,09/28/2024,Delayed,Bangalore,Mumbai,120.78,10/03/2024,10/06/2024,NULL
SHO2198,FEDEX,02/05/2026,Delayed,Hyderabad,Bangalore,165.82,07/05/2026,NULL,NULL
SHO2199,FEDEX,06/23/2026,Pending,Chennai,Delhi,359.93,NULL,NULL,NULL
SHO2200,DHL,12/08/2025,In Transit,Mumbai,Pune,478.29,NULL,NULL,NULL
SHO2201,DHL,01/28/2024,Delayed,Chennai,Bangalore,8.85,02/01/2024,10/02/2024,NULL
SHO2203,FEDEX,06/06/2026,In Transit,Chennai,Pune,481.32,06/08/2026,NULL,NULL
SHO2208,FEDEX,01/01/2026,Pending,Mumbai,Bangalore,225.06,05/01/2026,NULL,NULL
SHO2209,FEDEX,05/09/2024,Delayed,Hyderabad,Pune,308.51,12/09/2024,NULL,NULL
SHO2210,DHL,01/25/2025,Pending,Hyderabad,Chennai,173.16,01/29/2025,NULL,NULL
SHO2211,FEDEX,05/27/2024,Pending,Hyderabad,Chennai,188.41,NULL,NULL,NULL
SHO2212,FEDEX,02/20/2025,Delayed,Pune,Hyderabad,306.19,NULL,NULL,NULL
SHO2215,DHL,11/12/2024,In Transit,Delhi,Mumbai,446.78,NULL,NULL,NULL
SHO2217,FEDEX,11/01/2024,In Transit,Mumbai,Bangalore,479.07,NULL,NULL,NULL
SHO2218,DHL,12/07/2025,Accepted,Chennai,Pune,84.39,NULL,12/19/2025,NULL
SHO2219,BLUEDART,08/19/2025,Accepted,Delhi,Mumbai,263.84,08/23/2025,NULL,NULL
SHO2223,FEDEX,06/11/2025,Pending,Chennai,Mumbai,133.49,NULL,NULL,NULL
SHO2225,DHL,10/01/2025,In Transit,Chennai,Hyderabad,466.39,10/08/2025,NULL,NULL
SHO2229,DHL,08/19/2025,Accepted,Bangalore,Hyderabad,499.23,08/24/2025,NULL,NULL
SHO2230,BLUEDART,05/01/2026,Accepted,Pune,Mumbai,302.82,09/01/2026,NULL,NULL
SHO2232,BLUEDART,09/25/2024,Delivered,Bangalore,Hyderabad,211.36,09/29/2024,10/04/2024,5
SHO2233,DHL,09/01/2024,In Transit,Hyderabad,Chennai,395.24,NULL,NULL,NULL
SHO2234,DHL,10/23/2024,Pending,Pune,Hyderabad,418.39,10/29/2024,NULL,NULL
SHO2236,BLUEDART,06/04/2024,Pending,Bangalore,Hyderabad,476.28,NULL,NULL,NULL
SHO2239,DHL,04/09/2025,In Transit,Bangalore,Mumbai,355.65,NULL,NULL,NULL
SHO2241,BLUEDART,07/11/2024,Accepted,Mumbai,Pune,417.0,07/17/2024,07/21/2024,NULL
SHO2243,DHL,06/06/2026,Delayed,Chennai,Mumbai,79.12,06/08/2026,06/17/2026,NULL
SHO2246,FEDEX,11/14/2024,Pending,Pune,Delhi,419.92,11/17/2024,NULL,NULL
SHO2249,FEDEX,05/04/2024,In Transit,Mumbai,Pune,127.84,08/05/2024,NULL,NULL
SHO2250,DHL,12/29/2025,In Transit,Bangalore,Delhi,327.77,12/31/2025,NULL,NULL
SHO2251,DHL,09/14/2025,Delayed,Pune,Bangalore,151.81,09/21/2025,09/22/2025,NULL
SHO2253,BLUEDART,12/12/2024,Accepted,Delhi,Mumbai,248.63,NULL,NULL,NULL
SHO2258,FEDEX,12/30/2025,Delivered,Chennai,Delhi,254.31,01/06/2026,05/01/2026,115
SHO2259,DHL,05/12/2026,Accepted,Bangalore,Mumbai,324.93,05/16/2026,NULL,NULL
SHO2266,FEDEX,03/20/2026,Pending,Pune,Bangalore,81.01,03/27/2026,NULL,NULL
SHO2267,FEDEX,04/15/2024,Pending,Mumbai,Pune,416.63,NULL,NULL,NULL
SHO2270,DHL,02/12/2026,Accepted,Chennai,Hyderabad,155.58,NULL,02/28/2026,NULL
SHO2271,DHL,04/28/2026,Pending,Chennai,Hyderabad,295.02,05/02/2026,NULL,NULL
SHO2272,DHL,11/30/2025,Delivered,Pune,Delhi,193.98,12/07/2025,12/05/2025,0
SHO2274,BLUEDART,01/12/2025,Delayed,Mumbai,Chennai,277.1,12/05/2025,NULL,NULL
SHO2275,BLUEDART,03/02/2026,Pending,Delhi,Pune,215.7,08/03/2026,NULL,NULL
SHO2276,DHL,02/22/2026,Delayed,Delhi,Mumbai,357.78,02/24/2026,02/27/2026,NULL
SHO2279,BLUEDART,01/26/2024,Delayed,Chennai,Bangalore,337.67,NULL,03/02/2024,NULL
SHO2280,DHL,12/14/2025,In Transit,Chennai,Delhi,12.42,12/20/2025,NULL,NULL
SHO2281,BLUEDART,06/02/2024,Accepted,Hyderabad,Pune,389.75,NULL,NULL,NULL
SHO2283,BLUEDART,02/12/2025,Accepted,Delhi,Mumbai,364.31,NULL,02/14/2025,NULL
SHO2288,BLUEDART,04/24/2026,Accepted,Delhi,Bangalore,163.95,NULL,NULL,NULL
SHO2289,BLUEDART,02/16/2025,Delivered,Mumbai,Pune,185.49,02/20/2025,02/25/2025,5
SHO2295,DHL,11/01/2024,In Transit,Pune,Bangalore,238.26,NULL,NULL,NULL
SHO2297,DHL,09/05/2025,In Transit,Chennai,Pune,207.48,NULL,NULL,NULL
SHO2298,DHL,03/04/2025,In Transit,Bangalore,Delhi,477.59,08/03/2025,NULL,NULL
SHO2300,FEDEX,03/29/2025,Accepted,Bangalore,Mumbai,264.18,04/04/2025,04/13/2025,NULL
SHO2302,FEDEX,04/03/2026,Accepted,Hyderabad,Mumbai,54.67,08/03/2026,NULL,NULL
SHO2303,DHL,03/06/2024,Accepted,Chennai,Mumbai,222.25,03/08/2024,12/03/2024,NULL
SHO2306,FEDEX,06/17/2025,Pending,Pune,Mumbai,48.53,06/20/2025,NULL,NULL
SHO2311,BLUEDART,01/18/2024,Pending,Bangalore,Delhi,452.68,NULL,NULL,NULL
SHO2314,BLUEDART,03/01/2024,In Transit,Pune,Delhi,263.31,05/03/2024,NULL,NULL
SHO2316,FEDEX,03/01/2024,In Transit,Chennai,Hyderabad,377.06,03/04/2024,NULL,NULL
SHO2317,DHL,12/21/2025,Accepted,Pune,Bangalore,287.29,NULL,NULL,NULL
SHO2321,FEDEX,05/13/2025,Accepted,Chennai,Pune,2.16,05/17/2025,NULL,NULL
SHO2324,DHL,05/12/2024,Pending,Hyderabad,Chennai,387.85,05/17/2024,NULL,NULL
SHO2326,FEDEX,02/02/2026,Pending,Hyderabad,Chennai,396.48,02/06/2026,NULL,NULL
SHO2327,DHL,10/07/2024,Delayed,Delhi,Hyderabad,477.39,NULL,NULL,NULL
SHO2328,FEDEX,07/03/2024,Delayed,Pune,Chennai,129.94,07/05/2024,NULL,NULL
SHO2329,BLUEDART,02/27/2025,Delayed,Delhi,Mumbai,111.04,NULL,03/09/2025,NULL
SHO2331,BLUEDART,06/15/2026,Accepted,Hyderabad,Chennai,199.39,NULL,NULL,NULL
SHO2333,FEDEX,12/18/2024,Pending,Hyderabad,Chennai,221.2,12/24/2024,NULL,NULL
SHO2346,FEDEX,01/04/2024,Delivered,Mumbai,Pune,480.85,09/01/2024,01/09/2024,0
SHO2349,BLUEDART,04/06/2024,Delayed,Delhi,Hyderabad,37.38,04/13/2024,NULL,NULL
SHO2352,FEDEX,06/19/2024,Delayed,Chennai,Delhi,281.15,06/24/2024,07/04/2024,NULL
SHO2354,BLUEDART,12/20/2024,In Transit,Pune,Bangalore,369.17,NULL,NULL,NULL
SHO2356,FEDEX,02/26/2025,In Transit,Hyderabad,Delhi,209.65,03/01/2025,NULL,NULL
SHO2358,FEDEX,09/08/2025,In Transit,Mumbai,Bangalore,187.84,12/08/2025,NULL,NULL
SHO2364,FEDEX,06/14/2025,Pending,Delhi,Mumbai,300.38,NULL,NULL,NULL
SHO2365,BLUEDART,10/08/2024,Accepted,Bangalore,Hyderabad,177.14,NULL,NULL,NULL
SHO2366,BLUEDART,07/26/2025,Accepted,Bangalore,Pune,78.28,08/02/2025,NULL,NULL
SHO2367,DHL,01/08/2024,In Transit,Mumbai,Bangalore,53.15,NULL,NULL,NULL
SHO2370,DHL,02/08/2025,Pending,Hyderabad,Mumbai,83.06,NULL,NULL,NULL
SHO2372,DHL,05/10/2025,Pending,Pune,Delhi,173.0,10/10/2025,NULL,NULL
SHO2373,FEDEX,10/11/2025,Pending,Mumbai,Bangalore,37.27,10/14/2025,NULL,NULL
SHO2375,FEDEX,08/12/2024,In Transit,Chennai,Mumbai,358.61,12/10/2024,NULL,NULL
SHO2376,DHL,04/07/2024,Accepted,Bangalore,Mumbai,46.68,04/09/2024,NULL,NULL
SHO2378,BLUEDART,01/05/2024,Delayed,Mumbai,Delhi,394.83,05/05/2024,06/05/2024,NULL
SHO2380,FEDEX,05/05/2025,Delayed,Chennai,Hyderabad,218.16,05/11/2025,12/05/2025,NULL
SHO2382,BLUEDART,08/08/2024,Delayed,Delhi,Bangalore,35.94,NULL,08/12/2024,NULL
SHO2383,DHL,06/11/2024,In Transit,Bangalore,Delhi,403.37,06/18/2024,NULL,NULL
SHO2384,DHL,05/20/2026,In Transit,Hyderabad,Mumbai,124.52,05/22/2026,NULL,NULL
SHO2386,BLUEDART,02/15/2026,Accepted,Hyderabad,Pune,415.51,02/21/2026,NULL,NULL
SHO2389,FEDEX,12/29/2024,Accepted,Hyderabad,Bangalore,474.88,01/04/2025,NULL,NULL
SHO2392,BLUEDART,02/20/2025,Delivered,Delhi,Mumbai,88.48,02/23/2025,02/26/2025,3
SHO2394,FEDEX,06/13/2026,Delayed,Delhi,Bangalore,134.56,06/20/2026,NULL,NULL
SHO2397,DHL,02/04/2025,In Transit,Mumbai,Chennai,281.96,04/04/2025,NULL,NULL
SHO2405,DHL,09/21/2025,In Transit,Chennai,Bangalore,226.36,NULL,NULL,NULL
SHO2406,DHL,07/10/2025,In Transit,Bangalore,Pune,93.41,07/17/2025,NULL,NULL
SHO2407,FEDEX,05/18/2026,Delayed,Delhi,Mumbai,69.44,NULL,06/03/2026,NULL
SHO2409,FEDEX,03/23/2026,Pending,Chennai,Hyderabad,277.63,03/27/2026,NULL,NULL
SHO2415,FEDEX,04/23/2025,Delayed,Hyderabad,Delhi,133.23,04/25/2025,04/30/2025,NULL
SHO2416,BLUEDART,09/13/2024,Pending,Mumbai,Chennai,334.91,09/17/2024,NULL,NULL
SHO2417,BLUEDART,02/22/2025,Accepted,Pune,Mumbai,283.86,02/25/2025,NULL,NULL
SHO2418,DHL,05/27/2025,Accepted,Hyderabad,Bangalore,458.89,NULL,NULL,NULL
SHO2421,DHL,08/08/2024,In Transit,Pune,Mumbai,444.07,08/14/2024,NULL,NULL
SHO2423,FEDEX,02/14/2024,In Transit,Hyderabad,Delhi,62.58,02/20/2024,NULL,NULL
SHO2426,BLUEDART,05/14/2025,Delayed,Mumbai,Bangalore,167.23,05/16/2025,05/22/2025,NULL
SHO2428,FEDEX,04/17/2026,Delayed,Delhi,Chennai,439.9,04/23/2026,04/28/2026,NULL
SHO2429,BLUEDART,01/26/2026,Delayed,Delhi,Mumbai,252.65,01/29/2026,NULL,NULL
SHO2430,BLUEDART,10/18/2024,In Transit,Hyderabad,Delhi,369.32,10/25/2024,NULL,NULL
SHO2435,DHL,05/14/2025,Pending,Bangalore,Pune,42.89,NULL,NULL,NULL
SHO2436,BLUEDART,06/09/2026,In Transit,Bangalore,Delhi,400.26,NULL,NULL,NULL
SHO2437,FEDEX,09/24/2024,In Transit,Pune,Bangalore,24.36,NULL,NULL,NULL
SHO2440,BLUEDART,05/14/2026,Delivered,Pune,Mumbai,307.63,05/21/2026,05/26/2026,5
SHO2441,DHL,09/12/2024,In Transit,Pune,Bangalore,295.54,12/16/2024,NULL,NULL
SHO2442,FEDEX,12/03/2025,Delayed,Bangalore,Chennai,494.48,12/06/2025,12/09/2025,NULL
SHO2443,BLUEDART,01/18/2026,Pending,Mumbai,Delhi,373.81,NULL,NULL,NULL
SHO2444,BLUEDART,07/12/2024,In Transit,Mumbai,Chennai,233.98,NULL,NULL,NULL
SHO2448,BLUEDART,05/15/2024,Pending,Mumbai,Bangalore,382.75,05/22/2024,NULL,NULL
SHO2449,BLUEDART,05/17/2025,In Transit,Delhi,Bangalore,198.43,05/19/2025,NULL,NULL
SHO2451,BLUEDART,01/17/2025,Accepted,Bangalore,Mumbai,359.66,01/24/2025,NULL,NULL
SHO2454,FEDEX,08/13/2025,Delayed,Hyderabad,Delhi,156.02,NULL,NULL,NULL
SHO2456,DHL,03/29/2026,Delayed,Pune,Bangalore,212.86,05/04/2026,NULL,NULL
SHO2457,FEDEX,06/25/2025,Accepted,Delhi,Hyderabad,382.01,07/02/2025,NULL,NULL
SHO2458,BLUEDART,10/20/2024,Accepted,Pune,Chennai,461.15,10/27/2024,NULL,NULL
SHO2460,DHL,01/27/2025,Delayed,Delhi,Chennai,452.63,NULL,NULL,NULL
SHO2461,DHL,08/14/2025,Delivered,Pune,Chennai,127.33,08/19/2025,08/20/2025,1
SHO2472,DHL,04/09/2024,Pending,Delhi,Hyderabad,165.87,06/09/2024,NULL,NULL
SHO2473,BLUEDART,08/02/2026,Pending,Bangalore,Chennai,206.23,NULL,NULL,NULL
SHO2475,DHL,01/01/2026,Accepted,Bangalore,Chennai,205.97,04/01/2026,NULL,NULL
SHO2477,BLUEDART,08/13/2025,In Transit,Hyderabad,Bangalore,446.54,NULL,NULL,NULL
SHO2483,FEDEX,01/27/2024,Pending,Pune,Hyderabad,158.22,01/31/2024,NULL,NULL
SHO2484,BLUEDART,01/21/2026,Delayed,Pune,Mumbai,66.05,01/26/2026,01/30/2026,NULL
SHO2487,DHL,08/18/2025,In Transit,Mumbai,Delhi,61.62,08/23/2025,NULL,NULL
SHO2491,DHL,09/13/2025,Pending,Delhi,Bangalore,197.38,NULL,NULL,NULL
SHO2494,BLUEDART,03/11/2025,Delayed,Mumbai,Hyderabad,203.69,05/11/2025,NULL,NULL
SHO2495,FEDEX,08/10/2024,Pending,Delhi,Pune,198.62,08/17/2024,NULL,NULL
SHO2496,BLUEDART,10/11/2024,Pending,Hyderabad,Pune,196.4,10/13/2024,NULL,NULL
SHO2499,FEDEX,02/24/2026,In Transit,Chennai,Hyderabad,258.45,NULL,NULL,NULL
SHO2501,BLUEDART,11/20/2025,In Transit,Delhi,Hyderabad,74.85,NULL,NULL,NULL
SHO2502,BLUEDART,03/29/2026,Accepted,Hyderabad,Delhi,362.13,03/31/2026,NULL,NULL
SHO2504,BLUEDART,03/13/2025,In Transit,Delhi,Bangalore,200.42,03/19/2025,NULL,NULL
SHO2506,DHL,06/11/2025,In Transit,Bangalore,Delhi,49.99,11/08/2025,NULL,NULL
SHO2508,BLUEDART,08/10/2025,Delayed,Chennai,Bangalore,71.45,08/16/2025,08/19/2025,NULL
SHO2511,BLUEDART,01/24/2025,Delayed,Delhi,Hyderabad,102.82,01/31/2025,02/03/2025,NULL
SHO2517,BLUEDART,06/14/2025,Delayed,Hyderabad,Bangalore,114.92,06/19/2025,NULL,NULL
SHO2519,BLUEDART,11/09/2024,In Transit,Hyderabad,Pune,83.74,NULL,NULL,NULL
SHO2524,FEDEX,06/04/2025,Pending,Hyderabad,Bangalore,70.02,08/06/2025,NULL,NULL
SHO2528,FEDEX,06/16/2024,Pending,Pune,Hyderabad,139.11,06/22/2024,NULL,NULL
SHO2529,BLUEDART,03/05/2025,Delivered,Hyderabad,Pune,296.91,05/10/2025,05/13/2025,3
SHO2530,FEDEX,03/24/2026,In Transit,Mumbai,Chennai,25.89,03/30/2026,NULL,NULL
SHO2534,FEDEX,05/11/2026,In Transit,Chennai,Hyderabad,190.9,05/14/2026,NULL,NULL
SHO2537,DHL,12/04/2026,In Transit,Hyderabad,Pune,390.2,NULL,NULL,NULL
SHO2539,DHL,03/30/2025,Pending,Pune,Hyderabad,282.66,NULL,NULL,NULL
SHO2544,FEDEX,09/27/2025,Delayed,Mumbai,Delhi,475.49,NULL,09/30/2025,NULL
SHO2545,BLUEDART,04/07/2025,Pending,Chennai,Mumbai,437.81,07/07/2025,NULL,NULL
SHO2546,FEDEX,06/18/2025,Accepted,Delhi,Bangalore,457.26,NULL,NULL,NULL
SHO2548,DHL,05/10/2025,Delayed,Delhi,Chennai,493.62,05/13/2025,NULL,NULL
SHO2549,DHL,07/04/2024,In Transit,Hyderabad,Mumbai,369.84,07/09/2024,NULL,NULL
SHO2553,BLUEDART,01/17/2026,Accepted,Chennai,Pune,303.08,01/21/2026,NULL,NULL
SHO2555,BLUEDART,02/17/2026,Pending,Hyderabad,Mumbai,340.17,02/21/2026,NULL,NULL
SHO2558,BLUEDART,03/05/2025,Pending,Delhi,Mumbai,455.72,03/10/2025,NULL,NULL
SHO2559,DHL,03/03/2025,Pending,Delhi,Mumbai,261.68,03/06/2025,NULL,NULL
SHO2560,BLUEDART,01/16/2025,Accepted,Mumbai,Chennai,194.82,01/21/2025,NULL,NULL
SHO2561,BLUEDART,08/23/2025,In Transit,Delhi,Hyderabad,100.29,08/27/2025,NULL,NULL
SHO2562,BLUEDART,05/27/2024,Pending,Chennai,Mumbai,129.14,06/03/2024,NULL,NULL
SHO2563,BLUEDART,04/26/2026,Pending,Hyderabad,Bangalore,191.1,NULL,NULL,NULL
SHO2564,FEDEX,08/21/2025,Delayed,Mumbai,Hyderabad,62.54,08/23/2025,08/28/2025,NULL
SHO2565,DHL,03/31/2026,Accepted,Pune,Hyderabad,214.82,07/04/2026,NULL,NULL
SHO2567,DHL,06/19/2026,Pending,Mumbai,Bangalore,35.84,NULL,NULL,NULL
SHO2568,FEDEX,04/07/2026,Accepted,Hyderabad,Delhi,234.71,NULL,NULL,NULL
SHO2570,BLUEDART,03/31/2026,Delivered,Hyderabad,Chennai,462.8,04/04/2026,04/04/2026,0
SHO2574,FEDEX,01/27/2025,Delayed,Hyderabad,Delhi,107.36,02/03/2025,02/12/2025,NULL
SHO2575,FEDEX,06/12/2024,Accepted,Pune,Mumbai,1.86,NULL,06/25/2024,NULL
SHO2578,FEDEX,12/17/2024,In Transit,Mumbai,Delhi,175.68,12/19/2024,NULL,NULL
SHO2581,BLUEDART,09/19/2025,Delivered,Bangalore,Chennai,433.48,09/25/2025,09/25/2025,0
SHO2584,FEDEX,02/05/2025,In Transit,Delhi,Hyderabad,88.26,NULL,NULL,NULL
SHO2587,DHL,01/18/2026,Accepted,Delhi,Bangalore,165.99,01/23/2026,NULL,NULL
SHO2593,FEDEX,05/27/2024,In Transit,Pune,Mumbai,97.99,NULL,NULL,NULL
SHO2595,FEDEX,05/16/2024,Pending,Chennai,Mumbai,70.97,NULL,NULL,NULL
SHO2597,FEDEX,12/05/2025,Pending,Chennai,Delhi,48.75,NULL,NULL,NULL
SHO2598,FEDEX,06/26/2025,In Transit,Bangalore,Pune,114.53,NULL,NULL,NULL
SHO2600,DHL,04/23/2025,Delayed,Bangalore,Delhi,31.61,NULL,05/04/2025,NULL
SHO2602,FEDEX,10/05/2024,In Transit,Chennai,Hyderabad,270.36,10/09/2024,NULL,NULL
SHO2607,DHL,02/16/2024,Delayed,Hyderabad,Chennai,61.76,NULL,03/03/2024,NULL
SHO2609,FEDEX,10/28/2024,Accepted,Hyderabad,Delhi,99.17,10/31/2024,NULL,NULL
SHO2612,DHL,06/20/2024,Delayed,Hyderabad,Delhi,140.65,06/27/2024,NULL,NULL
SHO2613,FEDEX,01/28/2025,Delayed,Hyderabad,Chennai,129.35,02/04/2025,02/05/2025,NULL
SHO2614,BLUEDART,06/30/2026,In Transit,Hyderabad,Delhi,206.58,NULL,NULL,NULL
SHO2615,BLUEDART,01/24/2026,Delayed,Chennai,Mumbai,472.79,01/26/2026,01/29/2026,NULL
SHO2618,DHL,05/31/2025,In Transit,Hyderabad,Chennai,172.98,06/06/2025,NULL,NULL
SHO2622,FEDEX,01/06/2026,Delayed,Mumbai,Pune,187.32,NULL,01/20/2026,NULL
SHO2627,DHL,01/03/2024,Pending,Bangalore,Hyderabad,452.1,NULL,NULL,NULL
SHO2631,DHL,09/11/2024,In Transit,Hyderabad,Chennai,484.52,09/14/2024,NULL,NULL
SHO2632,DHL,04/29/2024,In Transit,Delhi,Pune,320.87,05/02/2024,NULL,NULL
SHO2633,DHL,03/29/2026,Accepted,Mumbai,Hyderabad,226.34,04/03/2026,NULL,NULL
SHO2634,BLUEDART,07/27/2024,In Transit,Bangalore,Delhi,425.33,07/30/2024,NULL,NULL
SHO2638,FEDEX,03/27/2026,Pending,Bangalore,Pune,47.74,NULL,NULL,NULL
SHO2641,BLUEDART,04/08/2026,Accepted,Pune,Chennai,265.06,NULL,NULL,NULL
SHO2646,FEDEX,12/23/2025,Accepted,Hyderabad,Delhi,229.29,NULL,NULL,NULL
SHO2654,FEDEX,04/11/2026,Delivered,Delhi,Bangalore,383.36,04/15/2026,04/15/2026,0
SHO2657,FEDEX,01/01/2024,Delayed,Pune,Chennai,244.96,NULL,01/09/2024,NULL
SHO2659,DHL,06/07/2025,In Transit,Delhi,Pune,1.63,06/12/2025,NULL,NULL
SHO2660,DHL,10/28/2025,In Transit,Chennai,Hyderabad,443.12,NULL,NULL,NULL
SHO2661,FEDEX,07/26/2024,Accepted,Pune,Delhi,348.03,08/02/2024,NULL,NULL
SHO2662,FEDEX,11/24/2025,Delayed,Pune,Delhi,285.67,11/27/2025,NULL,NULL
SHO2663,FEDEX,05/25/2025,Pending,Bangalore,Mumbai,374.21,05/30/2025,NULL,NULL
SHO2664,DHL,05/31/2025,Delayed,Hyderabad,Mumbai,275.76,06/07/2025,NULL,NULL
SHO2665,DHL,07/04/2025,Pending,Hyderabad,Pune,344.32,NULL,NULL,NULL
SHO2666,FEDEX,11/18/2024,In Transit,Bangalore,Chennai,353.09,11/20/2024,NULL,NULL
SHO2668,DHL,11/07/2025,Delayed,Bangalore,Delhi,182.84,11/13/2025,11/21/2025,NULL
SHO2669,BLUEDART,08/22/2024,Delivered,Pune,Delhi,382.61,08/26/2024,08/27/2024,1
SHO2670,DHL,03/11/2024,Accepted,Chennai,Bangalore,269.94,NULL,NULL,NULL
SHO2671,FEDEX,11/01/2024,In Transit,Bangalore,Delhi,65.82,11/05/2024,NULL,NULL
SHO2672,BLUEDART,05/22/2025,Pending,Chennai,Mumbai,131.98,05/26/2025,NULL,NULL
SHO2677,FEDEX,03/12/2024,In Transit,Chennai,Bangalore,127.97,NULL,NULL,NULL
SHO2678,BLUEDART,08/02/2025,In Transit,Delhi,Pune,163.94,09/08/2025,NULL,NULL
SHO2679,DHL,07/31/2024,Pending,Pune,Delhi,113.85,08/03/2024,NULL,NULL
SHO2681,BLUEDART,02/22/2025,Delivered,Bangalore,Chennai,34.95,02/28/2025,03/04/2025,4
SHO2682,DHL,04/13/2026,Pending,Hyderabad,Mumbai,344.43,04/18/2026,NULL,NULL
SHO2683,DHL,02/03/2025,In Transit,Pune,Chennai,484.36,09/02/2025,NULL,NULL
SHO2684,FEDEX,08/19/2024,Delivered,Bangalore,Delhi,145.22,08/24/2024,08/24/2024,0
SHO2689,BLUEDART,10/14/2025,In Transit,Pune,Delhi,165.86,10/19/2025,NULL,NULL
SHO2690,FEDEX,06/11/2025,In Transit,Delhi,Bangalore,115.05,NULL,NULL,NULL
SHO2694,BLUEDART,05/29/2025,Delayed,Hyderabad,Bangalore,447.41,06/05/2025,06/07/2025,NULL
SHO2695,FEDEX,02/27/2025,Accepted,Delhi,Chennai,120.9,03/05/2025,NULL,NULL
SHO2700,BLUEDART,07/01/2025,Delayed,Chennai,Mumbai,497.24,NULL,07/09/2025,NULL
SHO2702,FEDEX,01/19/2025,Accepted,Chennai,Hyderabad,163.91,NULL,NULL,NULL
SHO2706,DHL,05/19/2026,Accepted,Delhi,Pune,372.16,NULL,NULL,NULL
SHO2707,DHL,06/15/2025,Pending,Mumbai,Hyderabad,464.15,06/19/2025,NULL,NULL
SHO2708,BLUEDART,10/13/2025,Delayed,Hyderabad,Bangalore,241.59,10/17/2025,NULL,NULL
SHO2715,FEDEX,05/19/2024,Delivered,Pune,Bangalore,373.7,05/26/2024,05/26/2024,0
SHO2717,FEDEX,01/22/2025,In Transit,Bangalore,Hyderabad,118.13,01/27/2025,NULL,NULL
SHO2718,BLUEDART,11/19/2024,In Transit,Bangalore,Delhi,182.51,11/22/2024,NULL,NULL
SHO2719,FEDEX,11/01/2025,Accepted,Hyderabad,Chennai,469.92,NULL,NULL,NULL
SHO2720,BLUEDART,09/12/2024,Delivered,Mumbai,Chennai,54.69,09/16/2024,09/15/2024,0
SHO2721,BLUEDART,07/11/2025,In Transit,Pune,Bangalore,212.32,NULL,NULL,NULL
SHO2722,FEDEX,02/10/2025,In Transit,Pune,Delhi,353.0,10/06/2025,NULL,NULL
SHO2723,FEDEX,02/26/2026,In Transit,Hyderabad,Mumbai,182.2,03/02/2026,NULL,NULL
SHO2724,FEDEX,07/10/2025,Delayed,Hyderabad,Bangalore,397.85,NULL,NULL,NULL
SHO2728,FEDEX,05/28/2025,In Transit,Bangalore,Pune,79.25,06/01/2025,NULL,NULL
SHO2729,DHL,02/22/2024,In Transit,Delhi,Pune,121.35,02/25/2024,NULL,NULL
SHO2730,BLUEDART,02/04/2025,Pending,Pune,Mumbai,391.73,04/08/2025,NULL,NULL
SHO2731,DHL,02/03/2024,Pending,Hyderabad,Mumbai,162.34,08/03/2024,NULL,NULL
SHO2732,BLUEDART,03/08/2024,Delayed,Chennai,Hyderabad,254.44,08/07/2024,NULL,NULL
SHO2738,FEDEX,07/23/2024,Pending,Chennai,Delhi,401.0,NULL,NULL,NULL
SHO2739,BLUEDART,07/11/2025,In Transit,Mumbai,Bangalore,105.28,07/16/2025,NULL,NULL
SHO2740,DHL,07/18/2024,In Transit,Chennai,Bangalore,74.32,07/22/2024,NULL,NULL
SHO2741,FEDEX,06/09/2024,Delivered,Pune,Delhi,302.09,10/09/2024,08/09/2024,0
SHO2743,BLUEDART,03/14/2024,In Transit,Bangalore,Chennai,375.96,NULL,NULL,NULL
SHO2744,DHL,03/03/2025,Pending,Pune,Delhi,169.46,03/07/2025,NULL,NULL
SHO2746,DHL,06/01/2025,In Transit,Chennai,Hyderabad,91.5,08/06/2025,NULL,NULL
SHO2749,FEDEX,04/17/2024,Delayed,Mumbai,Hyderabad,276.29,04/22/2024,04/27/2024,NULL
SHO2751,FEDEX,05/18/2024,In Transit,Pune,Chennai,148.38,05/25/2024,NULL,NULL
SHO2752,DHL,08/31/2025,In Transit,Mumbai,Bangalore,210.62,09/03/2025,NULL,NULL
SHO2753,FEDEX,01/19/2024,Delayed,Pune,Chennai,149.64,01/26/2024,02/01/2024,NULL
SHO2754,BLUEDART,03/13/2025,In Transit,Bangalore,Pune,152.22,03/19/2025,NULL,NULL
SHO2755,FEDEX,04/29/2026,Pending,Hyderabad,Bangalore,53.42,05/05/2026,NULL,NULL
SHO2757,FEDEX,05/15/2025,Accepted,Chennai,Bangalore,337.49,05/20/2025,NULL,NULL
SHO2759,BLUEDART,03/09/2026,Delayed,Mumbai,Pune,304.73,03/16/2026,03/21/2026,NULL
SHO2763,BLUEDART,05/27/2024,Accepted,Pune,Bangalore,366.72,05/29/2024,NULL,NULL
SHO2767,DHL,01/14/2026,In Transit,Pune,Hyderabad,101.16,NULL,NULL,NULL
SHO2768,FEDEX,06/06/2024,Pending,Bangalore,Delhi,455.88,06/13/2024,NULL,NULL
SHO2771,FEDEX,04/15/2025,Delayed,Bangalore,Mumbai,243.78,NULL,04/25/2025,NULL
SHO2773,FEDEX,04/15/2024,Pending,Chennai,Mumbai,169.39,04/22/2024,NULL,NULL
SHO2775,BLUEDART,09/09/2024,Delayed,Delhi,Mumbai,149.83,09/12/2024,NULL,NULL
SHO2777,FEDEX,09/20/2024,Delayed,Pune,Delhi,326.91,09/25/2024,09/29/2024,NULL
SHO2778,FEDEX,11/28/2024,In Transit,Delhi,Pune,346.81,12/01/2024,NULL,NULL
SHO2787,DHL,03/15/2024,Pending,Chennai,Mumbai,243.85,NULL,NULL,NULL
SHO2788,BLUEDART,08/04/2026,Delayed,Bangalore,Pune,438.66,NULL,NULL,NULL
SHO2791,BLUEDART,01/23/2024,Delayed,Delhi,Chennai,477.27,01/25/2024,01/28/2024,NULL
SHO2792,FEDEX,06/03/2026,In Transit,Chennai,Bangalore,149.99,06/06/2026,NULL,NULL
SHO2793,BLUEDART,05/09/2025,Delayed,Bangalore,Delhi,411.4,09/10/2025,09/11/2025,NULL
SHO2796,DHL,04/28/2025,Delayed,Hyderabad,Pune,496.07,05/05/2025,05/14/2025,NULL
SHO2799,FEDEX,01/16/2025,In Transit,Chennai,Mumbai,275.67,NULL,NULL,NULL
SHO2801,FEDEX,06/13/2024,Delivered,Chennai,Pune,458.42,06/16/2024,06/14/2024,0
SHO2803,DHL,09/07/2024,In Transit,Bangalore,Hyderabad,346.85,11/07/2024,NULL,NULL
SHO2805,DHL,09/09/2024,Delivered,Chennai,Delhi,191.6,09/15/2024,09/15/2024,0
SHO2813,BLUEDART,02/05/2026,Pending,Chennai,Delhi,20.29,NULL,NULL,NULL
SHO2814,BLUEDART,03/11/2026,Pending,Hyderabad,Bangalore,139.86,NULL,NULL,NULL
SHO2815,BLUEDART,01/21/2024,Delayed,Hyderabad,Delhi,239.08,01/28/2024,01/30/2024,NULL
SHO2816,FEDEX,05/15/2025,In Transit,Pune,Mumbai,259.98,NULL,NULL,NULL
SHO2818,BLUEDART,02/07/2025,In Transit,Bangalore,Chennai,122.75,NULL,NULL,NULL
SHO2822,DHL,02/09/2025,Delayed,Bangalore,Chennai,199.19,NULL,09/13/2025,NULL
SHO2823,BLUEDART,05/02/2024,Delivered,Pune,Chennai,462.72,06/05/2024,07/05/2024,30
SHO2825,DHL,11/08/2025,Pending,Bangalore,Pune,22.0,NULL,NULL,NULL
SHO2827,FEDEX,12/15/2025,In Transit,Delhi,Chennai,68.29,NULL,NULL,NULL
SHO2828,DHL,07/24/2024,In Transit,Pune,Chennai,4.15,07/26/2024,NULL,NULL
SHO2829,BLUEDART,06/11/2026,In Transit,Bangalore,Pune,406.78,06/17/2026,NULL,NULL
SHO2830,BLUEDART,10/09/2025,In Transit,Mumbai,Hyderabad,131.64,NULL,NULL,NULL
SHO2831,FEDEX,08/12/2024,In Transit,Bangalore,Pune,92.96,NULL,NULL,NULL
SHO2833,BLUEDART,04/14/2026,In Transit,Hyderabad,Chennai,164.0,04/17/2026,NULL,NULL
SHO2835,FEDEX,09/06/2025,Delayed,Delhi,Bangalore,9.98,09/13/2025,NULL,NULL
SHO2836,BLUEDART,07/14/2025,Delivered,Hyderabad,Delhi,424.47,07/17/2025,07/18/2025,1
SHO2838,BLUEDART,09/08/2024,Delayed,Hyderabad,Bangalore,359.75,NULL,NULL,NULL
SHO2839,FEDEX,07/09/2025,Delayed,Pune,Mumbai,297.3,07/13/2025,07/22/2025,NULL
SHO2842,BLUEDART,05/29/2025,Delayed,Mumbai,Hyderabad,277.36,05/31/2025,06/06/2025,NULL
SHO2844,DHL,03/10/2024,Accepted,Chennai,Pune,470.7,10/08/2024,NULL,NULL
SHO2846,FEDEX,11/30/2025,Delivered,Chennai,Bangalore,120.89,12/07/2025,12/10/2025,3
SHO2847,BLUEDART,03/21/2025,In Transit,Mumbai,Pune,409.67,03/25/2025,NULL,NULL
SHO2848,DHL,06/11/2025,Pending,Chennai,Delhi,177.74,NULL,NULL,NULL
SHO2851,DHL,09/16/2025,In Transit,Hyderabad,Delhi,63.24,09/18/2025,NULL,NULL
SHO2854,DHL,02/25/2025,Delayed,Mumbai,Chennai,250.15,04/03/2025,03/14/2025,NULL
SHO2857,DHL,11/23/2024,In Transit,Mumbai,Chennai,258.75,11/30/2024,NULL,NULL
SHO2859,BLUEDART,03/23/2025,Pending,Mumbai,Hyderabad,45.82,03/29/2025,NULL,NULL
SHO2861,BLUEDART,04/05/2025,Pending,Delhi,Hyderabad,428.9,04/11/2025,NULL,NULL
SHO2862,DHL,12/06/2025,In Transit,Pune,Chennai,248.49,12/12/2025,NULL,NULL
SHO2863,BLUEDART,03/29/2025,Delayed,Pune,Chennai,35.39,NULL,10/04/2025,NULL
SHO2864,DHL,10/24/2024,Accepted,Bangalore,Delhi,390.31,NULL,NULL,NULL
SHO2866,DHL,06/05/2024,In Transit,Chennai,Pune,465.9,06/07/2024,NULL,NULL
SHO2870,DHL,03/18/2026,Delivered,Bangalore,Hyderabad,148.37,03/24/2026,03/25/2026,1
SHO2876,DHL,08/25/2024,Delayed,Delhi,Chennai,9.78,08/29/2024,09/02/2024,NULL
SHO2877,BLUEDART,03/21/2026,Delivered,Delhi,Chennai,290.55,03/25/2026,03/30/2026,5
SHO2878,DHL,01/04/2024,Delivered,Bangalore,Hyderabad,115.37,04/06/2024,04/05/2024,0
SHO2879,DHL,02/07/2024,Accepted,Mumbai,Delhi,73.65,02/09/2024,NULL,NULL
SHO2882,DHL,01/03/2024,Accepted,Mumbai,Chennai,384.96,07/01/2024,01/06/2024,NULL
SHO2886,DHL,04/17/2024,Delivered,Mumbai,Bangalore,374.15,04/20/2024,04/24/2024,4
SHO2887,FEDEX,09/12/2024,Pending,Mumbai,Bangalore,380.23,NULL,NULL,NULL
SHO2888,BLUEDART,08/11/2025,In Transit,Bangalore,Hyderabad,75.72,08/17/2025,NULL,NULL
SHO2890,DHL,06/14/2026,Delayed,Bangalore,Hyderabad,200.52,NULL,06/21/2026,NULL
SHO2892,BLUEDART,10/21/2025,Accepted,Bangalore,Chennai,131.91,10/24/2025,NULL,NULL
SHO2894,FEDEX,05/24/2024,In Transit,Mumbai,Pune,449.45,05/31/2024,NULL,NULL
SHO2895,FEDEX,12/14/2025,Delayed,Pune,Bangalore,423.92,12/19/2025,12/21/2025,NULL
SHO2899,BLUEDART,06/30/2024,In Transit,Bangalore,Mumbai,381.73,NULL,NULL,NULL
SHO2900,FEDEX,01/03/2026,Pending,Chennai,Bangalore,409.01,01/09/2026,NULL,NULL
SHO2901,DHL,08/11/2025,Pending,Hyderabad,Delhi,308.96,NULL,NULL,NULL
SHO2909,DHL,01/05/2025,Delayed,Chennai,Bangalore,241.37,01/11/2025,12/01/2025,NULL
SHO2910,FEDEX,03/30/2024,Pending,Chennai,Delhi,383.87,04/02/2024,NULL,NULL
SHO2911,BLUEDART,04/10/2024,Delayed,Mumbai,Chennai,150.17,04/14/2024,04/21/2024,NULL
SHO2913,BLUEDART,07/02/2025,Delayed,Delhi,Hyderabad,103.23,NULL,NULL,NULL
SHO2914,DHL,04/05/2024,Delayed,Delhi,Pune,69.67,04/12/2024,04/17/2024,NULL
SHO2915,DHL,03/30/2025,Delayed,Bangalore,Hyderabad,455.39,04/04/2025,04/09/2025,NULL
SHO2918,BLUEDART,05/08/2026,In Transit,Mumbai,Delhi,70.53,10/05/2026,NULL,NULL
SHO2919,FEDEX,12/27/2025,Accepted,Bangalore,Pune,173.86,12/30/2025,NULL,NULL
SHO2922,FEDEX,09/20/2025,Delayed,Pune,Mumbai,58.08,09/27/2025,10/04/2025,NULL
SHO2926,FEDEX,05/15/2025,In Transit,Bangalore,Delhi,405.93,05/18/2025,NULL,NULL
SHO2929,DHL,02/03/2024,Pending,Delhi,Mumbai,123.06,09/02/2024,NULL,NULL
SHO2931,BLUEDART,01/27/2026,Pending,Mumbai,Hyderabad,217.42,02/02/2026,NULL,NULL
SHO2934,FEDEX,10/12/2024,Delivered,Pune,Delhi,21.19,10/19/2024,10/24/2024,5
SHO2935,BLUEDART,01/13/2024,Pending,Delhi,Hyderabad,66.53,NULL,NULL,NULL
SHO2937,BLUEDART,06/12/2025,Accepted,Delhi,Mumbai,348.73,12/12/2025,NULL,NULL
SHO2942,BLUEDART,07/29/2024,Pending,Mumbai,Bangalore,278.42,07/31/2024,NULL,NULL
SHO2943,BLUEDART,04/02/2025,Delayed,Chennai,Hyderabad,135.98,08/04/2025,12/04/2025,NULL
SHO2945,FEDEX,11/11/2024,Delayed,Delhi,Mumbai,174.98,11/16/2024,11/17/2024,NULL
SHO2946,BLUEDART,11/14/2025,Delayed,Bangalore,Pune,371.85,NULL,NULL,NULL
SHO2949,DHL,12/14/2025,Delayed,Bangalore,Mumbai,499.36,NULL,12/26/2025,NULL
SHO2955,FEDEX,03/09/2026,Delayed,Bangalore,Chennai,398.14,03/14/2026,03/19/2026,NULL
SHO2956,FEDEX,03/05/2025,Pending,Bangalore,Delhi,382.59,09/03/2025,NULL,NULL
SHO2958,FEDEX,11/12/2024,Pending,Mumbai,Delhi,69.28,11/14/2024,NULL,NULL
SHO2959,FEDEX,03/21/2026,In Transit,Mumbai,Bangalore,91.5,03/27/2026,NULL,NULL
SHO2960,FEDEX,05/17/2024,In Transit,Mumbai,Chennai,177.22,05/19/2024,NULL,NULL
SHO2962,DHL,03/25/2025,Accepted,Delhi,Pune,406.15,03/27/2025,NULL,NULL
SHO2964,FEDEX,06/15/2024,In Transit,Mumbai,Pune,98.23,06/20/2024,NULL,NULL
SHO2969,FEDEX,07/29/2024,Pending,Chennai,Mumbai,228.06,08/02/2024,NULL,NULL
SHO2970,BLUEDART,09/11/2024,Pending,Chennai,Mumbai,172.43,11/14/2024,NULL,NULL
SHO2972,BLUEDART,02/09/2026,Accepted,Delhi,Chennai,179.55,02/15/2026,NULL,NULL
SHO2976,BLUEDART,09/04/2024,Accepted,Mumbai,Hyderabad,116.19,09/08/2024,NULL,NULL
SHO2977,DHL,06/13/2024,Pending,Bangalore,Mumbai,458.55,NULL,NULL,NULL
SHO2980,BLUEDART,02/27/2024,Pending,Delhi,Pune,269.83,03/03/2024,NULL,NULL
SHO2985,BLUEDART,05/17/2026,In Transit,Hyderabad,Bangalore,163.91,05/21/2026,NULL,NULL
SHO2986,FEDEX,12/23/2024,Delayed,Delhi,Bangalore,486.83,12/30/2024,01/02/2025,NULL
SHO2990,BLUEDART,10/11/2024,Accepted,Chennai,Hyderabad,408.3,NULL,NULL,NULL
SHO2992,DHL,06/05/2025,In Transit,Chennai,Mumbai,208.76,12/05/2025,NULL,NULL
SHO2997,FEDEX,07/08/2024,Delayed,Hyderabad,Pune,329.27,07/15/2024,07/23/2024,NULL
SHO2998,DHL,02/08/2025,Delayed,Pune,Mumbai,159.96,08/04/2025,08/13/2025,NULL
SHO3000,FEDEX,04/29/2026,Pending,Pune,Hyderabad,332.51,05/01/2026,NULL,NULL
SHO3001,FEDEX,02/29/2024,Accepted,Chennai,Mumbai,479.19,05/03/2024,NULL,NULL
SHO3002,FEDEX,03/03/2025,Delayed,Chennai,Mumbai,411.46,07/03/2025,03/16/2025,NULL
SHO3019,DHL,01/31/2025,Pending,Chennai,Pune,75.57,06/02/2025,NULL,NULL
SHO3020,DHL,10/13/2025,In Transit,Chennai,Hyderabad,437.38,NULL,NULL,NULL
SHO3022,BLUEDART,01/28/2025,In Transit,Mumbai,Pune,247.83,04/02/2025,NULL,NULL
SHO3025,DHL,06/06/2025,Delayed,Mumbai,Hyderabad,210.8,06/08/2025,NULL,NULL
SHO3027,FEDEX,05/06/2026,Pending,Pune,Delhi,352.78,NULL,NULL,NULL
SHO3028,BLUEDART,09/21/2024,Delivered,Pune,Chennai,456.52,09/25/2024,09/28/2024,3
SHO3030,DHL,02/19/2024,In Transit,Hyderabad,Bangalore,487.68,02/23/2024,NULL,NULL
SHO3032,DHL,07/31/2024,In Transit,Mumbai,Delhi,122.97,08/07/2024,NULL,NULL
SHO3033,FEDEX,02/17/2026,Delayed,Mumbai,Bangalore,133.53,02/23/2026,03/05/2026,NULL
SHO3034,BLUEDART,03/10/2026,In Transit,Mumbai,Chennai,59.12,03/17/2026,NULL,NULL
SHO3036,BLUEDART,03/15/2025,Pending,Mumbai,Chennai,95.86,NULL,NULL,NULL
SHO3038,DHL,03/27/2026,Pending,Pune,Bangalore,234.36,03/31/2026,NULL,NULL
SHO3039,DHL,11/07/2025,Delivered,Chennai,Bangalore,428.23,11/14/2025,11/18/2025,4
SHO3049,BLUEDART,09/16/2024,Delayed,Delhi,Chennai,363.1,09/20/2024,09/28/2024,NULL
SHO3050,FEDEX,11/19/2024,In Transit,Delhi,Hyderabad,305.11,11/23/2024,NULL,NULL
SHO3051,FEDEX,01/05/2026,In Transit,Hyderabad,Delhi,193.86,09/01/2026,NULL,NULL
SHO3053,FEDEX,01/27/2026,In Transit,Mumbai,Bangalore,28.3,02/01/2026,NULL,NULL
SHO3056,DHL,12/30/2024,Accepted,Mumbai,Chennai,306.28,01/03/2025,NULL,NULL
SHO3059,FEDEX,02/16/2024,Delivered,Chennai,Pune,179.51,02/23/2024,02/27/2024,4
SHO3060,FEDEX,05/31/2024,Pending,Delhi,Hyderabad,496.49,06/04/2024,NULL,NULL
SHO3061,BLUEDART,05/17/2026,In Transit,Delhi,Pune,484.43,05/21/2026,NULL,NULL
SHO3062,BLUEDART,04/01/2026,Accepted,Delhi,Hyderabad,489.74,NULL,NULL,NULL
SHO3066,DHL,01/06/2026,In Transit,Delhi,Chennai,449.84,NULL,NULL,NULL
SHO3067,BLUEDART,01/23/2024,Delayed,Bangalore,Pune,265.93,01/28/2024,02/06/2024,NULL
SHO3072,DHL,06/16/2024,Delayed,Hyderabad,Bangalore,289.56,06/18/2024,NULL,NULL
SHO3075,FEDEX,02/23/2024,In Transit,Chennai,Bangalore,348.45,NULL,NULL,NULL
SHO3077,BLUEDART,03/06/2025,In Transit,Chennai,Hyderabad,182.38,06/10/2025,NULL,NULL
SHO3080,FEDEX,05/25/2024,Delayed,Delhi,Pune,385.52,05/27/2024,NULL,NULL
SHO3087,FEDEX,03/20/2026,Delayed,Pune,Hyderabad,463.87,03/22/2026,03/31/2026,NULL
SHO3089,DHL,12/16/2024,Pending,Mumbai,Delhi,139.52,12/20/2024,NULL,NULL
SHO3090,DHL,08/25/2025,Accepted,Bangalore,Hyderabad,196.43,08/29/2025,08/28/2025,NULL
SHO3091,DHL,06/12/2026,In Transit,Chennai,Delhi,361.24,06/15/2026,NULL,NULL
SHO3092,FEDEX,08/13/2024,Accepted,Hyderabad,Chennai,404.5,08/15/2024,NULL,NULL
SHO3094,FEDEX,08/13/2024,In Transit,Chennai,Pune,411.47,08/18/2024,NULL,NULL
SHO3095,FEDEX,03/17/2025,Delivered,Mumbai,Bangalore,37.58,03/23/2025,03/25/2025,2
SHO3096,DHL,09/11/2025,Accepted,Hyderabad,Delhi,459.49,NULL,NULL,NULL
SHO3100,FEDEX,09/15/2025,Delivered,Mumbai,Delhi,401.32,09/17/2025,09/18/2025,1
SHO3101,BLUEDART,06/08/2025,In Transit,Pune,Mumbai,290.44,08/11/2025,NULL,NULL
SHO3103,BLUEDART,04/10/2024,Pending,Pune,Mumbai,361.14,04/16/2024,NULL,NULL
SHO3107,BLUEDART,06/29/2024,In Transit,Delhi,Chennai,499.11,07/01/2024,NULL,NULL
SHO3110,DHL,02/08/2026,Pending,Hyderabad,Chennai,324.47,NULL,NULL,NULL
SHO3112,FEDEX,03/08/2026,Delayed,Chennai,Delhi,309.88,12/03/2026,NULL,NULL
SHO3116,FEDEX,06/18/2025,Pending,Bangalore,Delhi,354.13,NULL,NULL,NULL
SHO3119,FEDEX,06/05/2025,Delivered,Mumbai,Bangalore,311.87,06/08/2025,06/13/2025,5
SHO3121,FEDEX,05/12/2025,Delivered,Delhi,Chennai,130.98,12/08/2025,12/13/2025,5
SHO3124,BLUEDART,06/15/2025,Accepted,Chennai,Hyderabad,8.14,06/18/2025,NULL,NULL
SHO3125,FEDEX,09/08/2024,In Transit,Pune,Hyderabad,297.54,09/15/2024,NULL,NULL
SHO3126,DHL,01/27/2025,Pending,Bangalore,Chennai,94.05,01/30/2025,NULL,NULL
SHO3128,FEDEX,06/03/2025,Delivered,Chennai,Pune,113.54,06/09/2025,06/11/2025,2
SHO3129,BLUEDART,05/22/2025,Accepted,Bangalore,Mumbai,161.67,05/28/2025,NULL,NULL
SHO3138,DHL,08/22/2024,In Transit,Bangalore,Delhi,477.14,08/26/2024,NULL,NULL
SHO3140,FEDEX,06/04/2026,Accepted,Hyderabad,Pune,461.85,06/07/2026,NULL,NULL
SHO3142,DHL,01/11/2024,Delayed,Pune,Bangalore,147.27,11/08/2024,11/15/2024,NULL
SHO3146,FEDEX,11/08/2025,Delayed,Bangalore,Hyderabad,310.71,NULL,NULL,NULL
SHO3148,DHL,03/15/2026,Delayed,Delhi,Mumbai,339.1,NULL,NULL,NULL
SHO3149,FEDEX,02/22/2024,Delayed,Pune,Bangalore,4.19,NULL,NULL,NULL
SHO3150,FEDEX,08/30/2025,In Transit,Bangalore,Hyderabad,37.81,09/06/2025,NULL,NULL
SHO3151,BLUEDART,12/27/2025,In Transit,Pune,Mumbai,305.71,01/01/2026,NULL,NULL
SHO3154,DHL,01/04/2025,In Transit,Chennai,Pune,275.87,NULL,NULL,NULL
SHO3155,BLUEDART,03/09/2025,Delivered,Hyderabad,Bangalore,303.36,03/13/2025,03/17/2025,4
SHO3156,FEDEX,04/19/2025,Pending,Mumbai,Delhi,393.63,04/24/2025,NULL,NULL
SHO3158,DHL,06/25/2025,Delivered,Delhi,Hyderabad,417.83,06/29/2025,07/02/2025,3
SHO3159,DHL,05/31/2026,Accepted,Chennai,Pune,246.42,06/06/2026,NULL,NULL
SHO3162,FEDEX,02/16/2026,In Transit,Mumbai,Delhi,122.04,02/23/2026,NULL,NULL
SHO3164,BLUEDART,06/17/2024,Delivered,Mumbai,Hyderabad,196.0,06/20/2024,06/22/2024,2
SHO3173,BLUEDART,03/18/2025,Delayed,Chennai,Hyderabad,191.03,NULL,03/29/2025,NULL
SHO3174,BLUEDART,07/04/2025,Delayed,Pune,Delhi,362.61,NULL,NULL,NULL
SHO3177,BLUEDART,06/28/2024,Delayed,Hyderabad,Pune,36.06,07/03/2024,NULL,NULL
SHO3179,DHL,03/03/2025,Pending,Chennai,Pune,231.48,06/03/2025,NULL,NULL
SHO3180,BLUEDART,06/03/2026,Pending,Hyderabad,Pune,437.8,NULL,NULL,NULL
SHO3181,FEDEX,01/16/2026,Delayed,Chennai,Bangalore,60.92,01/19/2026,NULL,NULL
SHO3188,BLUEDART,03/26/2025,In Transit,Bangalore,Hyderabad,100.99,04/01/2025,NULL,NULL
SHO3190,BLUEDART,03/24/2025,Accepted,Pune,Delhi,158.4,03/27/2025,NULL,NULL
SHO3191,FEDEX,01/10/2024,Pending,Chennai,Bangalore,344.07,NULL,NULL,NULL
SHO3192,DHL,07/30/2024,Pending,Mumbai,Bangalore,378.61,08/06/2024,NULL,NULL
SHO3194,BLUEDART,03/14/2026,In Transit,Mumbai,Pune,148.69,03/18/2026,NULL,NULL
SHO3196,FEDEX,01/20/2025,Pending,Bangalore,Delhi,188.55,NULL,NULL,NULL
SHO3199,FEDEX,07/23/2025,Delayed,Delhi,Bangalore,87.3,07/27/2025,07/28/2025,NULL
SHO3201,DHL,04/12/2024,Accepted,Delhi,Mumbai,174.93,12/10/2024,NULL,NULL
SHO3202,FEDEX,02/28/2024,In Transit,Hyderabad,Delhi,291.57,04/03/2024,NULL,NULL
SHO3207,BLUEDART,01/08/2025,Delayed,Mumbai,Hyderabad,492.4,NULL,NULL,NULL
SHO3208,FEDEX,10/12/2024,Delayed,Delhi,Chennai,185.66,10/17/2024,10/20/2024,NULL
SHO3209,BLUEDART,05/01/2025,In Transit,Hyderabad,Bangalore,444.8,05/06/2025,NULL,NULL
SHO3212,FEDEX,02/03/2026,Delivered,Bangalore,Delhi,389.75,05/03/2026,03/04/2026,0
SHO3213,DHL,03/25/2026,In Transit,Mumbai,Hyderabad,364.05,NULL,NULL,NULL
SHO3214,BLUEDART,11/06/2024,Delayed,Chennai,Mumbai,273.82,11/11/2024,NULL,NULL
SHO3215,DHL,10/27/2025,In Transit,Delhi,Bangalore,86.61,NULL,NULL,NULL
SHO3216,BLUEDART,09/17/2024,Pending,Chennai,Hyderabad,14.84,NULL,NULL,NULL
SHO3217,FEDEX,03/12/2025,Pending,Mumbai,Bangalore,162.88,03/14/2025,NULL,NULL
SHO3219,BLUEDART,03/04/2026,In Transit,Chennai,Hyderabad,51.2,07/04/2026,NULL,NULL
SHO3220,FEDEX,08/06/2026,Accepted,Pune,Chennai,336.03,NULL,NULL,NULL
SHO3221,DHL,06/28/2026,In Transit,Bangalore,Mumbai,307.65,07/05/2026,NULL,NULL
SHO3222,FEDEX,05/10/2024,Accepted,Mumbai,Pune,302.27,12/05/2024,NULL,NULL
SHO3223,DHL,09/24/2025,Delayed,Chennai,Bangalore,329.11,09/30/2025,NULL,NULL
SHO3224,FEDEX,08/05/2024,Accepted,Bangalore,Mumbai,491.56,NULL,NULL,NULL
SHO3227,FEDEX,10/01/2025,Accepted,Pune,Hyderabad,338.77,NULL,12/10/2025,NULL
SHO3228,DHL,10/04/2024,Accepted,Chennai,Delhi,359.9,NULL,NULL,NULL
SHO3229,DHL,12/29/2024,Delayed,Pune,Bangalore,474.39,01/04/2025,01/12/2025,NULL
SHO3230,BLUEDART,02/02/2026,Pending,Hyderabad,Delhi,12.25,02/07/2026,NULL,NULL
SHO3231,FEDEX,11/04/2024,Pending,Hyderabad,Bangalore,208.74,NULL,NULL,NULL
SHO3233,DHL,12/14/2024,Pending,Bangalore,Chennai,24.46,NULL,NULL,NULL
SHO3235,BLUEDART,01/04/2024,In Transit,Mumbai,Chennai,449.08,09/01/2024,NULL,NULL
SHO3237,BLUEDART,04/25/2026,In Transit,Pune,Chennai,453.36,04/29/2026,NULL,NULL
SHO3239,DHL,01/22/2026,In Transit,Chennai,Pune,278.66,01/29/2026,NULL,NULL
SHO3240,FEDEX,05/15/2025,Delivered,Pune,Hyderabad,252.42,05/19/2025,05/19/2025,0
SHO3241,DHL,03/18/2024,Accepted,Pune,Hyderabad,144.03,03/25/2024,03/26/2024,NULL
SHO3242,BLUEDART,12/29/2025,Delivered,Mumbai,Chennai,75.32,12/31/2025,01/04/2026,4
SHO3244,BLUEDART,09/18/2024,Delayed,Hyderabad,Pune,235.16,NULL,NULL,NULL
SHO3245,BLUEDART,12/04/2025,Delayed,Pune,Hyderabad,346.21,NULL,NULL,NULL
SHO3247,BLUEDART,08/20/2025,Accepted,Chennai,Bangalore,282.97,NULL,NULL,NULL
SHO3251,BLUEDART,07/20/2025,Accepted,Pune,Mumbai,391.94,NULL,NULL,NULL
SHO3253,DHL,07/04/2024,Accepted,Chennai,Bangalore,302.51,12/04/2024,NULL,NULL
SHO3255,DHL,05/10/2026,In Transit,Delhi,Bangalore,168.08,05/16/2026,NULL,NULL
SHO3260,BLUEDART,03/20/2025,Delayed,Chennai,Pune,237.57,NULL,NULL,NULL
SHO3261,BLUEDART,12/25/2024,Delayed,Chennai,Pune,290.56,12/28/2024,02/01/2025,NULL
SHO3262,FEDEX,10/18/2024,Pending,Chennai,Hyderabad,4.08,10/25/2024,NULL,NULL
SHO3266,DHL,09/29/2025,Pending,Delhi,Pune,485.34,10/06/2025,NULL,NULL
SHO3267,BLUEDART,03/28/2026,In Transit,Mumbai,Bangalore,465.25,NULL,NULL,NULL
SHO3271,FEDEX,06/20/2026,In Transit,Pune,Delhi,388.02,06/24/2026,NULL,NULL
SHO3273,FEDEX,10/15/2024,Pending,Chennai,Delhi,490.28,NULL,NULL,NULL
SHO3276,BLUEDART,06/07/2024,Delivered,Delhi,Pune,247.73,06/12/2024,06/16/2024,4
SHO3277,DHL,11/23/2024,In Transit,Chennai,Mumbai,23.48,11/28/2024,NULL,NULL
SHO3280,BLUEDART,10/25/2025,In Transit,Mumbai,Chennai,17.05,10/29/2025,NULL,NULL
SHO3281,BLUEDART,01/21/2026,Delayed,Hyderabad,Chennai,279.4,01/24/2026,NULL,NULL
SHO3283,DHL,05/19/2026,Pending,Delhi,Mumbai,212.41,NULL,NULL,NULL
SHO3284,FEDEX,01/28/2024,In Transit,Pune,Bangalore,106.28,02/03/2024,NULL,NULL
SHO3286,DHL,05/21/2026,In Transit,Delhi,Mumbai,454.84,NULL,NULL,NULL
SHO3287,FEDEX,03/10/2024,Pending,Chennai,Mumbai,69.33,10/05/2024,NULL,NULL
SHO3289,BLUEDART,02/04/2025,In Transit,Bangalore,Delhi,317.66,04/09/2025,NULL,NULL
SHO3290,DHL,10/01/2024,In Transit,Bangalore,Chennai,394.41,10/08/2024,NULL,NULL
SHO3292,BLUEDART,11/11/2024,Delivered,Mumbai,Hyderabad,76.2,11/16/2024,11/14/2024,0
SHO3295,FEDEX,06/15/2026,In Transit,Chennai,Mumbai,184.88,NULL,NULL,NULL
SHO3296,FEDEX,12/21/2024,Delayed,Bangalore,Delhi,112.48,12/26/2024,04/01/2025,NULL
SHO3297,BLUEDART,11/13/2024,Accepted,Hyderabad,Chennai,484.46,NULL,NULL,NULL
SHO3299,BLUEDART,02/06/2024,In Transit,Delhi,Mumbai,306.49,02/11/2024,NULL,NULL
SHO3301,DHL,10/22/2024,Delayed,Bangalore,Hyderabad,277.28,NULL,NULL,NULL
SHO3302,FEDEX,02/22/2024,Accepted,Hyderabad,Chennai,73.13,NULL,NULL,NULL
SHO3304,BLUEDART,11/12/2025,Pending,Pune,Bangalore,387.0,NULL,NULL,NULL
SHO3306,FEDEX,11/02/2024,Delayed,Bangalore,Mumbai,1.17,11/09/2024,NULL,NULL
SHO3308,FEDEX,01/24/2026,In Transit,Pune,Delhi,363.66,NULL,NULL,NULL
SHO3310,DHL,07/24/2024,Accepted,Chennai,Mumbai,207.57,07/26/2024,07/29/2024,NULL
SHO3311,DHL,02/01/2025,In Transit,Bangalore,Mumbai,401.64,02/05/2025,NULL,NULL
SHO3315,FEDEX,02/21/2026,In Transit,Hyderabad,Pune,439.02,NULL,NULL,NULL
SHO3316,BLUEDART,01/10/2024,Delayed,Hyderabad,Delhi,213.82,03/10/2024,NULL,NULL
SHO3321,FEDEX,03/03/2024,In Transit,Hyderabad,Pune,58.67,03/05/2024,NULL,NULL
SHO3323,DHL,07/21/2025,In Transit,Hyderabad,Delhi,314.01,07/23/2025,NULL,NULL
SHO3327,BLUEDART,08/16/2025,In Transit,Mumbai,Chennai,45.01,08/18/2025,NULL,NULL
SHO3330,BLUEDART,10/13/2024,In Transit,Hyderabad,Pune,16.38,10/16/2024,NULL,NULL
SHO3336,FEDEX,08/18/2024,Delayed,Mumbai,Hyderabad,349.81,NULL,08/29/2024,NULL
SHO3337,FEDEX,10/18/2024,Pending,Mumbai,Chennai,337.08,NULL,NULL,NULL
SHO3342,BLUEDART,03/13/2024,In Transit,Hyderabad,Chennai,6.63,03/20/2024,NULL,NULL
SHO3350,DHL,03/05/2024,In Transit,Chennai,Delhi,337.24,05/08/2024,NULL,NULL
SHO3352,FEDEX,10/08/2025,In Transit,Delhi,Pune,473.19,10/13/2025,NULL,NULL
SHO3359,FEDEX,06/13/2025,In Transit,Mumbai,Bangalore,304.67,NULL,NULL,NULL
SHO3361,BLUEDART,01/17/2024,Delayed,Mumbai,Hyderabad,178.81,NULL,01/30/2024,NULL
SHO3362,FEDEX,03/05/2026,Delayed,Chennai,Mumbai,486.98,03/07/2026,NULL,NULL
SHO3364,FEDEX,10/20/2025,Pending,Bangalore,Mumbai,168.36,NULL,NULL,NULL
SHO3368,FEDEX,08/30/2024,Delayed,Chennai,Pune,405.8,09/01/2024,09/09/2024,NULL
SHO3370,DHL,02/23/2024,Delivered,Chennai,Delhi,232.26,02/29/2024,04/03/2024,34
SHO3373,DHL,05/17/2026,In Transit,Chennai,Hyderabad,69.11,05/19/2026,NULL,NULL
SHO3374,FEDEX,02/12/2025,Delayed,Pune,Chennai,246.25,02/17/2025,NULL,NULL
SHO3382,FEDEX,06/25/2026,Pending,Delhi,Bangalore,178.55,NULL,NULL,NULL
SHO3385,FEDEX,12/04/2025,Pending,Hyderabad,Delhi,331.61,12/07/2025,NULL,NULL
SHO3386,BLUEDART,12/23/2025,Pending,Pune,Mumbai,323.69,12/29/2025,NULL,NULL
SHO3389,BLUEDART,06/04/2025,In Transit,Pune,Chennai,179.4,NULL,NULL,NULL
SHO3390,BLUEDART,10/29/2025,In Transit,Mumbai,Pune,147.63,11/03/2025,NULL,NULL
SHO3392,BLUEDART,04/11/2024,Pending,Hyderabad,Chennai,118.37,11/09/2024,NULL,NULL
SHO3396,BLUEDART,04/07/2024,Pending,Mumbai,Delhi,49.2,11/07/2024,NULL,NULL
SHO3397,DHL,10/11/2025,Pending,Delhi,Bangalore,358.47,NULL,NULL,NULL
SHO3398,DHL,05/26/2026,Pending,Bangalore,Pune,71.96,05/28/2026,NULL,NULL
SHO3399,BLUEDART,10/03/2024,Pending,Bangalore,Pune,342.56,NULL,NULL,NULL
SHO3400,BLUEDART,04/06/2025,Delayed,Hyderabad,Bangalore,413.75,04/10/2025,NULL,NULL
SHO3403,FEDEX,05/14/2025,Delayed,Bangalore,Hyderabad,98.26,05/19/2025,05/21/2025,NULL
SHO3404,FEDEX,01/28/2026,Pending,Hyderabad,Pune,42.74,02/02/2026,NULL,NULL
SHO3405,DHL,02/11/2025,In Transit,Chennai,Pune,160.93,02/18/2025,NULL,NULL
SHO3406,BLUEDART,05/06/2025,In Transit,Bangalore,Mumbai,19.93,NULL,NULL,NULL
SHO3408,DHL,07/03/2025,In Transit,Delhi,Chennai,321.28,07/06/2025,NULL,NULL
SHO3409,DHL,09/14/2024,In Transit,Mumbai,Hyderabad,76.24,09/18/2024,NULL,NULL
SHO3410,BLUEDART,07/12/2024,Delayed,Pune,Bangalore,177.88,12/13/2024,12/14/2024,NULL
SHO3411,DHL,11/16/2024,Accepted,Mumbai,Delhi,241.05,11/19/2024,NULL,NULL
SHO3414,DHL,01/14/2025,In Transit,Delhi,Mumbai,386.67,01/17/2025,NULL,NULL
SHO3416,DHL,10/10/2025,Delayed,Chennai,Hyderabad,138.66,10/17/2025,NULL,NULL
SHO3421,FEDEX,03/02/2025,Delayed,Hyderabad,Delhi,451.12,03/07/2025,03/12/2025,NULL
SHO3426,DHL,02/27/2025,Delayed,Pune,Bangalore,468.63,03/03/2025,NULL,NULL
SHO3429,FEDEX,04/12/2024,Delayed,Bangalore,Delhi,448.76,04/18/2024,NULL,NULL
SHO3430,FEDEX,12/04/2025,Delayed,Mumbai,Chennai,282.19,12/11/2025,NULL,NULL
SHO3431,FEDEX,09/12/2025,In Transit,Bangalore,Hyderabad,3.75,NULL,NULL,NULL
SHO3432,BLUEDART,06/10/2025,Delivered,Delhi,Chennai,35.94,06/17/2025,06/15/2025,0
SHO3436,FEDEX,12/17/2025,Pending,Delhi,Hyderabad,143.41,12/21/2025,NULL,NULL
SHO3438,FEDEX,10/06/2024,In Transit,Chennai,Hyderabad,355.08,12/06/2024,NULL,NULL
SHO3441,BLUEDART,10/27/2024,In Transit,Delhi,Pune,98.22,11/01/2024,NULL,NULL
SHO3443,FEDEX,03/28/2024,Delayed,Mumbai,Hyderabad,326.08,04/02/2024,04/05/2024,NULL
SHO3444,FEDEX,02/04/2026,Accepted,Chennai,Bangalore,354.76,02/06/2026,NULL,NULL
SHO3445,FEDEX,03/10/2025,In Transit,Delhi,Hyderabad,1.53,10/05/2025,NULL,NULL
SHO3447,DHL,05/11/2026,Pending,Delhi,Mumbai,219.1,05/13/2026,NULL,NULL
SHO3448,DHL,05/20/2026,Delayed,Hyderabad,Mumbai,47.37,05/22/2026,05/24/2026,NULL
SHO3449,BLUEDART,05/18/2026,In Transit,Bangalore,Pune,114.77,NULL,NULL,NULL
SHO3456,FEDEX,10/24/2025,In Transit,Pune,Mumbai,462.75,10/30/2025,NULL,NULL
SHO3459,DHL,08/24/2024,Pending,Delhi,Mumbai,272.31,08/27/2024,NULL,NULL
SHO3463,DHL,10/19/2025,Delayed,Mumbai,Chennai,402.81,10/26/2025,11/01/2025,NULL
SHO3465,FEDEX,04/25/2025,In Transit,Pune,Chennai,288.1,04/29/2025,NULL,NULL
SHO3468,DHL,12/16/2024,In Transit,Pune,Bangalore,337.99,12/22/2024,NULL,NULL
SHO3470,DHL,03/02/2024,Pending,Bangalore,Hyderabad,250.44,NULL,NULL,NULL
SHO3472,FEDEX,02/03/2024,Pending,Hyderabad,Delhi,399.55,02/07/2024,NULL,NULL
SHO3473,BLUEDART,02/06/2025,Accepted,Chennai,Delhi,31.64,06/07/2025,NULL,NULL
SHO3474,BLUEDART,04/06/2025,Accepted,Mumbai,Bangalore,445.22,04/12/2025,NULL,NULL
SHO3475,DHL,01/07/2025,Accepted,Chennai,Hyderabad,5.81,01/12/2025,01/20/2025,NULL
SHO3476,BLUEDART,02/12/2025,Pending,Bangalore,Chennai,65.2,02/14/2025,NULL,NULL
SHO3485,BLUEDART,10/06/2025,In Transit,Delhi,Pune,345.19,NULL,NULL,NULL
SHO3489,BLUEDART,06/10/2024,Pending,Delhi,Mumbai,397.47,NULL,NULL,NULL
SHO3494,DHL,12/12/2024,Accepted,Pune,Chennai,327.34,12/14/2024,NULL,NULL
SHO3499,BLUEDART,05/17/2026,In Transit,Delhi,Pune,56.01,NULL,NULL,NULL
SHO3504,DHL,09/24/2024,Pending,Hyderabad,Mumbai,284.37,10/01/2024,NULL,NULL
SHO3510,DHL,03/19/2026,Pending,Pune,Chennai,392.88,03/25/2026,NULL,NULL
SHO3511,DHL,04/01/2024,Pending,Pune,Mumbai,169.42,04/07/2024,NULL,NULL
SHO3512,FEDEX,01/29/2025,Delivered,Delhi,Bangalore,69.55,02/02/2025,01/31/2025,0
SHO3515,FEDEX,06/13/2024,Pending,Bangalore,Delhi,358.33,06/16/2024,NULL,NULL
SHO3516,FEDEX,02/07/2025,Delivered,Hyderabad,Mumbai,316.21,06/07/2025,05/07/2025,0
SHO3517,DHL,08/20/2024,Pending,Delhi,Mumbai,321.54,08/23/2024,NULL,NULL
SHO3519,FEDEX,09/13/2025,Pending,Hyderabad,Pune,343.99,NULL,NULL,NULL
SHO3522,BLUEDART,03/20/2026,Delayed,Bangalore,Mumbai,36.61,NULL,04/01/2026,NULL
SHO3523,FEDEX,08/19/2025,Delayed,Pune,Hyderabad,149.23,NULL,09/01/2025,NULL
SHO3525,BLUEDART,07/02/2024,Pending,Pune,Hyderabad,319.19,NULL,NULL,NULL
SHO3527,FEDEX,07/11/2025,In Transit,Delhi,Chennai,84.46,07/16/2025,NULL,NULL
SHO3529,DHL,11/08/2025,Accepted,Mumbai,Delhi,348.81,11/14/2025,NULL,NULL
SHO3533,DHL,03/09/2024,In Transit,Chennai,Bangalore,498.39,09/10/2024,NULL,NULL
SHO3535,BLUEDART,06/15/2024,In Transit,Chennai,Mumbai,388.21,06/22/2024,NULL,NULL
SHO3537,DHL,01/26/2024,In Transit,Chennai,Pune,413.09,01/31/2024,NULL,NULL
SHO3541,FEDEX,06/26/2025,In Transit,Bangalore,Chennai,253.02,NULL,NULL,NULL
SHO3542,DHL,02/09/2026,Pending,Pune,Delhi,183.25,02/15/2026,NULL,NULL
SHO3544,BLUEDART,06/17/2024,Pending,Hyderabad,Pune,85.69,06/20/2024,NULL,NULL
SHO3547,FEDEX,03/23/2025,In Transit,Delhi,Chennai,258.46,NULL,NULL,NULL
SHO3548,DHL,09/05/2025,Delivered,Mumbai,Chennai,368.98,09/10/2025,09/12/2025,2
SHO3549,BLUEDART,11/13/2024,Accepted,Mumbai,Pune,16.1,NULL,NULL,NULL
SHO3555,BLUEDART,05/26/2024,Delayed,Chennai,Delhi,239.07,05/31/2024,NULL,NULL
SHO3556,DHL,03/22/2024,In Transit,Pune,Hyderabad,438.34,03/27/2024,NULL,NULL
SHO3558,BLUEDART,11/19/2025,In Transit,Hyderabad,Mumbai,127.41,11/26/2025,NULL,NULL
SHO3559,BLUEDART,10/04/2025,In Transit,Hyderabad,Bangalore,105.91,10/10/2025,NULL,NULL
SHO3561,BLUEDART,11/17/2025,In Transit,Mumbai,Pune,260.44,11/19/2025,NULL,NULL
SHO3562,BLUEDART,08/25/2025,Accepted,Delhi,Mumbai,131.4,08/28/2025,NULL,NULL
SHO3565,FEDEX,09/07/2025,In Transit,Hyderabad,Mumbai,430.87,NULL,NULL,NULL
SHO3567,DHL,09/16/2025,In Transit,Hyderabad,Chennai,428.9,09/19/2025,NULL,NULL
SHO3568,DHL,05/30/2025,Pending,Hyderabad,Chennai,367.69,06/04/2025,NULL,NULL
SHO3571,BLUEDART,06/07/2025,In Transit,Bangalore,Hyderabad,15.16,NULL,NULL,NULL
SHO3572,BLUEDART,05/21/2025,Pending,Pune,Delhi,312.06,05/24/2025,NULL,NULL
SHO3575,DHL,01/10/2024,Delayed,Pune,Delhi,185.1,10/08/2024,NULL,NULL
SHO3577,DHL,12/05/2026,Accepted,Chennai,Pune,225.45,NULL,NULL,NULL
SHO3582,FEDEX,01/25/2026,Delayed,Hyderabad,Chennai,499.21,01/29/2026,02/01/2026,NULL
SHO3583,BLUEDART,02/14/2026,Delayed,Hyderabad,Mumbai,27.9,02/19/2026,NULL,NULL
SHO3586,DHL,06/24/2025,Pending,Hyderabad,Pune,83.07,NULL,NULL,NULL
SHO3587,BLUEDART,06/24/2025,Delayed,Bangalore,Pune,448.92,06/30/2025,10/07/2025,NULL
SHO3588,FEDEX,07/24/2024,Delivered,Delhi,Hyderabad,452.58,07/31/2024,08/03/2024,3
SHO3590,DHL,10/22/2025,Delayed,Pune,Bangalore,314.8,10/27/2025,10/31/2025,NULL
SHO3593,DHL,08/07/2025,Pending,Mumbai,Chennai,284.54,08/09/2025,NULL,NULL
SHO3595,DHL,08/15/2024,Delayed,Pune,Delhi,145.6,08/19/2024,NULL,NULL
SHO3597,FEDEX,06/05/2026,In Transit,Chennai,Pune,51.59,06/07/2026,NULL,NULL
SHO3601,FEDEX,06/11/2024,Accepted,Bangalore,Delhi,460.16,06/16/2024,NULL,NULL
SHO3602,FEDEX,05/19/2025,In Transit,Mumbai,Pune,293.53,05/25/2025,NULL,NULL
SHO3603,DHL,01/03/2025,Pending,Bangalore,Pune,373.4,01/07/2025,NULL,NULL
SHO3604,BLUEDART,12/12/2025,Delivered,Mumbai,Pune,29.65,12/18/2025,12/23/2025,5
SHO3606,DHL,01/03/2025,Accepted,Bangalore,Chennai,237.87,03/07/2025,NULL,NULL
SHO3607,DHL,11/24/2024,In Transit,Mumbai,Delhi,287.52,NULL,NULL,NULL
SHO3608,DHL,10/25/2025,Delayed,Bangalore,Chennai,344.11,NULL,11/02/2025,NULL
SHO3609,FEDEX,06/19/2025,Accepted,Pune,Chennai,291.71,06/24/2025,NULL,NULL
SHO3610,FEDEX,11/21/2025,Delivered,Mumbai,Bangalore,456.38,11/27/2025,11/29/2025,2
SHO3613,DHL,03/07/2024,In Transit,Bangalore,Pune,100.82,03/12/2024,NULL,NULL
SHO3614,DHL,05/19/2025,In Transit,Hyderabad,Chennai,227.74,NULL,NULL,NULL
SHO3616,BLUEDART,04/21/2025,Pending,Pune,Bangalore,383.82,04/24/2025,NULL,NULL
SHO3621,FEDEX,06/14/2025,Pending,Mumbai,Bangalore,408.99,06/16/2025,NULL,NULL
SHO3622,DHL,01/31/2026,Delayed,Chennai,Hyderabad,130.42,02/06/2026,NULL,NULL
SHO3625,DHL,09/14/2024,Delivered,Delhi,Hyderabad,365.06,09/19/2024,09/20/2024,1
SHO3628,DHL,01/30/2025,In Transit,Bangalore,Chennai,147.02,02/04/2025,NULL,NULL
SHO3629,BLUEDART,09/04/2025,Delayed,Delhi,Bangalore,446.02,NULL,12/09/2025,NULL
SHO3630,FEDEX,05/19/2026,In Transit,Bangalore,Chennai,345.09,05/24/2026,NULL,NULL
SHO3634,BLUEDART,07/25/2024,Pending,Delhi,Mumbai,494.24,07/28/2024,NULL,NULL
SHO3637,FEDEX,03/21/2024,In Transit,Pune,Hyderabad,354.24,NULL,NULL,NULL
SHO3640,DHL,05/22/2024,Pending,Pune,Hyderabad,203.11,NULL,NULL,NULL
SHO3641,DHL,06/26/2024,In Transit,Bangalore,Chennai,420.83,06/29/2024,NULL,NULL
SHO3642,FEDEX,05/30/2026,Pending,Delhi,Hyderabad,211.7,06/04/2026,NULL,NULL
SHO3644,BLUEDART,12/08/2025,Pending,Bangalore,Hyderabad,341.23,12/12/2025,NULL,NULL
SHO3650,DHL,03/05/2024,Pending,Bangalore,Pune,123.61,NULL,NULL,NULL
SHO3651,DHL,12/13/2024,In Transit,Delhi,Pune,255.9,NULL,NULL,NULL
SHO3652,BLUEDART,12/14/2025,Delivered,Hyderabad,Mumbai,217.83,12/20/2025,12/19/2025,0
SHO3653,DHL,03/15/2026,In Transit,Chennai,Mumbai,35.48,03/18/2026,NULL,NULL
SHO3660,FEDEX,01/25/2026,Pending,Bangalore,Mumbai,191.95,NULL,NULL,NULL
SHO3662,FEDEX,04/13/2026,In Transit,Mumbai,Bangalore,154.24,04/15/2026,NULL,NULL
SHO3667,DHL,09/17/2025,Pending,Chennai,Pune,197.17,09/23/2025,NULL,NULL
SHO3669,DHL,03/12/2025,Pending,Delhi,Hyderabad,276.51,12/06/2025,NULL,NULL
SHO3673,DHL,08/27/2024,Delivered,Delhi,Pune,113.57,08/30/2024,08/31/2024,1
SHO3675,DHL,11/29/2024,Pending,Hyderabad,Mumbai,235.11,12/04/2024,NULL,NULL
SHO3676,FEDEX,01/17/2025,Delayed,Bangalore,Mumbai,236.37,NULL,01/31/2025,NULL
SHO3680,FEDEX,04/25/2025,Delayed,Hyderabad,Bangalore,354.62,NULL,05/06/2025,NULL
SHO3682,FEDEX,08/04/2024,Accepted,Bangalore,Delhi,468.78,12/04/2024,NULL,NULL
SHO3686,DHL,03/02/2024,Accepted,Mumbai,Delhi,52.42,03/04/2024,03/07/2024,NULL
SHO3687,DHL,07/01/2024,Accepted,Hyderabad,Mumbai,246.45,07/07/2024,NULL,NULL
SHO3688,DHL,03/16/2026,Delivered,Chennai,Delhi,314.23,03/19/2026,03/24/2026,5
SHO3690,BLUEDART,03/10/2025,In Transit,Hyderabad,Bangalore,316.69,NULL,NULL,NULL
SHO3692,FEDEX,07/06/2024,In Transit,Bangalore,Delhi,382.97,07/13/2024,NULL,NULL
SHO3693,DHL,05/08/2025,Accepted,Chennai,Bangalore,399.3,11/05/2025,NULL,NULL
SHO3695,DHL,12/01/2025,Pending,Bangalore,Mumbai,164.66,12/03/2025,NULL,NULL
SHO3696,BLUEDART,04/04/2024,Pending,Mumbai,Delhi,149.91,04/07/2024,NULL,NULL
SHO3697,FEDEX,06/15/2024,Accepted,Chennai,Mumbai,366.69,NULL,NULL,NULL
SHO3698,DHL,07/08/2025,In Transit,Chennai,Bangalore,415.48,08/14/2025,NULL,NULL
SHO3703,FEDEX,08/16/2025,Delayed,Hyderabad,Pune,71.18,08/21/2025,NULL,NULL
SHO3704,DHL,02/06/2025,In Transit,Hyderabad,Chennai,356.43,NULL,NULL,NULL
SHO3707,BLUEDART,05/04/2025,Pending,Mumbai,Bangalore,61.87,11/05/2025,NULL,NULL
SHO3708,BLUEDART,01/06/2026,Delivered,Hyderabad,Bangalore,151.16,12/01/2026,01/12/2026,0
SHO3711,BLUEDART,07/08/2025,In Transit,Delhi,Pune,188.95,07/15/2025,NULL,NULL
SHO3718,FEDEX,07/12/2025,Delayed,Bangalore,Delhi,459.27,12/09/2025,12/14/2025,NULL
SHO3719,FEDEX,01/25/2025,Accepted,Delhi,Hyderabad,90.33,01/31/2025,NULL,NULL
SHO3721,DHL,04/03/2026,In Transit,Hyderabad,Chennai,350.45,09/03/2026,NULL,NULL
SHO3724,BLUEDART,06/06/2026,In Transit,Hyderabad,Delhi,68.56,06/10/2026,NULL,NULL
SHO3727,FEDEX,04/07/2026,Delayed,Pune,Hyderabad,220.96,NULL,NULL,NULL
SHO3728,BLUEDART,05/28/2024,Delayed,Hyderabad,Bangalore,79.73,NULL,09/06/2024,NULL
SHO3730,DHL,02/24/2024,In Transit,Hyderabad,Chennai,326.98,NULL,NULL,NULL
SHO3731,FEDEX,08/31/2025,Accepted,Delhi,Pune,60.25,09/05/2025,NULL,NULL
SHO3733,DHL,10/05/2024,Delivered,Chennai,Delhi,146.98,10/07/2024,10/10/2024,3
SHO3734,FEDEX,05/30/2026,In Transit,Bangalore,Delhi,171.0,06/01/2026,NULL,NULL
SHO3735,FEDEX,04/07/2025,Pending,Delhi,Chennai,43.4,NULL,NULL,NULL
SHO3738,DHL,02/20/2024,Delayed,Pune,Bangalore,173.38,02/25/2024,02/28/2024,NULL
SHO3739,DHL,09/06/2024,Delayed,Chennai,Bangalore,498.09,10/09/2024,NULL,NULL
SHO3741,DHL,07/23/2025,Pending,Pune,Mumbai,301.4,NULL,NULL,NULL
SHO3743,BLUEDART,06/20/2026,Pending,Pune,Mumbai,488.33,NULL,NULL,NULL
SHO3745,BLUEDART,10/24/2024,Accepted,Chennai,Delhi,374.59,10/31/2024,NULL,NULL
SHO3746,FEDEX,06/29/2026,In Transit,Chennai,Bangalore,278.6,NULL,NULL,NULL
SHO3747,FEDEX,01/25/2025,In Transit,Hyderabad,Delhi,484.04,NULL,NULL,NULL
SHO3752,FEDEX,06/05/2026,Pending,Delhi,Pune,33.28,10/06/2026,NULL,NULL
SHO3753,DHL,06/02/2025,In Transit,Mumbai,Pune,349.65,06/06/2025,NULL,NULL
SHO3754,BLUEDART,04/16/2024,In Transit,Hyderabad,Mumbai,454.7,04/22/2024,NULL,NULL
SHO3755,DHL,09/14/2024,Pending,Bangalore,Mumbai,447.87,09/18/2024,NULL,NULL
SHO3756,FEDEX,04/07/2024,In Transit,Mumbai,Bangalore,172.52,04/14/2024,NULL,NULL
SHO3758,DHL,12/19/2024,Delayed,Bangalore,Delhi,100.74,NULL,NULL,NULL
SHO3759,DHL,01/09/2025,In Transit,Mumbai,Hyderabad,167.28,09/03/2025,NULL,NULL
SHO3762,BLUEDART,01/01/2026,Delayed,Mumbai,Hyderabad,388.51,01/06/2026,09/01/2026,NULL
SHO3765,BLUEDART,10/30/2024,Delayed,Chennai,Mumbai,164.07,NULL,11/13/2024,NULL
SHO3767,BLUEDART,10/22/2024,Accepted,Hyderabad,Mumbai,20.53,10/24/2024,NULL,NULL
SHO3768,FEDEX,09/22/2025,In Transit,Mumbai,Bangalore,231.91,NULL,NULL,NULL
SHO3769,FEDEX,06/29/2024,Pending,Mumbai,Delhi,77.05,07/04/2024,NULL,NULL
SHO3773,BLUEDART,12/06/2025,In Transit,Hyderabad,Mumbai,460.54,12/10/2025,NULL,NULL
SHO3775,DHL,02/17/2024,Delivered,Pune,Bangalore,447.8,02/19/2024,02/20/2024,1
SHO3776,FEDEX,08/17/2024,Delayed,Chennai,Bangalore,30.8,08/23/2024,08/29/2024,NULL
SHO3777,BLUEDART,10/29/2024,In Transit,Hyderabad,Pune,105.27,11/03/2024,NULL,NULL
SHO3782,BLUEDART,09/13/2025,Delayed,Mumbai,Bangalore,267.83,NULL,NULL,NULL
SHO3783,BLUEDART,10/23/2025,Delayed,Pune,Bangalore,434.41,NULL,NULL,NULL
SHO3785,FEDEX,05/31/2025,Delivered,Pune,Delhi,392.66,06/06/2025,10/06/2025,122
SHO3787,BLUEDART,03/21/2024,Delayed,Delhi,Hyderabad,117.15,NULL,04/03/2024,NULL
SHO3789,FEDEX,06/21/2024,In Transit,Hyderabad,Pune,330.18,06/27/2024,NULL,NULL
SHO3790,DHL,02/18/2024,Delivered,Bangalore,Delhi,253.06,02/25/2024,02/24/2024,0
SHO3791,BLUEDART,05/05/2025,Delivered,Hyderabad,Mumbai,78.2,08/05/2025,05/12/2025,0
SHO3796,BLUEDART,03/20/2024,Delayed,Delhi,Bangalore,192.12,03/27/2024,03/31/2024,NULL
SHO3797,BLUEDART,11/11/2024,Delivered,Mumbai,Pune,56.69,11/16/2024,11/19/2024,3
SHO3798,DHL,01/08/2024,In Transit,Hyderabad,Pune,456.48,11/01/2024,NULL,NULL
SHO3802,BLUEDART,08/05/2024,Delayed,Bangalore,Hyderabad,431.18,12/08/2024,NULL,NULL
SHO3803,FEDEX,12/29/2024,Pending,Chennai,Mumbai,184.52,NULL,NULL,NULL
SHO3804,DHL,03/31/2024,Delayed,Mumbai,Delhi,33.84,04/07/2024,04/09/2024,NULL
SHO3805,FEDEX,02/13/2025,In Transit,Pune,Hyderabad,2.21,02/20/2025,NULL,NULL
SHO3806,BLUEDART,07/24/2024,Accepted,Bangalore,Mumbai,458.57,07/28/2024,NULL,NULL
SHO3807,FEDEX,01/31/2025,Pending,Delhi,Hyderabad,162.54,07/02/2025,NULL,NULL
SHO3809,DHL,01/02/2024,Delayed,Pune,Chennai,291.77,07/01/2024,NULL,NULL
SHO3811,FEDEX,05/10/2026,Delayed,Chennai,Hyderabad,483.0,NULL,05/25/2026,NULL
SHO3813,DHL,10/19/2024,Delivered,Pune,Delhi,354.1,10/24/2024,10/23/2024,0
SHO3817,DHL,01/01/2026,In Transit,Bangalore,Chennai,25.76,07/01/2026,NULL,NULL
SHO3819,BLUEDART,05/24/2024,Delayed,Chennai,Mumbai,20.44,NULL,NULL,NULL
SHO3821,FEDEX,12/13/2024,Delayed,Delhi,Bangalore,423.45,12/17/2024,12/21/2024,NULL
SHO3823,BLUEDART,01/11/2025,Delivered,Delhi,Pune,168.15,11/04/2025,11/05/2025,1
SHO3827,DHL,06/22/2025,Delayed,Chennai,Delhi,451.11,06/24/2025,06/26/2025,NULL
SHO3830,FEDEX,03/19/2024,Accepted,Pune,Bangalore,277.1,03/25/2024,NULL,NULL
SHO3833,FEDEX,07/30/2025,In Transit,Hyderabad,Mumbai,48.22,08/05/2025,NULL,NULL
SHO3834,FEDEX,09/21/2024,Delayed,Pune,Hyderabad,278.7,NULL,09/25/2024,NULL
SHO3837,FEDEX,06/24/2024,Delayed,Mumbai,Chennai,378.71,NULL,07/07/2024,NULL
SHO3838,BLUEDART,04/22/2024,Pending,Bangalore,Delhi,346.65,04/25/2024,NULL,NULL
SHO3840,BLUEDART,05/07/2025,Delayed,Pune,Mumbai,371.83,05/11/2025,05/19/2025,NULL
SHO3844,BLUEDART,02/07/2025,Delayed,Bangalore,Delhi,407.48,07/07/2025,NULL,NULL
SHO3846,DHL,08/01/2025,Accepted,Chennai,Bangalore,45.98,NULL,NULL,NULL
SHO3850,FEDEX,06/25/2026,Delayed,Mumbai,Chennai,184.14,07/02/2026,10/07/2026,NULL
SHO3852,FEDEX,03/25/2026,Pending,Delhi,Hyderabad,356.3,NULL,NULL,NULL
SHO3855,DHL,05/06/2026,Pending,Hyderabad,Mumbai,393.02,05/12/2026,NULL,NULL
SHO3857,DHL,05/28/2025,Delivered,Hyderabad,Pune,250.87,05/31/2025,06/02/2025,2
SHO3862,FEDEX,06/09/2024,Pending,Bangalore,Mumbai,136.32,06/12/2024,NULL,NULL
SHO3864,BLUEDART,01/19/2026,In Transit,Hyderabad,Delhi,221.26,01/25/2026,NULL,NULL
SHO3865,FEDEX,06/05/2026,Pending,Mumbai,Chennai,108.61,06/08/2026,NULL,NULL
SHO3868,DHL,05/27/2024,Delayed,Mumbai,Delhi,306.87,06/01/2024,06/05/2024,NULL
SHO3870,FEDEX,05/13/2025,Accepted,Hyderabad,Chennai,249.74,05/18/2025,NULL,NULL
SHO3871,BLUEDART,04/12/2024,Delivered,Hyderabad,Pune,327.68,11/12/2024,12/14/2024,32
SHO3872,BLUEDART,05/28/2026,In Transit,Bangalore,Mumbai,367.7,06/01/2026,NULL,NULL
SHO3875,FEDEX,01/25/2026,Delayed,Delhi,Pune,72.52,01/30/2026,NULL,NULL
SHO3876,DHL,01/23/2025,Pending,Delhi,Pune,58.32,01/25/2025,NULL,NULL
SHO3878,FEDEX,06/02/2024,Pending,Bangalore,Hyderabad,24.67,06/08/2024,NULL,NULL
SHO3885,DHL,11/16/2025,In Transit,Bangalore,Mumbai,15.8,NULL,NULL,NULL
SHO3888,FEDEX,02/03/2026,In Transit,Hyderabad,Pune,237.83,02/09/2026,NULL,NULL
SHO3889,DHL,07/29/2024,Delayed,Hyderabad,Mumbai,448.69,08/05/2024,08/07/2024,NULL
SHO3891,BLUEDART,05/11/2026,Accepted,Bangalore,Hyderabad,94.08,05/18/2026,NULL,NULL
SHO3892,DHL,03/30/2026,Pending,Delhi,Chennai,403.62,NULL,NULL,NULL
SHO3893,DHL,03/13/2025,Pending,Chennai,Delhi,86.29,NULL,NULL,NULL
SHO3897,BLUEDART,08/13/2024,Accepted,Bangalore,Delhi,304.01,08/20/2024,08/21/2024,NULL
SHO3898,BLUEDART,12/03/2025,Delayed,Mumbai,Pune,477.11,12/05/2025,12/14/2025,NULL
SHO3900,BLUEDART,08/04/2026,Pending,Hyderabad,Mumbai,398.18,NULL,NULL,NULL
SHO3901,DHL,06/11/2025,Pending,Bangalore,Mumbai,285.16,06/17/2025,NULL,NULL
SHO3902,DHL,06/06/2024,Delivered,Delhi,Pune,97.12,06/10/2024,06/08/2024,0
SHO3904,BLUEDART,02/25/2025,Accepted,Bangalore,Delhi,417.01,02/27/2025,NULL,NULL
SHO3905,DHL,09/26/2024,In Transit,Hyderabad,Chennai,179.46,NULL,NULL,NULL
SHO3906,FEDEX,12/07/2025,In Transit,Bangalore,Chennai,49.46,NULL,NULL,NULL
SHO3911,FEDEX,01/17/2024,Delayed,Chennai,Delhi,307.22,01/24/2024,02/02/2024,NULL
SHO3912,BLUEDART,02/16/2025,Delivered,Hyderabad,Delhi,82.3,02/20/2025,02/25/2025,5
SHO3913,DHL,03/08/2025,In Transit,Pune,Hyderabad,31.7,03/10/2025,NULL,NULL
SHO3914,DHL,06/18/2026,In Transit,Chennai,Hyderabad,15.72,06/25/2026,NULL,NULL
SHO3916,BLUEDART,12/24/2025,Accepted,Hyderabad,Pune,492.46,12/28/2025,01/06/2026,NULL
SHO3919,BLUEDART,12/12/2024,Delivered,Chennai,Hyderabad,119.01,12/15/2024,12/13/2024,0
SHO3926,FEDEX,01/21/2025,Delayed,Delhi,Mumbai,220.27,NULL,02/02/2025,NULL
SHO3928,BLUEDART,03/18/2026,In Transit,Pune,Bangalore,49.21,NULL,NULL,NULL
SHO3930,FEDEX,11/22/2025,Accepted,Bangalore,Pune,211.37,NULL,NULL,NULL
SHO3932,DHL,06/21/2025,Delayed,Bangalore,Mumbai,31.44,06/28/2025,07/02/2025,NULL
SHO3934,BLUEDART,03/24/2024,Pending,Delhi,Hyderabad,497.09,03/27/2024,NULL,NULL
SHO3939,BLUEDART,09/13/2024,Delayed,Pune,Bangalore,162.18,NULL,09/23/2024,NULL
SHO3943,BLUEDART,10/12/2024,In Transit,Delhi,Pune,404.54,10/16/2024,NULL,NULL
SHO3945,BLUEDART,01/20/2024,Delayed,Mumbai,Delhi,178.94,01/24/2024,01/29/2024,NULL
SHO3947,FEDEX,10/07/2024,Accepted,Delhi,Hyderabad,79.77,12/10/2024,NULL,NULL
SHO3948,DHL,05/03/2026,Pending,Delhi,Pune,80.83,08/05/2026,NULL,NULL
SHO3949,DHL,02/20/2024,Delayed,Mumbai,Pune,93.55,02/27/2024,08/03/2024,NULL
SHO3950,FEDEX,01/20/2026,Pending,Bangalore,Pune,245.33,NULL,NULL,NULL
SHO3951,BLUEDART,11/05/2025,In Transit,Bangalore,Hyderabad,394.58,11/10/2025,NULL,NULL
SHO3954,FEDEX,04/07/2024,Pending,Chennai,Pune,1.57,04/10/2024,NULL,NULL
SHO3956,BLUEDART,09/16/2024,Delayed,Pune,Bangalore,74.55,09/21/2024,NULL,NULL
SHO3958,BLUEDART,06/18/2026,In Transit,Bangalore,Mumbai,2.08,06/25/2026,NULL,NULL
SHO3959,BLUEDART,02/06/2025,Pending,Bangalore,Hyderabad,352.75,02/09/2025,NULL,NULL
SHO3961,BLUEDART,12/08/2025,In Transit,Pune,Chennai,25.85,12/12/2025,NULL,NULL
SHO3962,FEDEX,05/01/2024,Pending,Bangalore,Delhi,471.32,05/05/2024,NULL,NULL
SHO3963,DHL,03/14/2026,Accepted,Bangalore,Chennai,351.46,03/21/2026,03/29/2026,NULL
SHO3964,FEDEX,03/30/2025,Delayed,Hyderabad,Chennai,70.25,04/03/2025,04/12/2025,NULL
SHO3967,DHL,11/26/2025,In Transit,Hyderabad,Mumbai,204.85,11/28/2025,NULL,NULL
SHO3968,DHL,01/24/2024,Delayed,Delhi,Pune,381.26,NULL,NULL,NULL
SHO3969,BLUEDART,12/06/2024,Delivered,Chennai,Hyderabad,275.17,12/13/2024,12/15/2024,2
SHO3970,FEDEX,01/13/2024,In Transit,Mumbai,Pune,199.08,01/19/2024,NULL,NULL
SHO3971,BLUEDART,03/26/2026,Pending,Chennai,Bangalore,134.12,NULL,NULL,NULL
SHO3973,DHL,10/29/2024,Accepted,Hyderabad,Chennai,454.23,11/05/2024,NULL,NULL
SHO3975,BLUEDART,03/17/2024,In Transit,Mumbai,Chennai,101.1,NULL,NULL,NULL
SHO3979,FEDEX,04/22/2024,Delayed,Pune,Chennai,118.85,NULL,NULL,NULL
SHO3981,FEDEX,12/17/2025,Delayed,Pune,Hyderabad,248.76,12/19/2025,12/21/2025,NULL
SHO3986,FEDEX,08/03/2025,Delayed,Chennai,Bangalore,300.18,08/08/2025,08/13/2025,NULL
SHO3987,DHL,06/15/2024,Accepted,Delhi,Bangalore,406.55,06/21/2024,NULL,NULL
SHO3988,BLUEDART,06/21/2025,In Transit,Hyderabad,Pune,423.27,06/28/2025,NULL,NULL
SHO3992,DHL,04/05/2025,Pending,Chennai,Pune,418.6,04/09/2025,NULL,NULL
SHO3993,DHL,03/30/2025,In Transit,Delhi,Bangalore,103.03,04/01/2025,NULL,NULL
SHO3995,FEDEX,06/23/2024,Delivered,Chennai,Mumbai,351.25,06/27/2024,06/27/2024,0
SHO3996,BLUEDART,04/13/2025,In Transit,Bangalore,Pune,146.42,04/18/2025,NULL,NULL
SHO3999,BLUEDART,01/01/2025,Delayed,Bangalore,Hyderabad,444.12,NULL,05/01/2025,NULL
SHO4001,BLUEDART,02/22/2024,Accepted,Bangalore,Pune,108.09,02/29/2024,NULL,NULL
SHO4003,FEDEX,03/06/2026,Pending,Hyderabad,Pune,70.01,09/03/2026,NULL,NULL
SHO4005,BLUEDART,01/04/2024,Delayed,Pune,Chennai,216.9,06/01/2024,01/12/2024,NULL
SHO4006,DHL,07/13/2025,In Transit,Pune,Bangalore,478.34,NULL,NULL,NULL
SHO4013,FEDEX,11/14/2024,Pending,Hyderabad,Pune,117.44,NULL,NULL,NULL
SHO4014,FEDEX,05/18/2024,Accepted,Bangalore,Hyderabad,368.06,NULL,NULL,NULL
SHO4016,DHL,04/12/2024,In Transit,Chennai,Bangalore,165.75,NULL,NULL,NULL
SHO4020,DHL,07/01/2025,Delayed,Delhi,Hyderabad,175.59,07/05/2025,07/12/2025,NULL
SHO4021,FEDEX,03/07/2026,Delayed,Bangalore,Chennai,404.86,12/03/2026,03/15/2026,NULL
SHO4024,DHL,11/06/2024,Pending,Chennai,Bangalore,290.37,11/10/2024,NULL,NULL
SHO4026,BLUEDART,10/02/2024,Accepted,Pune,Mumbai,130.31,NULL,NULL,NULL
SHO4027,FEDEX,09/06/2024,Pending,Mumbai,Hyderabad,71.73,09/10/2024,NULL,NULL
SHO4031,FEDEX,12/01/2024,Accepted,Mumbai,Hyderabad,414.36,12/07/2024,NULL,NULL
SHO4032,DHL,06/14/2024,In Transit,Pune,Hyderabad,48.61,06/21/2024,NULL,NULL
SHO4034,BLUEDART,01/20/2024,Accepted,Mumbai,Hyderabad,121.26,01/24/2024,NULL,NULL
SHO4035,BLUEDART,11/20/2024,Delayed,Delhi,Mumbai,9.4,11/26/2024,12/01/2024,NULL
SHO4036,BLUEDART,08/13/2025,In Transit,Delhi,Bangalore,477.29,NULL,NULL,NULL
SHO4039,BLUEDART,06/07/2024,Delivered,Delhi,Pune,279.91,08/07/2024,07/13/2024,0
SHO4041,DHL,02/25/2026,In Transit,Delhi,Pune,209.67,02/27/2026,NULL,NULL
SHO4046,BLUEDART,02/18/2025,Delivered,Pune,Hyderabad,220.4,02/24/2025,02/27/2025,3
SHO4049,BLUEDART,08/25/2025,Accepted,Mumbai,Pune,390.49,NULL,NULL,NULL
SHO4050,FEDEX,06/05/2025,Delayed,Bangalore,Pune,354.67,07/06/2025,NULL,NULL
SHO4058,DHL,04/15/2024,In Transit,Chennai,Bangalore,281.59,NULL,NULL,NULL
SHO4060,BLUEDART,11/17/2025,Delayed,Bangalore,Hyderabad,44.48,NULL,NULL,NULL
SHO4061,DHL,02/23/2026,Pending,Chennai,Pune,152.01,02/26/2026,NULL,NULL
SHO4062,DHL,08/11/2025,In Transit,Delhi,Mumbai,398.74,11/12/2025,NULL,NULL
SHO4064,FEDEX,06/21/2025,In Transit,Bangalore,Pune,374.31,06/26/2025,NULL,NULL
SHO4066,DHL,04/24/2025,Accepted,Bangalore,Delhi,55.93,04/27/2025,NULL,NULL
SHO4068,BLUEDART,04/17/2025,Pending,Bangalore,Pune,286.55,NULL,NULL,NULL
SHO4070,FEDEX,06/12/2024,Delivered,Bangalore,Delhi,147.04,12/11/2024,12/13/2024,2
SHO4073,BLUEDART,09/23/2025,Delivered,Pune,Delhi,32.59,09/26/2025,09/24/2025,0
SHO4075,BLUEDART,06/21/2025,Delayed,Hyderabad,Chennai,280.72,NULL,NULL,NULL
SHO4076,DHL,04/30/2026,Pending,Delhi,Chennai,245.84,05/03/2026,NULL,NULL
SHO4079,FEDEX,05/30/2025,In Transit,Hyderabad,Mumbai,21.74,06/02/2025,NULL,NULL
SHO4080,FEDEX,04/12/2025,In Transit,Hyderabad,Pune,408.7,NULL,NULL,NULL
SHO4081,FEDEX,01/27/2025,Accepted,Pune,Chennai,55.64,01/30/2025,NULL,NULL
SHO4082,BLUEDART,02/21/2025,Delayed,Chennai,Delhi,124.47,NULL,03/05/2025,NULL
SHO4085,DHL,01/20/2026,In Transit,Chennai,Hyderabad,37.95,01/27/2026,NULL,NULL
SHO4086,BLUEDART,10/01/2025,In Transit,Chennai,Pune,53.91,10/08/2025,NULL,NULL
SHO4087,BLUEDART,05/08/2025,Delayed,Delhi,Mumbai,177.34,05/13/2025,05/23/2025,NULL
SHO4094,BLUEDART,03/28/2026,Delivered,Mumbai,Chennai,190.56,03/31/2026,03/29/2026,0
SHO4097,FEDEX,02/16/2025,Pending,Pune,Mumbai,88.22,NULL,NULL,NULL
SHO4099,DHL,12/10/2024,Pending,Hyderabad,Delhi,64.13,NULL,NULL,NULL
SHO4100,BLUEDART,02/10/2025,Delayed,Delhi,Mumbai,63.42,10/04/2025,12/10/2025,NULL
SHO4101,FEDEX,06/16/2025,In Transit,Bangalore,Mumbai,246.85,06/21/2025,NULL,NULL
SHO4102,FEDEX,12/12/2025,Pending,Pune,Bangalore,404.91,12/14/2025,NULL,NULL
SHO4103,DHL,03/11/2024,In Transit,Hyderabad,Chennai,287.96,NULL,NULL,NULL
SHO4104,DHL,02/04/2026,Pending,Bangalore,Delhi,82.85,NULL,NULL,NULL
SHO4105,BLUEDART,05/07/2026,Pending,Hyderabad,Delhi,55.78,05/11/2026,NULL,NULL
SHO4106,BLUEDART,01/22/2026,Delayed,Hyderabad,Bangalore,123.07,01/26/2026,02/02/2026,NULL
SHO4110,BLUEDART,10/19/2024,Delivered,Chennai,Mumbai,95.59,10/24/2024,10/25/2024,1
SHO4112,BLUEDART,05/24/2026,Pending,Hyderabad,Delhi,329.5,05/28/2026,NULL,NULL
SHO4114,DHL,09/17/2024,In Transit,Chennai,Delhi,58.13,NULL,NULL,NULL
SHO4116,BLUEDART,08/18/2025,In Transit,Pune,Mumbai,297.5,NULL,NULL,NULL
SHO4118,DHL,01/21/2024,In Transit,Pune,Hyderabad,439.61,01/28/2024,NULL,NULL
SHO4119,FEDEX,12/22/2025,Pending,Delhi,Bangalore,437.83,12/27/2025,NULL,NULL
SHO4120,DHL,02/15/2026,Delayed,Delhi,Pune,9.4,02/21/2026,02/23/2026,NULL
SHO4121,BLUEDART,02/02/2026,In Transit,Mumbai,Chennai,446.67,02/07/2026,NULL,NULL
SHO4122,FEDEX,04/28/2024,Pending,Bangalore,Pune,187.36,NULL,NULL,NULL
SHO4123,BLUEDART,04/11/2025,Pending,Delhi,Pune,360.25,04/14/2025,NULL,NULL
SHO4124,FEDEX,05/07/2026,Pending,Hyderabad,Pune,86.3,NULL,NULL,NULL
SHO4125,BLUEDART,02/12/2025,Pending,Mumbai,Bangalore,244.63,NULL,NULL,NULL
SHO4127,BLUEDART,09/25/2024,Delivered,Chennai,Pune,263.41,10/01/2024,10/04/2024,3
SHO4130,DHL,04/02/2024,In Transit,Pune,Hyderabad,156.2,09/02/2024,NULL,NULL
SHO4131,DHL,12/25/2025,In Transit,Delhi,Mumbai,465.78,12/31/2025,NULL,NULL
SHO4132,DHL,01/19/2024,In Transit,Mumbai,Pune,478.78,01/24/2024,NULL,NULL
SHO4135,FEDEX,04/18/2025,In Transit,Mumbai,Hyderabad,429.04,04/22/2025,NULL,NULL
SHO4137,FEDEX,03/10/2025,Pending,Mumbai,Delhi,130.81,12/03/2025,NULL,NULL
SHO4140,BLUEDART,01/17/2025,In Transit,Chennai,Mumbai,222.42,01/21/2025,NULL,NULL
SHO4141,FEDEX,05/24/2024,Pending,Delhi,Mumbai,21.74,05/29/2024,NULL,NULL
SHO4142,BLUEDART,05/28/2026,Delayed,Delhi,Hyderabad,362.56,05/31/2026,06/02/2026,NULL
SHO4144,DHL,08/09/2024,Pending,Delhi,Bangalore,142.29,09/11/2024,NULL,NULL
SHO4145,FEDEX,05/09/2025,Pending,Hyderabad,Mumbai,297.1,NULL,NULL,NULL
SHO4146,FEDEX,05/26/2026,Pending,Delhi,Chennai,260.33,NULL,NULL,NULL
SHO4148,FEDEX,01/10/2025,Delayed,Mumbai,Pune,186.79,10/03/2025,10/09/2025,NULL
SHO4149,FEDEX,05/05/2024,Pending,Chennai,Bangalore,222.29,05/11/2024,NULL,NULL
SHO4151,FEDEX,10/16/2025,Delayed,Pune,Mumbai,371.27,NULL,NULL,NULL
SHO4156,FEDEX,07/13/2024,Delayed,Delhi,Bangalore,237.39,07/16/2024,NULL,NULL
SHO4157,DHL,12/16/2024,In Transit,Delhi,Pune,321.64,12/21/2024,NULL,NULL
SHO4158,BLUEDART,02/22/2025,Pending,Delhi,Hyderabad,320.17,02/25/2025,NULL,NULL
SHO4159,FEDEX,04/18/2026,Accepted,Hyderabad,Pune,175.57,NULL,NULL,NULL
SHO4162,DHL,10/29/2024,In Transit,Bangalore,Delhi,403.91,11/03/2024,NULL,NULL
SHO4163,FEDEX,04/16/2025,In Transit,Hyderabad,Delhi,115.82,NULL,NULL,NULL
SHO4167,BLUEDART,07/20/2025,In Transit,Mumbai,Hyderabad,136.3,07/23/2025,NULL,NULL
SHO4173,BLUEDART,09/03/2025,Delayed,Bangalore,Delhi,185.65,09/06/2025,12/09/2025,NULL
SHO4175,FEDEX,08/04/2025,In Transit,Pune,Mumbai,179.53,NULL,NULL,NULL
SHO4176,FEDEX,11/15/2024,In Transit,Delhi,Pune,201.74,NULL,NULL,NULL
SHO4195,FEDEX,02/06/2026,Delivered,Hyderabad,Chennai,41.66,09/02/2026,02/08/2026,0
SHO4200,BLUEDART,06/13/2026,In Transit,Hyderabad,Delhi,256.3,NULL,NULL,NULL
SHO4201,BLUEDART,12/09/2024,Pending,Pune,Delhi,34.67,NULL,NULL,NULL
SHO4203,FEDEX,08/09/2025,In Transit,Bangalore,Chennai,303.65,09/11/2025,NULL,NULL
SHO4204,FEDEX,08/17/2025,In Transit,Bangalore,Chennai,293.66,08/20/2025,NULL,NULL
SHO4206,BLUEDART,11/10/2024,Delivered,Chennai,Hyderabad,465.35,11/14/2024,11/14/2024,0
SHO4209,FEDEX,02/17/2024,In Transit,Hyderabad,Mumbai,272.01,02/22/2024,NULL,NULL
SHO4212,BLUEDART,12/18/2024,Pending,Bangalore,Hyderabad,288.57,12/21/2024,NULL,NULL
SHO4215,DHL,06/13/2024,Delayed,Mumbai,Hyderabad,425.63,06/19/2024,06/24/2024,NULL
SHO4219,BLUEDART,01/10/2026,In Transit,Mumbai,Delhi,33.6,01/13/2026,NULL,NULL
SHO4220,BLUEDART,05/01/2024,In Transit,Pune,Bangalore,304.33,NULL,NULL,NULL
SHO4221,DHL,03/04/2026,Pending,Bangalore,Chennai,80.08,NULL,NULL,NULL
SHO4226,FEDEX,05/02/2026,Pending,Hyderabad,Mumbai,341.22,05/07/2026,NULL,NULL
SHO4230,BLUEDART,12/25/2025,Accepted,Bangalore,Pune,12.85,12/30/2025,NULL,NULL
SHO4233,DHL,09/13/2024,Pending,Delhi,Hyderabad,78.02,NULL,NULL,NULL
SHO4238,FEDEX,01/24/2025,In Transit,Pune,Mumbai,122.24,NULL,NULL,NULL
SHO4239,BLUEDART,02/23/2024,In Transit,Mumbai,Hyderabad,475.24,NULL,NULL,NULL
SHO4240,DHL,01/30/2024,Delayed,Mumbai,Delhi,140.26,03/02/2024,02/12/2024,NULL
SHO4242,BLUEDART,02/17/2024,Pending,Delhi,Bangalore,252.46,02/24/2024,NULL,NULL
SHO4250,FEDEX,08/21/2024,In Transit,Mumbai,Chennai,468.47,08/23/2024,NULL,NULL
SHO4251,DHL,02/22/2026,Accepted,Chennai,Hyderabad,317.91,NULL,NULL,NULL
SHO4253,BLUEDART,04/27/2026,Delivered,Chennai,Bangalore,437.19,05/02/2026,05/07/2026,5
SHO4254,BLUEDART,10/26/2025,Accepted,Bangalore,Mumbai,450.13,10/30/2025,11/01/2025,NULL
SHO4256,FEDEX,02/09/2024,Pending,Hyderabad,Pune,261.91,NULL,NULL,NULL
SHO4257,DHL,06/03/2026,In Transit,Bangalore,Delhi,48.18,06/06/2026,NULL,NULL
SHO4258,BLUEDART,03/24/2025,In Transit,Chennai,Mumbai,110.45,03/31/2025,NULL,NULL
SHO4268,FEDEX,09/25/2024,Delayed,Chennai,Bangalore,313.87,NULL,10/10/2024,NULL
SHO4272,BLUEDART,07/09/2024,Accepted,Bangalore,Mumbai,282.91,07/12/2024,07/10/2024,NULL
SHO4273,FEDEX,12/22/2024,Delayed,Delhi,Mumbai,111.02,12/26/2024,12/28/2024,NULL
SHO4274,BLUEDART,02/21/2025,Delayed,Bangalore,Hyderabad,216.52,NULL,07/03/2025,NULL
SHO4276,DHL,08/12/2025,Delivered,Mumbai,Bangalore,350.26,08/14/2025,08/14/2025,0
SHO4282,DHL,10/18/2024,Pending,Pune,Hyderabad,293.96,10/23/2024,NULL,NULL
SHO4283,FEDEX,04/12/2025,In Transit,Mumbai,Pune,421.43,04/15/2025,NULL,NULL
SHO4284,BLUEDART,04/26/2024,Accepted,Bangalore,Mumbai,78.85,NULL,NULL,NULL
SHO4286,DHL,04/03/2026,Delivered,Bangalore,Pune,403.34,05/04/2026,05/04/2026,0
SHO4292,DHL,10/09/2025,Pending,Chennai,Hyderabad,317.11,10/15/2025,NULL,NULL
SHO4297,DHL,01/31/2025,Delivered,Hyderabad,Delhi,445.72,02/05/2025,03/02/2025,25
SHO4298,BLUEDART,10/09/2025,Delayed,Mumbai,Bangalore,376.7,10/12/2025,10/18/2025,NULL
SHO4299,BLUEDART,02/15/2026,Delayed,Pune,Mumbai,165.01,02/20/2026,02/25/2026,NULL
SHO4300,BLUEDART,10/24/2025,Pending,Delhi,Mumbai,356.51,NULL,NULL,NULL
SHO4302,BLUEDART,01/11/2024,Pending,Delhi,Chennai,30.37,01/16/2024,NULL,NULL
SHO4305,FEDEX,03/01/2026,Delivered,Chennai,Bangalore,36.72,03/04/2026,05/03/2026,60
SHO4306,BLUEDART,01/02/2024,Delivered,Bangalore,Chennai,224.58,04/01/2024,01/03/2024,0
SHO4308,DHL,09/10/2025,In Transit,Hyderabad,Mumbai,282.05,NULL,NULL,NULL
SHO4311,FEDEX,09/24/2025,In Transit,Bangalore,Mumbai,306.44,09/27/2025,NULL,NULL
SHO4314,FEDEX,04/19/2025,In Transit,Hyderabad,Mumbai,438.04,04/26/2025,NULL,NULL
SHO4315,FEDEX,01/20/2025,In Transit,Delhi,Chennai,380.07,01/26/2025,NULL,NULL
SHO4317,BLUEDART,04/17/2025,Pending,Chennai,Bangalore,273.37,NULL,NULL,NULL
SHO4320,BLUEDART,11/20/2024,Delayed,Chennai,Mumbai,459.35,11/22/2024,11/28/2024,NULL
SHO4323,DHL,01/20/2024,In Transit,Hyderabad,Bangalore,128.45,01/26/2024,NULL,NULL
SHO4326,FEDEX,04/23/2024,Delayed,Pune,Delhi,158.79,NULL,05/07/2024,NULL
SHO4329,FEDEX,07/20/2024,In Transit,Delhi,Bangalore,190.47,07/24/2024,NULL,NULL
SHO4331,DHL,06/07/2025,Pending,Delhi,Chennai,412.61,NULL,NULL,NULL
SHO4333,BLUEDART,10/01/2025,Delivered,Chennai,Mumbai,423.66,10/05/2025,10/09/2025,4
SHO4334,BLUEDART,04/02/2026,Pending,Delhi,Hyderabad,165.75,04/06/2026,NULL,NULL
SHO4339,BLUEDART,03/30/2024,Accepted,Delhi,Pune,201.56,04/04/2024,04/05/2024,NULL
SHO4340,DHL,03/01/2025,Pending,Mumbai,Bangalore,477.61,06/03/2025,NULL,NULL
SHO4342,FEDEX,05/12/2025,Pending,Mumbai,Bangalore,180.27,12/10/2025,NULL,NULL
SHO4345,FEDEX,09/25/2025,Delayed,Chennai,Delhi,7.02,09/28/2025,09/29/2025,NULL
SHO4346,DHL,03/25/2024,Pending,Bangalore,Pune,301.81,03/27/2024,NULL,NULL
SHO4347,DHL,01/29/2024,Accepted,Pune,Chennai,404.07,03/02/2024,NULL,NULL
SHO4350,DHL,07/10/2025,In Transit,Hyderabad,Pune,420.91,07/17/2025,NULL,NULL
SHO4352,BLUEDART,01/16/2024,Delivered,Mumbai,Delhi,191.68,01/23/2024,01/25/2024,2
SHO4353,DHL,07/09/2024,Delayed,Chennai,Mumbai,49.06,NULL,07/22/2024,NULL
SHO4355,BLUEDART,09/26/2025,In Transit,Pune,Hyderabad,410.1,NULL,NULL,NULL
SHO4357,BLUEDART,12/25/2024,Accepted,Mumbai,Chennai,158.46,12/28/2024,NULL,NULL
SHO4362,FEDEX,12/14/2024,In Transit,Pune,Delhi,477.6,12/21/2024,NULL,NULL
SHO4363,FEDEX,02/03/2026,In Transit,Mumbai,Pune,169.87,09/02/2026,NULL,NULL
SHO4367,BLUEDART,12/27/2025,In Transit,Pune,Mumbai,289.65,02/01/2026,NULL,NULL
SHO4368,DHL,12/24/2025,Pending,Bangalore,Pune,264.58,12/27/2025,NULL,NULL
SHO4370,FEDEX,09/23/2025,In Transit,Bangalore,Mumbai,83.4,09/30/2025,NULL,NULL
SHO4371,BLUEDART,07/11/2024,Pending,Chennai,Pune,107.13,07/15/2024,NULL,NULL
SHO4373,FEDEX,06/22/2025,Pending,Pune,Hyderabad,271.67,06/29/2025,NULL,NULL
SHO4376,BLUEDART,03/06/2024,Delayed,Pune,Chennai,485.21,06/09/2024,06/19/2024,NULL
SHO4377,BLUEDART,01/02/2025,In Transit,Delhi,Pune,277.21,02/08/2025,NULL,NULL
SHO4381,BLUEDART,08/29/2024,In Transit,Delhi,Pune,51.33,NULL,NULL,NULL
SHO4382,FEDEX,03/04/2025,Pending,Delhi,Pune,207.84,NULL,NULL,NULL
SHO4389,FEDEX,10/21/2025,Pending,Pune,Mumbai,446.83,10/24/2025,NULL,NULL
SHO4392,FEDEX,01/19/2024,In Transit,Pune,Bangalore,442.22,01/25/2024,NULL,NULL
SHO4395,FEDEX,04/11/2026,Delayed,Bangalore,Mumbai,56.63,04/18/2026,NULL,NULL
SHO4397,FEDEX,02/03/2025,Accepted,Mumbai,Delhi,162.21,03/05/2025,NULL,NULL
SHO4398,FEDEX,03/24/2024,In Transit,Bangalore,Delhi,56.88,03/27/2024,NULL,NULL
SHO4399,FEDEX,02/06/2024,Delayed,Mumbai,Chennai,274.56,10/02/2024,02/20/2024,NULL
SHO4401,BLUEDART,11/17/2025,In Transit,Delhi,Mumbai,266.57,NULL,NULL,NULL
SHO4404,DHL,07/14/2025,Delivered,Bangalore,Chennai,128.48,07/19/2025,07/24/2025,5
SHO4406,BLUEDART,11/24/2024,Pending,Delhi,Hyderabad,104.9,11/27/2024,NULL,NULL
SHO4410,BLUEDART,02/02/2025,In Transit,Hyderabad,Bangalore,58.58,04/02/2025,NULL,NULL
SHO4411,DHL,12/29/2024,Delayed,Delhi,Pune,397.98,01/01/2025,01/06/2025,NULL
SHO4417,FEDEX,01/11/2024,In Transit,Chennai,Bangalore,397.25,NULL,NULL,NULL
SHO4418,FEDEX,04/20/2024,Accepted,Chennai,Pune,449.39,04/22/2024,NULL,NULL
SHO4419,FEDEX,06/11/2025,In Transit,Bangalore,Hyderabad,63.92,06/15/2025,NULL,NULL
SHO4420,BLUEDART,10/15/2024,Pending,Delhi,Bangalore,159.66,10/17/2024,NULL,NULL
SHO4425,DHL,12/18/2024,In Transit,Delhi,Chennai,49.92,12/21/2024,NULL,NULL
SHO4430,BLUEDART,06/19/2026,Pending,Hyderabad,Chennai,98.95,NULL,NULL,NULL
SHO4432,BLUEDART,11/09/2024,In Transit,Hyderabad,Mumbai,467.53,NULL,NULL,NULL
SHO4435,DHL,01/07/2026,In Transit,Hyderabad,Mumbai,253.72,NULL,NULL,NULL
SHO4436,DHL,04/30/2026,Delayed,Bangalore,Hyderabad,81.35,05/02/2026,10/05/2026,NULL
SHO4438,FEDEX,04/02/2024,Accepted,Mumbai,Bangalore,135.51,08/04/2024,NULL,NULL
SHO4439,FEDEX,01/31/2025,In Transit,Hyderabad,Bangalore,9.42,02/03/2025,NULL,NULL
SHO4441,BLUEDART,03/11/2026,In Transit,Bangalore,Pune,75.49,NULL,NULL,NULL
SHO4445,FEDEX,01/24/2024,In Transit,Chennai,Hyderabad,479.89,NULL,NULL,NULL
SHO4448,DHL,08/08/2025,In Transit,Bangalore,Mumbai,88.45,08/11/2025,NULL,NULL
SHO4452,DHL,03/13/2026,Delivered,Delhi,Bangalore,127.03,03/18/2026,03/22/2026,4
SHO4453,DHL,10/02/2025,Pending,Pune,Chennai,133.79,NULL,NULL,NULL
SHO4456,BLUEDART,02/06/2024,In Transit,Chennai,Pune,357.98,02/11/2024,NULL,NULL
SHO4457,FEDEX,01/03/2024,Delivered,Chennai,Mumbai,245.68,01/08/2024,01/13/2024,5
SHO4462,BLUEDART,03/02/2025,Delivered,Bangalore,Delhi,174.82,03/08/2025,03/08/2025,0
SHO4463,FEDEX,12/14/2025,Accepted,Mumbai,Pune,348.19,12/19/2025,NULL,NULL
SHO4467,DHL,08/07/2024,Delayed,Delhi,Mumbai,259.37,NULL,08/19/2024,NULL
SHO4470,DHL,09/17/2024,Delayed,Bangalore,Pune,472.29,09/19/2024,NULL,NULL
SHO4472,FEDEX,05/16/2024,Accepted,Bangalore,Chennai,401.99,05/20/2024,NULL,NULL
SHO4474,BLUEDART,05/22/2024,Delivered,Pune,Hyderabad,453.82,05/27/2024,05/28/2024,1
SHO4475,FEDEX,04/03/2025,In Transit,Mumbai,Delhi,139.64,09/03/2025,NULL,NULL
SHO4476,BLUEDART,08/21/2025,Delivered,Pune,Chennai,491.63,08/28/2025,08/30/2025,2
SHO4477,BLUEDART,01/08/2026,In Transit,Hyderabad,Mumbai,320.89,01/11/2026,NULL,NULL
SHO4479,FEDEX,07/28/2024,Pending,Mumbai,Delhi,185.22,07/30/2024,NULL,NULL
SHO4480,DHL,03/01/2024,Delivered,Chennai,Delhi,461.29,03/04/2024,03/07/2024,3
SHO4482,DHL,08/10/2025,In Transit,Delhi,Mumbai,253.32,NULL,NULL,NULL
SHO4485,BLUEDART,11/04/2024,Accepted,Pune,Hyderabad,469.98,NULL,NULL,NULL
SHO4486,FEDEX,05/02/2026,Delivered,Hyderabad,Bangalore,433.32,05/06/2026,05/04/2026,0
SHO4487,DHL,01/09/2026,Accepted,Hyderabad,Pune,27.1,NULL,NULL,NULL
SHO4488,BLUEDART,03/21/2024,In Transit,Mumbai,Hyderabad,51.66,03/25/2024,NULL,NULL
SHO4490,DHL,01/13/2025,In Transit,Bangalore,Hyderabad,42.45,01/20/2025,NULL,NULL
SHO4491,FEDEX,01/30/2025,In Transit,Bangalore,Delhi,230.47,02/03/2025,NULL,NULL
SHO4493,BLUEDART,11/17/2024,In Transit,Delhi,Bangalore,487.4,11/20/2024,NULL,NULL
SHO4495,FEDEX,09/24/2025,In Transit,Chennai,Hyderabad,250.62,09/27/2025,NULL,NULL
SHO4498,FEDEX,07/13/2025,Pending,Pune,Chennai,101.12,NULL,NULL,NULL
SHO4509,FEDEX,09/27/2024,Delayed,Delhi,Hyderabad,132.29,10/03/2024,10/13/2024,NULL
SHO4510,BLUEDART,09/06/2024,Accepted,Delhi,Mumbai,18.31,12/06/2024,NULL,NULL
SHO4512,BLUEDART,02/15/2025,Accepted,Bangalore,Chennai,58.22,NULL,NULL,NULL
SHO4514,DHL,12/10/2025,Accepted,Delhi,Chennai,405.92,NULL,NULL,NULL
SHO4516,DHL,10/03/2025,Pending,Pune,Bangalore,155.8,10/09/2025,NULL,NULL
SHO4519,BLUEDART,11/27/2025,In Transit,Pune,Delhi,52.67,12/01/2025,NULL,NULL
SHO4520,DHL,07/27/2025,Accepted,Hyderabad,Chennai,314.15,07/30/2025,NULL,NULL
SHO4524,BLUEDART,06/11/2025,In Transit,Bangalore,Pune,340.58,NULL,NULL,NULL
SHO4526,FEDEX,05/21/2024,In Transit,Chennai,Pune,344.57,05/27/2024,NULL,NULL
SHO4528,FEDEX,05/22/2026,In Transit,Pune,Bangalore,429.33,05/28/2026,NULL,NULL
SHO4531,BLUEDART,03/08/2025,Accepted,Hyderabad,Bangalore,406.93,10/03/2025,03/19/2025,NULL
SHO4536,DHL,12/01/2025,In Transit,Hyderabad,Bangalore,466.42,NULL,NULL,NULL
SHO4537,DHL,08/01/2026,Pending,Bangalore,Pune,36.48,NULL,NULL,NULL
SHO4541,FEDEX,11/05/2025,Delivered,Delhi,Bangalore,318.4,11/10/2025,11/08/2025,0
SHO4543,DHL,01/30/2024,In Transit,Hyderabad,Bangalore,184.32,02/02/2024,NULL,NULL
SHO4544,FEDEX,04/05/2025,In Transit,Chennai,Hyderabad,73.76,05/10/2025,NULL,NULL
SHO4545,DHL,02/06/2025,Pending,Bangalore,Mumbai,253.13,08/06/2025,NULL,NULL
SHO4547,BLUEDART,11/15/2024,In Transit,Pune,Mumbai,17.65,NULL,NULL,NULL
SHO4548,FEDEX,02/25/2026,Accepted,Bangalore,Mumbai,86.95,02/27/2026,03/04/2026,NULL
SHO4549,DHL,02/05/2026,Delayed,Pune,Delhi,166.9,02/12/2026,NULL,NULL
SHO4552,FEDEX,06/30/2026,Accepted,Chennai,Delhi,222.8,07/05/2026,NULL,NULL
SHO4553,BLUEDART,07/12/2025,In Transit,Pune,Mumbai,123.09,12/12/2025,NULL,NULL
SHO4555,DHL,07/08/2025,Delivered,Mumbai,Delhi,428.36,07/12/2025,07/17/2025,5
SHO4556,DHL,05/13/2026,Delayed,Hyderabad,Pune,96.15,05/16/2026,NULL,NULL
SHO4560,BLUEDART,12/13/2024,Delayed,Pune,Delhi,85.25,NULL,NULL,NULL
SHO4563,BLUEDART,05/21/2024,Delayed,Delhi,Mumbai,197.68,NULL,06/04/2024,NULL
SHO4564,DHL,06/04/2026,In Transit,Chennai,Bangalore,344.53,NULL,NULL,NULL
SHO4565,DHL,12/15/2024,Accepted,Hyderabad,Bangalore,454.74,12/19/2024,NULL,NULL
SHO4566,DHL,01/22/2026,In Transit,Hyderabad,Delhi,458.08,01/25/2026,NULL,NULL
SHO4567,BLUEDART,05/23/2024,In Transit,Hyderabad,Chennai,323.98,NULL,NULL,NULL
SHO4569,DHL,02/17/2024,Pending,Hyderabad,Delhi,298.5,NULL,NULL,NULL
SHO4571,FEDEX,07/03/2025,Delayed,Bangalore,Chennai,490.88,NULL,NULL,NULL
SHO4576,DHL,05/20/2026,In Transit,Delhi,Bangalore,434.78,05/24/2026,NULL,NULL
SHO4577,DHL,12/18/2024,Delivered,Hyderabad,Mumbai,178.07,12/24/2024,12/23/2024,0
SHO4581,DHL,05/22/2025,In Transit,Chennai,Pune,107.41,05/29/2025,NULL,NULL
SHO4583,FEDEX,08/08/2024,In Transit,Mumbai,Delhi,92.52,NULL,NULL,NULL
SHO4590,DHL,01/21/2026,Delayed,Delhi,Chennai,228.56,NULL,06/02/2026,NULL
SHO4594,FEDEX,03/06/2024,In Transit,Delhi,Hyderabad,133.37,06/05/2024,NULL,NULL
SHO4596,BLUEDART,11/06/2025,In Transit,Mumbai,Chennai,318.54,12/11/2025,NULL,NULL
SHO4598,BLUEDART,08/28/2024,Delivered,Chennai,Bangalore,61.12,08/30/2024,08/28/2024,0
SHO4601,BLUEDART,05/05/2025,In Transit,Delhi,Mumbai,24.97,07/05/2025,NULL,NULL
SHO4603,DHL,02/16/2025,Pending,Bangalore,Chennai,366.58,02/20/2025,NULL,NULL
SHO4608,FEDEX,05/04/2024,Pending,Pune,Mumbai,29.27,08/05/2024,NULL,NULL
SHO4609,DHL,08/17/2024,Delivered,Delhi,Pune,333.02,08/20/2024,08/23/2024,3
SHO4613,BLUEDART,05/12/2025,In Transit,Chennai,Pune,60.1,NULL,NULL,NULL
SHO4614,DHL,04/13/2026,Accepted,Bangalore,Pune,320.7,NULL,NULL,NULL
SHO4615,BLUEDART,04/14/2026,Delayed,Chennai,Hyderabad,155.73,04/21/2026,NULL,NULL
SHO4617,BLUEDART,01/03/2026,Delayed,Mumbai,Bangalore,430.6,01/08/2026,01/16/2026,NULL
SHO4619,BLUEDART,06/05/2025,Pending,Mumbai,Bangalore,479.18,10/06/2025,NULL,NULL
SHO4622,DHL,07/16/2025,Delayed,Bangalore,Mumbai,84.26,NULL,NULL,NULL
SHO4623,DHL,06/09/2025,Delayed,Mumbai,Bangalore,101.9,06/12/2025,06/16/2025,NULL
SHO4625,DHL,02/23/2024,In Transit,Delhi,Mumbai,231.53,02/27/2024,NULL,NULL
SHO4630,BLUEDART,06/21/2026,In Transit,Delhi,Pune,34.4,NULL,NULL,NULL
SHO4633,FEDEX,01/14/2024,Pending,Mumbai,Delhi,306.46,01/21/2024,NULL,NULL
SHO4634,FEDEX,09/25/2025,Delayed,Hyderabad,Mumbai,320.28,09/28/2025,10/08/2025,NULL
SHO4635,FEDEX,04/12/2025,In Transit,Delhi,Chennai,355.73,NULL,NULL,NULL
SHO4636,DHL,07/08/2025,Accepted,Pune,Chennai,157.1,NULL,NULL,NULL
SHO4639,FEDEX,01/11/2025,In Transit,Mumbai,Pune,84.0,01/15/2025,NULL,NULL
SHO4641,FEDEX,06/19/2025,Delivered,Mumbai,Pune,475.09,06/24/2025,06/28/2025,4
SHO4647,DHL,07/27/2024,Pending,Chennai,Hyderabad,289.93,07/29/2024,NULL,NULL
SHO4648,FEDEX,10/24/2025,Accepted,Hyderabad,Delhi,308.31,10/30/2025,NULL,NULL
SHO4649,FEDEX,09/11/2025,In Transit,Chennai,Bangalore,161.68,NULL,NULL,NULL
SHO4650,BLUEDART,07/22/2025,Delivered,Mumbai,Hyderabad,300.45,07/24/2025,07/26/2025,2
SHO4651,DHL,01/12/2024,In Transit,Mumbai,Hyderabad,225.18,04/12/2024,NULL,NULL
SHO4652,DHL,01/07/2024,In Transit,Chennai,Bangalore,410.13,NULL,NULL,NULL
SHO4653,DHL,02/20/2026,Pending,Hyderabad,Mumbai,61.42,02/25/2026,NULL,NULL
SHO4659,FEDEX,01/17/2024,Accepted,Pune,Delhi,202.7,01/23/2024,NULL,NULL
SHO4660,DHL,04/04/2025,Delayed,Bangalore,Chennai,2.37,04/08/2025,NULL,NULL
SHO4664,FEDEX,07/09/2025,Delayed,Hyderabad,Pune,158.42,07/11/2025,07/15/2025,NULL
SHO4665,BLUEDART,10/08/2024,Delayed,Chennai,Pune,89.28,NULL,10/20/2024,NULL
SHO4666,FEDEX,05/22/2025,Pending,Hyderabad,Chennai,120.78,05/27/2025,NULL,NULL
SHO4669,DHL,01/11/2025,Delivered,Chennai,Hyderabad,216.89,01/16/2025,01/18/2025,2
SHO4674,BLUEDART,05/29/2025,Delayed,Mumbai,Chennai,69.45,06/03/2025,NULL,NULL
SHO4675,DHL,04/20/2024,In Transit,Delhi,Bangalore,236.9,04/26/2024,NULL,NULL
SHO4676,FEDEX,02/02/2025,Delivered,Chennai,Mumbai,221.92,02/08/2025,10/02/2025,236
SHO4681,BLUEDART,06/07/2025,Delayed,Chennai,Pune,451.24,06/12/2025,NULL,NULL
SHO4684,DHL,09/22/2025,In Transit,Bangalore,Delhi,223.69,09/28/2025,NULL,NULL
SHO4686,DHL,01/20/2026,Pending,Delhi,Bangalore,352.97,NULL,NULL,NULL
SHO4689,DHL,05/15/2025,In Transit,Hyderabad,Delhi,29.1,NULL,NULL,NULL
SHO4690,DHL,06/17/2025,In Transit,Hyderabad,Pune,1.47,06/22/2025,NULL,NULL
SHO4692,DHL,08/11/2025,Delayed,Pune,Hyderabad,138.47,08/15/2025,08/22/2025,NULL
SHO4693,FEDEX,05/08/2026,Pending,Mumbai,Hyderabad,472.47,05/15/2026,NULL,NULL
SHO4699,BLUEDART,07/17/2024,Pending,Pune,Hyderabad,454.44,07/23/2024,NULL,NULL
SHO4706,FEDEX,11/22/2024,In Transit,Pune,Mumbai,387.36,NULL,NULL,NULL
SHO4708,BLUEDART,05/22/2025,Delivered,Chennai,Mumbai,126.64,05/25/2025,05/29/2025,4
SHO4709,FEDEX,04/22/2025,In Transit,Delhi,Hyderabad,183.75,NULL,NULL,NULL
SHO4711,BLUEDART,12/20/2024,Accepted,Pune,Delhi,387.81,NULL,12/25/2024,NULL
SHO4712,BLUEDART,01/23/2024,In Transit,Chennai,Mumbai,304.83,01/25/2024,NULL,NULL
SHO4714,FEDEX,03/06/2026,Pending,Bangalore,Delhi,273.29,03/08/2026,NULL,NULL
SHO4716,FEDEX,05/10/2025,In Transit,Pune,Bangalore,61.89,10/08/2025,NULL,NULL
SHO4718,BLUEDART,06/25/2025,Delayed,Hyderabad,Bangalore,221.34,06/28/2025,07/05/2025,NULL
SHO4723,FEDEX,06/12/2026,Delivered,Delhi,Bangalore,347.26,06/18/2026,06/16/2026,0
SHO4724,BLUEDART,06/27/2024,Pending,Mumbai,Chennai,475.09,07/04/2024,NULL,NULL
SHO4725,FEDEX,06/01/2024,Accepted,Bangalore,Hyderabad,109.85,06/06/2024,NULL,NULL
SHO4728,DHL,03/22/2024,Delayed,Chennai,Bangalore,272.51,NULL,06/04/2024,NULL
SHO4729,FEDEX,04/19/2024,Delayed,Pune,Mumbai,399.24,04/26/2024,05/02/2024,NULL
SHO4730,DHL,01/04/2026,Delayed,Mumbai,Chennai,33.17,NULL,NULL,NULL
SHO4731,DHL,02/02/2024,In Transit,Chennai,Pune,134.53,02/06/2024,NULL,NULL
SHO4735,BLUEDART,06/24/2025,In Transit,Bangalore,Delhi,213.48,NULL,NULL,NULL
SHO4738,BLUEDART,06/30/2026,Delayed,Chennai,Mumbai,453.1,07/05/2026,NULL,NULL
SHO4739,BLUEDART,11/02/2024,In Transit,Pune,Mumbai,57.45,11/08/2024,NULL,NULL
SHO4741,FEDEX,01/28/2026,Accepted,Hyderabad,Bangalore,413.6,01/31/2026,NULL,NULL
SHO4746,BLUEDART,04/11/2025,In Transit,Chennai,Bangalore,186.84,04/17/2025,NULL,NULL
SHO4747,DHL,05/22/2025,Accepted,Mumbai,Pune,499.28,NULL,NULL,NULL
SHO4752,DHL,03/19/2025,Pending,Bangalore,Chennai,375.44,NULL,NULL,NULL
SHO4753,BLUEDART,09/24/2024,Accepted,Mumbai,Bangalore,323.86,10/01/2024,NULL,NULL
SHO4754,FEDEX,03/21/2024,In Transit,Chennai,Hyderabad,111.38,NULL,NULL,NULL
SHO4755,FEDEX,03/06/2025,Delayed,Delhi,Bangalore,224.98,09/06/2025,06/13/2025,NULL
SHO4757,DHL,10/11/2024,In Transit,Delhi,Mumbai,79.26,NULL,NULL,NULL
SHO4760,BLUEDART,06/21/2025,Pending,Chennai,Hyderabad,186.24,06/24/2025,NULL,NULL
SHO4762,FEDEX,07/12/2025,Delayed,Mumbai,Pune,367.79,07/16/2025,07/19/2025,NULL
SHO4763,FEDEX,09/13/2024,Delayed,Delhi,Bangalore,84.41,NULL,09/30/2024,NULL
SHO4767,FEDEX,07/12/2024,In Transit,Pune,Delhi,159.37,NULL,NULL,NULL
SHO4770,DHL,07/11/2024,Pending,Bangalore,Chennai,139.54,NULL,NULL,NULL
SHO4771,BLUEDART,04/25/2025,Delayed,Bangalore,Delhi,15.83,04/27/2025,05/05/2025,NULL
SHO4772,BLUEDART,10/15/2025,Pending,Chennai,Mumbai,147.22,10/20/2025,NULL,NULL
SHO4773,FEDEX,02/22/2024,In Transit,Chennai,Bangalore,211.22,NULL,NULL,NULL
SHO4774,DHL,06/18/2025,Delayed,Pune,Bangalore,407.8,06/25/2025,06/30/2025,NULL
SHO4775,DHL,01/31/2024,Accepted,Chennai,Pune,320.8,NULL,08/02/2024,NULL
SHO4776,FEDEX,10/15/2024,In Transit,Pune,Mumbai,85.69,NULL,NULL,NULL
SHO4778,DHL,02/09/2024,In Transit,Bangalore,Delhi,476.34,08/09/2024,NULL,NULL
SHO4780,FEDEX,08/17/2024,Delivered,Hyderabad,Delhi,202.08,08/19/2024,08/20/2024,1
SHO4782,BLUEDART,05/19/2024,Delayed,Hyderabad,Delhi,301.94,05/23/2024,NULL,NULL
SHO4784,FEDEX,10/13/2024,Delayed,Bangalore,Hyderabad,391.25,10/16/2024,10/26/2024,NULL
SHO4786,FEDEX,11/15/2024,In Transit,Delhi,Bangalore,78.55,NULL,NULL,NULL
SHO4787,DHL,06/29/2025,In Transit,Hyderabad,Mumbai,37.63,07/06/2025,NULL,NULL
SHO4790,FEDEX,03/01/2026,Delivered,Mumbai,Hyderabad,298.97,03/05/2026,03/08/2026,3
SHO4792,BLUEDART,07/10/2025,In Transit,Hyderabad,Delhi,369.3,09/10/2025,NULL,NULL
SHO4793,DHL,01/10/2025,Pending,Mumbai,Pune,483.56,05/10/2025,NULL,NULL
SHO4794,FEDEX,08/12/2025,Delayed,Chennai,Pune,282.49,08/16/2025,08/26/2025,NULL
SHO4796,DHL,05/14/2026,In Transit,Bangalore,Pune,340.93,05/16/2026,NULL,NULL
SHO4799,DHL,01/04/2024,In Transit,Delhi,Chennai,28.65,NULL,NULL,NULL
SHO4800,BLUEDART,12/11/2025,In Transit,Pune,Delhi,279.39,12/14/2025,NULL,NULL
SHO4801,DHL,11/14/2024,Accepted,Chennai,Pune,429.58,NULL,NULL,NULL
SHO4804,BLUEDART,05/14/2026,In Transit,Mumbai,Chennai,309.01,05/17/2026,NULL,NULL
SHO4806,DHL,04/10/2026,Delayed,Mumbai,Chennai,33.71,04/13/2026,NULL,NULL
SHO4807,BLUEDART,06/17/2026,Accepted,Delhi,Bangalore,44.2,06/22/2026,NULL,NULL
SHO4809,DHL,03/17/2026,Pending,Pune,Delhi,276.48,03/23/2026,NULL,NULL
SHO4812,FEDEX,09/21/2024,In Transit,Pune,Chennai,95.04,NULL,NULL,NULL
SHO4813,BLUEDART,12/22/2025,Delayed,Pune,Delhi,172.46,NULL,01/01/2026,NULL
SHO4814,FEDEX,12/19/2024,Delayed,Bangalore,Chennai,285.29,NULL,NULL,NULL
SHO4818,DHL,11/22/2025,In Transit,Mumbai,Hyderabad,20.26,11/24/2025,NULL,NULL
SHO4820,FEDEX,01/09/2026,Delayed,Chennai,Pune,289.31,01/12/2026,01/14/2026,NULL
SHO4823,FEDEX,05/02/2025,Accepted,Delhi,Mumbai,34.22,05/04/2025,NULL,NULL
SHO4827,BLUEDART,01/17/2024,Pending,Mumbai,Chennai,334.49,01/19/2024,NULL,NULL
SHO4829,BLUEDART,03/02/2025,Delivered,Chennai,Hyderabad,20.26,06/03/2025,03/09/2025,0
SHO4831,FEDEX,05/06/2024,In Transit,Chennai,Hyderabad,458.78,09/05/2024,NULL,NULL
SHO4833,BLUEDART,07/18/2025,Delayed,Chennai,Mumbai,110.16,07/24/2025,07/26/2025,NULL
SHO4834,FEDEX,12/08/2025,Accepted,Bangalore,Chennai,165.68,12/15/2025,12/24/2025,NULL
SHO4835,DHL,08/21/2025,Delivered,Delhi,Bangalore,173.97,08/25/2025,08/30/2025,5
SHO4838,DHL,06/28/2024,In Transit,Chennai,Pune,446.14,07/02/2024,NULL,NULL
SHO4841,FEDEX,01/16/2026,Pending,Chennai,Bangalore,88.97,01/22/2026,NULL,NULL
SHO4846,BLUEDART,07/02/2025,Pending,Chennai,Hyderabad,323.81,07/08/2025,NULL,NULL
SHO4848,BLUEDART,07/20/2024,Delayed,Chennai,Bangalore,355.43,07/23/2024,07/28/2024,NULL
SHO4851,DHL,04/10/2025,Delayed,Mumbai,Pune,384.47,NULL,NULL,NULL
SHO4852,BLUEDART,05/06/2026,Delayed,Mumbai,Pune,233.13,05/12/2026,NULL,NULL
SHO4855,BLUEDART,11/25/2024,In Transit,Mumbai,Chennai,307.7,NULL,NULL,NULL
SHO4857,DHL,12/18/2024,Accepted,Mumbai,Hyderabad,261.84,12/25/2024,NULL,NULL
SHO4858,DHL,02/01/2024,Pending,Bangalore,Pune,267.11,02/07/2024,NULL,NULL
SHO4863,FEDEX,12/10/2025,Accepted,Pune,Mumbai,334.29,12/15/2025,NULL,NULL
SHO4864,FEDEX,09/15/2025,Delivered,Mumbai,Bangalore,177.19,09/18/2025,09/23/2025,5
SHO4866,FEDEX,08/14/2025,Accepted,Chennai,Delhi,19.6,08/17/2025,NULL,NULL
SHO4867,DHL,12/04/2026,Accepted,Delhi,Pune,0.2,NULL,NULL,NULL
SHO4869,BLUEDART,05/04/2024,Pending,Delhi,Pune,399.57,11/05/2024,NULL,NULL
SHO4871,FEDEX,10/21/2025,Pending,Bangalore,Mumbai,365.13,10/26/2025,NULL,NULL
SHO4873,BLUEDART,05/18/2026,In Transit,Chennai,Delhi,88.54,05/24/2026,NULL,NULL
SHO4875,FEDEX,07/29/2024,Delayed,Hyderabad,Pune,447.22,07/31/2024,08/06/2024,NULL
SHO4878,FEDEX,05/16/2025,Pending,Bangalore,Hyderabad,323.91,NULL,NULL,NULL
SHO4879,FEDEX,07/10/2024,Delayed,Pune,Delhi,96.19,07/15/2024,07/19/2024,NULL
SHO4880,FEDEX,06/06/2026,Delayed,Chennai,Bangalore,383.8,08/06/2026,06/12/2026,NULL
SHO4882,BLUEDART,11/10/2025,Delivered,Hyderabad,Chennai,130.88,11/15/2025,11/13/2025,0
SHO4891,FEDEX,09/22/2024,Pending,Mumbai,Chennai,226.54,NULL,NULL,NULL
SHO4898,DHL,01/18/2024,Pending,Delhi,Mumbai,112.55,01/23/2024,NULL,NULL
SHO4899,DHL,11/14/2024,Delayed,Chennai,Mumbai,411.89,11/21/2024,11/22/2024,NULL
SHO4901,BLUEDART,06/30/2026,Pending,Bangalore,Pune,376.87,07/07/2026,NULL,NULL
SHO4903,FEDEX,06/23/2024,Delayed,Delhi,Pune,334.19,06/28/2024,NULL,NULL
SHO4905,BLUEDART,10/15/2024,Delayed,Mumbai,Pune,190.8,NULL,10/25/2024,NULL
SHO4907,DHL,12/26/2025,Accepted,Chennai,Pune,218.71,12/30/2025,01/04/2026,NULL
SHO4911,DHL,01/08/2024,Delayed,Hyderabad,Delhi,95.71,08/07/2024,NULL,NULL
SHO4912,BLUEDART,02/04/2025,Accepted,Bangalore,Chennai,396.61,04/05/2025,NULL,NULL
SHO4914,DHL,01/15/2026,Accepted,Chennai,Delhi,432.9,01/22/2026,01/26/2026,NULL
SHO4920,BLUEDART,07/20/2025,Delivered,Chennai,Mumbai,241.87,07/25/2025,07/23/2025,0
SHO4921,DHL,01/21/2026,In Transit,Chennai,Bangalore,207.38,NULL,NULL,NULL
SHO4924,BLUEDART,03/06/2025,In Transit,Chennai,Hyderabad,338.54,NULL,NULL,NULL
SHO4927,DHL,04/06/2026,Delivered,Pune,Bangalore,5.78,04/13/2026,04/13/2026,0
SHO4929,BLUEDART,04/26/2025,In Transit,Mumbai,Pune,421.94,05/02/2025,NULL,NULL
SHO4930,BLUEDART,07/18/2024,In Transit,Chennai,Mumbai,265.14,NULL,NULL,NULL
SHO4931,FEDEX,02/06/2024,Pending,Bangalore,Mumbai,149.33,02/09/2024,NULL,NULL
SHO4933,FEDEX,07/06/2024,Delayed,Mumbai,Delhi,131.1,12/07/2024,07/15/2024,NULL
SHO4937,DHL,12/30/2025,Accepted,Hyderabad,Delhi,162.13,01/05/2026,NULL,NULL
SHO4945,BLUEDART,05/05/2025,Delayed,Chennai,Bangalore,441.83,05/09/2025,05/14/2025,NULL
SHO4946,FEDEX,12/04/2024,Pending,Mumbai,Chennai,473.8,12/06/2024,NULL,NULL
SHO4949,FEDEX,09/12/2025,Delayed,Hyderabad,Chennai,131.38,NULL,NULL,NULL
SHO4951,FEDEX,08/17/2024,Delayed,Chennai,Bangalore,207.07,NULL,NULL,NULL
SHO4953,BLUEDART,08/13/2025,In Transit,Chennai,Bangalore,316.92,08/20/2025,NULL,NULL
SHO4954,BLUEDART,01/27/2026,Pending,Delhi,Bangalore,462.45,NULL,NULL,NULL
SHO4957,BLUEDART,05/01/2026,In Transit,Pune,Chennai,471.51,05/05/2026,NULL,NULL
SHO4959,FEDEX,02/27/2024,In Transit,Chennai,Mumbai,477.6,03/01/2024,NULL,NULL
SHO4962,BLUEDART,01/01/2026,Pending,Chennai,Delhi,486.55,03/01/2026,NULL,NULL
SHO4963,DHL,04/05/2024,Delivered,Pune,Bangalore,79.79,05/10/2024,05/14/2024,4
SHO4967,BLUEDART,06/07/2026,Delayed,Delhi,Chennai,348.63,NULL,NULL,NULL
SHO4969,BLUEDART,03/01/2025,In Transit,Hyderabad,Delhi,382.54,03/03/2025,NULL,NULL
SHO4973,DHL,08/26/2025,In Transit,Hyderabad,Bangalore,62.32,08/29/2025,NULL,NULL
SHO4977,FEDEX,04/09/2024,Pending,Pune,Chennai,98.21,04/14/2024,NULL,NULL
SHO4978,BLUEDART,10/02/2025,In Transit,Hyderabad,Delhi,18.32,NULL,NULL,NULL
SHO4983,BLUEDART,12/13/2025,Accepted,Chennai,Hyderabad,96.28,12/16/2025,NULL,NULL
SHO4986,BLUEDART,06/10/2024,Delayed,Hyderabad,Chennai,391.48,06/16/2024,06/19/2024,NULL
SHO4989,BLUEDART,09/13/2024,Delayed,Delhi,Bangalore,185.08,NULL,09/21/2024,NULL
SHO4991,DHL,02/10/2024,Pending,Bangalore,Mumbai,476.88,02/17/2024,NULL,NULL
SHO4993,DHL,05/15/2025,In Transit,Chennai,Mumbai,182.06,NULL,NULL,NULL
SHO4995,FEDEX,01/13/2024,Accepted,Delhi,Chennai,248.7,01/18/2024,NULL,NULL
SHO4997,FEDEX,12/03/2025,In Transit,Mumbai,Delhi,120.64,NULL,NULL,NULL
SHO5004,BLUEDART,07/11/2025,In Transit,Bangalore,Chennai,60.97,07/14/2025,NULL,NULL
SHO5005,BLUEDART,06/10/2025,Accepted,Hyderabad,Bangalore,389.13,NULL,NULL,NULL
SHO5009,DHL,05/10/2026,Delayed,Pune,Delhi,35.54,05/15/2026,NULL,NULL
SHO5011,BLUEDART,07/31/2025,Delayed,Delhi,Pune,64.54,08/03/2025,08/06/2025,NULL
SHO5014,DHL,05/11/2026,In Transit,Delhi,Chennai,250.63,05/18/2026,NULL,NULL
SHO5019,FEDEX,08/04/2024,In Transit,Mumbai,Bangalore,100.19,NULL,NULL,NULL
SHO5022,FEDEX,03/20/2026,In Transit,Chennai,Mumbai,297.95,03/23/2026,NULL,NULL
SHO5024,DHL,11/20/2024,Delivered,Pune,Bangalore,319.8,11/27/2024,12/02/2024,5
SHO5033,FEDEX,08/02/2024,Delivered,Mumbai,Delhi,19.18,09/08/2024,08/12/2024,0
SHO5036,BLUEDART,11/25/2025,Delayed,Mumbai,Pune,497.36,12/02/2025,NULL,NULL
SHO5037,DHL,02/18/2026,Pending,Pune,Chennai,447.69,02/25/2026,NULL,NULL
SHO5040,BLUEDART,09/09/2025,Delayed,Chennai,Mumbai,257.16,11/09/2025,NULL,NULL
SHO5041,BLUEDART,05/30/2026,Delayed,Hyderabad,Chennai,435.68,06/03/2026,NULL,NULL
SHO5044,DHL,12/23/2024,Accepted,Pune,Bangalore,77.5,12/27/2024,NULL,NULL
SHO5045,FEDEX,04/15/2026,In Transit,Pune,Chennai,200.47,04/21/2026,NULL,NULL
SHO5046,DHL,12/10/2025,In Transit,Hyderabad,Pune,360.61,NULL,NULL,NULL
SHO5048,BLUEDART,05/18/2025,In Transit,Delhi,Bangalore,27.81,NULL,NULL,NULL
SHO5049,BLUEDART,08/14/2024,In Transit,Hyderabad,Chennai,67.71,08/20/2024,NULL,NULL
SHO5052,FEDEX,07/25/2024,Delayed,Hyderabad,Delhi,71.63,NULL,08/04/2024,NULL
SHO5054,BLUEDART,11/20/2025,In Transit,Mumbai,Chennai,178.95,11/25/2025,NULL,NULL
SHO5055,FEDEX,02/28/2024,In Transit,Mumbai,Delhi,279.33,NULL,NULL,NULL
SHO5057,BLUEDART,05/07/2025,Pending,Delhi,Chennai,453.18,10/05/2025,NULL,NULL
SHO5058,BLUEDART,07/25/2024,Accepted,Hyderabad,Chennai,312.12,07/27/2024,NULL,NULL
SHO5061,DHL,12/31/2024,Accepted,Pune,Hyderabad,1.89,01/03/2025,NULL,NULL
SHO5062,BLUEDART,02/17/2026,In Transit,Chennai,Mumbai,88.0,NULL,NULL,NULL
SHO5066,DHL,01/20/2024,Pending,Hyderabad,Bangalore,186.13,01/23/2024,NULL,NULL
SHO5068,DHL,02/21/2025,In Transit,Chennai,Bangalore,376.09,02/28/2025,NULL,NULL
SHO5070,FEDEX,06/28/2026,In Transit,Bangalore,Chennai,33.91,07/04/2026,NULL,NULL
SHO5071,BLUEDART,11/04/2024,Pending,Mumbai,Hyderabad,297.2,NULL,NULL,NULL
SHO5073,BLUEDART,03/22/2025,In Transit,Bangalore,Mumbai,2.97,NULL,NULL,NULL
SHO5074,BLUEDART,02/22/2024,In Transit,Pune,Hyderabad,458.02,NULL,NULL,NULL
SHO5077,BLUEDART,06/20/2024,Accepted,Mumbai,Bangalore,153.96,NULL,NULL,NULL
SHO5078,DHL,09/16/2025,In Transit,Mumbai,Bangalore,340.36,NULL,NULL,NULL
SHO5079,DHL,01/19/2026,Pending,Pune,Bangalore,44.14,NULL,NULL,NULL
SHO5081,BLUEDART,11/23/2024,In Transit,Mumbai,Hyderabad,173.2,11/26/2024,NULL,NULL
SHO5082,BLUEDART,04/19/2026,In Transit,Mumbai,Chennai,262.74,04/24/2026,NULL,NULL
SHO5083,BLUEDART,07/08/2024,Accepted,Pune,Hyderabad,49.05,NULL,NULL,NULL
SHO5084,BLUEDART,10/19/2024,Delayed,Hyderabad,Pune,185.79,10/22/2024,10/26/2024,NULL
SHO5088,DHL,04/30/2024,Delayed,Chennai,Pune,499.8,NULL,11/05/2024,NULL
SHO5090,DHL,02/09/2025,Delayed,Mumbai,Delhi,3.95,02/16/2025,02/24/2025,NULL
SHO5096,DHL,02/02/2026,Pending,Chennai,Bangalore,18.37,02/06/2026,NULL,NULL
SHO5098,FEDEX,04/08/2024,Pending,Chennai,Bangalore,417.44,NULL,NULL,NULL
SHO5099,FEDEX,01/22/2025,In Transit,Bangalore,Delhi,449.14,01/24/2025,NULL,NULL
SHO5100,BLUEDART,07/25/2025,Accepted,Chennai,Mumbai,475.21,NULL,NULL,NULL
SHO5102,BLUEDART,02/11/2026,Accepted,Hyderabad,Bangalore,411.88,02/17/2026,NULL,NULL
SHO5107,DHL,05/25/2026,Delayed,Delhi,Mumbai,318.69,06/01/2026,06/10/2026,NULL
SHO5108,FEDEX,01/03/2025,In Transit,Chennai,Pune,404.37,05/01/2025,NULL,NULL
SHO5109,FEDEX,10/18/2025,Accepted,Bangalore,Pune,166.4,10/20/2025,NULL,NULL
SHO5111,BLUEDART,11/17/2025,In Transit,Mumbai,Hyderabad,224.38,11/20/2025,NULL,NULL
SHO5112,DHL,12/26/2024,Pending,Hyderabad,Chennai,255.59,12/29/2024,NULL,NULL
SHO5113,DHL,09/15/2024,In Transit,Mumbai,Bangalore,352.32,NULL,NULL,NULL
SHO5115,FEDEX,03/06/2024,Delayed,Bangalore,Mumbai,45.9,06/08/2024,09/06/2024,NULL
SHO5117,DHL,04/01/2026,Accepted,Bangalore,Hyderabad,150.54,07/01/2026,NULL,NULL
SHO5120,FEDEX,08/14/2024,Accepted,Hyderabad,Bangalore,21.09,NULL,NULL,NULL
SHO5122,FEDEX,06/19/2024,Pending,Bangalore,Hyderabad,331.45,NULL,NULL,NULL
SHO5126,DHL,06/04/2024,Delayed,Mumbai,Bangalore,81.76,06/07/2024,06/16/2024,NULL
SHO5129,DHL,10/10/2025,In Transit,Delhi,Bangalore,238.94,10/16/2025,NULL,NULL
SHO5134,BLUEDART,11/18/2024,Delivered,Delhi,Chennai,222.19,11/21/2024,11/22/2024,1
SHO5140,FEDEX,03/04/2024,Accepted,Chennai,Hyderabad,238.63,NULL,NULL,NULL
SHO5142,DHL,02/13/2025,In Transit,Mumbai,Pune,164.79,02/15/2025,NULL,NULL
SHO5143,BLUEDART,10/10/2025,Accepted,Mumbai,Hyderabad,248.33,NULL,NULL,NULL
SHO5144,FEDEX,11/04/2025,Pending,Mumbai,Pune,29.98,NULL,NULL,NULL
SHO5145,BLUEDART,01/14/2024,Delayed,Delhi,Pune,288.13,NULL,NULL,NULL
SHO5149,FEDEX,12/09/2025,Delivered,Pune,Chennai,255.21,12/13/2025,12/13/2025,0
SHO5152,BLUEDART,01/11/2026,In Transit,Delhi,Pune,416.11,NULL,NULL,NULL
SHO5153,FEDEX,07/24/2025,In Transit,Mumbai,Pune,188.1,NULL,NULL,NULL
SHO5154,BLUEDART,08/15/2025,Delayed,Bangalore,Chennai,7.79,08/22/2025,NULL,NULL
SHO5155,DHL,02/19/2026,In Transit,Pune,Delhi,201.75,NULL,NULL,NULL
SHO5156,BLUEDART,08/02/2024,Pending,Mumbai,Delhi,393.83,08/07/2024,NULL,NULL
SHO5157,FEDEX,08/30/2024,Pending,Hyderabad,Bangalore,473.45,09/06/2024,NULL,NULL
SHO5158,DHL,03/15/2025,Accepted,Pune,Mumbai,403.61,03/17/2025,NULL,NULL
SHO5159,FEDEX,06/12/2024,Delivered,Pune,Delhi,403.02,06/16/2024,06/15/2024,0
SHO5162,FEDEX,05/10/2025,Accepted,Chennai,Delhi,277.26,05/15/2025,NULL,NULL
SHO5163,FEDEX,04/11/2025,Delayed,Pune,Bangalore,161.46,04/13/2025,04/22/2025,NULL
SHO5166,BLUEDART,05/09/2025,Pending,Hyderabad,Delhi,495.03,NULL,NULL,NULL
SHO5169,FEDEX,10/16/2025,Delayed,Mumbai,Hyderabad,28.92,NULL,10/22/2025,NULL
SHO5170,DHL,09/09/2025,Accepted,Bangalore,Chennai,206.55,12/09/2025,NULL,NULL
SHO5174,DHL,02/23/2026,In Transit,Chennai,Bangalore,3.83,02/26/2026,NULL,NULL
SHO5179,BLUEDART,07/21/2024,Delivered,Pune,Delhi,490.34,07/23/2024,07/24/2024,1
SHO5183,DHL,03/08/2026,Delayed,Pune,Hyderabad,249.76,NULL,NULL,NULL
SHO5186,DHL,09/28/2025,In Transit,Delhi,Hyderabad,137.72,10/01/2025,NULL,NULL
SHO5190,FEDEX,03/31/2024,In Transit,Chennai,Bangalore,470.22,04/02/2024,NULL,NULL
SHO5192,DHL,04/15/2024,Pending,Bangalore,Mumbai,457.87,NULL,NULL,NULL
SHO5194,FEDEX,06/29/2026,Accepted,Delhi,Bangalore,325.99,07/06/2026,NULL,NULL
SHO5197,FEDEX,03/19/2025,Delivered,Bangalore,Delhi,26.51,03/24/2025,03/27/2025,3
SHO5202,DHL,02/07/2025,Accepted,Pune,Bangalore,481.92,07/06/2025,NULL,NULL
SHO5203,DHL,01/03/2026,Delayed,Hyderabad,Mumbai,479.07,09/01/2026,NULL,NULL
SHO5204,BLUEDART,05/12/2025,Delayed,Delhi,Hyderabad,243.87,12/10/2025,12/18/2025,NULL
SHO5205,FEDEX,02/12/2025,Pending,Chennai,Delhi,150.42,07/12/2025,NULL,NULL
SHO5209,BLUEDART,07/04/2024,Delivered,Chennai,Mumbai,409.77,07/06/2024,07/07/2024,1
SHO5210,BLUEDART,06/22/2024,Delayed,Pune,Mumbai,390.71,06/28/2024,07/01/2024,NULL
SHO5211,FEDEX,06/23/2025,Delivered,Pune,Hyderabad,141.71,06/30/2025,06/30/2025,0
SHO5213,FEDEX,10/08/2024,Pending,Bangalore,Pune,402.73,10/13/2024,NULL,NULL
SHO5215,DHL,06/02/2024,In Transit,Mumbai,Pune,14.31,NULL,NULL,NULL
SHO5216,DHL,10/22/2024,Delayed,Chennai,Bangalore,10.73,10/24/2024,11/03/2024,NULL
SHO5220,DHL,08/27/2024,In Transit,Bangalore,Mumbai,366.76,08/30/2024,NULL,NULL
SHO5221,BLUEDART,11/13/2024,Accepted,Delhi,Mumbai,432.59,NULL,NULL,NULL
SHO5223,FEDEX,09/20/2024,In Transit,Pune,Chennai,411.22,09/26/2024,NULL,NULL
SHO5225,FEDEX,11/10/2024,In Transit,Pune,Chennai,92.21,12/11/2024,NULL,NULL
SHO5228,DHL,11/18/2025,In Transit,Delhi,Pune,218.5,11/24/2025,NULL,NULL
SHO5230,DHL,05/10/2026,Pending,Chennai,Bangalore,82.08,NULL,NULL,NULL
SHO5235,BLUEDART,06/04/2025,Pending,Delhi,Chennai,233.68,09/06/2025,NULL,NULL
SHO5236,BLUEDART,02/06/2026,Delayed,Pune,Chennai,249.03,02/13/2026,02/21/2026,NULL
SHO5237,BLUEDART,03/31/2024,In Transit,Chennai,Pune,413.27,NULL,NULL,NULL
SHO5238,FEDEX,10/27/2024,Delivered,Bangalore,Chennai,26.69,10/31/2024,11/04/2024,4
SHO5239,FEDEX,03/03/2026,Pending,Pune,Hyderabad,351.79,03/06/2026,NULL,NULL
SHO5240,BLUEDART,02/06/2024,In Transit,Hyderabad,Mumbai,311.06,06/07/2024,NULL,NULL
SHO5241,DHL,03/11/2024,Pending,Delhi,Pune,459.76,NULL,NULL,NULL
SHO5248,BLUEDART,07/24/2025,Accepted,Mumbai,Bangalore,375.07,07/30/2025,NULL,NULL
SHO5255,FEDEX,01/12/2024,Accepted,Bangalore,Pune,495.73,01/15/2024,NULL,NULL
SHO5262,FEDEX,09/20/2025,In Transit,Hyderabad,Chennai,210.27,09/27/2025,NULL,NULL
SHO5263,BLUEDART,03/18/2026,Delayed,Bangalore,Hyderabad,6.09,03/23/2026,04/01/2026,NULL
SHO5264,DHL,04/24/2025,Pending,Delhi,Bangalore,103.74,04/29/2025,NULL,NULL
SHO5265,DHL,06/21/2025,In Transit,Pune,Hyderabad,20.41,NULL,NULL,NULL
SHO5266,BLUEDART,04/20/2026,Delayed,Chennai,Mumbai,273.2,NULL,NULL,NULL
SHO5267,FEDEX,05/19/2024,Pending,Delhi,Mumbai,440.12,05/22/2024,NULL,NULL
SHO5268,FEDEX,01/17/2026,Delayed,Pune,Bangalore,65.51,01/21/2026,01/31/2026,NULL
SHO5269,BLUEDART,06/19/2025,In Transit,Chennai,Bangalore,383.57,NULL,NULL,NULL
SHO5272,FEDEX,06/24/2025,Pending,Delhi,Chennai,254.9,NULL,NULL,NULL
SHO5275,BLUEDART,02/09/2026,Delayed,Pune,Mumbai,202.74,02/12/2026,NULL,NULL
SHO5279,DHL,06/20/2025,Accepted,Pune,Delhi,390.4,06/24/2025,NULL,NULL
SHO5281,DHL,08/04/2026,Pending,Chennai,Pune,499.67,NULL,NULL,NULL
SHO5283,BLUEDART,11/14/2024,Delayed,Delhi,Mumbai,120.41,11/19/2024,11/25/2024,NULL
SHO5285,FEDEX,11/20/2024,Pending,Bangalore,Delhi,458.48,11/24/2024,NULL,NULL
SHO5286,BLUEDART,04/20/2024,Delayed,Pune,Delhi,73.52,04/27/2024,05/03/2024,NULL
SHO5287,BLUEDART,02/27/2024,In Transit,Hyderabad,Bangalore,226.32,03/01/2024,NULL,NULL
SHO5288,DHL,02/03/2024,Delivered,Hyderabad,Chennai,476.12,02/05/2024,02/08/2024,3
SHO5290,DHL,05/02/2024,Pending,Hyderabad,Delhi,110.45,NULL,NULL,NULL
SHO5291,DHL,05/24/2026,Delayed,Chennai,Mumbai,343.0,NULL,06/01/2026,NULL
SHO5293,FEDEX,07/05/2024,Pending,Chennai,Delhi,8.78,NULL,NULL,NULL
SHO5295,DHL,10/23/2024,Delivered,Delhi,Pune,439.21,10/29/2024,11/03/2024,5
SHO5297,DHL,04/24/2024,Pending,Mumbai,Chennai,149.43,04/29/2024,NULL,NULL
SHO5299,FEDEX,02/03/2026,Pending,Bangalore,Chennai,216.46,02/07/2026,NULL,NULL
SHO5300,DHL,03/07/2025,Pending,Mumbai,Chennai,465.61,03/10/2025,NULL,NULL
SHO5301,DHL,03/06/2024,In Transit,Pune,Hyderabad,472.3,05/06/2024,NULL,NULL
SHO5302,BLUEDART,02/03/2026,Delivered,Delhi,Chennai,262.11,02/08/2026,02/07/2026,0
SHO5305,BLUEDART,04/23/2025,In Transit,Delhi,Bangalore,9.87,NULL,NULL,NULL
SHO5306,FEDEX,10/07/2025,In Transit,Delhi,Chennai,59.84,NULL,NULL,NULL
SHO5308,BLUEDART,09/03/2025,In Transit,Delhi,Mumbai,56.64,NULL,NULL,NULL
SHO5309,BLUEDART,11/20/2024,In Transit,Chennai,Pune,107.53,NULL,NULL,NULL
SHO5312,FEDEX,01/25/2024,Pending,Hyderabad,Bangalore,425.9,NULL,NULL,NULL
SHO5313,FEDEX,05/24/2025,Pending,Pune,Bangalore,234.27,05/29/2025,NULL,NULL
SHO5314,FEDEX,02/03/2025,In Transit,Hyderabad,Pune,441.57,NULL,NULL,NULL
SHO5320,FEDEX,03/06/2025,Accepted,Mumbai,Pune,63.52,06/10/2025,06/08/2025,NULL
SHO5321,BLUEDART,06/12/2025,In Transit,Mumbai,Chennai,359.84,NULL,NULL,NULL
SHO5322,BLUEDART,11/22/2024,In Transit,Mumbai,Bangalore,155.79,11/24/2024,NULL,NULL
SHO5323,BLUEDART,11/12/2025,In Transit,Bangalore,Mumbai,318.98,NULL,NULL,NULL
SHO5324,BLUEDART,07/12/2025,Delivered,Pune,Delhi,59.52,07/15/2025,07/20/2025,5
SHO5326,FEDEX,05/28/2025,In Transit,Hyderabad,Bangalore,223.62,05/30/2025,NULL,NULL
SHO5327,FEDEX,11/11/2024,In Transit,Hyderabad,Delhi,287.67,11/18/2024,NULL,NULL
SHO5329,FEDEX,10/04/2024,Pending,Pune,Chennai,182.82,NULL,NULL,NULL
SHO5333,DHL,01/15/2025,Delivered,Delhi,Pune,442.66,01/17/2025,01/18/2025,1
SHO5334,DHL,04/18/2026,Delayed,Hyderabad,Delhi,157.18,NULL,NULL,NULL
SHO5336,DHL,04/11/2024,Delivered,Bangalore,Hyderabad,457.82,09/11/2024,11/11/2024,61
SHO5338,FEDEX,12/04/2024,Pending,Chennai,Delhi,216.97,NULL,NULL,NULL
SHO5339,BLUEDART,08/23/2025,Delivered,Bangalore,Chennai,110.99,08/28/2025,08/28/2025,0
SHO5343,DHL,07/23/2025,Delayed,Pune,Bangalore,173.31,NULL,NULL,NULL
SHO5346,DHL,05/13/2026,Delayed,Chennai,Hyderabad,70.33,NULL,NULL,NULL
SHO5347,BLUEDART,03/02/2026,Accepted,Mumbai,Hyderabad,168.93,09/03/2026,NULL,NULL
SHO5350,FEDEX,02/12/2026,In Transit,Bangalore,Delhi,11.08,02/14/2026,NULL,NULL
SHO5351,DHL,01/24/2026,Accepted,Pune,Hyderabad,133.5,NULL,NULL,NULL
SHO5352,DHL,01/30/2025,In Transit,Delhi,Hyderabad,478.91,03/02/2025,NULL,NULL
SHO5353,BLUEDART,02/03/2026,Pending,Pune,Mumbai,77.04,03/07/2026,NULL,NULL
SHO5356,DHL,03/19/2025,Pending,Pune,Mumbai,495.22,03/25/2025,NULL,NULL
SHO5358,BLUEDART,05/27/2025,Accepted,Hyderabad,Mumbai,463.45,06/02/2025,NULL,NULL
SHO5365,BLUEDART,05/27/2024,Pending,Bangalore,Mumbai,216.39,06/01/2024,NULL,NULL
SHO5368,BLUEDART,06/08/2026,Delivered,Pune,Mumbai,179.11,06/13/2026,06/16/2026,3
SHO5371,BLUEDART,01/17/2024,Delayed,Delhi,Chennai,288.83,01/24/2024,NULL,NULL
SHO5372,FEDEX,02/04/2026,Accepted,Pune,Chennai,446.62,NULL,NULL,NULL
SHO5376,DHL,07/13/2024,Pending,Mumbai,Bangalore,422.4,07/15/2024,NULL,NULL
SHO5379,DHL,09/26/2024,Accepted,Pune,Chennai,225.79,NULL,NULL,NULL
SHO5382,BLUEDART,10/05/2024,In Transit,Delhi,Bangalore,2.32,11/10/2024,NULL,NULL
SHO5389,BLUEDART,06/02/2026,Delayed,Hyderabad,Delhi,79.35,NULL,06/18/2026,NULL
SHO5390,DHL,11/24/2024,Delivered,Hyderabad,Delhi,357.41,11/30/2024,12/05/2024,5
SHO5392,BLUEDART,10/03/2025,In Transit,Chennai,Bangalore,327.42,NULL,NULL,NULL
SHO5393,DHL,01/19/2025,In Transit,Bangalore,Delhi,405.23,01/21/2025,NULL,NULL
SHO5395,DHL,10/22/2025,Accepted,Hyderabad,Delhi,314.03,10/29/2025,NULL,NULL
SHO5396,FEDEX,01/18/2026,Pending,Hyderabad,Delhi,279.12,01/21/2026,NULL,NULL
SHO5398,FEDEX,04/22/2024,Delayed,Bangalore,Delhi,198.54,NULL,NULL,NULL
SHO5399,BLUEDART,03/16/2026,Delivered,Mumbai,Pune,299.7,03/23/2026,03/26/2026,3
SHO5403,FEDEX,09/05/2026,Pending,Mumbai,Delhi,12.0,NULL,NULL,NULL
SHO5407,DHL,06/19/2024,Accepted,Chennai,Mumbai,433.16,NULL,NULL,NULL
SHO5408,BLUEDART,10/11/2025,Accepted,Hyderabad,Chennai,197.36,10/13/2025,NULL,NULL
SHO5412,FEDEX,05/26/2026,Pending,Mumbai,Bangalore,307.51,05/29/2026,NULL,NULL
SHO5414,BLUEDART,06/22/2025,In Transit,Pune,Chennai,203.02,NULL,NULL,NULL
SHO5417,FEDEX,06/07/2024,Pending,Pune,Mumbai,80.23,NULL,NULL,NULL
SHO5419,DHL,09/29/2024,In Transit,Mumbai,Chennai,316.52,10/05/2024,NULL,NULL
SHO5422,DHL,01/01/2026,In Transit,Chennai,Delhi,157.87,NULL,NULL,NULL
SHO5431,DHL,11/24/2024,Accepted,Pune,Mumbai,214.74,11/27/2024,NULL,NULL
SHO5432,BLUEDART,05/19/2024,In Transit,Chennai,Hyderabad,190.4,05/22/2024,NULL,NULL
SHO5433,FEDEX,08/23/2025,Pending,Mumbai,Hyderabad,243.46,08/26/2025,NULL,NULL
SHO5435,FEDEX,02/29/2024,Delayed,Chennai,Bangalore,417.88,03/05/2024,NULL,NULL
SHO5437,FEDEX,01/31/2026,Delivered,Hyderabad,Mumbai,393.01,03/02/2026,02/08/2026,0
SHO5438,DHL,01/03/2024,Delivered,Chennai,Pune,435.58,03/03/2024,03/08/2024,5
SHO5439,DHL,06/27/2024,Pending,Bangalore,Chennai,261.67,07/04/2024,NULL,NULL
SHO5440,DHL,09/24/2024,Pending,Chennai,Hyderabad,480.39,09/30/2024,NULL,NULL
SHO5445,FEDEX,04/13/2025,Delayed,Pune,Hyderabad,66.52,04/20/2025,04/21/2025,NULL
SHO5446,BLUEDART,05/07/2024,Pending,Pune,Hyderabad,142.82,09/05/2024,NULL,NULL
SHO5447,BLUEDART,02/14/2025,Pending,Bangalore,Delhi,424.69,NULL,NULL,NULL
SHO5448,DHL,04/23/2024,Delivered,Chennai,Hyderabad,195.95,04/30/2024,04/30/2024,0
SHO5452,DHL,09/22/2024,In Transit,Chennai,Pune,100.18,NULL,NULL,NULL
SHO5456,FEDEX,03/14/2024,In Transit,Chennai,Delhi,86.89,NULL,NULL,NULL
SHO5457,DHL,05/11/2025,Delayed,Pune,Bangalore,336.72,05/13/2025,NULL,NULL
SHO5462,DHL,04/01/2026,In Transit,Mumbai,Chennai,268.67,04/08/2026,NULL,NULL
SHO5466,FEDEX,11/10/2025,Accepted,Delhi,Pune,331.92,NULL,NULL,NULL
SHO5470,FEDEX,02/07/2025,In Transit,Mumbai,Delhi,483.75,02/13/2025,NULL,NULL
SHO5473,BLUEDART,11/20/2024,Pending,Chennai,Hyderabad,77.23,11/23/2024,NULL,NULL
SHO5474,BLUEDART,03/07/2024,In Transit,Mumbai,Pune,355.41,06/07/2024,NULL,NULL
SHO5479,BLUEDART,12/08/2025,Delayed,Mumbai,Chennai,322.27,12/10/2025,12/20/2025,NULL
SHO5480,DHL,05/20/2024,In Transit,Chennai,Bangalore,201.68,05/24/2024,NULL,NULL
SHO5485,BLUEDART,04/26/2025,In Transit,Hyderabad,Mumbai,306.0,05/02/2025,NULL,NULL
SHO5487,BLUEDART,08/09/2025,Delivered,Chennai,Mumbai,31.95,10/09/2025,12/09/2025,61
SHO5488,FEDEX,01/30/2024,In Transit,Chennai,Mumbai,421.4,02/02/2024,NULL,NULL
SHO5490,DHL,10/24/2025,Delayed,Delhi,Pune,229.18,NULL,NULL,NULL
SHO5492,BLUEDART,12/21/2025,Accepted,Mumbai,Hyderabad,122.52,12/25/2025,NULL,NULL
SHO5498,DHL,04/13/2025,In Transit,Bangalore,Hyderabad,259.81,NULL,NULL,NULL
SHO5501,FEDEX,08/10/2024,Delayed,Bangalore,Delhi,238.56,10/10/2024,NULL,NULL
SHO5503,BLUEDART,11/05/2024,Accepted,Delhi,Hyderabad,260.12,11/07/2024,NULL,NULL
SHO5506,BLUEDART,06/21/2025,Delayed,Mumbai,Chennai,190.15,06/27/2025,06/29/2025,NULL
SHO5511,FEDEX,10/13/2024,Pending,Hyderabad,Delhi,97.41,NULL,NULL,NULL
SHO5512,DHL,06/01/2025,In Transit,Hyderabad,Bangalore,337.53,NULL,NULL,NULL
SHO5513,FEDEX,09/05/2026,Accepted,Bangalore,Hyderabad,192.36,11/05/2026,NULL,NULL
SHO5517,DHL,02/26/2024,Accepted,Hyderabad,Mumbai,258.36,02/28/2024,NULL,NULL
SHO5518,FEDEX,01/13/2024,Pending,Hyderabad,Mumbai,24.2,NULL,NULL,NULL
SHO5520,DHL,08/09/2024,Pending,Mumbai,Pune,255.57,08/12/2024,NULL,NULL
SHO5521,BLUEDART,02/12/2024,Delayed,Bangalore,Delhi,459.3,05/12/2024,NULL,NULL
SHO5522,FEDEX,10/24/2024,In Transit,Bangalore,Mumbai,296.17,NULL,NULL,NULL
SHO5523,BLUEDART,03/31/2024,Delayed,Hyderabad,Delhi,237.36,04/06/2024,04/15/2024,NULL
SHO5525,FEDEX,08/05/2025,In Transit,Bangalore,Pune,54.66,08/08/2025,NULL,NULL
SHO5527,DHL,10/31/2025,Delayed,Delhi,Mumbai,490.09,NULL,11/15/2025,NULL
SHO5530,FEDEX,06/09/2024,In Transit,Mumbai,Delhi,495.34,09/13/2024,NULL,NULL
SHO5532,BLUEDART,09/15/2024,In Transit,Chennai,Hyderabad,165.35,NULL,NULL,NULL
SHO5533,FEDEX,12/13/2025,In Transit,Hyderabad,Chennai,169.73,12/15/2025,NULL,NULL
SHO5534,BLUEDART,01/21/2026,Pending,Pune,Hyderabad,75.17,01/25/2026,NULL,NULL
SHO5536,DHL,06/21/2024,Pending,Delhi,Mumbai,458.97,06/28/2024,NULL,NULL
SHO5538,FEDEX,11/11/2025,Pending,Bangalore,Delhi,277.83,11/13/2025,NULL,NULL
SHO5539,FEDEX,07/31/2025,In Transit,Hyderabad,Mumbai,33.61,08/04/2025,NULL,NULL
SHO5540,BLUEDART,06/07/2024,In Transit,Hyderabad,Chennai,253.78,12/06/2024,NULL,NULL
SHO5543,BLUEDART,11/22/2024,Delayed,Pune,Hyderabad,170.02,11/29/2024,NULL,NULL
SHO5545,DHL,05/06/2024,Delayed,Hyderabad,Delhi,72.55,05/12/2024,05/22/2024,NULL
SHO5548,FEDEX,02/01/2024,Pending,Hyderabad,Mumbai,499.38,02/07/2024,NULL,NULL
SHO5549,DHL,05/10/2026,Delayed,Chennai,Bangalore,410.74,NULL,05/16/2026,NULL
SHO5555,DHL,12/20/2025,Delayed,Bangalore,Mumbai,2.38,12/25/2025,01/04/2026,NULL
SHO5561,DHL,06/06/2025,Pending,Mumbai,Delhi,22.45,06/08/2025,NULL,NULL
SHO5565,BLUEDART,05/19/2026,Pending,Pune,Delhi,287.04,NULL,NULL,NULL
SHO5567,DHL,01/20/2024,In Transit,Hyderabad,Mumbai,142.06,NULL,NULL,NULL
SHO5568,BLUEDART,09/09/2024,Delayed,Mumbai,Pune,183.63,09/13/2024,NULL,NULL
SHO5569,DHL,08/25/2025,Pending,Hyderabad,Delhi,478.53,NULL,NULL,NULL
SHO5575,DHL,10/03/2025,Pending,Chennai,Bangalore,320.01,10/05/2025,NULL,NULL
SHO5576,DHL,09/12/2024,In Transit,Hyderabad,Mumbai,72.01,09/14/2024,NULL,NULL
SHO5577,BLUEDART,06/24/2025,Accepted,Hyderabad,Delhi,472.69,06/27/2025,NULL,NULL
SHO5579,FEDEX,04/10/2024,Delayed,Hyderabad,Delhi,200.27,10/08/2024,10/17/2024,NULL
SHO5582,DHL,07/12/2024,Delivered,Chennai,Bangalore,442.55,07/16/2024,07/19/2024,3
SHO5583,BLUEDART,10/26/2024,In Transit,Delhi,Chennai,2.7,10/28/2024,NULL,NULL
SHO5584,BLUEDART,09/15/2025,Delayed,Hyderabad,Chennai,146.42,09/19/2025,09/24/2025,NULL
SHO5585,FEDEX,03/02/2025,Delayed,Mumbai,Pune,404.81,NULL,NULL,NULL
SHO5586,FEDEX,12/07/2024,Delayed,Chennai,Delhi,367.98,12/11/2024,12/17/2024,NULL
SHO5587,BLUEDART,10/22/2025,Pending,Chennai,Pune,365.44,10/29/2025,NULL,NULL
SHO5589,FEDEX,03/05/2025,Accepted,Pune,Delhi,474.6,05/05/2025,NULL,NULL
SHO5590,DHL,11/17/2025,Delayed,Pune,Hyderabad,46.38,NULL,NULL,NULL
SHO5591,DHL,05/13/2026,Pending,Hyderabad,Bangalore,199.01,05/15/2026,NULL,NULL
SHO5594,BLUEDART,04/07/2024,In Transit,Mumbai,Hyderabad,409.59,08/07/2024,NULL,NULL
SHO5595,BLUEDART,04/19/2024,Accepted,Pune,Hyderabad,89.31,04/21/2024,NULL,NULL
SHO5596,DHL,10/06/2024,Delayed,Pune,Delhi,470.31,10/12/2024,NULL,NULL
SHO5597,FEDEX,05/03/2024,Pending,Pune,Mumbai,359.96,05/05/2024,NULL,NULL
SHO5600,DHL,09/23/2024,In Transit,Mumbai,Hyderabad,287.06,NULL,NULL,NULL
SHO5601,DHL,01/04/2025,In Transit,Hyderabad,Bangalore,74.48,01/11/2025,NULL,NULL
SHO5604,BLUEDART,01/30/2026,Pending,Chennai,Bangalore,441.7,02/05/2026,NULL,NULL
SHO5605,FEDEX,01/11/2026,In Transit,Hyderabad,Mumbai,431.35,NULL,NULL,NULL
SHO5609,DHL,04/14/2026,Delayed,Chennai,Pune,201.06,04/21/2026,04/27/2026,NULL
SHO5611,DHL,04/19/2025,Pending,Pune,Mumbai,189.85,NULL,NULL,NULL
SHO5612,BLUEDART,02/15/2024,Delayed,Mumbai,Pune,34.72,02/20/2024,02/27/2024,NULL
SHO5616,BLUEDART,07/01/2025,Delivered,Mumbai,Bangalore,217.11,07/07/2025,07/08/2025,1
SHO5617,FEDEX,04/11/2025,Delivered,Delhi,Pune,457.5,11/06/2025,05/11/2025,0
SHO5623,BLUEDART,10/18/2025,In Transit,Mumbai,Delhi,160.81,10/23/2025,NULL,NULL
SHO5628,BLUEDART,12/09/2025,Accepted,Hyderabad,Pune,471.39,NULL,NULL,NULL
SHO5629,DHL,05/30/2024,In Transit,Bangalore,Hyderabad,431.19,06/05/2024,NULL,NULL
SHO5631,BLUEDART,01/21/2024,Delivered,Delhi,Bangalore,460.93,01/27/2024,01/25/2024,0
SHO5636,DHL,09/02/2024,Accepted,Mumbai,Hyderabad,469.78,09/05/2024,NULL,NULL
SHO5637,DHL,09/12/2025,Pending,Chennai,Mumbai,408.64,NULL,NULL,NULL
SHO5644,BLUEDART,01/25/2026,Accepted,Bangalore,Delhi,395.84,NULL,NULL,NULL
SHO5647,BLUEDART,09/21/2025,In Transit,Delhi,Bangalore,195.91,09/27/2025,NULL,NULL
SHO5652,BLUEDART,08/16/2024,In Transit,Mumbai,Pune,262.48,NULL,NULL,NULL
SHO5654,FEDEX,10/18/2024,Pending,Bangalore,Hyderabad,178.01,10/22/2024,NULL,NULL
SHO5656,FEDEX,03/10/2024,In Transit,Chennai,Pune,128.63,03/15/2024,NULL,NULL
SHO5657,BLUEDART,04/20/2025,In Transit,Chennai,Pune,487.67,NULL,NULL,NULL
SHO5658,BLUEDART,03/15/2025,Pending,Chennai,Pune,383.14,NULL,NULL,NULL
SHO5660,FEDEX,01/25/2024,Delayed,Pune,Hyderabad,41.89,01/31/2024,02/08/2024,NULL
SHO5664,BLUEDART,03/12/2025,Delivered,Delhi,Pune,453.65,06/12/2025,09/12/2025,92
SHO5665,DHL,02/04/2025,Delayed,Bangalore,Mumbai,240.58,08/04/2025,04/17/2025,NULL
SHO5669,DHL,06/12/2025,Delivered,Pune,Chennai,400.32,06/18/2025,06/23/2025,5
SHO5671,BLUEDART,07/24/2024,In Transit,Pune,Chennai,210.46,NULL,NULL,NULL
SHO5673,BLUEDART,10/24/2024,In Transit,Bangalore,Hyderabad,92.9,NULL,NULL,NULL
SHO5676,DHL,04/21/2026,Delivered,Chennai,Bangalore,266.75,04/24/2026,04/22/2026,0
SHO5677,DHL,02/13/2025,In Transit,Mumbai,Pune,54.52,NULL,NULL,NULL
SHO5681,DHL,11/20/2024,Accepted,Delhi,Pune,192.79,11/26/2024,11/29/2024,NULL
SHO5682,DHL,11/20/2025,In Transit,Pune,Hyderabad,401.4,NULL,NULL,NULL
SHO5685,DHL,06/15/2025,Pending,Pune,Hyderabad,292.75,NULL,NULL,NULL
SHO5689,FEDEX,04/27/2024,Delayed,Hyderabad,Mumbai,450.14,NULL,05/01/2024,NULL
SHO5690,BLUEDART,11/06/2025,In Transit,Chennai,Mumbai,263.36,NULL,NULL,NULL
SHO5693,FEDEX,09/22/2025,Pending,Mumbai,Pune,289.48,NULL,NULL,NULL
SHO5696,BLUEDART,02/06/2025,Delayed,Hyderabad,Mumbai,112.76,06/06/2025,06/08/2025,NULL
SHO5701,DHL,05/26/2025,Delayed,Pune,Chennai,191.84,05/31/2025,06/10/2025,NULL
SHO5703,DHL,01/04/2026,In Transit,Mumbai,Bangalore,382.65,04/03/2026,NULL,NULL
SHO5704,BLUEDART,01/28/2026,In Transit,Pune,Mumbai,454.98,01/30/2026,NULL,NULL
SHO5706,DHL,06/27/2024,Pending,Mumbai,Bangalore,387.35,06/29/2024,NULL,NULL
SHO5709,DHL,10/23/2024,In Transit,Bangalore,Chennai,454.04,10/25/2024,NULL,NULL
SHO5710,DHL,10/04/2024,Delayed,Bangalore,Delhi,63.02,10/09/2024,11/10/2024,NULL
SHO5711,DHL,10/27/2025,Delivered,Chennai,Mumbai,398.45,11/03/2025,11/08/2025,5
SHO5712,FEDEX,02/23/2025,In Transit,Bangalore,Mumbai,201.25,02/26/2025,NULL,NULL
SHO5717,FEDEX,09/21/2025,In Transit,Bangalore,Chennai,410.74,09/25/2025,NULL,NULL
SHO5718,FEDEX,03/19/2024,Accepted,Bangalore,Chennai,31.8,03/25/2024,NULL,NULL
SHO5720,BLUEDART,04/17/2024,Pending,Bangalore,Mumbai,175.84,04/19/2024,NULL,NULL
SHO5722,DHL,06/26/2025,In Transit,Chennai,Bangalore,40.67,06/30/2025,NULL,NULL
SHO5723,FEDEX,07/16/2024,Delayed,Hyderabad,Chennai,109.1,07/18/2024,07/24/2024,NULL
SHO5725,FEDEX,10/13/2024,In Transit,Pune,Bangalore,398.42,10/20/2024,NULL,NULL
SHO5732,BLUEDART,06/05/2024,Pending,Mumbai,Hyderabad,231.3,NULL,NULL,NULL
SHO5733,BLUEDART,09/12/2025,In Transit,Delhi,Bangalore,9.23,12/11/2025,NULL,NULL
SHO5738,BLUEDART,05/15/2025,In Transit,Bangalore,Chennai,8.01,05/20/2025,NULL,NULL
SHO5740,FEDEX,02/11/2025,Delivered,Bangalore,Delhi,481.47,09/11/2025,11/09/2025,59
SHO5741,DHL,07/15/2024,Pending,Hyderabad,Bangalore,402.6,07/17/2024,NULL,NULL
SHO5742,DHL,01/13/2024,In Transit,Bangalore,Pune,126.07,01/17/2024,NULL,NULL
SHO5743,DHL,05/20/2025,Delayed,Chennai,Pune,200.8,05/24/2025,05/28/2025,NULL
SHO5749,FEDEX,02/25/2026,Delivered,Mumbai,Bangalore,99.38,03/03/2026,03/05/2026,2
SHO5753,FEDEX,11/18/2025,In Transit,Bangalore,Chennai,463.65,NULL,NULL,NULL
SHO5754,FEDEX,01/21/2026,Delivered,Chennai,Pune,269.43,01/24/2026,01/26/2026,2
SHO5755,DHL,03/20/2024,In Transit,Delhi,Mumbai,155.55,NULL,NULL,NULL
SHO5761,FEDEX,02/08/2026,In Transit,Pune,Delhi,79.85,02/15/2026,NULL,NULL
SHO5762,FEDEX,07/27/2025,Accepted,Hyderabad,Chennai,338.92,08/02/2025,NULL,NULL
SHO5763,BLUEDART,10/10/2024,In Transit,Delhi,Pune,494.5,10/17/2024,NULL,NULL
SHO5766,BLUEDART,02/11/2024,Delayed,Hyderabad,Chennai,335.45,NULL,02/16/2024,NULL
SHO5770,BLUEDART,01/26/2025,In Transit,Delhi,Chennai,308.86,01/29/2025,NULL,NULL
SHO5771,BLUEDART,01/26/2025,Pending,Bangalore,Mumbai,324.85,01/29/2025,NULL,NULL
SHO5773,DHL,07/01/2024,Delayed,Pune,Mumbai,308.28,NULL,NULL,NULL
SHO5774,FEDEX,05/11/2025,In Transit,Pune,Delhi,447.14,05/13/2025,NULL,NULL
SHO5780,DHL,04/12/2024,Delayed,Delhi,Pune,187.86,NULL,04/22/2024,NULL
SHO5782,DHL,06/09/2025,Accepted,Bangalore,Pune,465.01,06/14/2025,NULL,NULL
SHO5784,BLUEDART,02/03/2024,Pending,Mumbai,Bangalore,241.52,06/03/2024,NULL,NULL
SHO5785,FEDEX,12/15/2025,In Transit,Pune,Delhi,181.48,12/21/2025,NULL,NULL
SHO5786,DHL,03/14/2025,Delayed,Chennai,Bangalore,345.03,03/21/2025,NULL,NULL
SHO5787,BLUEDART,05/20/2025,Pending,Pune,Delhi,444.9,NULL,NULL,NULL
SHO5788,BLUEDART,08/03/2026,Pending,Hyderabad,Bangalore,214.89,NULL,NULL,NULL
SHO5790,DHL,12/15/2024,In Transit,Hyderabad,Pune,250.27,12/18/2024,NULL,NULL
SHO5792,DHL,08/15/2025,Delayed,Pune,Bangalore,243.64,NULL,NULL,NULL
SHO5796,FEDEX,06/20/2026,Pending,Chennai,Pune,448.98,06/26/2026,NULL,NULL
SHO5799,DHL,03/13/2025,In Transit,Bangalore,Hyderabad,308.27,03/18/2025,NULL,NULL
SHO5801,BLUEDART,04/21/2026,Pending,Mumbai,Hyderabad,483.25,NULL,NULL,NULL
SHO5802,FEDEX,05/12/2024,Pending,Hyderabad,Chennai,413.51,05/14/2024,NULL,NULL
SHO5803,DHL,03/27/2024,In Transit,Mumbai,Pune,139.73,04/01/2024,NULL,NULL
SHO5804,DHL,09/07/2024,Accepted,Pune,Mumbai,302.14,09/09/2024,NULL,NULL
SHO5806,BLUEDART,03/14/2026,Pending,Delhi,Hyderabad,191.51,03/21/2026,NULL,NULL
SHO5810,DHL,08/10/2024,Pending,Delhi,Chennai,312.7,10/15/2024,NULL,NULL
SHO5811,FEDEX,01/04/2026,In Transit,Chennai,Pune,185.9,01/07/2026,NULL,NULL
SHO5812,FEDEX,11/20/2024,Accepted,Bangalore,Mumbai,30.64,NULL,NULL,NULL
SHO5813,BLUEDART,01/24/2024,Accepted,Delhi,Chennai,478.71,01/26/2024,NULL,NULL
SHO5814,FEDEX,06/07/2024,In Transit,Hyderabad,Bangalore,79.49,07/13/2024,NULL,NULL
SHO5816,BLUEDART,01/02/2025,Delayed,Bangalore,Chennai,274.08,02/08/2025,12/02/2025,NULL
SHO5818,FEDEX,08/22/2025,In Transit,Delhi,Bangalore,248.5,08/29/2025,NULL,NULL
SHO5819,FEDEX,06/15/2024,Accepted,Mumbai,Bangalore,170.96,NULL,NULL,NULL
SHO5820,DHL,05/06/2026,Pending,Pune,Mumbai,430.28,09/06/2026,NULL,NULL
SHO5821,BLUEDART,04/25/2025,Delivered,Chennai,Bangalore,267.49,04/27/2025,05/02/2025,5
SHO5822,BLUEDART,12/17/2025,Accepted,Hyderabad,Delhi,346.0,12/20/2025,NULL,NULL
SHO5825,FEDEX,09/20/2025,Accepted,Pune,Mumbai,220.11,09/24/2025,NULL,NULL
SHO5826,BLUEDART,12/15/2024,Delayed,Chennai,Mumbai,103.84,12/20/2024,NULL,NULL
SHO5827,BLUEDART,05/20/2024,In Transit,Mumbai,Delhi,96.32,05/22/2024,NULL,NULL
SHO5832,FEDEX,12/23/2025,Delayed,Bangalore,Hyderabad,369.44,NULL,01/01/2026,NULL
SHO5838,FEDEX,01/01/2026,Delivered,Delhi,Mumbai,28.37,01/04/2026,05/01/2026,117
SHO5847,BLUEDART,09/15/2024,Pending,Bangalore,Mumbai,125.69,09/18/2024,NULL,NULL
SHO5848,FEDEX,07/06/2024,In Transit,Pune,Delhi,270.36,NULL,NULL,NULL
SHO5849,BLUEDART,01/06/2024,Pending,Chennai,Pune,216.0,04/06/2024,NULL,NULL
SHO5852,FEDEX,05/19/2026,Pending,Pune,Chennai,242.37,05/22/2026,NULL,NULL
SHO5853,FEDEX,10/18/2025,Accepted,Bangalore,Chennai,164.73,10/21/2025,NULL,NULL
SHO5854,FEDEX,12/23/2025,In Transit,Pune,Chennai,258.59,NULL,NULL,NULL
SHO5856,DHL,06/30/2024,Delayed,Chennai,Hyderabad,225.35,07/02/2024,07/03/2024,NULL
SHO5858,BLUEDART,05/13/2024,Accepted,Mumbai,Hyderabad,45.88,05/15/2024,NULL,NULL
SHO5860,DHL,06/25/2024,Pending,Bangalore,Chennai,270.82,06/28/2024,NULL,NULL
SHO5862,DHL,05/18/2026,Pending,Chennai,Bangalore,205.3,NULL,NULL,NULL
SHO5863,DHL,10/10/2025,In Transit,Bangalore,Mumbai,35.13,10/14/2025,NULL,NULL
SHO5864,BLUEDART,11/14/2024,Delayed,Pune,Mumbai,305.13,11/20/2024,NULL,NULL
SHO5865,BLUEDART,04/21/2024,In Transit,Pune,Bangalore,38.42,04/26/2024,NULL,NULL
SHO5866,FEDEX,11/12/2025,Pending,Hyderabad,Delhi,1.49,12/15/2025,NULL,NULL
SHO5867,BLUEDART,01/18/2025,Pending,Bangalore,Chennai,259.39,01/24/2025,NULL,NULL
SHO5871,FEDEX,12/23/2024,In Transit,Pune,Bangalore,107.25,NULL,NULL,NULL
SHO5874,BLUEDART,12/23/2025,In Transit,Pune,Delhi,162.15,12/28/2025,NULL,NULL
SHO5876,DHL,06/13/2024,Delayed,Mumbai,Delhi,233.05,06/18/2024,06/19/2024,NULL
SHO5877,FEDEX,09/25/2025,In Transit,Bangalore,Mumbai,421.88,10/01/2025,NULL,NULL
SHO5878,BLUEDART,11/30/2025,Pending,Bangalore,Delhi,192.96,12/04/2025,NULL,NULL
SHO5879,BLUEDART,01/26/2024,Delivered,Chennai,Bangalore,140.02,01/31/2024,02/02/2024,2
SHO5880,FEDEX,09/18/2025,Pending,Delhi,Bangalore,124.87,09/22/2025,NULL,NULL
SHO5881,BLUEDART,02/04/2025,Delayed,Delhi,Mumbai,412.51,02/10/2025,NULL,NULL
SHO5883,DHL,09/21/2025,Delayed,Hyderabad,Mumbai,209.84,09/23/2025,09/30/2025,NULL
SHO5884,FEDEX,06/07/2026,Pending,Hyderabad,Pune,449.43,09/06/2026,NULL,NULL
SHO5888,FEDEX,07/06/2025,In Transit,Chennai,Bangalore,183.41,07/13/2025,NULL,NULL
SHO5891,FEDEX,10/21/2024,Pending,Bangalore,Delhi,38.43,NULL,NULL,NULL
SHO5892,DHL,07/09/2024,Delayed,Chennai,Bangalore,368.51,09/09/2024,NULL,NULL
SHO5894,BLUEDART,11/04/2026,In Transit,Hyderabad,Mumbai,267.94,NULL,NULL,NULL
SHO5898,BLUEDART,01/06/2024,In Transit,Delhi,Bangalore,354.05,08/01/2024,NULL,NULL
SHO5899,FEDEX,04/06/2024,Pending,Delhi,Pune,242.75,06/11/2024,NULL,NULL
SHO5901,FEDEX,12/24/2025,Pending,Hyderabad,Delhi,6.07,NULL,NULL,NULL
SHO5905,FEDEX,01/04/2024,Delivered,Hyderabad,Pune,492.1,01/07/2024,08/01/2024,207
SHO5906,BLUEDART,10/09/2025,Accepted,Mumbai,Delhi,232.54,10/11/2025,NULL,NULL
SHO5908,DHL,11/12/2025,Delayed,Delhi,Hyderabad,220.43,11/15/2025,11/19/2025,NULL
SHO5910,BLUEDART,02/25/2024,Delayed,Pune,Mumbai,396.55,NULL,03/07/2024,NULL
SHO5911,BLUEDART,06/24/2026,In Transit,Bangalore,Delhi,51.32,07/01/2026,NULL,NULL
SHO5913,BLUEDART,09/11/2025,Delayed,Chennai,Bangalore,374.57,09/16/2025,NULL,NULL
SHO5915,DHL,10/11/2024,Delayed,Hyderabad,Delhi,221.31,NULL,NULL,NULL
SHO5919,DHL,04/04/2024,Delayed,Pune,Bangalore,443.82,07/04/2024,NULL,NULL
SHO5925,DHL,06/24/2026,In Transit,Bangalore,Pune,446.41,06/26/2026,NULL,NULL
SHO5930,DHL,12/13/2024,Delayed,Delhi,Chennai,331.82,12/17/2024,NULL,NULL
SHO5931,BLUEDART,07/18/2024,In Transit,Pune,Delhi,413.73,07/22/2024,NULL,NULL
SHO5932,FEDEX,07/06/2024,Pending,Bangalore,Hyderabad,37.97,10/06/2024,NULL,NULL
SHO5933,DHL,03/12/2026,Accepted,Hyderabad,Pune,337.02,03/16/2026,NULL,NULL
SHO5938,BLUEDART,12/25/2024,Delayed,Chennai,Delhi,115.52,12/29/2024,NULL,NULL
SHO5939,FEDEX,11/25/2025,Delayed,Mumbai,Bangalore,14.41,12/01/2025,NULL,NULL
SHO5940,FEDEX,09/03/2026,Pending,Delhi,Mumbai,133.41,NULL,NULL,NULL
SHO5941,FEDEX,05/21/2024,Delivered,Delhi,Chennai,271.82,05/26/2024,05/31/2024,5
SHO5947,DHL,05/18/2024,In Transit,Pune,Chennai,451.94,05/22/2024,NULL,NULL
SHO5949,DHL,08/04/2025,Pending,Mumbai,Chennai,20.18,10/08/2025,NULL,NULL
SHO5951,DHL,09/06/2025,Delivered,Delhi,Chennai,445.8,09/12/2025,09/10/2025,0
SHO5953,FEDEX,12/24/2024,Pending,Pune,Chennai,491.46,12/26/2024,NULL,NULL
SHO5954,FEDEX,04/24/2025,Delayed,Mumbai,Chennai,293.73,04/26/2025,NULL,NULL
SHO5955,BLUEDART,01/26/2024,Pending,Chennai,Mumbai,289.34,01/30/2024,NULL,NULL
SHO5956,BLUEDART,01/30/2025,In Transit,Pune,Bangalore,399.92,02/02/2025,NULL,NULL
SHO5958,FEDEX,06/12/2025,In Transit,Pune,Hyderabad,51.77,06/17/2025,NULL,NULL
SHO5963,BLUEDART,06/27/2026,In Transit,Pune,Hyderabad,135.01,07/02/2026,NULL,NULL
SHO5968,DHL,04/28/2026,Pending,Mumbai,Hyderabad,28.4,NULL,NULL,NULL
SHO5970,DHL,05/23/2026,Accepted,Pune,Hyderabad,459.75,05/27/2026,NULL,NULL
SHO5973,BLUEDART,03/31/2025,Delayed,Chennai,Delhi,152.26,04/04/2025,04/09/2025,NULL
SHO5978,FEDEX,01/27/2024,In Transit,Pune,Chennai,2.07,01/29/2024,NULL,NULL
SHO5981,FEDEX,06/06/2025,Delayed,Mumbai,Hyderabad,53.87,06/08/2025,06/17/2025,NULL
SHO5982,FEDEX,12/25/2025,Pending,Hyderabad,Chennai,372.71,NULL,NULL,NULL
SHO5985,FEDEX,11/07/2024,In Transit,Mumbai,Pune,302.3,11/13/2024,NULL,NULL
SHO5986,FEDEX,09/14/2024,Pending,Hyderabad,Bangalore,181.16,09/21/2024,NULL,NULL
SHO5987,BLUEDART,04/11/2024,Pending,Delhi,Chennai,347.49,11/09/2024,NULL,NULL
SHO5989,FEDEX,02/18/2025,In Transit,Delhi,Hyderabad,132.62,02/20/2025,NULL,NULL
SHO5990,FEDEX,06/07/2025,Delivered,Chennai,Hyderabad,301.2,07/10/2025,07/13/2025,3
SHO5992,DHL,11/23/2024,In Transit,Pune,Bangalore,59.6,11/30/2024,NULL,NULL
SHO5993,DHL,02/04/2026,Delayed,Hyderabad,Pune,421.3,04/08/2026,04/17/2026,NULL
SHO5995,BLUEDART,07/28/2025,In Transit,Hyderabad,Delhi,417.89,NULL,NULL,NULL
SHO6003,BLUEDART,06/06/2026,Delivered,Pune,Mumbai,68.56,06/09/2026,06/08/2026,0
SHO6011,BLUEDART,01/24/2024,Delivered,Mumbai,Bangalore,242.49,01/29/2024,03/02/2024,33
SHO6015,FEDEX,04/24/2025,Delivered,Chennai,Mumbai,453.08,04/29/2025,04/27/2025,0
SHO6017,BLUEDART,08/09/2025,Pending,Pune,Hyderabad,458.47,09/10/2025,NULL,NULL
SHO6018,FEDEX,10/20/2024,Accepted,Mumbai,Chennai,264.44,NULL,NULL,NULL
SHO6024,BLUEDART,11/17/2025,Pending,Bangalore,Hyderabad,324.89,NULL,NULL,NULL
SHO6027,BLUEDART,07/30/2024,Pending,Hyderabad,Pune,229.94,08/03/2024,NULL,NULL
SHO6029,FEDEX,03/28/2024,Delayed,Pune,Delhi,201.22,04/04/2024,04/12/2024,NULL
SHO6030,FEDEX,10/17/2025,Delayed,Hyderabad,Chennai,349.33,NULL,10/30/2025,NULL
SHO6032,BLUEDART,12/11/2025,Pending,Delhi,Bangalore,179.15,NULL,NULL,NULL
SHO6034,BLUEDART,09/23/2025,Pending,Mumbai,Bangalore,207.24,09/26/2025,NULL,NULL
SHO6035,FEDEX,07/26/2024,Delivered,Delhi,Hyderabad,340.92,07/31/2024,08/01/2024,1
SHO6037,BLUEDART,02/28/2026,Delayed,Mumbai,Chennai,396.99,03/02/2026,11/03/2026,NULL
SHO6038,BLUEDART,08/24/2024,Pending,Delhi,Bangalore,248.97,08/31/2024,NULL,NULL
SHO6039,FEDEX,06/20/2024,Delivered,Bangalore,Chennai,247.22,06/26/2024,06/27/2024,1
SHO6041,BLUEDART,02/26/2025,In Transit,Mumbai,Bangalore,317.37,03/05/2025,NULL,NULL
SHO6042,DHL,04/17/2026,In Transit,Hyderabad,Pune,164.23,NULL,NULL,NULL
SHO6046,FEDEX,01/20/2025,In Transit,Bangalore,Delhi,1.64,01/27/2025,NULL,NULL
SHO6047,DHL,03/01/2024,Delayed,Hyderabad,Mumbai,404.09,03/07/2024,NULL,NULL
SHO6053,FEDEX,02/22/2026,Delayed,Hyderabad,Pune,373.12,02/28/2026,03/02/2026,NULL
SHO6054,BLUEDART,07/29/2025,Accepted,Bangalore,Mumbai,163.74,NULL,NULL,NULL
SHO6058,DHL,02/27/2026,In Transit,Hyderabad,Bangalore,291.3,03/04/2026,NULL,NULL
SHO6059,BLUEDART,04/25/2026,In Transit,Hyderabad,Delhi,183.33,04/28/2026,NULL,NULL
SHO6061,DHL,08/09/2024,Accepted,Pune,Delhi,188.0,NULL,NULL,NULL
SHO6062,BLUEDART,01/08/2026,Delivered,Chennai,Hyderabad,114.88,01/14/2026,01/19/2026,5
SHO6063,DHL,01/26/2026,Accepted,Bangalore,Chennai,397.78,01/29/2026,NULL,NULL
SHO6065,DHL,03/17/2024,Pending,Pune,Hyderabad,361.5,03/22/2024,NULL,NULL
SHO6068,DHL,01/30/2024,Accepted,Pune,Delhi,172.83,NULL,NULL,NULL
SHO6069,BLUEDART,06/16/2025,Delivered,Hyderabad,Delhi,137.84,06/23/2025,06/27/2025,4
SHO6073,BLUEDART,07/18/2024,Pending,Hyderabad,Delhi,240.53,NULL,NULL,NULL
SHO6074,FEDEX,01/03/2025,Accepted,Chennai,Delhi,162.69,NULL,03/07/2025,NULL
SHO6075,BLUEDART,08/28/2025,In Transit,Pune,Chennai,437.0,NULL,NULL,NULL
SHO6082,BLUEDART,02/02/2026,Pending,Chennai,Pune,124.1,02/06/2026,NULL,NULL
SHO6083,DHL,02/07/2025,Delayed,Mumbai,Pune,369.34,07/09/2025,07/19/2025,NULL
SHO6084,DHL,10/28/2025,Pending,Delhi,Bangalore,126.23,11/02/2025,NULL,NULL
SHO6087,DHL,02/01/2025,In Transit,Chennai,Delhi,315.4,NULL,NULL,NULL
SHO6088,FEDEX,07/01/2025,Pending,Pune,Chennai,13.04,09/01/2025,NULL,NULL
SHO6089,FEDEX,04/04/2024,Pending,Delhi,Mumbai,352.5,04/09/2024,NULL,NULL
SHO6090,FEDEX,09/15/2024,In Transit,Delhi,Bangalore,140.77,09/22/2024,NULL,NULL
SHO6094,DHL,02/02/2026,Pending,Mumbai,Bangalore,135.12,07/02/2026,NULL,NULL
SHO6097,FEDEX,01/01/2025,Pending,Chennai,Delhi,293.25,01/06/2025,NULL,NULL
SHO6099,BLUEDART,01/23/2024,Pending,Mumbai,Delhi,132.48,01/27/2024,NULL,NULL
SHO6100,FEDEX,10/07/2025,Delivered,Hyderabad,Bangalore,320.1,10/14/2025,10/16/2025,2
SHO6105,FEDEX,03/22/2025,Accepted,Delhi,Bangalore,256.13,03/26/2025,NULL,NULL
SHO6109,BLUEDART,10/17/2025,Pending,Bangalore,Mumbai,230.17,NULL,NULL,NULL
SHO6111,BLUEDART,05/15/2026,Delayed,Pune,Bangalore,131.1,05/20/2026,05/30/2026,NULL
SHO6112,DHL,02/01/2025,Delayed,Pune,Bangalore,75.32,NULL,02/13/2025,NULL
SHO6117,FEDEX,03/15/2026,Pending,Chennai,Hyderabad,192.42,NULL,NULL,NULL
SHO6119,DHL,04/03/2026,Delayed,Delhi,Mumbai,432.3,NULL,NULL,NULL
SHO6124,BLUEDART,05/22/2024,In Transit,Hyderabad,Chennai,124.65,05/27/2024,NULL,NULL
SHO6127,DHL,06/28/2024,In Transit,Hyderabad,Mumbai,96.58,07/02/2024,NULL,NULL
SHO6131,DHL,12/07/2024,Pending,Hyderabad,Pune,108.02,12/12/2024,NULL,NULL
SHO6134,FEDEX,01/01/2025,In Transit,Delhi,Hyderabad,348.95,NULL,NULL,NULL
SHO6139,FEDEX,10/19/2024,In Transit,Pune,Delhi,332.14,10/21/2024,NULL,NULL
SHO6140,BLUEDART,08/22/2024,In Transit,Pune,Mumbai,211.3,08/27/2024,NULL,NULL
SHO6141,FEDEX,04/23/2026,Pending,Chennai,Delhi,308.13,04/27/2026,NULL,NULL
SHO6142,DHL,12/23/2025,Delayed,Hyderabad,Mumbai,50.21,12/30/2025,04/01/2026,NULL
SHO6143,DHL,03/05/2025,Delayed,Mumbai,Delhi,483.67,07/05/2025,05/09/2025,NULL
SHO6144,FEDEX,04/17/2025,Pending,Delhi,Bangalore,221.28,04/21/2025,NULL,NULL
SHO6146,BLUEDART,03/23/2026,In Transit,Delhi,Chennai,463.55,NULL,NULL,NULL
SHO6149,FEDEX,03/01/2024,Delayed,Bangalore,Chennai,239.18,03/07/2024,03/09/2024,NULL
SHO6151,BLUEDART,12/10/2024,In Transit,Bangalore,Mumbai,433.7,12/14/2024,NULL,NULL
SHO6153,BLUEDART,06/24/2026,Delayed,Bangalore,Pune,485.27,06/30/2026,07/09/2026,NULL
SHO6154,BLUEDART,06/26/2024,In Transit,Chennai,Pune,423.6,06/29/2024,NULL,NULL
SHO6156,FEDEX,10/12/2024,Pending,Chennai,Hyderabad,49.17,10/17/2024,NULL,NULL
SHO6157,BLUEDART,11/18/2025,Pending,Mumbai,Pune,419.79,11/24/2025,NULL,NULL
SHO6159,FEDEX,01/02/2026,Accepted,Delhi,Hyderabad,420.24,01/07/2026,NULL,NULL
SHO6160,FEDEX,12/19/2024,Delayed,Bangalore,Chennai,232.14,NULL,NULL,NULL
SHO6161,BLUEDART,04/15/2025,Pending,Hyderabad,Delhi,325.49,04/19/2025,NULL,NULL
SHO6162,BLUEDART,02/29/2024,Pending,Mumbai,Chennai,401.12,05/03/2024,NULL,NULL
SHO6167,FEDEX,04/09/2025,In Transit,Chennai,Delhi,272.22,10/09/2025,NULL,NULL
SHO6172,FEDEX,06/26/2026,Pending,Hyderabad,Pune,230.18,07/01/2026,NULL,NULL
SHO6176,FEDEX,12/05/2024,In Transit,Pune,Delhi,236.16,NULL,NULL,NULL
SHO6177,DHL,03/07/2024,Delivered,Chennai,Bangalore,480.18,06/07/2024,04/07/2024,0
SHO6178,FEDEX,09/29/2024,Accepted,Chennai,Pune,132.09,10/05/2024,NULL,NULL
SHO6179,DHL,05/21/2024,In Transit,Chennai,Delhi,339.81,05/23/2024,NULL,NULL
SHO6180,DHL,12/31/2025,In Transit,Delhi,Hyderabad,229.61,NULL,NULL,NULL
SHO6181,BLUEDART,11/12/2025,Delayed,Hyderabad,Bangalore,329.41,12/13/2025,NULL,NULL
SHO6182,FEDEX,06/04/2025,In Transit,Pune,Bangalore,353.28,06/11/2025,NULL,NULL
SHO6184,DHL,06/30/2024,In Transit,Mumbai,Bangalore,47.26,NULL,NULL,NULL
SHO6186,FEDEX,04/20/2024,Pending,Mumbai,Pune,86.25,04/26/2024,NULL,NULL
SHO6189,FEDEX,08/07/2024,Delivered,Hyderabad,Chennai,490.79,08/14/2024,08/15/2024,1
SHO6190,DHL,04/17/2024,In Transit,Mumbai,Bangalore,161.26,04/22/2024,NULL,NULL
SHO6193,FEDEX,08/23/2025,Delayed,Delhi,Bangalore,452.89,NULL,08/31/2025,NULL
SHO6196,DHL,05/11/2024,Accepted,Bangalore,Chennai,51.29,11/11/2024,NULL,NULL
SHO6198,FEDEX,07/24/2025,Accepted,Delhi,Hyderabad,222.92,07/30/2025,NULL,NULL
SHO6199,FEDEX,04/22/2024,In Transit,Chennai,Pune,219.4,NULL,NULL,NULL
SHO6201,BLUEDART,09/19/2024,Pending,Delhi,Mumbai,351.87,NULL,NULL,NULL
SHO6204,DHL,01/02/2025,In Transit,Bangalore,Hyderabad,495.84,NULL,NULL,NULL
SHO6205,DHL,02/21/2024,In Transit,Bangalore,Hyderabad,215.91,02/27/2024,NULL,NULL
SHO6208,BLUEDART,04/15/2026,Delivered,Hyderabad,Mumbai,381.66,04/17/2026,04/22/2026,5
SHO6212,DHL,04/01/2024,Accepted,Delhi,Mumbai,431.82,04/06/2024,NULL,NULL
SHO6213,FEDEX,08/12/2024,In Transit,Mumbai,Delhi,472.58,08/15/2024,NULL,NULL
SHO6214,BLUEDART,02/06/2024,Accepted,Chennai,Pune,200.99,06/06/2024,NULL,NULL
SHO6215,DHL,05/08/2025,Accepted,Pune,Mumbai,70.42,05/12/2025,NULL,NULL
SHO6219,FEDEX,10/02/2024,Delayed,Bangalore,Pune,73.43,NULL,10/11/2024,NULL
SHO6221,DHL,01/11/2025,Pending,Hyderabad,Chennai,319.4,01/17/2025,NULL,NULL
SHO6222,BLUEDART,05/27/2024,Pending,Bangalore,Pune,203.51,05/31/2024,NULL,NULL
SHO6228,DHL,04/07/2024,Delivered,Pune,Chennai,266.37,04/13/2024,04/18/2024,5
SHO6229,DHL,06/29/2025,Delayed,Hyderabad,Mumbai,8.17,07/03/2025,NULL,NULL
SHO6231,DHL,08/12/2024,Pending,Hyderabad,Pune,165.4,NULL,NULL,NULL
SHO6233,DHL,01/26/2025,Accepted,Mumbai,Delhi,274.41,01/28/2025,02/04/2025,NULL
SHO6235,FEDEX,01/21/2024,Delayed,Mumbai,Hyderabad,338.08,01/23/2024,01/30/2024,NULL
SHO6236,DHL,03/04/2025,Accepted,Chennai,Bangalore,496.69,09/03/2025,NULL,NULL
SHO6237,BLUEDART,05/11/2024,Delayed,Hyderabad,Chennai,272.41,NULL,05/21/2024,NULL
SHO6238,DHL,05/07/2024,In Transit,Hyderabad,Chennai,197.47,07/12/2024,NULL,NULL
SHO6242,DHL,09/29/2025,Accepted,Bangalore,Delhi,405.29,10/02/2025,NULL,NULL
SHO6245,DHL,07/02/2026,Pending,Chennai,Hyderabad,370.93,NULL,NULL,NULL
SHO6250,FEDEX,09/18/2025,Delayed,Bangalore,Chennai,387.49,09/22/2025,09/28/2025,NULL
SHO6253,BLUEDART,09/07/2024,Delayed,Chennai,Pune,135.44,09/11/2024,09/16/2024,NULL
SHO6254,BLUEDART,08/10/2025,Delayed,Bangalore,Hyderabad,34.15,08/12/2025,08/19/2025,NULL
SHO6255,BLUEDART,06/19/2025,Delivered,Chennai,Hyderabad,369.9,06/21/2025,06/25/2025,4
SHO6256,BLUEDART,04/19/2024,Pending,Bangalore,Delhi,189.25,04/23/2024,NULL,NULL
SHO6258,FEDEX,03/31/2025,In Transit,Pune,Bangalore,371.55,04/05/2025,NULL,NULL
SHO6259,FEDEX,05/10/2026,Delayed,Bangalore,Hyderabad,493.16,05/12/2026,05/21/2026,NULL
SHO6261,BLUEDART,10/15/2024,In Transit,Delhi,Pune,391.91,10/22/2024,NULL,NULL
SHO6262,FEDEX,01/30/2025,Delivered,Mumbai,Pune,384.88,02/02/2025,04/02/2025,59
SHO6263,FEDEX,09/12/2024,Delayed,Mumbai,Delhi,469.11,09/19/2024,09/24/2024,NULL
SHO6264,DHL,09/16/2024,Accepted,Hyderabad,Pune,416.69,NULL,NULL,NULL
SHO6265,BLUEDART,10/11/2025,Pending,Bangalore,Mumbai,431.63,10/14/2025,NULL,NULL
SHO6272,FEDEX,04/14/2024,In Transit,Chennai,Mumbai,289.92,04/19/2024,NULL,NULL
SHO6276,FEDEX,01/07/2024,Pending,Chennai,Mumbai,311.8,07/03/2024,NULL,NULL
SHO6277,DHL,06/01/2025,Delayed,Chennai,Hyderabad,255.78,NULL,06/10/2025,NULL
SHO6278,FEDEX,05/16/2024,Delayed,Pune,Delhi,1.62,05/23/2024,05/28/2024,NULL
SHO6279,FEDEX,02/06/2025,In Transit,Chennai,Delhi,359.48,06/04/2025,NULL,NULL
SHO6280,DHL,08/19/2025,Pending,Hyderabad,Bangalore,73.99,08/26/2025,NULL,NULL
SHO6285,BLUEDART,06/09/2025,In Transit,Delhi,Hyderabad,245.64,NULL,NULL,NULL
SHO6287,BLUEDART,12/18/2024,Delayed,Bangalore,Pune,444.58,NULL,NULL,NULL
SHO6289,BLUEDART,01/22/2025,In Transit,Pune,Bangalore,36.73,01/24/2025,NULL,NULL
SHO6290,DHL,06/15/2026,In Transit,Bangalore,Pune,115.11,06/22/2026,NULL,NULL
SHO6291,DHL,05/22/2026,Pending,Pune,Mumbai,281.04,05/25/2026,NULL,NULL
SHO6295,DHL,08/23/2024,In Transit,Pune,Bangalore,379.83,08/29/2024,NULL,NULL
SHO6296,DHL,07/25/2025,Delayed,Mumbai,Delhi,84.77,07/31/2025,08/06/2025,NULL
SHO6303,FEDEX,04/04/2025,In Transit,Hyderabad,Pune,171.45,04/08/2025,NULL,NULL
SHO6304,FEDEX,06/04/2025,Pending,Mumbai,Delhi,150.05,NULL,NULL,NULL
SHO6306,BLUEDART,12/24/2024,Accepted,Chennai,Mumbai,363.02,12/26/2024,NULL,NULL
SHO6308,FEDEX,01/04/2025,In Transit,Hyderabad,Mumbai,301.32,NULL,NULL,NULL
SHO6309,BLUEDART,10/11/2025,Delivered,Bangalore,Pune,68.55,10/16/2025,10/17/2025,1
SHO6310,FEDEX,05/24/2026,Accepted,Delhi,Hyderabad,427.92,05/29/2026,NULL,NULL
SHO6311,BLUEDART,06/15/2026,Pending,Pune,Delhi,241.51,06/19/2026,NULL,NULL
SHO6312,DHL,09/26/2025,In Transit,Bangalore,Mumbai,376.45,09/30/2025,NULL,NULL
SHO6313,DHL,05/10/2025,In Transit,Pune,Chennai,413.62,10/07/2025,NULL,NULL
SHO6315,FEDEX,05/15/2025,Pending,Delhi,Bangalore,172.87,NULL,NULL,NULL
SHO6316,FEDEX,08/15/2025,In Transit,Chennai,Pune,425.29,08/17/2025,NULL,NULL
SHO6317,FEDEX,08/23/2025,Pending,Delhi,Pune,251.4,NULL,NULL,NULL
SHO6318,DHL,06/25/2024,In Transit,Mumbai,Chennai,333.45,NULL,NULL,NULL
SHO6322,BLUEDART,07/28/2025,Pending,Pune,Bangalore,373.1,07/30/2025,NULL,NULL
SHO6329,BLUEDART,07/26/2025,In Transit,Chennai,Mumbai,92.34,NULL,NULL,NULL
SHO6332,DHL,06/25/2024,In Transit,Chennai,Delhi,251.05,06/28/2024,NULL,NULL
SHO6334,DHL,02/10/2024,Delivered,Pune,Mumbai,450.19,05/10/2024,06/10/2024,31
SHO6336,BLUEDART,06/02/2024,Accepted,Delhi,Mumbai,417.5,06/04/2024,NULL,NULL
SHO6338,DHL,05/05/2024,Delayed,Chennai,Pune,372.09,11/05/2024,05/13/2024,NULL
SHO6339,BLUEDART,04/11/2026,In Transit,Hyderabad,Delhi,299.93,04/16/2026,NULL,NULL
SHO6340,FEDEX,02/27/2024,In Transit,Pune,Bangalore,161.27,03/01/2024,NULL,NULL
SHO6341,DHL,11/26/2025,Pending,Bangalore,Chennai,372.19,11/28/2025,NULL,NULL
SHO6342,BLUEDART,03/09/2024,In Transit,Chennai,Bangalore,446.13,NULL,NULL,NULL
SHO6344,BLUEDART,01/31/2026,In Transit,Mumbai,Hyderabad,113.0,07/02/2026,NULL,NULL
SHO6347,DHL,02/06/2026,Pending,Hyderabad,Chennai,201.06,06/05/2026,NULL,NULL
SHO6348,DHL,12/23/2024,Pending,Hyderabad,Mumbai,405.87,12/29/2024,NULL,NULL
SHO6349,BLUEDART,11/20/2024,In Transit,Mumbai,Bangalore,111.16,11/25/2024,NULL,NULL
SHO6351,FEDEX,03/09/2025,Accepted,Delhi,Mumbai,387.85,09/09/2025,NULL,NULL
SHO6354,BLUEDART,07/06/2025,Delivered,Pune,Mumbai,218.42,12/07/2025,10/07/2025,0
SHO6356,BLUEDART,05/23/2026,Pending,Hyderabad,Delhi,39.04,05/26/2026,NULL,NULL
SHO6357,BLUEDART,02/16/2025,Delivered,Chennai,Delhi,315.03,02/20/2025,02/24/2025,4
SHO6360,BLUEDART,02/15/2025,Pending,Bangalore,Chennai,278.22,02/21/2025,NULL,NULL
SHO6362,DHL,04/18/2024,Pending,Delhi,Mumbai,205.05,04/23/2024,NULL,NULL
SHO6363,BLUEDART,06/06/2024,Delivered,Hyderabad,Pune,422.76,06/09/2024,06/11/2024,2
SHO6365,BLUEDART,07/17/2025,In Transit,Mumbai,Delhi,296.92,07/23/2025,NULL,NULL
SHO6367,BLUEDART,01/06/2024,Pending,Pune,Bangalore,120.22,NULL,NULL,NULL
SHO6368,BLUEDART,01/07/2024,In Transit,Chennai,Mumbai,155.56,01/13/2024,NULL,NULL
SHO6370,BLUEDART,11/21/2025,In Transit,Bangalore,Mumbai,462.46,NULL,NULL,NULL
SHO6371,DHL,02/08/2024,Pending,Bangalore,Mumbai,231.29,02/12/2024,NULL,NULL
SHO6376,BLUEDART,07/25/2025,In Transit,Bangalore,Mumbai,206.19,08/01/2025,NULL,NULL
SHO6377,DHL,07/23/2025,Pending,Delhi,Bangalore,109.24,NULL,NULL,NULL
SHO6385,FEDEX,04/26/2024,In Transit,Hyderabad,Pune,446.5,NULL,NULL,NULL
SHO6389,BLUEDART,03/26/2024,In Transit,Chennai,Bangalore,28.95,03/28/2024,NULL,NULL
SHO6390,BLUEDART,11/11/2024,Pending,Bangalore,Chennai,105.97,NULL,NULL,NULL
SHO6391,FEDEX,01/26/2024,Delivered,Delhi,Mumbai,392.97,01/31/2024,01/29/2024,0
SHO6397,FEDEX,03/25/2025,In Transit,Pune,Delhi,24.75,03/28/2025,NULL,NULL
SHO6398,FEDEX,02/05/2024,Delayed,Bangalore,Delhi,271.94,02/08/2024,NULL,NULL
SHO6399,DHL,11/24/2024,In Transit,Bangalore,Chennai,316.08,11/28/2024,NULL,NULL
SHO6404,BLUEDART,05/26/2025,In Transit,Pune,Bangalore,115.18,05/29/2025,NULL,NULL
SHO6406,DHL,11/12/2025,Delayed,Mumbai,Bangalore,323.68,NULL,NULL,NULL
SHO6407,FEDEX,03/24/2024,In Transit,Pune,Delhi,336.76,03/30/2024,NULL,NULL
SHO6408,FEDEX,09/16/2024,Delayed,Delhi,Hyderabad,391.65,09/23/2024,09/25/2024,NULL
SHO6409,DHL,05/02/2025,Delayed,Hyderabad,Chennai,178.52,NULL,NULL,NULL
SHO6410,BLUEDART,07/28/2025,Delivered,Delhi,Pune,91.16,08/02/2025,08/01/2025,0
SHO6411,BLUEDART,05/02/2024,Delayed,Mumbai,Bangalore,171.6,05/08/2024,09/05/2024,NULL
SHO6412,BLUEDART,08/08/2024,Delayed,Mumbai,Chennai,178.92,08/15/2024,08/24/2024,NULL
SHO6413,DHL,04/19/2024,Accepted,Bangalore,Chennai,362.98,04/21/2024,NULL,NULL
SHO6415,FEDEX,04/15/2024,Pending,Mumbai,Bangalore,199.77,04/21/2024,NULL,NULL
SHO6419,FEDEX,06/29/2025,In Transit,Bangalore,Pune,327.58,07/05/2025,NULL,NULL
SHO6420,BLUEDART,02/05/2024,Delivered,Pune,Chennai,493.82,02/11/2024,02/15/2024,4
SHO6421,DHL,02/03/2025,Pending,Chennai,Mumbai,342.31,02/10/2025,NULL,NULL
SHO6426,DHL,06/27/2024,Pending,Mumbai,Pune,178.65,NULL,NULL,NULL
SHO6427,FEDEX,06/03/2024,Delivered,Delhi,Mumbai,219.38,06/09/2024,07/06/2024,27
SHO6429,FEDEX,08/14/2025,Pending,Chennai,Mumbai,374.38,08/18/2025,NULL,NULL
SHO6431,DHL,10/15/2024,Pending,Mumbai,Hyderabad,107.62,10/20/2024,NULL,NULL
SHO6436,DHL,01/02/2026,Delayed,Delhi,Hyderabad,250.15,04/01/2026,06/01/2026,NULL
SHO6438,DHL,11/10/2024,In Transit,Bangalore,Pune,217.39,NULL,NULL,NULL
SHO6444,DHL,12/05/2026,In Transit,Bangalore,Hyderabad,93.69,NULL,NULL,NULL
SHO6445,DHL,07/28/2025,Pending,Chennai,Mumbai,166.06,07/30/2025,NULL,NULL
SHO6446,BLUEDART,02/06/2026,Pending,Mumbai,Chennai,272.85,02/11/2026,NULL,NULL
SHO6447,DHL,12/11/2024,In Transit,Mumbai,Chennai,463.78,12/15/2024,NULL,NULL
SHO6449,DHL,06/18/2025,Pending,Bangalore,Mumbai,458.41,NULL,NULL,NULL
SHO6451,DHL,08/05/2024,Accepted,Delhi,Chennai,414.46,08/07/2024,08/08/2024,NULL
SHO6452,FEDEX,01/10/2024,Accepted,Bangalore,Pune,278.72,01/12/2024,NULL,NULL
SHO6453,FEDEX,02/09/2026,Pending,Bangalore,Delhi,67.81,12/02/2026,NULL,NULL
SHO6463,BLUEDART,01/17/2024,Delayed,Delhi,Hyderabad,82.24,NULL,NULL,NULL
SHO6471,DHL,01/02/2025,Delivered,Hyderabad,Delhi,366.83,05/02/2025,06/02/2025,31
SHO6472,BLUEDART,05/02/2026,Pending,Pune,Chennai,241.07,11/02/2026,NULL,NULL
SHO6473,BLUEDART,02/15/2025,Accepted,Delhi,Bangalore,441.89,NULL,NULL,NULL
SHO6477,FEDEX,06/03/2026,Delayed,Bangalore,Delhi,252.94,06/07/2026,NULL,NULL
SHO6480,DHL,10/14/2025,Delayed,Hyderabad,Pune,145.01,10/17/2025,10/21/2025,NULL
SHO6483,DHL,04/05/2025,Accepted,Delhi,Mumbai,83.24,04/07/2025,NULL,NULL
SHO6484,BLUEDART,09/17/2024,Delayed,Chennai,Bangalore,289.39,09/23/2024,NULL,NULL
SHO6487,FEDEX,08/05/2025,Delivered,Mumbai,Bangalore,221.34,11/08/2025,09/08/2025,0
SHO6488,BLUEDART,09/04/2024,In Transit,Hyderabad,Mumbai,432.4,09/08/2024,NULL,NULL
SHO6489,BLUEDART,11/23/2024,Pending,Pune,Delhi,139.41,NULL,NULL,NULL
SHO6492,FEDEX,01/20/2024,Accepted,Chennai,Pune,77.81,NULL,NULL,NULL
SHO6494,DHL,01/16/2026,Delayed,Pune,Hyderabad,155.47,NULL,NULL,NULL
SHO6498,BLUEDART,12/11/2024,In Transit,Hyderabad,Bangalore,392.32,NULL,NULL,NULL
SHO6500,DHL,02/08/2024,In Transit,Delhi,Mumbai,214.64,NULL,NULL,NULL
SHO6501,DHL,03/15/2024,In Transit,Hyderabad,Delhi,315.7,03/17/2024,NULL,NULL
SHO6504,BLUEDART,10/10/2025,In Transit,Delhi,Hyderabad,396.27,10/17/2025,NULL,NULL
SHO6505,BLUEDART,05/29/2024,Pending,Hyderabad,Delhi,31.94,NULL,NULL,NULL
SHO6508,BLUEDART,01/04/2025,Delivered,Bangalore,Pune,298.57,04/03/2025,04/02/2025,0
SHO6510,BLUEDART,05/11/2026,Delayed,Hyderabad,Bangalore,384.24,05/18/2026,NULL,NULL
SHO6516,FEDEX,04/09/2026,Pending,Delhi,Mumbai,391.39,04/13/2026,NULL,NULL
SHO6518,BLUEDART,06/13/2025,Delayed,Chennai,Hyderabad,178.22,06/16/2025,06/23/2025,NULL
SHO6520,FEDEX,09/15/2025,Delayed,Bangalore,Delhi,267.65,NULL,09/24/2025,NULL
SHO6530,FEDEX,05/15/2025,Pending,Delhi,Mumbai,65.33,05/22/2025,NULL,NULL
SHO6531,BLUEDART,03/08/2025,Accepted,Pune,Hyderabad,393.33,NULL,03/16/2025,NULL
SHO6533,BLUEDART,04/28/2024,Pending,Delhi,Pune,187.35,05/04/2024,NULL,NULL
SHO6536,DHL,04/05/2025,In Transit,Pune,Chennai,219.56,04/09/2025,NULL,NULL
SHO6537,DHL,06/06/2025,Delayed,Chennai,Delhi,180.18,10/06/2025,06/16/2025,NULL
SHO6541,DHL,05/14/2026,Delayed,Mumbai,Bangalore,160.41,05/21/2026,NULL,NULL
SHO6543,BLUEDART,01/17/2025,Accepted,Pune,Hyderabad,234.17,01/23/2025,NULL,NULL
SHO6545,DHL,01/02/2025,In Transit,Mumbai,Delhi,476.8,NULL,NULL,NULL
SHO6546,FEDEX,02/14/2025,In Transit,Delhi,Hyderabad,147.08,02/16/2025,NULL,NULL
SHO6547,BLUEDART,07/29/2025,Pending,Mumbai,Hyderabad,92.8,08/04/2025,NULL,NULL
SHO6549,DHL,09/19/2025,Accepted,Pune,Chennai,144.98,NULL,NULL,NULL
SHO6553,DHL,02/18/2026,Delivered,Chennai,Bangalore,444.79,02/22/2026,02/26/2026,4
SHO6556,DHL,07/29/2024,Pending,Pune,Bangalore,254.43,08/01/2024,NULL,NULL
SHO6558,BLUEDART,08/04/2025,Accepted,Mumbai,Pune,46.13,NULL,NULL,NULL
SHO6560,DHL,10/24/2025,Delayed,Delhi,Hyderabad,393.12,10/29/2025,NULL,NULL
SHO6561,FEDEX,03/18/2024,Pending,Hyderabad,Chennai,483.77,03/24/2024,NULL,NULL
SHO6562,FEDEX,06/23/2025,In Transit,Bangalore,Delhi,36.66,06/26/2025,NULL,NULL
SHO6564,DHL,05/14/2025,Delayed,Hyderabad,Delhi,249.55,05/18/2025,05/26/2025,NULL
SHO6565,FEDEX,06/05/2026,Accepted,Mumbai,Delhi,48.9,09/06/2026,06/08/2026,NULL
SHO6568,DHL,09/02/2024,Accepted,Delhi,Chennai,286.02,09/06/2024,NULL,NULL
SHO6570,BLUEDART,01/23/2024,Delayed,Chennai,Pune,93.79,01/25/2024,02/03/2024,NULL
SHO6571,FEDEX,12/12/2024,Accepted,Hyderabad,Chennai,421.34,NULL,NULL,NULL
SHO6577,BLUEDART,04/30/2025,Delivered,Mumbai,Pune,35.72,05/05/2025,05/10/2025,5
SHO6579,FEDEX,03/08/2025,Delayed,Bangalore,Pune,9.36,NULL,NULL,NULL
SHO6582,DHL,12/24/2024,Delayed,Hyderabad,Bangalore,61.24,12/31/2024,01/09/2025,NULL
SHO6586,DHL,02/03/2025,Accepted,Mumbai,Delhi,295.85,NULL,NULL,NULL
SHO6587,FEDEX,11/16/2025,Delivered,Delhi,Mumbai,477.1,11/22/2025,11/23/2025,1
SHO6588,DHL,12/10/2024,Delayed,Bangalore,Pune,166.28,12/15/2024,12/21/2024,NULL
SHO6592,BLUEDART,04/09/2025,In Transit,Delhi,Chennai,225.01,04/13/2025,NULL,NULL
SHO6594,FEDEX,01/28/2026,Accepted,Bangalore,Hyderabad,21.33,02/03/2026,NULL,NULL
SHO6597,FEDEX,04/06/2025,In Transit,Hyderabad,Bangalore,393.0,11/04/2025,NULL,NULL
SHO6598,DHL,05/15/2026,In Transit,Mumbai,Pune,382.72,NULL,NULL,NULL
SHO6599,DHL,01/27/2024,Accepted,Delhi,Hyderabad,370.87,NULL,NULL,NULL
SHO6602,BLUEDART,04/18/2024,Accepted,Chennai,Bangalore,121.35,04/25/2024,NULL,NULL
SHO6603,DHL,02/28/2025,In Transit,Hyderabad,Pune,439.12,03/06/2025,NULL,NULL
SHO6605,DHL,07/12/2024,Delivered,Chennai,Delhi,148.18,11/12/2024,12/14/2024,32
SHO6606,BLUEDART,03/02/2026,In Transit,Chennai,Bangalore,342.34,NULL,NULL,NULL
SHO6610,DHL,01/20/2024,Accepted,Hyderabad,Bangalore,242.24,NULL,NULL,NULL
SHO6614,DHL,02/24/2024,Pending,Mumbai,Hyderabad,401.63,02/27/2024,NULL,NULL
SHO6615,FEDEX,05/09/2026,Accepted,Hyderabad,Mumbai,350.87,05/15/2026,NULL,NULL
SHO6617,DHL,12/09/2025,Delayed,Delhi,Bangalore,91.65,12/13/2025,12/18/2025,NULL
SHO6619,BLUEDART,05/15/2025,In Transit,Chennai,Pune,133.38,NULL,NULL,NULL
SHO6624,DHL,11/08/2024,In Transit,Hyderabad,Mumbai,178.5,11/14/2024,NULL,NULL
SHO6625,DHL,08/19/2025,In Transit,Delhi,Chennai,450.8,08/24/2025,NULL,NULL
SHO6626,DHL,06/29/2026,Delivered,Pune,Delhi,392.41,07/04/2026,07/03/2026,0
SHO6627,BLUEDART,04/27/2024,Delayed,Delhi,Pune,129.95,NULL,05/10/2024,NULL
SHO6629,FEDEX,11/27/2025,In Transit,Delhi,Mumbai,214.92,12/02/2025,NULL,NULL
SHO6630,BLUEDART,09/22/2024,Accepted,Mumbai,Bangalore,445.56,NULL,NULL,NULL
SHO6631,BLUEDART,06/16/2025,In Transit,Bangalore,Delhi,33.68,06/21/2025,NULL,NULL
SHO6634,BLUEDART,05/17/2024,Delayed,Bangalore,Mumbai,471.71,05/21/2024,05/28/2024,NULL
SHO6643,DHL,07/16/2024,Accepted,Bangalore,Hyderabad,419.11,07/21/2024,NULL,NULL
SHO6644,BLUEDART,04/15/2026,Delayed,Delhi,Pune,164.52,NULL,NULL,NULL
SHO6648,BLUEDART,08/11/2024,Pending,Chennai,Hyderabad,13.68,NULL,NULL,NULL
SHO6649,FEDEX,07/18/2024,Delayed,Mumbai,Bangalore,380.53,NULL,NULL,NULL
SHO6650,BLUEDART,12/11/2025,Pending,Mumbai,Delhi,384.58,NULL,NULL,NULL
SHO6653,FEDEX,05/09/2026,Accepted,Bangalore,Mumbai,294.96,NULL,NULL,NULL
SHO6656,DHL,11/20/2025,Accepted,Bangalore,Mumbai,28.39,NULL,NULL,NULL
SHO6657,FEDEX,01/12/2025,Pending,Mumbai,Delhi,31.0,NULL,NULL,NULL
SHO6658,BLUEDART,05/22/2026,In Transit,Pune,Hyderabad,299.62,05/24/2026,NULL,NULL
SHO6663,BLUEDART,03/16/2025,Pending,Bangalore,Mumbai,90.4,03/21/2025,NULL,NULL
SHO6665,BLUEDART,02/12/2024,In Transit,Bangalore,Mumbai,308.28,NULL,NULL,NULL
SHO6666,BLUEDART,01/12/2024,In Transit,Bangalore,Pune,102.67,01/17/2024,NULL,NULL
SHO6669,FEDEX,04/09/2024,In Transit,Pune,Mumbai,474.17,09/09/2024,NULL,NULL
SHO6670,DHL,01/06/2026,In Transit,Chennai,Pune,323.58,01/13/2026,NULL,NULL
SHO6672,BLUEDART,04/26/2026,In Transit,Bangalore,Pune,427.63,04/29/2026,NULL,NULL
SHO6673,DHL,09/11/2024,Pending,Delhi,Mumbai,243.71,11/12/2024,NULL,NULL
SHO6674,DHL,11/04/2025,Pending,Hyderabad,Bangalore,157.86,11/11/2025,NULL,NULL
SHO6676,BLUEDART,03/24/2026,Accepted,Pune,Mumbai,329.09,03/27/2026,NULL,NULL
SHO6677,FEDEX,06/17/2024,Delayed,Delhi,Pune,368.12,NULL,06/24/2024,NULL
SHO6679,DHL,03/28/2024,Accepted,Mumbai,Pune,369.93,04/04/2024,NULL,NULL
SHO6681,DHL,03/15/2025,Delayed,Bangalore,Hyderabad,384.06,03/22/2025,03/31/2025,NULL
SHO6682,FEDEX,04/22/2026,Delayed,Mumbai,Pune,217.72,NULL,05/03/2026,NULL
SHO6686,DHL,04/06/2025,Delayed,Chennai,Delhi,290.03,04/09/2025,04/19/2025,NULL
SHO6690,DHL,02/06/2025,Delayed,Bangalore,Pune,289.76,06/05/2025,06/08/2025,NULL
SHO6691,FEDEX,04/08/2026,Pending,Chennai,Bangalore,153.42,10/04/2026,NULL,NULL
SHO6692,DHL,07/23/2024,In Transit,Delhi,Chennai,242.35,NULL,NULL,NULL
SHO6698,DHL,03/03/2025,In Transit,Bangalore,Delhi,184.05,05/03/2025,NULL,NULL
SHO6701,DHL,06/18/2025,Delayed,Chennai,Delhi,72.6,06/21/2025,06/28/2025,NULL
SHO6702,FEDEX,01/10/2025,Delayed,Delhi,Chennai,109.46,10/06/2025,10/13/2025,NULL
SHO6704,BLUEDART,02/28/2024,Accepted,Pune,Delhi,401.21,NULL,NULL,NULL
SHO6706,BLUEDART,06/07/2025,In Transit,Hyderabad,Pune,350.67,06/12/2025,NULL,NULL
SHO6707,FEDEX,07/02/2024,In Transit,Hyderabad,Bangalore,230.27,07/05/2024,NULL,NULL
SHO6708,DHL,03/24/2024,Accepted,Delhi,Pune,236.42,NULL,NULL,NULL
SHO6710,DHL,01/30/2024,Pending,Hyderabad,Pune,285.17,02/06/2024,NULL,NULL
SHO6712,BLUEDART,04/14/2024,In Transit,Delhi,Pune,172.77,04/20/2024,NULL,NULL
SHO6716,FEDEX,04/18/2024,Pending,Hyderabad,Delhi,182.76,04/23/2024,NULL,NULL
SHO6717,DHL,12/08/2024,Pending,Mumbai,Delhi,334.0,12/10/2024,NULL,NULL
SHO6720,FEDEX,03/20/2025,Delayed,Mumbai,Hyderabad,133.77,03/25/2025,03/27/2025,NULL
SHO6724,FEDEX,10/11/2024,Pending,Chennai,Delhi,198.02,11/13/2024,NULL,NULL
SHO6725,BLUEDART,02/28/2024,Delivered,Pune,Mumbai,263.41,03/03/2024,03/07/2024,4
SHO6726,FEDEX,02/13/2024,Pending,Bangalore,Hyderabad,466.39,NULL,NULL,NULL
SHO6727,BLUEDART,04/15/2025,Delayed,Mumbai,Delhi,446.66,NULL,04/27/2025,NULL
SHO6728,BLUEDART,09/17/2024,Pending,Delhi,Pune,498.55,09/24/2024,NULL,NULL
SHO6731,BLUEDART,02/13/2024,In Transit,Hyderabad,Mumbai,183.95,02/15/2024,NULL,NULL
SHO6732,FEDEX,05/02/2024,In Transit,Pune,Mumbai,6.75,12/02/2024,NULL,NULL
SHO6734,BLUEDART,07/03/2025,Accepted,Mumbai,Chennai,310.52,07/05/2025,07/07/2025,NULL
SHO6737,BLUEDART,12/11/2024,Pending,Delhi,Pune,142.77,NULL,NULL,NULL
SHO6740,BLUEDART,01/21/2025,Pending,Delhi,Hyderabad,203.56,01/26/2025,NULL,NULL
SHO6741,BLUEDART,12/27/2025,In Transit,Pune,Hyderabad,498.37,NULL,NULL,NULL
SHO6746,FEDEX,02/17/2024,Delayed,Bangalore,Delhi,320.98,02/24/2024,NULL,NULL
SHO6749,FEDEX,06/08/2025,In Transit,Pune,Chennai,9.83,06/11/2025,NULL,NULL
SHO6750,FEDEX,12/02/2025,Delayed,Chennai,Hyderabad,273.54,12/06/2025,NULL,NULL
SHO6758,BLUEDART,08/08/2025,Pending,Delhi,Chennai,490.11,08/15/2025,NULL,NULL
SHO6760,DHL,04/27/2026,Pending,Bangalore,Mumbai,109.34,05/02/2026,NULL,NULL
SHO6765,DHL,01/21/2026,Pending,Mumbai,Chennai,39.52,01/28/2026,NULL,NULL
SHO6767,FEDEX,07/18/2025,Pending,Pune,Bangalore,448.97,NULL,NULL,NULL
SHO6769,DHL,01/02/2026,In Transit,Delhi,Mumbai,262.11,07/02/2026,NULL,NULL
SHO6771,BLUEDART,04/11/2026,Delayed,Pune,Delhi,37.28,04/16/2026,04/19/2026,NULL
SHO6773,FEDEX,05/02/2025,In Transit,Delhi,Hyderabad,466.52,09/02/2025,NULL,NULL
SHO6776,FEDEX,04/12/2024,In Transit,Pune,Delhi,293.11,04/18/2024,NULL,NULL
SHO6777,BLUEDART,03/25/2025,Delivered,Delhi,Pune,206.9,03/29/2025,04/02/2025,4
SHO6779,BLUEDART,02/24/2026,Delivered,Delhi,Hyderabad,207.81,02/26/2026,03/02/2026,4
SHO6783,DHL,03/01/2024,In Transit,Bangalore,Mumbai,124.81,05/01/2024,NULL,NULL
SHO6784,DHL,07/10/2025,Delayed,Hyderabad,Mumbai,164.49,07/17/2025,NULL,NULL
SHO6786,BLUEDART,04/09/2025,Delayed,Hyderabad,Bangalore,265.61,04/13/2025,04/14/2025,NULL
SHO6790,BLUEDART,02/23/2025,Pending,Mumbai,Delhi,114.05,NULL,NULL,NULL
SHO6793,FEDEX,04/01/2026,In Transit,Hyderabad,Bangalore,236.42,07/01/2026,NULL,NULL
SHO6800,DHL,06/13/2024,Pending,Chennai,Mumbai,292.0,NULL,NULL,NULL
SHO6801,FEDEX,01/17/2025,In Transit,Mumbai,Delhi,48.64,01/23/2025,NULL,NULL
SHO6802,FEDEX,02/11/2024,Delivered,Bangalore,Hyderabad,151.09,11/09/2024,10/11/2024,0
SHO6806,DHL,06/29/2025,Delayed,Chennai,Pune,415.33,NULL,07/04/2025,NULL
SHO6811,BLUEDART,01/31/2026,In Transit,Pune,Bangalore,176.94,NULL,NULL,NULL
SHO6815,DHL,07/05/2024,Pending,Delhi,Chennai,454.08,07/12/2024,NULL,NULL
SHO6824,DHL,07/25/2025,Pending,Chennai,Pune,223.0,07/27/2025,NULL,NULL
SHO6825,FEDEX,03/29/2026,In Transit,Hyderabad,Delhi,122.67,NULL,NULL,NULL
SHO6828,DHL,01/20/2026,Delivered,Bangalore,Pune,195.7,01/27/2026,01/27/2026,0
SHO6832,BLUEDART,06/10/2025,Delayed,Hyderabad,Chennai,320.5,06/14/2025,06/21/2025,NULL
SHO6834,BLUEDART,03/05/2025,Delivered,Delhi,Chennai,151.8,11/03/2025,03/13/2025,0
SHO6835,DHL,02/17/2024,Pending,Bangalore,Chennai,283.88,02/20/2024,NULL,NULL
SHO6836,FEDEX,12/25/2025,In Transit,Hyderabad,Delhi,136.9,NULL,NULL,NULL
SHO6838,BLUEDART,09/02/2025,In Transit,Mumbai,Hyderabad,345.11,NULL,NULL,NULL
SHO6839,FEDEX,07/05/2024,In Transit,Chennai,Delhi,139.69,07/10/2024,NULL,NULL
SHO6840,BLUEDART,11/14/2024,Pending,Chennai,Pune,315.34,11/18/2024,NULL,NULL
SHO6843,BLUEDART,03/25/2026,In Transit,Delhi,Pune,259.34,NULL,NULL,NULL
SHO6848,DHL,12/17/2024,Pending,Chennai,Bangalore,42.55,12/22/2024,NULL,NULL
SHO6855,DHL,08/04/2024,Accepted,Chennai,Delhi,232.76,08/06/2024,NULL,NULL
SHO6857,FEDEX,07/16/2025,In Transit,Hyderabad,Bangalore,198.87,NULL,NULL,NULL
SHO6858,DHL,10/25/2025,In Transit,Hyderabad,Bangalore,136.8,NULL,NULL,NULL
SHO6860,BLUEDART,05/24/2026,In Transit,Mumbai,Bangalore,483.79,NULL,NULL,NULL
SHO6862,DHL,01/04/2025,Pending,Delhi,Chennai,17.85,NULL,NULL,NULL
SHO6864,FEDEX,07/14/2024,Delayed,Delhi,Bangalore,240.66,NULL,07/24/2024,NULL
SHO6867,BLUEDART,07/04/2024,Pending,Bangalore,Mumbai,263.34,07/07/2024,NULL,NULL
SHO6868,BLUEDART,05/05/2024,Accepted,Chennai,Mumbai,4.19,12/05/2024,NULL,NULL
SHO6870,DHL,08/15/2025,Pending,Mumbai,Chennai,409.99,08/19/2025,NULL,NULL
SHO6872,FEDEX,01/17/2024,Pending,Chennai,Mumbai,434.69,01/20/2024,NULL,NULL
SHO6873,BLUEDART,04/06/2024,Pending,Chennai,Pune,334.7,08/04/2024,NULL,NULL
SHO6874,BLUEDART,04/11/2024,In Transit,Pune,Mumbai,234.86,11/06/2024,NULL,NULL
SHO6875,FEDEX,08/25/2025,Delayed,Chennai,Bangalore,84.31,NULL,09/06/2025,NULL
SHO6878,BLUEDART,02/03/2025,Delayed,Mumbai,Bangalore,249.25,07/02/2025,NULL,NULL
SHO6881,BLUEDART,02/11/2026,Pending,Chennai,Hyderabad,137.24,02/18/2026,NULL,NULL
SHO6883,BLUEDART,05/08/2024,Delayed,Delhi,Pune,64.52,05/15/2024,05/22/2024,NULL
SHO6884,BLUEDART,04/02/2025,In Transit,Hyderabad,Pune,476.13,04/05/2025,NULL,NULL
SHO6886,FEDEX,06/25/2026,Pending,Pune,Hyderabad,436.06,07/02/2026,NULL,NULL
SHO6890,BLUEDART,10/08/2024,In Transit,Mumbai,Hyderabad,416.81,10/14/2024,NULL,NULL
SHO6891,BLUEDART,11/18/2025,In Transit,Hyderabad,Pune,302.31,11/25/2025,NULL,NULL
SHO6892,FEDEX,06/14/2024,In Transit,Delhi,Chennai,280.24,NULL,NULL,NULL
SHO6893,FEDEX,11/19/2024,Delivered,Mumbai,Chennai,395.08,11/26/2024,11/27/2024,1
SHO6895,BLUEDART,04/30/2025,Accepted,Bangalore,Pune,84.42,NULL,NULL,NULL
SHO6898,BLUEDART,08/15/2024,In Transit,Delhi,Bangalore,197.98,08/18/2024,NULL,NULL
SHO6901,DHL,07/19/2025,Pending,Mumbai,Hyderabad,494.2,07/24/2025,NULL,NULL
SHO6903,BLUEDART,01/11/2025,Accepted,Delhi,Chennai,475.46,NULL,NULL,NULL
SHO6904,FEDEX,04/07/2024,Pending,Pune,Hyderabad,380.89,08/07/2024,NULL,NULL
SHO6905,BLUEDART,04/27/2024,Delayed,Chennai,Hyderabad,36.69,05/02/2024,05/11/2024,NULL
SHO6908,FEDEX,07/24/2024,Delayed,Hyderabad,Delhi,175.44,07/27/2024,08/04/2024,NULL
SHO6912,BLUEDART,02/03/2025,Pending,Bangalore,Chennai,385.93,02/09/2025,NULL,NULL
SHO6914,FEDEX,12/29/2024,In Transit,Hyderabad,Pune,157.19,01/04/2025,NULL,NULL
SHO6916,DHL,05/02/2025,Accepted,Pune,Chennai,69.76,05/08/2025,05/10/2025,NULL
SHO6920,BLUEDART,09/25/2025,In Transit,Pune,Delhi,400.32,09/27/2025,NULL,NULL
SHO6923,DHL,07/14/2025,Accepted,Mumbai,Bangalore,234.38,07/21/2025,NULL,NULL
SHO6927,FEDEX,01/03/2024,Accepted,Delhi,Bangalore,211.63,07/01/2024,NULL,NULL
SHO6928,FEDEX,07/16/2025,Pending,Delhi,Hyderabad,180.19,07/19/2025,NULL,NULL
SHO6929,DHL,04/12/2024,Delivered,Hyderabad,Delhi,393.41,04/15/2024,04/13/2024,0
SHO6931,DHL,08/18/2024,In Transit,Mumbai,Pune,404.36,NULL,NULL,NULL
SHO6932,DHL,01/02/2024,Pending,Hyderabad,Pune,271.07,01/06/2024,NULL,NULL
SHO6934,FEDEX,04/13/2024,Pending,Pune,Delhi,206.27,04/15/2024,NULL,NULL
SHO6935,DHL,07/12/2024,In Transit,Chennai,Delhi,404.78,NULL,NULL,NULL
SHO6937,FEDEX,06/19/2024,Delayed,Pune,Bangalore,494.16,NULL,NULL,NULL
SHO6940,DHL,05/23/2025,Accepted,Mumbai,Chennai,313.19,05/25/2025,NULL,NULL
SHO6944,FEDEX,12/20/2024,Pending,Delhi,Pune,49.72,12/26/2024,NULL,NULL
SHO6947,FEDEX,09/02/2024,Delayed,Bangalore,Chennai,321.3,NULL,09/08/2024,NULL
SHO6948,DHL,07/25/2025,In Transit,Bangalore,Delhi,411.73,07/28/2025,NULL,NULL
SHO6949,BLUEDART,12/10/2025,Pending,Mumbai,Pune,491.33,NULL,NULL,NULL
SHO6952,FEDEX,07/06/2025,In Transit,Mumbai,Pune,86.57,NULL,NULL,NULL
SHO6953,DHL,12/12/2025,Delayed,Bangalore,Delhi,189.38,12/15/2025,12/21/2025,NULL
SHO6954,BLUEDART,04/15/2025,Pending,Mumbai,Bangalore,143.72,NULL,NULL,NULL
SHO6962,DHL,10/27/2025,In Transit,Bangalore,Delhi,260.18,11/03/2025,NULL,NULL
SHO6963,BLUEDART,08/26/2024,Accepted,Mumbai,Bangalore,240.09,NULL,NULL,NULL
SHO6967,BLUEDART,05/08/2024,Accepted,Delhi,Pune,47.39,NULL,NULL,NULL
SHO6974,DHL,10/05/2024,Pending,Pune,Hyderabad,361.39,NULL,NULL,NULL
SHO6976,DHL,01/30/2026,Delivered,Mumbai,Hyderabad,180.75,02/05/2026,02/10/2026,5
SHO6979,BLUEDART,02/27/2024,Delayed,Hyderabad,Chennai,143.78,03/01/2024,11/03/2024,NULL
SHO6983,DHL,12/24/2025,Delayed,Bangalore,Hyderabad,446.04,NULL,01/04/2026,NULL
SHO6984,DHL,04/10/2026,In Transit,Mumbai,Hyderabad,49.95,NULL,NULL,NULL
SHO6986,DHL,08/22/2024,Pending,Pune,Delhi,125.68,08/27/2024,NULL,NULL
SHO6992,DHL,01/08/2024,In Transit,Chennai,Hyderabad,431.43,01/14/2024,NULL,NULL
SHO6993,BLUEDART,03/23/2026,Delayed,Chennai,Delhi,279.07,03/26/2026,03/31/2026,NULL
SHO6996,FEDEX,02/25/2024,In Transit,Mumbai,Delhi,34.58,NULL,NULL,NULL
SHO6998,FEDEX,11/20/2025,Accepted,Hyderabad,Mumbai,282.85,11/27/2025,NULL,NULL
SHO6999,BLUEDART,12/23/2024,Delayed,Mumbai,Hyderabad,286.71,12/29/2024,12/30/2024,NULL
SHO7004,DHL,09/09/2025,Pending,Pune,Delhi,12.5,NULL,NULL,NULL
SHO7006,FEDEX,06/06/2024,Pending,Hyderabad,Chennai,381.92,06/08/2024,NULL,NULL
SHO7008,FEDEX,06/29/2024,In Transit,Chennai,Mumbai,282.93,NULL,NULL,NULL
SHO7009,FEDEX,12/09/2024,In Transit,Pune,Bangalore,418.13,NULL,NULL,NULL
SHO7010,FEDEX,06/15/2024,Delivered,Hyderabad,Delhi,419.21,06/17/2024,06/16/2024,0
SHO7015,BLUEDART,06/09/2025,Pending,Delhi,Chennai,466.66,NULL,NULL,NULL
SHO7017,BLUEDART,10/24/2025,Delayed,Mumbai,Delhi,136.0,10/27/2025,11/04/2025,NULL
SHO7019,FEDEX,11/22/2024,Delayed,Chennai,Bangalore,76.78,11/27/2024,12/07/2024,NULL
SHO7020,DHL,07/03/2024,Delivered,Chennai,Bangalore,66.2,07/06/2024,07/04/2024,0
SHO7022,DHL,01/17/2026,Delayed,Pune,Hyderabad,295.01,NULL,02/02/2026,NULL
SHO7023,BLUEDART,02/02/2026,In Transit,Bangalore,Mumbai,70.77,02/09/2026,NULL,NULL
SHO7027,FEDEX,02/27/2025,In Transit,Mumbai,Delhi,478.2,03/04/2025,NULL,NULL
SHO7028,DHL,04/04/2025,In Transit,Pune,Chennai,273.85,04/09/2025,NULL,NULL
SHO7031,BLUEDART,02/10/2025,Accepted,Chennai,Delhi,149.23,05/10/2025,NULL,NULL
SHO7034,DHL,11/11/2024,Delayed,Mumbai,Bangalore,434.5,11/18/2024,NULL,NULL
SHO7036,DHL,06/17/2026,Accepted,Delhi,Pune,56.83,NULL,NULL,NULL
SHO7038,DHL,06/22/2024,Delayed,Mumbai,Delhi,315.04,06/24/2024,06/27/2024,NULL
SHO7039,FEDEX,08/27/2024,Pending,Pune,Bangalore,185.69,NULL,NULL,NULL
SHO7040,FEDEX,11/11/2024,Accepted,Pune,Delhi,286.36,11/18/2024,NULL,NULL
SHO7041,FEDEX,05/06/2024,Accepted,Delhi,Hyderabad,439.61,NULL,NULL,NULL
SHO7042,FEDEX,08/20/2024,Delivered,Hyderabad,Delhi,82.08,08/22/2024,08/20/2024,0
SHO7044,FEDEX,01/22/2026,Delayed,Chennai,Bangalore,86.33,01/28/2026,05/02/2026,NULL
SHO7047,FEDEX,02/17/2024,In Transit,Mumbai,Pune,453.24,NULL,NULL,NULL
SHO7049,DHL,06/08/2026,Pending,Chennai,Mumbai,498.31,11/06/2026,NULL,NULL
SHO7054,BLUEDART,04/25/2024,In Transit,Mumbai,Delhi,334.04,04/27/2024,NULL,NULL
SHO7055,DHL,04/13/2025,Accepted,Mumbai,Chennai,373.84,04/16/2025,NULL,NULL
SHO7057,DHL,04/06/2024,Accepted,Mumbai,Pune,169.44,12/04/2024,NULL,NULL
SHO7058,BLUEDART,07/19/2025,Pending,Bangalore,Delhi,343.97,NULL,NULL,NULL
SHO7061,FEDEX,06/19/2025,Delivered,Chennai,Delhi,213.38,06/21/2025,06/22/2025,1
SHO7062,BLUEDART,11/11/2025,Accepted,Hyderabad,Chennai,144.31,11/16/2025,NULL,NULL
SHO7064,BLUEDART,03/30/2026,Accepted,Chennai,Pune,317.75,05/04/2026,11/04/2026,NULL
SHO7066,FEDEX,01/03/2026,Delivered,Chennai,Delhi,30.07,03/07/2026,06/03/2026,88
SHO7067,BLUEDART,02/17/2026,Pending,Bangalore,Delhi,403.79,02/20/2026,NULL,NULL
SHO7068,FEDEX,07/21/2024,Delivered,Bangalore,Delhi,431.34,07/26/2024,07/29/2024,3
SHO7069,BLUEDART,08/11/2025,Accepted,Chennai,Hyderabad,159.91,NULL,NULL,NULL
SHO7072,DHL,06/08/2026,In Transit,Hyderabad,Pune,168.98,06/13/2026,NULL,NULL
SHO7073,FEDEX,02/07/2024,In Transit,Delhi,Mumbai,408.98,NULL,NULL,NULL
SHO7074,BLUEDART,01/12/2024,Pending,Hyderabad,Bangalore,396.57,NULL,NULL,NULL
SHO7079,BLUEDART,03/09/2024,In Transit,Chennai,Mumbai,463.72,09/08/2024,NULL,NULL
SHO7084,BLUEDART,02/11/2026,In Transit,Chennai,Pune,378.77,NULL,NULL,NULL
SHO7085,BLUEDART,08/03/2024,Delayed,Mumbai,Hyderabad,185.84,NULL,NULL,NULL
SHO7086,DHL,02/14/2025,In Transit,Hyderabad,Pune,452.73,02/19/2025,NULL,NULL
SHO7095,DHL,05/03/2025,Delivered,Bangalore,Chennai,320.01,08/03/2025,10/03/2025,61
SHO7101,DHL,03/26/2024,In Transit,Delhi,Pune,340.36,NULL,NULL,NULL
SHO7102,DHL,08/16/2025,In Transit,Hyderabad,Bangalore,136.33,NULL,NULL,NULL
SHO7103,DHL,07/18/2024,Pending,Mumbai,Hyderabad,267.83,07/24/2024,NULL,NULL
SHO7107,FEDEX,04/29/2026,In Transit,Chennai,Pune,337.16,05/05/2026,NULL,NULL
SHO7108,BLUEDART,09/24/2024,Delayed,Mumbai,Chennai,190.04,09/27/2024,09/29/2024,NULL
SHO7109,DHL,11/14/2024,In Transit,Chennai,Bangalore,26.16,NULL,NULL,NULL
SHO7110,DHL,07/18/2025,Accepted,Mumbai,Pune,233.05,NULL,NULL,NULL
SHO7111,FEDEX,01/01/2025,Delayed,Delhi,Chennai,86.34,01/08/2025,01/15/2025,NULL
SHO7112,FEDEX,03/21/2025,Delayed,Delhi,Chennai,470.67,03/23/2025,03/26/2025,NULL
SHO7114,FEDEX,01/23/2025,Delivered,Pune,Hyderabad,60.0,01/27/2025,01/28/2025,1
SHO7115,BLUEDART,01/25/2024,In Transit,Mumbai,Delhi,0.25,NULL,NULL,NULL
SHO7116,FEDEX,07/31/2025,In Transit,Delhi,Chennai,360.39,NULL,NULL,NULL
SHO7117,DHL,09/05/2025,Pending,Pune,Chennai,413.9,09/10/2025,NULL,NULL
SHO7118,DHL,03/15/2025,Delivered,Pune,Delhi,52.2,03/22/2025,03/26/2025,4
SHO7119,DHL,03/05/2026,Accepted,Pune,Hyderabad,481.28,03/08/2026,NULL,NULL
SHO7132,DHL,09/06/2025,Delayed,Pune,Mumbai,143.7,09/08/2025,09/13/2025,NULL
SHO7133,BLUEDART,08/06/2024,In Transit,Bangalore,Chennai,39.02,08/09/2024,NULL,NULL
SHO7134,FEDEX,01/29/2024,Pending,Mumbai,Chennai,474.55,02/01/2024,NULL,NULL
SHO7135,DHL,12/07/2025,Delayed,Delhi,Mumbai,173.43,12/11/2025,NULL,NULL
SHO7142,FEDEX,06/20/2025,Pending,Delhi,Hyderabad,109.97,06/26/2025,NULL,NULL
SHO7144,BLUEDART,04/02/2025,In Transit,Pune,Chennai,125.34,08/04/2025,NULL,NULL
SHO7146,FEDEX,06/30/2025,In Transit,Pune,Delhi,205.86,07/02/2025,NULL,NULL
SHO7147,BLUEDART,12/05/2025,Pending,Hyderabad,Mumbai,499.62,12/11/2025,NULL,NULL
SHO7151,BLUEDART,05/17/2024,In Transit,Mumbai,Pune,408.74,NULL,NULL,NULL
SHO7152,BLUEDART,02/12/2025,Delayed,Bangalore,Pune,480.35,02/16/2025,NULL,NULL
SHO7153,DHL,05/16/2026,Delayed,Chennai,Bangalore,130.09,05/22/2026,05/26/2026,NULL
SHO7154,FEDEX,05/30/2024,Accepted,Bangalore,Chennai,205.6,06/06/2024,NULL,NULL
SHO7155,BLUEDART,05/11/2026,Delayed,Hyderabad,Chennai,123.15,05/13/2026,NULL,NULL
SHO7156,FEDEX,08/10/2025,In Transit,Hyderabad,Mumbai,205.15,08/13/2025,NULL,NULL
SHO7157,DHL,03/20/2024,Delayed,Bangalore,Hyderabad,234.45,03/27/2024,04/02/2024,NULL
SHO7159,DHL,07/14/2025,Delayed,Pune,Chennai,477.6,07/19/2025,NULL,NULL
SHO7160,BLUEDART,08/22/2024,In Transit,Bangalore,Mumbai,329.16,08/26/2024,NULL,NULL
SHO7161,FEDEX,10/20/2025,Accepted,Hyderabad,Bangalore,13.83,NULL,NULL,NULL
SHO7166,DHL,05/15/2025,Accepted,Bangalore,Mumbai,194.7,05/18/2025,NULL,NULL
SHO7169,DHL,02/17/2024,Delayed,Delhi,Mumbai,98.5,NULL,NULL,NULL
SHO7172,FEDEX,02/18/2024,Pending,Chennai,Hyderabad,218.56,02/21/2024,NULL,NULL
SHO7173,BLUEDART,02/05/2025,Pending,Mumbai,Delhi,425.75,11/02/2025,NULL,NULL
SHO7176,BLUEDART,03/07/2024,In Transit,Bangalore,Chennai,433.8,06/07/2024,NULL,NULL
SHO7178,DHL,05/22/2026,Delivered,Chennai,Bangalore,212.56,05/28/2026,06/02/2026,5
SHO7179,BLUEDART,02/16/2025,Accepted,Bangalore,Mumbai,251.35,02/20/2025,NULL,NULL
SHO7180,BLUEDART,04/02/2026,In Transit,Hyderabad,Bangalore,486.36,NULL,NULL,NULL
SHO7182,BLUEDART,04/14/2024,In Transit,Hyderabad,Bangalore,250.49,NULL,NULL,NULL
SHO7183,BLUEDART,03/05/2025,Accepted,Pune,Mumbai,449.04,05/09/2025,NULL,NULL
SHO7184,FEDEX,09/21/2025,In Transit,Hyderabad,Mumbai,389.07,NULL,NULL,NULL
SHO7185,FEDEX,03/06/2026,Delivered,Pune,Bangalore,453.88,03/13/2026,03/14/2026,1
SHO7188,FEDEX,01/11/2025,In Transit,Bangalore,Mumbai,348.75,11/04/2025,NULL,NULL
SHO7189,BLUEDART,04/03/2026,Delayed,Pune,Delhi,77.46,04/07/2026,04/10/2026,NULL
SHO7195,BLUEDART,10/15/2024,Delivered,Hyderabad,Bangalore,82.49,10/18/2024,10/16/2024,0
SHO7196,BLUEDART,05/16/2026,Pending,Mumbai,Pune,242.82,05/21/2026,NULL,NULL
SHO7197,BLUEDART,06/24/2024,Pending,Chennai,Hyderabad,309.98,06/26/2024,NULL,NULL
SHO7199,BLUEDART,08/31/2024,In Transit,Mumbai,Bangalore,230.45,09/04/2024,NULL,NULL
SHO7200,BLUEDART,04/30/2024,Delayed,Mumbai,Chennai,57.44,05/02/2024,NULL,NULL
SHO7206,DHL,04/10/2024,Delayed,Hyderabad,Mumbai,34.23,04/17/2024,NULL,NULL
SHO7209,DHL,01/25/2025,In Transit,Delhi,Pune,414.65,01/27/2025,NULL,NULL
SHO7210,FEDEX,12/21/2024,In Transit,Delhi,Chennai,227.19,NULL,NULL,NULL
SHO7213,BLUEDART,10/14/2025,In Transit,Bangalore,Hyderabad,455.84,NULL,NULL,NULL
SHO7218,FEDEX,10/06/2025,Pending,Mumbai,Hyderabad,369.26,NULL,NULL,NULL
SHO7223,BLUEDART,04/03/2024,In Transit,Chennai,Hyderabad,340.47,NULL,NULL,NULL
SHO7224,FEDEX,03/11/2025,In Transit,Mumbai,Hyderabad,382.74,NULL,NULL,NULL
SHO7227,DHL,03/21/2026,In Transit,Hyderabad,Pune,131.18,03/23/2026,NULL,NULL
SHO7228,FEDEX,03/19/2024,Pending,Mumbai,Delhi,197.47,NULL,NULL,NULL
SHO7229,FEDEX,02/06/2025,Pending,Delhi,Pune,363.25,NULL,NULL,NULL
SHO7230,FEDEX,09/06/2026,Accepted,Bangalore,Chennai,492.3,NULL,NULL,NULL
SHO7231,DHL,03/23/2025,Delayed,Pune,Mumbai,285.94,03/28/2025,05/04/2025,NULL
SHO7232,FEDEX,03/21/2024,Delayed,Hyderabad,Bangalore,149.11,NULL,03/28/2024,NULL
SHO7233,BLUEDART,05/06/2026,Delivered,Mumbai,Hyderabad,371.48,06/11/2026,06/16/2026,5
SHO7234,BLUEDART,04/13/2026,Pending,Chennai,Bangalore,306.04,04/19/2026,NULL,NULL
SHO7235,FEDEX,07/06/2024,Delayed,Pune,Bangalore,434.15,07/12/2024,07/14/2024,NULL
SHO7236,FEDEX,02/04/2026,Accepted,Chennai,Hyderabad,32.64,04/09/2026,NULL,NULL
SHO7237,BLUEDART,02/06/2026,Delayed,Delhi,Mumbai,119.68,NULL,02/15/2026,NULL
SHO7239,DHL,06/26/2025,In Transit,Hyderabad,Bangalore,359.91,06/30/2025,NULL,NULL
SHO7242,BLUEDART,03/01/2025,Delivered,Bangalore,Delhi,354.46,03/08/2025,03/12/2025,4
SHO7244,FEDEX,03/17/2026,In Transit,Bangalore,Chennai,311.82,NULL,NULL,NULL
SHO7245,BLUEDART,05/29/2026,Delayed,Mumbai,Chennai,368.07,NULL,06/13/2026,NULL
SHO7246,FEDEX,03/04/2025,In Transit,Hyderabad,Bangalore,99.53,03/06/2025,NULL,NULL
SHO7249,BLUEDART,08/05/2025,Delayed,Hyderabad,Bangalore,416.01,NULL,NULL,NULL
SHO7251,BLUEDART,08/28/2024,In Transit,Mumbai,Chennai,473.16,NULL,NULL,NULL
SHO7257,FEDEX,01/30/2025,Delayed,Hyderabad,Mumbai,139.17,04/02/2025,02/10/2025,NULL
SHO7259,DHL,02/04/2025,Pending,Hyderabad,Chennai,310.9,02/10/2025,NULL,NULL
SHO7262,DHL,05/17/2026,Delayed,Delhi,Bangalore,314.43,05/23/2026,05/26/2026,NULL
SHO7263,DHL,06/09/2024,Delayed,Mumbai,Chennai,203.06,06/11/2024,06/14/2024,NULL
SHO7264,FEDEX,12/22/2025,Delayed,Mumbai,Bangalore,420.47,12/24/2025,01/01/2026,NULL
SHO7267,DHL,01/25/2026,Delayed,Delhi,Pune,182.25,02/01/2026,03/02/2026,NULL
SHO7270,DHL,02/14/2026,Pending,Delhi,Pune,15.24,02/19/2026,NULL,NULL
SHO7271,FEDEX,02/04/2024,In Transit,Hyderabad,Pune,249.15,06/04/2024,NULL,NULL
SHO7274,DHL,07/29/2025,In Transit,Hyderabad,Mumbai,45.08,NULL,NULL,NULL
SHO7275,FEDEX,05/14/2026,Delayed,Delhi,Chennai,285.75,05/21/2026,05/29/2026,NULL
SHO7279,BLUEDART,09/09/2025,Accepted,Mumbai,Delhi,475.01,09/16/2025,NULL,NULL
SHO7280,DHL,05/21/2025,In Transit,Pune,Mumbai,232.47,NULL,NULL,NULL
SHO7281,FEDEX,05/23/2026,In Transit,Bangalore,Hyderabad,277.81,NULL,NULL,NULL
SHO7282,FEDEX,04/19/2026,Pending,Pune,Delhi,406.2,04/23/2026,NULL,NULL
SHO7283,BLUEDART,09/18/2024,In Transit,Chennai,Hyderabad,198.29,NULL,NULL,NULL
SHO7284,DHL,05/19/2026,Pending,Pune,Delhi,469.33,05/21/2026,NULL,NULL
SHO7285,DHL,01/13/2024,Delayed,Chennai,Mumbai,324.82,NULL,01/17/2024,NULL
SHO7286,BLUEDART,05/10/2024,Delayed,Bangalore,Hyderabad,323.06,05/13/2024,NULL,NULL
SHO7291,FEDEX,01/01/2025,Delayed,Hyderabad,Bangalore,36.76,07/01/2025,01/13/2025,NULL
SHO7297,BLUEDART,04/21/2025,Pending,Bangalore,Delhi,12.33,NULL,NULL,NULL
SHO7302,DHL,03/28/2024,In Transit,Bangalore,Hyderabad,154.3,03/30/2024,NULL,NULL
SHO7306,BLUEDART,03/08/2025,Delivered,Pune,Delhi,45.31,06/08/2025,05/08/2025,0
SHO7307,BLUEDART,09/25/2024,Delayed,Pune,Mumbai,402.36,NULL,NULL,NULL
SHO7308,FEDEX,10/26/2024,In Transit,Mumbai,Hyderabad,21.61,10/31/2024,NULL,NULL
SHO7309,DHL,05/21/2025,Delayed,Hyderabad,Pune,193.37,NULL,05/26/2025,NULL
SHO7310,BLUEDART,04/23/2024,In Transit,Delhi,Chennai,475.4,04/30/2024,NULL,NULL
SHO7313,DHL,04/21/2025,Delayed,Bangalore,Chennai,354.67,NULL,NULL,NULL
SHO7315,FEDEX,12/02/2024,Pending,Bangalore,Mumbai,80.14,NULL,NULL,NULL
SHO7316,BLUEDART,01/11/2025,In Transit,Chennai,Delhi,226.62,NULL,NULL,NULL
SHO7317,BLUEDART,10/09/2025,Delayed,Delhi,Chennai,422.23,NULL,10/24/2025,NULL
SHO7319,FEDEX,12/30/2024,Delayed,Delhi,Chennai,328.04,NULL,NULL,NULL
SHO7325,DHL,02/17/2025,In Transit,Hyderabad,Mumbai,217.29,NULL,NULL,NULL
SHO7328,DHL,11/10/2024,In Transit,Delhi,Bangalore,135.96,NULL,NULL,NULL
SHO7330,DHL,02/11/2024,Pending,Pune,Hyderabad,276.79,NULL,NULL,NULL
SHO7334,DHL,09/08/2025,Delivered,Chennai,Hyderabad,69.24,09/11/2025,09/14/2025,3
SHO7335,FEDEX,06/01/2024,Pending,Hyderabad,Delhi,15.83,08/01/2024,NULL,NULL
SHO7336,DHL,06/12/2024,Pending,Chennai,Mumbai,360.49,NULL,NULL,NULL
SHO7340,DHL,01/25/2024,In Transit,Mumbai,Hyderabad,463.16,01/31/2024,NULL,NULL
SHO7342,FEDEX,12/12/2024,In Transit,Hyderabad,Bangalore,287.54,NULL,NULL,NULL
SHO7344,FEDEX,10/15/2024,Pending,Hyderabad,Mumbai,190.73,NULL,NULL,NULL
SHO7346,BLUEDART,09/18/2024,Pending,Chennai,Pune,435.32,NULL,NULL,NULL
SHO7352,FEDEX,03/17/2025,Pending,Hyderabad,Mumbai,349.31,NULL,NULL,NULL
SHO7354,BLUEDART,12/13/2025,In Transit,Hyderabad,Mumbai,380.29,12/18/2025,NULL,NULL
SHO7360,DHL,01/26/2026,Delayed,Delhi,Mumbai,1.88,01/30/2026,02/07/2026,NULL
SHO7364,DHL,05/16/2024,Delayed,Pune,Hyderabad,168.67,05/19/2024,NULL,NULL
SHO7365,DHL,07/18/2025,Pending,Chennai,Hyderabad,320.63,07/21/2025,NULL,NULL
SHO7366,BLUEDART,02/18/2026,Pending,Bangalore,Delhi,288.74,02/22/2026,NULL,NULL
SHO7368,DHL,10/21/2024,In Transit,Chennai,Delhi,171.34,NULL,NULL,NULL
SHO7369,DHL,02/13/2026,In Transit,Bangalore,Mumbai,337.36,02/17/2026,NULL,NULL
SHO7370,FEDEX,07/02/2025,Delivered,Pune,Chennai,295.94,07/04/2025,07/03/2025,0
SHO7371,BLUEDART,03/07/2026,In Transit,Chennai,Hyderabad,475.75,03/14/2026,NULL,NULL
SHO7375,FEDEX,02/22/2026,In Transit,Mumbai,Hyderabad,415.64,NULL,NULL,NULL
SHO7383,FEDEX,09/20/2025,Delayed,Hyderabad,Pune,54.99,09/25/2025,09/30/2025,NULL
SHO7385,FEDEX,06/03/2026,Accepted,Pune,Mumbai,68.3,06/05/2026,NULL,NULL
SHO7386,FEDEX,12/25/2025,In Transit,Mumbai,Chennai,393.25,NULL,NULL,NULL
SHO7390,FEDEX,12/26/2024,Delayed,Delhi,Bangalore,151.18,12/31/2024,01/09/2025,NULL
SHO7394,DHL,02/10/2025,Delayed,Delhi,Chennai,273.7,NULL,02/17/2025,NULL
SHO7397,FEDEX,01/28/2025,In Transit,Mumbai,Bangalore,257.19,NULL,NULL,NULL
SHO7399,FEDEX,01/25/2026,Accepted,Pune,Chennai,40.02,NULL,NULL,NULL
SHO7402,BLUEDART,11/18/2025,In Transit,Delhi,Bangalore,335.32,11/20/2025,NULL,NULL
SHO7407,DHL,05/24/2025,Pending,Delhi,Pune,46.82,NULL,NULL,NULL
SHO7409,DHL,05/09/2026,Pending,Bangalore,Hyderabad,413.78,05/16/2026,NULL,NULL
SHO7411,DHL,11/15/2025,In Transit,Chennai,Mumbai,186.98,11/17/2025,NULL,NULL
SHO7412,BLUEDART,01/09/2024,Accepted,Mumbai,Bangalore,434.1,01/12/2024,NULL,NULL
SHO7413,DHL,12/12/2024,In Transit,Delhi,Chennai,229.82,NULL,NULL,NULL
SHO7418,DHL,05/03/2024,In Transit,Hyderabad,Delhi,498.95,NULL,NULL,NULL
SHO7419,BLUEDART,09/20/2025,Delayed,Mumbai,Hyderabad,63.54,09/22/2025,NULL,NULL
SHO7425,BLUEDART,06/05/2024,Accepted,Bangalore,Delhi,158.62,NULL,NULL,NULL
SHO7428,DHL,01/22/2026,Accepted,Hyderabad,Pune,243.33,NULL,02/01/2026,NULL
SHO7430,FEDEX,08/06/2024,Delayed,Chennai,Hyderabad,482.07,11/08/2024,08/21/2024,NULL
SHO7433,BLUEDART,09/17/2024,Delayed,Delhi,Hyderabad,141.46,NULL,09/29/2024,NULL
SHO7434,DHL,06/25/2025,Delayed,Chennai,Delhi,56.37,NULL,07/09/2025,NULL
SHO7435,BLUEDART,02/08/2025,In Transit,Chennai,Hyderabad,86.53,02/14/2025,NULL,NULL
SHO7439,BLUEDART,01/01/2024,Delayed,Bangalore,Mumbai,52.32,01/06/2024,01/15/2024,NULL
SHO7442,DHL,04/05/2024,In Transit,Bangalore,Mumbai,307.28,NULL,NULL,NULL
SHO7443,FEDEX,09/18/2025,Pending,Hyderabad,Delhi,291.2,09/24/2025,NULL,NULL
SHO7445,BLUEDART,02/25/2026,Delayed,Chennai,Bangalore,208.4,NULL,05/03/2026,NULL
SHO7446,DHL,06/07/2026,Delivered,Chennai,Pune,235.12,06/13/2026,06/15/2026,2
SHO7447,DHL,12/15/2025,In Transit,Pune,Mumbai,200.11,12/19/2025,NULL,NULL
SHO7450,BLUEDART,03/14/2024,Accepted,Bangalore,Chennai,150.26,NULL,NULL,NULL
SHO7455,DHL,11/28/2025,Accepted,Hyderabad,Mumbai,285.89,NULL,NULL,NULL
SHO7460,FEDEX,06/12/2025,Delayed,Pune,Bangalore,85.23,06/15/2025,06/17/2025,NULL
SHO7461,DHL,07/17/2024,Delayed,Pune,Chennai,358.66,07/21/2024,NULL,NULL
SHO7462,DHL,09/15/2025,Pending,Pune,Delhi,368.61,09/18/2025,NULL,NULL
SHO7464,DHL,03/22/2026,Delivered,Bangalore,Chennai,188.19,03/29/2026,04/03/2026,5
SHO7466,DHL,01/26/2025,Delayed,Mumbai,Bangalore,329.18,NULL,10/02/2025,NULL
SHO7474,BLUEDART,03/14/2024,In Transit,Pune,Hyderabad,280.27,03/17/2024,NULL,NULL
SHO7476,DHL,06/21/2026,Delivered,Mumbai,Pune,455.07,06/24/2026,06/29/2026,5
SHO7479,BLUEDART,05/08/2024,Delayed,Delhi,Mumbai,96.43,05/13/2024,NULL,NULL
SHO7481,DHL,12/25/2025,Pending,Mumbai,Hyderabad,308.23,12/28/2025,NULL,NULL
SHO7483,FEDEX,11/13/2025,Accepted,Hyderabad,Chennai,453.97,11/18/2025,NULL,NULL
SHO7484,DHL,01/06/2026,Accepted,Hyderabad,Bangalore,435.72,NULL,NULL,NULL
SHO7485,DHL,07/02/2025,Delivered,Delhi,Pune,93.57,09/07/2025,11/07/2025,61
SHO7488,BLUEDART,02/12/2025,In Transit,Chennai,Delhi,497.84,02/17/2025,NULL,NULL
SHO7489,DHL,04/02/2025,In Transit,Bangalore,Hyderabad,172.25,09/04/2025,NULL,NULL
SHO7490,FEDEX,08/09/2024,Delayed,Bangalore,Chennai,49.53,NULL,NULL,NULL
SHO7492,BLUEDART,08/30/2024,Accepted,Bangalore,Delhi,400.2,NULL,NULL,NULL
SHO7493,DHL,04/28/2026,Delayed,Chennai,Pune,287.54,NULL,09/05/2026,NULL
SHO7494,BLUEDART,06/22/2025,Pending,Pune,Mumbai,430.78,NULL,NULL,NULL
SHO7495,DHL,04/11/2024,In Transit,Chennai,Hyderabad,284.71,04/17/2024,NULL,NULL
SHO7497,DHL,07/14/2025,Pending,Mumbai,Hyderabad,457.88,NULL,NULL,NULL
SHO7498,FEDEX,10/07/2025,Accepted,Hyderabad,Pune,472.8,12/10/2025,NULL,NULL
SHO7501,FEDEX,01/29/2026,Delivered,Hyderabad,Bangalore,337.14,02/05/2026,10/02/2026,239
SHO7503,FEDEX,12/18/2025,In Transit,Hyderabad,Mumbai,13.3,NULL,NULL,NULL
SHO7504,DHL,03/17/2024,Delivered,Chennai,Pune,282.03,03/24/2024,03/23/2024,0
SHO7507,BLUEDART,02/20/2025,Delayed,Bangalore,Chennai,371.94,NULL,03/07/2025,NULL
SHO7510,DHL,05/08/2025,Delayed,Pune,Mumbai,259.2,08/11/2025,NULL,NULL
SHO7512,FEDEX,01/25/2026,In Transit,Chennai,Pune,325.71,NULL,NULL,NULL
SHO7513,BLUEDART,10/11/2024,Delayed,Chennai,Delhi,440.68,10/16/2024,10/24/2024,NULL
SHO7519,DHL,04/22/2026,Pending,Pune,Chennai,41.56,04/25/2026,NULL,NULL
SHO7523,BLUEDART,04/01/2025,Pending,Pune,Delhi,119.41,04/05/2025,NULL,NULL
SHO7531,FEDEX,06/17/2026,In Transit,Chennai,Hyderabad,389.68,06/19/2026,NULL,NULL
SHO7532,DHL,12/14/2024,Delayed,Hyderabad,Mumbai,289.07,NULL,12/25/2024,NULL
SHO7538,FEDEX,04/25/2024,Delivered,Delhi,Pune,220.28,04/29/2024,04/27/2024,0
SHO7539,DHL,08/23/2025,In Transit,Chennai,Pune,183.45,08/25/2025,NULL,NULL
SHO7540,DHL,02/24/2026,Pending,Chennai,Pune,460.25,NULL,NULL,NULL
SHO7541,FEDEX,05/02/2024,Pending,Hyderabad,Delhi,36.82,NULL,NULL,NULL
SHO7552,FEDEX,02/13/2025,Pending,Chennai,Hyderabad,80.72,NULL,NULL,NULL
SHO7553,DHL,04/11/2024,Pending,Delhi,Mumbai,344.36,04/18/2024,NULL,NULL
SHO7554,BLUEDART,06/20/2024,Delivered,Hyderabad,Delhi,233.57,06/22/2024,06/27/2024,5
SHO7556,FEDEX,12/28/2025,In Transit,Bangalore,Hyderabad,245.01,NULL,NULL,NULL
SHO7557,FEDEX,12/30/2025,In Transit,Delhi,Pune,167.9,NULL,NULL,NULL
SHO7558,DHL,07/19/2024,Delayed,Bangalore,Delhi,91.78,07/25/2024,07/30/2024,NULL
SHO7564,BLUEDART,06/15/2024,Accepted,Delhi,Bangalore,380.91,NULL,NULL,NULL
SHO7567,BLUEDART,04/02/2026,Pending,Mumbai,Hyderabad,137.99,11/02/2026,NULL,NULL
SHO7570,FEDEX,04/05/2025,In Transit,Mumbai,Pune,285.39,06/05/2025,NULL,NULL
SHO7571,FEDEX,10/05/2025,Delayed,Hyderabad,Bangalore,395.98,NULL,NULL,NULL
SHO7572,BLUEDART,05/27/2025,Pending,Chennai,Delhi,279.78,NULL,NULL,NULL
SHO7576,BLUEDART,02/19/2026,Accepted,Delhi,Bangalore,33.76,NULL,NULL,NULL
SHO7579,BLUEDART,03/06/2024,In Transit,Mumbai,Chennai,124.77,03/11/2024,NULL,NULL
SHO7580,DHL,09/15/2024,Pending,Mumbai,Hyderabad,471.72,09/18/2024,NULL,NULL
SHO7581,BLUEDART,12/03/2025,In Transit,Bangalore,Hyderabad,152.65,12/07/2025,NULL,NULL
SHO7583,FEDEX,08/21/2024,Pending,Delhi,Chennai,363.11,NULL,NULL,NULL
SHO7587,DHL,10/29/2025,In Transit,Delhi,Pune,456.77,11/04/2025,NULL,NULL
SHO7588,DHL,03/04/2025,Pending,Pune,Mumbai,158.85,04/08/2025,NULL,NULL
SHO7589,BLUEDART,09/20/2024,In Transit,Hyderabad,Pune,100.96,NULL,NULL,NULL
SHO7593,FEDEX,03/05/2026,Delayed,Mumbai,Hyderabad,387.28,06/05/2026,05/08/2026,NULL
SHO7594,BLUEDART,09/21/2025,In Transit,Pune,Mumbai,150.66,NULL,NULL,NULL
SHO7596,FEDEX,12/06/2024,Accepted,Bangalore,Hyderabad,251.47,NULL,NULL,NULL
SHO7600,DHL,02/26/2024,Delayed,Bangalore,Pune,194.15,02/28/2024,03/06/2024,NULL
SHO7602,FEDEX,01/19/2024,In Transit,Mumbai,Hyderabad,3.89,01/24/2024,NULL,NULL
SHO7604,DHL,11/13/2025,In Transit,Chennai,Delhi,375.83,11/20/2025,NULL,NULL
SHO7605,BLUEDART,02/20/2026,Delayed,Hyderabad,Mumbai,379.67,NULL,02/27/2026,NULL
SHO7608,FEDEX,09/28/2024,Delayed,Hyderabad,Bangalore,24.71,10/02/2024,NULL,NULL
SHO7609,FEDEX,12/12/2024,Pending,Pune,Hyderabad,266.29,12/16/2024,NULL,NULL
SHO7610,FEDEX,06/20/2025,Delayed,Chennai,Hyderabad,31.7,06/27/2025,07/06/2025,NULL
SHO7613,DHL,02/07/2025,Pending,Bangalore,Hyderabad,389.53,NULL,NULL,NULL
SHO7617,DHL,05/05/2025,Delivered,Pune,Chennai,35.05,09/05/2025,05/12/2025,0
SHO7618,FEDEX,07/29/2024,In Transit,Pune,Delhi,162.29,08/03/2024,NULL,NULL
SHO7623,DHL,04/01/2025,In Transit,Hyderabad,Chennai,314.1,04/07/2025,NULL,NULL
SHO7625,FEDEX,05/03/2025,In Transit,Delhi,Mumbai,310.77,11/03/2025,NULL,NULL
SHO7626,FEDEX,03/30/2025,Delivered,Chennai,Hyderabad,490.21,04/05/2025,04/08/2025,3
SHO7631,DHL,05/27/2026,Delivered,Bangalore,Pune,370.31,06/03/2026,06/05/2026,2
SHO7632,BLUEDART,05/31/2025,In Transit,Bangalore,Pune,342.31,06/04/2025,NULL,NULL
SHO7634,DHL,01/20/2024,Delayed,Chennai,Bangalore,371.34,01/27/2024,02/01/2024,NULL
SHO7637,BLUEDART,10/09/2025,Pending,Pune,Bangalore,330.47,10/16/2025,NULL,NULL
SHO7639,BLUEDART,04/16/2025,Pending,Delhi,Chennai,77.58,04/21/2025,NULL,NULL
SHO7642,BLUEDART,01/13/2024,Accepted,Delhi,Bangalore,183.19,NULL,NULL,NULL
SHO7644,DHL,01/23/2024,Pending,Pune,Mumbai,211.17,01/25/2024,NULL,NULL
SHO7647,FEDEX,11/26/2025,In Transit,Delhi,Chennai,284.67,11/29/2025,NULL,NULL
SHO7649,BLUEDART,12/28/2024,Pending,Chennai,Hyderabad,258.88,01/03/2025,NULL,NULL
SHO7651,DHL,12/25/2025,Delivered,Chennai,Delhi,265.98,12/30/2025,01/01/2026,2
SHO7654,FEDEX,03/03/2025,Delivered,Pune,Hyderabad,65.25,03/07/2025,09/03/2025,180
SHO7658,FEDEX,01/09/2025,In Transit,Pune,Delhi,484.55,NULL,NULL,NULL
SHO7659,DHL,08/18/2025,In Transit,Chennai,Delhi,469.92,NULL,NULL,NULL
SHO7663,FEDEX,10/30/2025,Accepted,Chennai,Pune,433.42,NULL,NULL,NULL
SHO7664,FEDEX,01/23/2025,Delayed,Mumbai,Delhi,400.37,NULL,02/01/2025,NULL
SHO7667,DHL,11/09/2024,Delayed,Pune,Bangalore,473.68,NULL,NULL,NULL
SHO7668,FEDEX,04/25/2026,In Transit,Bangalore,Delhi,37.27,05/01/2026,NULL,NULL
SHO7669,BLUEDART,04/16/2026,Delivered,Delhi,Mumbai,88.85,04/20/2026,04/18/2026,0
SHO7671,FEDEX,01/29/2026,In Transit,Chennai,Pune,373.57,NULL,NULL,NULL
SHO7672,FEDEX,06/20/2025,Delayed,Delhi,Mumbai,181.05,06/23/2025,06/26/2025,NULL
SHO7674,FEDEX,03/22/2024,Delayed,Pune,Mumbai,273.35,03/24/2024,NULL,NULL
SHO7675,FEDEX,05/03/2025,Delivered,Chennai,Hyderabad,371.58,05/08/2025,05/07/2025,0
SHO7676,FEDEX,02/07/2025,In Transit,Mumbai,Delhi,402.32,NULL,NULL,NULL
SHO7677,BLUEDART,10/23/2025,Pending,Hyderabad,Mumbai,177.65,10/26/2025,NULL,NULL
SHO7678,FEDEX,10/19/2025,Pending,Hyderabad,Delhi,435.19,10/25/2025,NULL,NULL
SHO7679,FEDEX,04/04/2025,Delivered,Delhi,Bangalore,435.37,09/04/2025,12/04/2025,91
SHO7684,BLUEDART,02/12/2024,In Transit,Delhi,Mumbai,338.54,02/14/2024,NULL,NULL
SHO7685,FEDEX,03/26/2025,Delivered,Hyderabad,Pune,19.88,03/31/2025,03/31/2025,0
SHO7686,FEDEX,02/22/2025,In Transit,Hyderabad,Bangalore,166.29,03/01/2025,NULL,NULL
SHO7688,DHL,03/03/2026,Delayed,Mumbai,Delhi,52.36,03/07/2026,03/15/2026,NULL
SHO7690,DHL,07/08/2025,In Transit,Pune,Hyderabad,188.88,07/15/2025,NULL,NULL
SHO7692,FEDEX,02/18/2024,Accepted,Chennai,Hyderabad,471.84,NULL,NULL,NULL
SHO7696,BLUEDART,04/16/2026,Delayed,Chennai,Hyderabad,100.08,NULL,04/21/2026,NULL
SHO7702,FEDEX,04/28/2026,Pending,Delhi,Mumbai,432.85,05/05/2026,NULL,NULL
SHO7703,BLUEDART,06/29/2024,Accepted,Chennai,Bangalore,90.24,07/04/2024,NULL,NULL
SHO7704,FEDEX,01/25/2024,Pending,Bangalore,Delhi,219.34,01/29/2024,NULL,NULL
SHO7705,BLUEDART,07/05/2024,Pending,Bangalore,Hyderabad,19.27,NULL,NULL,NULL
SHO7707,DHL,08/09/2024,Pending,Chennai,Mumbai,402.67,08/14/2024,NULL,NULL
SHO7709,DHL,01/25/2025,Accepted,Chennai,Bangalore,251.52,01/30/2025,03/02/2025,NULL
SHO7711,BLUEDART,01/30/2026,In Transit,Mumbai,Pune,355.3,02/06/2026,NULL,NULL
SHO7712,BLUEDART,03/05/2026,Delivered,Pune,Bangalore,64.96,12/03/2026,03/17/2026,0
SHO7716,DHL,05/20/2025,Delivered,Hyderabad,Chennai,325.33,05/24/2025,05/25/2025,1
SHO7719,FEDEX,04/30/2024,In Transit,Hyderabad,Delhi,43.37,05/05/2024,NULL,NULL
SHO7720,BLUEDART,02/22/2024,Delayed,Pune,Delhi,94.92,02/28/2024,03/07/2024,NULL
SHO7724,BLUEDART,01/10/2025,Accepted,Hyderabad,Pune,215.26,10/05/2025,10/14/2025,NULL
SHO7725,DHL,01/15/2026,Pending,Mumbai,Pune,104.35,NULL,NULL,NULL
SHO7727,FEDEX,05/31/2024,Pending,Pune,Delhi,496.56,06/04/2024,NULL,NULL
SHO7729,BLUEDART,09/25/2024,Accepted,Chennai,Delhi,139.89,10/01/2024,NULL,NULL
SHO7731,DHL,06/01/2025,In Transit,Mumbai,Bangalore,460.56,06/04/2025,NULL,NULL
SHO7732,FEDEX,01/23/2026,Delayed,Bangalore,Hyderabad,263.78,01/30/2026,NULL,NULL
SHO7737,DHL,02/13/2026,Delivered,Hyderabad,Chennai,413.65,02/17/2026,02/16/2026,0
SHO7738,DHL,10/10/2024,Delayed,Hyderabad,Chennai,429.32,NULL,10/22/2024,NULL
SHO7743,FEDEX,03/01/2024,Delivered,Delhi,Mumbai,321.85,03/06/2024,08/03/2024,150
SHO7746,BLUEDART,06/16/2026,In Transit,Bangalore,Delhi,34.17,NULL,NULL,NULL
SHO7749,FEDEX,03/19/2026,Delayed,Pune,Hyderabad,452.12,NULL,NULL,NULL
SHO7751,BLUEDART,12/24/2025,Accepted,Delhi,Pune,233.49,12/31/2025,NULL,NULL
SHO7755,BLUEDART,11/22/2024,Delayed,Delhi,Bangalore,42.68,11/26/2024,11/28/2024,NULL
SHO7756,BLUEDART,12/05/2025,In Transit,Hyderabad,Bangalore,306.32,12/07/2025,NULL,NULL
SHO7757,DHL,02/11/2024,Delayed,Mumbai,Chennai,108.42,02/17/2024,NULL,NULL
SHO7759,DHL,05/09/2026,Delayed,Hyderabad,Pune,428.28,05/14/2026,05/21/2026,NULL
SHO7760,DHL,03/27/2024,Delayed,Pune,Delhi,413.68,04/01/2024,04/08/2024,NULL
SHO7761,DHL,06/30/2024,Delayed,Hyderabad,Pune,322.84,07/05/2024,NULL,NULL
SHO7763,DHL,01/30/2026,Delayed,Hyderabad,Bangalore,187.54,03/02/2026,02/10/2026,NULL
SHO7771,DHL,12/21/2024,In Transit,Pune,Chennai,369.06,NULL,NULL,NULL
SHO7772,BLUEDART,12/25/2024,Pending,Delhi,Mumbai,303.38,01/01/2025,NULL,NULL
SHO7773,FEDEX,10/19/2024,In Transit,Pune,Hyderabad,447.62,10/21/2024,NULL,NULL
SHO7779,BLUEDART,10/26/2024,Delayed,Pune,Delhi,102.31,11/02/2024,NULL,NULL
SHO7781,DHL,09/23/2024,Pending,Hyderabad,Pune,266.13,NULL,NULL,NULL
SHO7782,DHL,10/02/2025,Delayed,Hyderabad,Pune,233.37,NULL,NULL,NULL
SHO7784,FEDEX,10/05/2025,Accepted,Chennai,Bangalore,56.61,NULL,NULL,NULL
SHO7785,BLUEDART,08/20/2024,Delivered,Chennai,Pune,354.92,08/26/2024,08/28/2024,2
SHO7787,FEDEX,11/20/2024,Pending,Chennai,Mumbai,162.75,11/22/2024,NULL,NULL
SHO7788,BLUEDART,10/13/2025,In Transit,Delhi,Chennai,268.82,NULL,NULL,NULL
SHO7789,FEDEX,04/11/2024,Delayed,Pune,Bangalore,134.89,04/17/2024,NULL,NULL
SHO7795,BLUEDART,07/31/2024,Accepted,Chennai,Mumbai,443.91,08/06/2024,NULL,NULL
SHO7796,DHL,04/29/2024,Pending,Delhi,Bangalore,163.36,NULL,NULL,NULL
SHO7799,DHL,02/10/2026,Pending,Hyderabad,Chennai,222.74,02/13/2026,NULL,NULL
SHO7800,DHL,09/24/2024,Delayed,Pune,Mumbai,219.07,09/27/2024,10/02/2024,NULL
SHO7802,FEDEX,04/10/2026,In Transit,Delhi,Hyderabad,73.07,NULL,NULL,NULL
SHO7803,BLUEDART,01/05/2026,Delayed,Pune,Mumbai,139.83,09/01/2026,01/10/2026,NULL
SHO7804,FEDEX,06/19/2026,Delayed,Mumbai,Bangalore,367.08,06/24/2026,NULL,NULL
SHO7806,BLUEDART,09/07/2025,Delayed,Hyderabad,Pune,494.39,09/14/2025,09/22/2025,NULL
SHO7808,DHL,07/04/2024,In Transit,Bangalore,Pune,226.51,NULL,NULL,NULL
SHO7809,FEDEX,04/12/2025,Delivered,Chennai,Mumbai,361.92,12/09/2025,12/07/2025,0
SHO7810,DHL,05/06/2025,Accepted,Pune,Delhi,365.7,09/05/2025,NULL,NULL
SHO7811,BLUEDART,08/09/2025,In Transit,Mumbai,Delhi,209.52,11/08/2025,NULL,NULL
SHO7813,DHL,05/28/2025,Delayed,Pune,Chennai,300.63,NULL,06/09/2025,NULL
SHO7814,BLUEDART,03/27/2025,Accepted,Bangalore,Hyderabad,283.9,NULL,NULL,NULL
SHO7815,FEDEX,08/22/2024,Accepted,Mumbai,Delhi,388.8,08/26/2024,NULL,NULL
SHO7818,BLUEDART,02/25/2024,Delayed,Delhi,Chennai,153.44,03/02/2024,06/03/2024,NULL
SHO7819,FEDEX,02/17/2026,In Transit,Delhi,Bangalore,494.78,NULL,NULL,NULL
SHO7826,DHL,02/21/2024,Accepted,Mumbai,Hyderabad,59.12,02/25/2024,NULL,NULL
SHO7827,DHL,06/10/2024,Accepted,Bangalore,Pune,199.0,06/15/2024,NULL,NULL
SHO7830,FEDEX,06/06/2024,Delayed,Pune,Chennai,53.52,10/06/2024,06/20/2024,NULL
SHO7831,DHL,01/21/2024,Delayed,Bangalore,Chennai,387.63,NULL,02/01/2024,NULL
SHO7833,BLUEDART,01/21/2025,Delayed,Mumbai,Delhi,370.55,01/25/2025,02/01/2025,NULL
SHO7837,DHL,11/15/2025,Pending,Delhi,Chennai,183.51,NULL,NULL,NULL
SHO7840,FEDEX,03/21/2025,Delayed,Bangalore,Delhi,14.11,03/23/2025,03/31/2025,NULL
SHO7844,FEDEX,11/24/2024,In Transit,Pune,Mumbai,162.13,NULL,NULL,NULL
SHO7846,FEDEX,05/05/2024,In Transit,Chennai,Hyderabad,109.21,NULL,NULL,NULL
SHO7847,DHL,05/27/2025,In Transit,Delhi,Hyderabad,246.69,06/01/2025,NULL,NULL
SHO7853,FEDEX,04/21/2025,Delivered,Delhi,Bangalore,10.91,04/25/2025,04/28/2025,3
SHO7855,BLUEDART,07/13/2025,In Transit,Chennai,Delhi,316.68,07/15/2025,NULL,NULL
SHO7859,BLUEDART,10/09/2025,Delayed,Chennai,Hyderabad,88.59,10/15/2025,10/19/2025,NULL
SHO7860,FEDEX,01/08/2025,Delayed,Bangalore,Pune,219.48,04/08/2025,08/13/2025,NULL
SHO7864,DHL,02/06/2026,Pending,Bangalore,Delhi,241.16,02/10/2026,NULL,NULL
SHO7866,BLUEDART,02/19/2026,Delayed,Pune,Bangalore,156.46,02/25/2026,NULL,NULL
SHO7868,DHL,09/24/2025,Delayed,Chennai,Delhi,483.99,NULL,10/10/2025,NULL
SHO7869,FEDEX,03/23/2024,Delivered,Mumbai,Bangalore,66.49,03/27/2024,04/01/2024,5
SHO7870,BLUEDART,12/06/2024,Pending,Bangalore,Mumbai,258.58,NULL,NULL,NULL
SHO7872,BLUEDART,04/19/2025,Pending,Pune,Mumbai,420.05,04/25/2025,NULL,NULL
SHO7874,DHL,11/01/2024,Pending,Mumbai,Chennai,122.28,11/08/2024,NULL,NULL
SHO7877,FEDEX,10/17/2024,Pending,Delhi,Pune,241.03,10/24/2024,NULL,NULL
SHO7879,FEDEX,10/08/2024,Pending,Delhi,Bangalore,387.3,NULL,NULL,NULL
SHO7881,FEDEX,11/18/2025,Delayed,Delhi,Mumbai,165.66,11/21/2025,11/22/2025,NULL
SHO7885,BLUEDART,01/02/2026,In Transit,Chennai,Pune,19.04,01/09/2026,NULL,NULL
SHO7887,DHL,02/24/2024,Pending,Delhi,Chennai,178.07,02/26/2024,NULL,NULL
SHO7890,DHL,04/11/2026,Pending,Chennai,Hyderabad,471.57,04/16/2026,NULL,NULL
SHO7895,DHL,01/31/2024,Delivered,Chennai,Mumbai,232.52,03/02/2024,02/01/2024,0
SHO7898,DHL,10/19/2024,Accepted,Chennai,Bangalore,362.02,10/23/2024,NULL,NULL
SHO7899,DHL,09/22/2025,Pending,Delhi,Chennai,420.28,09/29/2025,NULL,NULL
SHO7901,BLUEDART,04/07/2026,Delayed,Mumbai,Bangalore,186.23,04/13/2026,NULL,NULL
SHO7903,FEDEX,02/09/2024,Delayed,Mumbai,Hyderabad,344.51,07/09/2024,09/13/2024,NULL
SHO7904,BLUEDART,03/08/2025,Delayed,Pune,Chennai,373.09,10/08/2025,08/15/2025,NULL
SHO7905,BLUEDART,04/14/2025,Pending,Mumbai,Hyderabad,92.53,04/18/2025,NULL,NULL
SHO7906,DHL,05/20/2026,Delayed,Delhi,Bangalore,349.15,NULL,05/28/2026,NULL
SHO7909,FEDEX,05/06/2026,Delayed,Delhi,Pune,470.93,06/07/2026,09/06/2026,NULL
SHO7910,DHL,05/25/2026,Delayed,Bangalore,Pune,87.01,NULL,06/04/2026,NULL
SHO7916,BLUEDART,12/24/2024,Delayed,Chennai,Bangalore,441.37,12/28/2024,NULL,NULL
SHO7919,FEDEX,12/12/2024,In Transit,Bangalore,Hyderabad,48.49,12/17/2024,NULL,NULL
SHO7920,DHL,05/27/2026,Delayed,Mumbai,Bangalore,381.21,06/01/2026,NULL,NULL
SHO7921,FEDEX,01/12/2025,Pending,Delhi,Pune,297.17,12/07/2025,NULL,NULL
SHO7928,FEDEX,05/20/2024,Delayed,Chennai,Delhi,100.66,NULL,NULL,NULL
SHO7929,DHL,10/20/2025,In Transit,Bangalore,Mumbai,9.58,10/23/2025,NULL,NULL
SHO7930,BLUEDART,08/09/2025,Delayed,Pune,Mumbai,182.66,NULL,08/24/2025,NULL
SHO7931,FEDEX,02/06/2025,Delayed,Chennai,Pune,392.61,09/02/2025,02/10/2025,NULL
SHO7932,BLUEDART,10/19/2025,In Transit,Pune,Hyderabad,371.19,10/22/2025,NULL,NULL
SHO7934,FEDEX,04/26/2024,In Transit,Bangalore,Delhi,369.28,04/29/2024,NULL,NULL
SHO7936,DHL,01/04/2024,Pending,Delhi,Mumbai,482.44,NULL,NULL,NULL
SHO7939,FEDEX,04/11/2024,Pending,Pune,Chennai,467.12,10/11/2024,NULL,NULL
SHO7942,FEDEX,11/22/2025,Accepted,Pune,Chennai,411.45,NULL,NULL,NULL
SHO7943,DHL,12/07/2024,Accepted,Pune,Hyderabad,488.99,12/13/2024,NULL,NULL
SHO7945,FEDEX,02/19/2025,Delivered,Bangalore,Chennai,61.37,02/23/2025,02/22/2025,0
SHO7946,DHL,04/20/2026,In Transit,Pune,Bangalore,210.9,04/23/2026,NULL,NULL
SHO7950,DHL,12/30/2025,Delayed,Delhi,Pune,96.5,01/04/2026,01/13/2026,NULL
SHO7952,DHL,06/28/2024,In Transit,Mumbai,Chennai,171.29,07/01/2024,NULL,NULL
SHO7953,BLUEDART,01/02/2025,In Transit,Mumbai,Chennai,258.21,07/02/2025,NULL,NULL
SHO7958,BLUEDART,12/06/2025,Accepted,Chennai,Hyderabad,339.57,NULL,NULL,NULL
SHO7961,FEDEX,08/19/2024,Accepted,Mumbai,Pune,34.74,08/26/2024,NULL,NULL
SHO7962,BLUEDART,07/04/2026,In Transit,Mumbai,Pune,300.51,NULL,NULL,NULL
SHO7966,FEDEX,07/07/2024,In Transit,Hyderabad,Pune,143.58,07/09/2024,NULL,NULL
SHO7969,BLUEDART,11/10/2025,Pending,Hyderabad,Bangalore,38.34,NULL,NULL,NULL
SHO7972,FEDEX,12/17/2025,Pending,Pune,Chennai,43.24,12/24/2025,NULL,NULL
SHO7974,BLUEDART,03/12/2024,In Transit,Chennai,Mumbai,268.28,08/12/2024,NULL,NULL
SHO7978,FEDEX,04/20/2026,Pending,Chennai,Delhi,483.7,04/24/2026,NULL,NULL
SHO7981,FEDEX,05/22/2026,In Transit,Chennai,Hyderabad,350.76,05/24/2026,NULL,NULL
SHO7986,DHL,02/21/2024,Delayed,Mumbai,Bangalore,71.67,02/28/2024,03/05/2024,NULL
SHO7991,BLUEDART,03/22/2026,Pending,Delhi,Chennai,133.57,NULL,NULL,NULL
SHO7996,FEDEX,01/06/2026,Delivered,Delhi,Hyderabad,425.75,01/13/2026,01/18/2026,5
SHO7999,BLUEDART,04/23/2025,Delayed,Chennai,Bangalore,279.46,NULL,05/05/2025,NULL
SHO8000,BLUEDART,12/05/2024,Delayed,Bangalore,Pune,208.88,12/12/2024,12/22/2024,NULL
SHO8001,BLUEDART,01/14/2024,Delayed,Hyderabad,Delhi,481.66,01/19/2024,NULL,NULL
SHO8004,BLUEDART,05/14/2025,Delayed,Bangalore,Chennai,47.02,05/18/2025,05/20/2025,NULL
SHO8007,FEDEX,01/17/2026,Accepted,Hyderabad,Bangalore,392.94,NULL,01/20/2026,NULL
SHO8010,FEDEX,07/16/2025,Delayed,Delhi,Hyderabad,185.96,07/20/2025,NULL,NULL
SHO8011,BLUEDART,07/06/2025,Delivered,Chennai,Hyderabad,387.2,10/07/2025,07/09/2025,0
SHO8013,DHL,05/26/2024,Accepted,Chennai,Bangalore,261.71,05/29/2024,NULL,NULL
SHO8016,DHL,05/05/2024,In Transit,Hyderabad,Mumbai,241.08,07/05/2024,NULL,NULL
SHO8017,DHL,02/18/2026,Pending,Hyderabad,Pune,321.77,02/24/2026,NULL,NULL
SHO8020,BLUEDART,03/10/2025,Delayed,Mumbai,Pune,226.21,03/15/2025,03/22/2025,NULL
SHO8021,BLUEDART,12/09/2025,Delayed,Pune,Bangalore,110.63,12/13/2025,NULL,NULL
SHO8024,FEDEX,07/31/2025,In Transit,Hyderabad,Delhi,170.86,08/06/2025,NULL,NULL
SHO8026,BLUEDART,11/05/2024,Pending,Mumbai,Chennai,251.17,11/11/2024,NULL,NULL
SHO8027,BLUEDART,01/17/2026,In Transit,Bangalore,Mumbai,402.59,NULL,NULL,NULL
SHO8028,FEDEX,05/31/2024,Pending,Mumbai,Hyderabad,31.42,06/04/2024,NULL,NULL
SHO8029,BLUEDART,12/23/2024,Pending,Bangalore,Chennai,394.56,12/27/2024,NULL,NULL
SHO8030,DHL,03/08/2024,Pending,Delhi,Bangalore,395.28,10/03/2024,NULL,NULL
SHO8031,BLUEDART,02/16/2024,Delivered,Pune,Bangalore,329.33,02/18/2024,02/19/2024,1
SHO8032,BLUEDART,03/08/2024,Pending,Hyderabad,Bangalore,310.21,NULL,NULL,NULL
SHO8033,DHL,10/09/2024,In Transit,Hyderabad,Pune,97.45,NULL,NULL,NULL
SHO8037,DHL,06/02/2026,In Transit,Pune,Chennai,360.29,NULL,NULL,NULL
SHO8039,FEDEX,08/23/2024,Pending,Mumbai,Hyderabad,77.1,NULL,NULL,NULL
SHO8040,FEDEX,10/29/2025,Pending,Bangalore,Chennai,475.1,NULL,NULL,NULL
SHO8042,FEDEX,07/25/2025,In Transit,Hyderabad,Pune,117.9,07/30/2025,NULL,NULL
SHO8045,DHL,10/24/2025,Pending,Delhi,Pune,181.84,10/28/2025,NULL,NULL
SHO8046,FEDEX,03/24/2024,In Transit,Hyderabad,Delhi,209.92,NULL,NULL,NULL
SHO8047,DHL,05/15/2025,In Transit,Hyderabad,Delhi,256.38,05/18/2025,NULL,NULL
SHO8049,DHL,02/18/2024,Pending,Pune,Bangalore,84.64,02/22/2024,NULL,NULL
SHO8054,FEDEX,06/27/2025,In Transit,Bangalore,Hyderabad,90.34,NULL,NULL,NULL
SHO8060,BLUEDART,11/22/2024,In Transit,Pune,Hyderabad,478.71,NULL,NULL,NULL
SHO8061,BLUEDART,06/21/2025,Pending,Delhi,Hyderabad,429.1,06/23/2025,NULL,NULL
SHO8064,DHL,07/02/2025,Delayed,Delhi,Bangalore,206.96,NULL,NULL,NULL
SHO8066,DHL,12/18/2024,In Transit,Delhi,Chennai,139.25,12/23/2024,NULL,NULL
SHO8068,BLUEDART,01/26/2025,In Transit,Delhi,Chennai,245.67,01/28/2025,NULL,NULL
SHO8070,BLUEDART,10/13/2024,Pending,Hyderabad,Delhi,97.82,10/16/2024,NULL,NULL
SHO8072,BLUEDART,04/17/2024,Pending,Hyderabad,Pune,26.52,04/20/2024,NULL,NULL
SHO8073,FEDEX,07/26/2024,Delivered,Chennai,Pune,271.95,07/31/2024,08/03/2024,3
SHO8077,BLUEDART,09/21/2024,Delayed,Mumbai,Bangalore,356.21,NULL,09/28/2024,NULL
SHO8082,FEDEX,08/04/2025,In Transit,Mumbai,Bangalore,102.52,08/09/2025,NULL,NULL
SHO8086,BLUEDART,08/19/2024,Pending,Delhi,Pune,112.67,08/23/2024,NULL,NULL
SHO8087,DHL,02/18/2024,Delivered,Delhi,Bangalore,34.48,02/23/2024,02/25/2024,2
SHO8098,BLUEDART,01/02/2026,Accepted,Mumbai,Delhi,435.95,NULL,NULL,NULL
SHO8104,BLUEDART,09/05/2024,Delivered,Hyderabad,Chennai,469.75,10/09/2024,09/09/2024,0
SHO8105,BLUEDART,02/15/2024,Accepted,Chennai,Bangalore,312.02,NULL,NULL,NULL
SHO8107,FEDEX,10/04/2025,Accepted,Bangalore,Delhi,431.65,10/06/2025,NULL,NULL
SHO8109,BLUEDART,06/09/2025,Delivered,Bangalore,Pune,121.32,06/14/2025,06/16/2025,2
SHO8112,BLUEDART,04/23/2026,In Transit,Chennai,Hyderabad,17.6,04/29/2026,NULL,NULL
SHO8113,BLUEDART,06/27/2026,Delivered,Mumbai,Pune,178.2,07/02/2026,07/06/2026,4
SHO8115,BLUEDART,07/01/2024,Delivered,Mumbai,Pune,154.39,07/04/2024,07/05/2024,1
SHO8116,BLUEDART,07/12/2024,Pending,Chennai,Bangalore,402.49,12/10/2024,NULL,NULL
SHO8118,DHL,03/04/2025,Accepted,Chennai,Mumbai,270.03,11/03/2025,NULL,NULL
SHO8119,DHL,05/06/2025,In Transit,Mumbai,Bangalore,484.85,NULL,NULL,NULL
SHO8120,DHL,04/22/2024,Pending,Chennai,Bangalore,53.79,04/28/2024,NULL,NULL
SHO8122,FEDEX,10/03/2025,Accepted,Bangalore,Chennai,143.81,10/08/2025,10/14/2025,NULL
SHO8123,FEDEX,04/11/2024,Accepted,Mumbai,Hyderabad,355.83,11/11/2024,NULL,NULL
SHO8125,FEDEX,09/20/2025,In Transit,Delhi,Pune,23.74,09/22/2025,NULL,NULL
SHO8129,FEDEX,10/22/2025,Pending,Chennai,Delhi,232.4,10/27/2025,NULL,NULL
SHO8130,DHL,05/05/2026,In Transit,Delhi,Bangalore,52.49,09/05/2026,NULL,NULL
SHO8133,DHL,02/20/2026,Delivered,Hyderabad,Delhi,345.36,02/22/2026,02/24/2026,2
SHO8134,FEDEX,01/02/2026,Delayed,Bangalore,Hyderabad,373.71,01/05/2026,01/14/2026,NULL
SHO8139,DHL,03/16/2026,Delayed,Pune,Mumbai,227.56,03/19/2026,03/21/2026,NULL
SHO8141,DHL,09/24/2025,Accepted,Hyderabad,Pune,243.7,09/26/2025,NULL,NULL
SHO8145,BLUEDART,05/11/2025,In Transit,Chennai,Hyderabad,281.9,05/16/2025,NULL,NULL
SHO8148,DHL,04/19/2025,Delayed,Hyderabad,Mumbai,102.57,04/23/2025,NULL,NULL
SHO8150,BLUEDART,04/13/2026,Accepted,Mumbai,Bangalore,333.44,04/17/2026,NULL,NULL
SHO8153,FEDEX,06/09/2024,Delivered,Chennai,Delhi,75.33,09/09/2024,09/11/2024,2
SHO8155,FEDEX,08/03/2024,Pending,Mumbai,Delhi,33.45,NULL,NULL,NULL
SHO8156,BLUEDART,10/07/2025,In Transit,Pune,Hyderabad,402.87,NULL,NULL,NULL
SHO8157,DHL,06/20/2025,In Transit,Mumbai,Pune,139.42,06/26/2025,NULL,NULL
SHO8160,DHL,02/16/2025,Pending,Delhi,Bangalore,32.75,02/20/2025,NULL,NULL
SHO8162,DHL,08/08/2024,Delayed,Bangalore,Hyderabad,175.3,08/13/2024,08/15/2024,NULL
SHO8163,FEDEX,10/15/2025,In Transit,Hyderabad,Delhi,495.83,NULL,NULL,NULL
SHO8168,DHL,06/22/2025,Accepted,Bangalore,Hyderabad,278.46,NULL,NULL,NULL
SHO8172,DHL,11/06/2025,In Transit,Hyderabad,Pune,331.18,NULL,NULL,NULL
SHO8174,BLUEDART,01/28/2025,Accepted,Bangalore,Pune,66.55,04/02/2025,02/09/2025,NULL
SHO8176,DHL,07/06/2024,Pending,Pune,Hyderabad,100.73,NULL,NULL,NULL
SHO8178,DHL,10/20/2025,In Transit,Delhi,Hyderabad,143.19,10/22/2025,NULL,NULL
SHO8179,DHL,11/01/2024,In Transit,Hyderabad,Bangalore,116.19,11/03/2024,NULL,NULL
SHO8182,BLUEDART,01/18/2025,Delivered,Delhi,Chennai,306.24,01/24/2025,01/26/2025,2
SHO8187,BLUEDART,05/19/2025,Delayed,Chennai,Mumbai,51.55,05/22/2025,05/30/2025,NULL
SHO8188,FEDEX,12/28/2024,Pending,Pune,Delhi,448.11,12/30/2024,NULL,NULL
SHO8191,BLUEDART,09/20/2025,In Transit,Bangalore,Delhi,70.28,09/24/2025,NULL,NULL
SHO8193,BLUEDART,01/17/2024,Delayed,Hyderabad,Delhi,354.06,NULL,01/29/2024,NULL
SHO8200,BLUEDART,08/15/2024,Delayed,Pune,Chennai,95.68,NULL,08/24/2024,NULL
SHO8204,DHL,03/07/2025,Pending,Delhi,Bangalore,473.27,03/10/2025,NULL,NULL
SHO8206,DHL,06/23/2024,Delivered,Pune,Hyderabad,195.7,06/28/2024,06/26/2024,0
SHO8207,BLUEDART,08/21/2024,In Transit,Pune,Hyderabad,395.7,NULL,NULL,NULL
SHO8209,BLUEDART,04/19/2026,Delivered,Chennai,Hyderabad,149.5,04/24/2026,04/27/2026,3
SHO8211,FEDEX,05/16/2024,In Transit,Bangalore,Pune,188.06,NULL,NULL,NULL
SHO8213,FEDEX,08/07/2025,Delayed,Mumbai,Pune,92.08,08/11/2025,08/12/2025,NULL
SHO8214,FEDEX,08/03/2024,In Transit,Delhi,Mumbai,494.78,09/08/2024,NULL,NULL
SHO8216,BLUEDART,10/31/2025,Delayed,Chennai,Hyderabad,396.94,11/07/2025,11/11/2025,NULL
SHO8217,DHL,02/04/2024,Delayed,Mumbai,Hyderabad,128.55,02/09/2024,NULL,NULL
SHO8218,DHL,09/03/2024,In Transit,Bangalore,Mumbai,345.11,11/03/2024,NULL,NULL
SHO8221,BLUEDART,12/26/2024,In Transit,Chennai,Bangalore,144.1,12/30/2024,NULL,NULL
SHO8227,FEDEX,05/16/2026,Delayed,Hyderabad,Mumbai,370.22,NULL,05/27/2026,NULL
SHO8229,FEDEX,12/12/2024,Pending,Delhi,Pune,290.79,NULL,NULL,NULL
SHO8230,FEDEX,05/14/2024,Delivered,Delhi,Hyderabad,54.0,05/19/2024,05/21/2024,2
SHO8231,FEDEX,02/14/2025,Accepted,Chennai,Pune,167.6,NULL,NULL,NULL
SHO8234,FEDEX,01/28/2025,In Transit,Chennai,Delhi,50.19,02/04/2025,NULL,NULL
SHO8236,DHL,09/13/2024,Accepted,Bangalore,Hyderabad,421.85,09/15/2024,09/17/2024,NULL
SHO8237,BLUEDART,03/27/2025,Pending,Mumbai,Chennai,189.54,03/31/2025,NULL,NULL
SHO8238,BLUEDART,09/25/2025,Pending,Pune,Hyderabad,11.75,09/28/2025,NULL,NULL
SHO8239,BLUEDART,05/08/2025,In Transit,Mumbai,Delhi,272.44,NULL,NULL,NULL
SHO8244,FEDEX,06/20/2024,Delayed,Bangalore,Delhi,447.22,NULL,06/24/2024,NULL
SHO8245,DHL,01/13/2026,Delayed,Delhi,Mumbai,118.53,01/20/2026,NULL,NULL
SHO8247,BLUEDART,05/28/2025,In Transit,Bangalore,Chennai,54.39,06/01/2025,NULL,NULL
SHO8249,DHL,12/20/2024,Delivered,Bangalore,Pune,77.87,12/22/2024,12/27/2024,5
SHO8252,FEDEX,11/16/2024,Accepted,Hyderabad,Mumbai,19.78,11/20/2024,NULL,NULL
SHO8255,DHL,03/05/2024,In Transit,Hyderabad,Delhi,11.55,03/08/2024,NULL,NULL
SHO8257,DHL,07/26/2025,In Transit,Hyderabad,Delhi,75.73,07/30/2025,NULL,NULL
SHO8258,BLUEDART,04/05/2024,Pending,Hyderabad,Pune,434.5,05/08/2024,NULL,NULL
SHO8263,DHL,08/21/2024,Delivered,Chennai,Bangalore,318.38,08/27/2024,08/31/2024,4
SHO8264,BLUEDART,10/08/2024,Pending,Hyderabad,Mumbai,382.01,10/15/2024,NULL,NULL
SHO8268,FEDEX,07/11/2025,In Transit,Mumbai,Bangalore,242.82,07/14/2025,NULL,NULL
SHO8269,DHL,03/22/2024,In Transit,Bangalore,Pune,283.35,03/25/2024,NULL,NULL
SHO8272,DHL,05/24/2026,In Transit,Mumbai,Delhi,279.69,05/31/2026,NULL,NULL
SHO8274,DHL,02/04/2026,In Transit,Mumbai,Bangalore,324.47,04/05/2026,NULL,NULL
SHO8276,FEDEX,08/27/2025,In Transit,Chennai,Delhi,153.63,09/03/2025,NULL,NULL
SHO8280,DHL,02/02/2025,Delivered,Hyderabad,Mumbai,195.42,05/02/2025,02/07/2025,0
SHO8284,BLUEDART,02/14/2026,In Transit,Hyderabad,Pune,489.39,02/19/2026,NULL,NULL
SHO8285,BLUEDART,10/31/2024,Accepted,Chennai,Pune,379.33,NULL,NULL,NULL
SHO8287,FEDEX,10/26/2025,In Transit,Bangalore,Delhi,36.53,10/31/2025,NULL,NULL
SHO8288,DHL,10/26/2025,Delayed,Mumbai,Delhi,468.22,10/31/2025,NULL,NULL
SHO8289,DHL,01/14/2026,In Transit,Pune,Delhi,203.56,NULL,NULL,NULL
SHO8294,DHL,04/17/2025,Pending,Delhi,Mumbai,81.27,NULL,NULL,NULL
SHO8295,BLUEDART,03/15/2024,Pending,Mumbai,Chennai,403.43,NULL,NULL,NULL
SHO8296,FEDEX,09/20/2024,In Transit,Mumbai,Hyderabad,38.07,NULL,NULL,NULL
SHO8298,BLUEDART,03/31/2026,Accepted,Chennai,Bangalore,206.33,04/03/2026,NULL,NULL
SHO8299,DHL,05/01/2026,Pending,Bangalore,Chennai,67.62,05/06/2026,NULL,NULL
SHO8300,BLUEDART,06/12/2024,Pending,Chennai,Hyderabad,235.87,10/12/2024,NULL,NULL
SHO8302,FEDEX,09/06/2025,Pending,Bangalore,Hyderabad,271.02,12/09/2025,NULL,NULL
SHO8303,DHL,05/13/2025,In Transit,Mumbai,Bangalore,51.28,05/15/2025,NULL,NULL
SHO8305,FEDEX,10/21/2025,In Transit,Hyderabad,Mumbai,469.26,10/23/2025,NULL,NULL
SHO8307,FEDEX,04/18/2026,Delivered,Hyderabad,Mumbai,402.79,04/25/2026,04/25/2026,0
SHO8312,FEDEX,12/31/2024,In Transit,Delhi,Mumbai,38.64,01/03/2025,NULL,NULL
SHO8315,DHL,02/14/2026,Delayed,Bangalore,Pune,389.1,02/19/2026,02/21/2026,NULL
SHO8316,BLUEDART,06/20/2026,Accepted,Pune,Hyderabad,382.64,NULL,NULL,NULL
SHO8325,BLUEDART,02/22/2025,Accepted,Chennai,Hyderabad,482.2,02/25/2025,02/25/2025,NULL
SHO8327,BLUEDART,09/13/2025,Delayed,Pune,Mumbai,349.76,09/17/2025,NULL,NULL
SHO8329,FEDEX,09/06/2024,Delivered,Chennai,Pune,371.02,09/10/2024,12/09/2024,90
SHO8332,BLUEDART,01/19/2025,In Transit,Bangalore,Delhi,171.39,01/24/2025,NULL,NULL
SHO8333,BLUEDART,08/06/2024,Delayed,Mumbai,Bangalore,492.01,NULL,08/22/2024,NULL
SHO8337,DHL,02/20/2026,Pending,Delhi,Hyderabad,48.28,02/23/2026,NULL,NULL
SHO8338,BLUEDART,12/18/2025,Accepted,Chennai,Pune,297.74,NULL,NULL,NULL
SHO8339,BLUEDART,01/26/2024,Accepted,Delhi,Pune,269.46,NULL,NULL,NULL
SHO8340,FEDEX,02/13/2026,Pending,Mumbai,Bangalore,494.05,02/15/2026,NULL,NULL
SHO8351,BLUEDART,07/06/2025,Pending,Hyderabad,Chennai,17.25,NULL,NULL,NULL
SHO8352,DHL,01/21/2026,Pending,Mumbai,Pune,249.35,01/23/2026,NULL,NULL
SHO8354,DHL,05/05/2026,In Transit,Chennai,Mumbai,28.44,11/05/2026,NULL,NULL
SHO8357,BLUEDART,09/13/2025,Delayed,Pune,Mumbai,381.03,NULL,09/22/2025,NULL
SHO8362,BLUEDART,06/13/2024,Delayed,Bangalore,Hyderabad,24.7,06/18/2024,06/27/2024,NULL
SHO8363,FEDEX,07/10/2025,Accepted,Bangalore,Chennai,298.08,10/14/2025,NULL,NULL
SHO8365,FEDEX,01/16/2025,Delayed,Pune,Chennai,175.9,01/23/2025,01/30/2025,NULL
SHO8369,DHL,05/09/2024,In Transit,Hyderabad,Mumbai,83.43,NULL,NULL,NULL
SHO8370,BLUEDART,10/12/2024,Pending,Bangalore,Mumbai,157.1,10/18/2024,NULL,NULL
SHO8371,DHL,03/18/2025,Pending,Hyderabad,Mumbai,138.79,03/22/2025,NULL,NULL
SHO8374,DHL,04/11/2025,Delayed,Delhi,Bangalore,346.93,NULL,11/11/2025,NULL
SHO8377,DHL,10/13/2025,Delayed,Hyderabad,Bangalore,111.39,10/17/2025,10/24/2025,NULL
SHO8379,FEDEX,09/16/2025,Pending,Hyderabad,Chennai,106.56,NULL,NULL,NULL
SHO8380,BLUEDART,06/24/2026,Delayed,Pune,Bangalore,233.7,06/29/2026,07/02/2026,NULL
SHO8383,BLUEDART,04/26/2026,Delivered,Hyderabad,Pune,260.72,04/28/2026,04/28/2026,0
SHO8384,FEDEX,08/12/2024,Pending,Pune,Delhi,302.51,NULL,NULL,NULL
SHO8385,FEDEX,12/20/2024,In Transit,Bangalore,Pune,388.06,12/27/2024,NULL,NULL
SHO8386,FEDEX,05/28/2026,Delayed,Bangalore,Hyderabad,255.34,06/01/2026,09/06/2026,NULL
SHO8388,DHL,06/20/2024,Pending,Chennai,Delhi,195.65,06/24/2024,NULL,NULL
SHO8389,FEDEX,11/16/2024,In Transit,Delhi,Mumbai,104.8,11/18/2024,NULL,NULL
SHO8391,BLUEDART,10/26/2025,Accepted,Mumbai,Delhi,20.67,10/30/2025,11/09/2025,NULL
SHO8392,BLUEDART,12/01/2025,Pending,Bangalore,Delhi,99.83,12/07/2025,NULL,NULL
SHO8393,DHL,10/14/2025,In Transit,Chennai,Hyderabad,126.94,10/18/2025,NULL,NULL
SHO8394,DHL,08/13/2024,Pending,Mumbai,Hyderabad,316.68,08/20/2024,NULL,NULL
SHO8396,FEDEX,05/31/2025,Pending,Delhi,Bangalore,155.05,06/03/2025,NULL,NULL
SHO8398,DHL,02/14/2025,Pending,Pune,Mumbai,298.07,02/20/2025,NULL,NULL
SHO8400,FEDEX,10/14/2025,Delayed,Mumbai,Hyderabad,390.96,10/19/2025,10/21/2025,NULL
SHO8401,FEDEX,07/07/2025,Pending,Bangalore,Mumbai,295.03,NULL,NULL,NULL
SHO8403,DHL,08/01/2024,Pending,Bangalore,Chennai,83.09,08/05/2024,NULL,NULL
SHO8405,BLUEDART,02/04/2025,In Transit,Pune,Hyderabad,190.76,08/04/2025,NULL,NULL
SHO8406,BLUEDART,03/05/2026,Accepted,Chennai,Bangalore,243.3,05/09/2026,NULL,NULL
SHO8407,DHL,01/11/2024,In Transit,Chennai,Bangalore,263.98,01/17/2024,NULL,NULL
SHO8409,DHL,11/08/2025,Delayed,Pune,Mumbai,459.66,11/10/2025,11/18/2025,NULL
SHO8411,DHL,03/10/2024,Accepted,Pune,Mumbai,228.33,03/12/2024,NULL,NULL
SHO8412,FEDEX,02/08/2025,Pending,Mumbai,Bangalore,18.78,08/08/2025,NULL,NULL
SHO8414,BLUEDART,04/16/2024,In Transit,Mumbai,Hyderabad,174.35,NULL,NULL,NULL
SHO8418,BLUEDART,03/06/2026,In Transit,Bangalore,Hyderabad,33.35,NULL,NULL,NULL
SHO8423,DHL,09/06/2024,In Transit,Bangalore,Mumbai,456.15,NULL,NULL,NULL
SHO8424,BLUEDART,03/24/2026,Accepted,Pune,Hyderabad,94.83,03/31/2026,NULL,NULL
SHO8425,DHL,03/14/2025,Delayed,Hyderabad,Bangalore,237.9,03/18/2025,03/27/2025,NULL
SHO8428,FEDEX,03/19/2025,Pending,Mumbai,Chennai,477.24,NULL,NULL,NULL
SHO8430,FEDEX,03/08/2024,Delayed,Pune,Chennai,322.99,03/14/2024,03/23/2024,NULL
SHO8433,FEDEX,03/28/2026,Pending,Bangalore,Pune,354.43,04/03/2026,NULL,NULL
SHO8434,BLUEDART,02/09/2024,Delayed,Mumbai,Pune,58.53,09/04/2024,09/05/2024,NULL
SHO8435,DHL,03/20/2026,Pending,Delhi,Bangalore,199.4,NULL,NULL,NULL
SHO8436,FEDEX,11/15/2024,Delayed,Bangalore,Mumbai,10.0,11/18/2024,11/20/2024,NULL
SHO8439,DHL,02/05/2026,Delayed,Delhi,Chennai,306.32,02/12/2026,02/19/2026,NULL
SHO8440,FEDEX,04/12/2026,Delivered,Pune,Chennai,119.05,04/16/2026,04/20/2026,4
SHO8442,DHL,07/25/2025,Delivered,Bangalore,Mumbai,218.76,07/27/2025,07/26/2025,0
SHO8443,BLUEDART,05/05/2024,In Transit,Pune,Chennai,158.01,05/11/2024,NULL,NULL
SHO8444,DHL,09/17/2025,In Transit,Pune,Hyderabad,108.68,NULL,NULL,NULL
SHO8447,DHL,08/04/2025,Delayed,Hyderabad,Pune,326.67,08/07/2025,08/12/2025,NULL
SHO8451,FEDEX,07/08/2025,In Transit,Mumbai,Chennai,379.45,08/09/2025,NULL,NULL
SHO8452,FEDEX,06/20/2026,Pending,Mumbai,Bangalore,11.16,06/22/2026,NULL,NULL
SHO8454,DHL,03/17/2025,Pending,Chennai,Mumbai,199.4,NULL,NULL,NULL
SHO8455,FEDEX,06/30/2026,Pending,Delhi,Mumbai,178.35,07/02/2026,NULL,NULL
SHO8457,BLUEDART,06/14/2024,In Transit,Pune,Hyderabad,244.56,06/19/2024,NULL,NULL
SHO8460,BLUEDART,05/04/2024,Pending,Mumbai,Delhi,162.83,08/04/2024,NULL,NULL
SHO8466,DHL,11/12/2025,Delayed,Mumbai,Hyderabad,374.67,11/14/2025,11/18/2025,NULL
SHO8467,FEDEX,02/12/2025,Delivered,Bangalore,Chennai,260.78,08/12/2025,12/09/2025,119
SHO8468,DHL,02/10/2025,Delayed,Hyderabad,Chennai,469.19,02/17/2025,NULL,NULL
SHO8469,BLUEDART,02/15/2025,In Transit,Delhi,Pune,488.54,NULL,NULL,NULL
SHO8470,FEDEX,03/06/2024,In Transit,Chennai,Bangalore,479.77,03/09/2024,NULL,NULL
SHO8471,FEDEX,11/11/2024,In Transit,Mumbai,Chennai,371.5,11/13/2024,NULL,NULL
SHO8473,FEDEX,06/29/2024,Pending,Pune,Hyderabad,440.86,07/05/2024,NULL,NULL
SHO8476,DHL,05/07/2024,Accepted,Delhi,Bangalore,305.91,NULL,NULL,NULL
SHO8478,BLUEDART,04/20/2024,Pending,Mumbai,Hyderabad,448.52,04/23/2024,NULL,NULL
SHO8482,FEDEX,03/27/2025,Accepted,Pune,Bangalore,112.89,03/31/2025,04/06/2025,NULL
SHO8483,FEDEX,06/22/2025,In Transit,Hyderabad,Chennai,243.41,NULL,NULL,NULL
SHO8484,BLUEDART,08/11/2025,Pending,Bangalore,Chennai,23.16,08/17/2025,NULL,NULL
SHO8485,BLUEDART,12/25/2024,Accepted,Delhi,Bangalore,190.62,12/28/2024,NULL,NULL
SHO8495,FEDEX,10/25/2025,Delayed,Delhi,Chennai,31.06,NULL,11/01/2025,NULL
SHO8498,DHL,01/17/2024,Delivered,Delhi,Chennai,478.51,01/22/2024,01/24/2024,2
SHO8501,FEDEX,06/23/2026,Delayed,Pune,Mumbai,411.67,06/26/2026,06/28/2026,NULL
SHO8502,DHL,02/22/2026,Delayed,Bangalore,Hyderabad,166.3,NULL,06/03/2026,NULL
SHO8510,DHL,10/06/2025,Delivered,Pune,Mumbai,262.78,10/12/2025,10/10/2025,0
SHO8511,FEDEX,09/19/2024,In Transit,Mumbai,Delhi,40.91,09/21/2024,NULL,NULL
SHO8513,DHL,07/17/2024,In Transit,Pune,Delhi,6.5,07/19/2024,NULL,NULL
SHO8521,DHL,06/13/2024,Delivered,Chennai,Delhi,336.02,06/20/2024,06/24/2024,4
SHO8522,FEDEX,06/07/2026,Accepted,Chennai,Hyderabad,192.66,10/06/2026,NULL,NULL
SHO8526,DHL,08/03/2024,Pending,Pune,Delhi,53.04,10/03/2024,NULL,NULL
SHO8527,BLUEDART,05/29/2025,Delayed,Pune,Delhi,138.84,06/05/2025,06/06/2025,NULL
SHO8530,FEDEX,01/20/2025,In Transit,Chennai,Pune,304.87,01/25/2025,NULL,NULL
SHO8534,DHL,02/19/2024,Pending,Pune,Bangalore,62.35,NULL,NULL,NULL
SHO8535,BLUEDART,05/18/2025,Accepted,Chennai,Hyderabad,339.49,05/20/2025,NULL,NULL
SHO8538,BLUEDART,11/15/2024,In Transit,Hyderabad,Chennai,291.62,NULL,NULL,NULL
SHO8544,FEDEX,07/03/2026,In Transit,Pune,Chennai,9.96,12/03/2026,NULL,NULL
SHO8547,BLUEDART,03/14/2025,Accepted,Bangalore,Mumbai,284.75,NULL,03/26/2025,NULL
SHO8548,DHL,12/29/2024,Pending,Chennai,Bangalore,360.14,02/01/2025,NULL,NULL
SHO8549,FEDEX,03/23/2025,Pending,Delhi,Pune,235.52,NULL,NULL,NULL
SHO8550,DHL,09/10/2025,In Transit,Mumbai,Hyderabad,36.46,NULL,NULL,NULL
SHO8553,FEDEX,09/17/2024,Delayed,Hyderabad,Mumbai,353.96,09/24/2024,09/29/2024,NULL
SHO8557,FEDEX,11/22/2025,Pending,Mumbai,Chennai,194.53,NULL,NULL,NULL
SHO8566,FEDEX,01/13/2025,In Transit,Delhi,Mumbai,63.96,01/17/2025,NULL,NULL
SHO8570,DHL,06/10/2025,Pending,Mumbai,Delhi,292.42,06/12/2025,NULL,NULL
SHO8573,DHL,04/21/2026,Accepted,Chennai,Mumbai,416.77,04/28/2026,NULL,NULL
SHO8579,DHL,10/13/2024,Pending,Bangalore,Delhi,370.0,NULL,NULL,NULL
SHO8580,FEDEX,02/11/2025,In Transit,Hyderabad,Mumbai,399.3,02/15/2025,NULL,NULL
SHO8581,DHL,07/13/2025,Delivered,Delhi,Pune,82.25,07/15/2025,07/15/2025,0
SHO8583,BLUEDART,01/08/2026,Delivered,Chennai,Mumbai,249.04,12/01/2026,01/13/2026,0
SHO8586,BLUEDART,04/30/2026,Pending,Hyderabad,Mumbai,228.44,06/05/2026,NULL,NULL
SHO8591,DHL,05/25/2025,Accepted,Bangalore,Chennai,177.36,05/29/2025,NULL,NULL
SHO8592,FEDEX,11/13/2024,Delivered,Pune,Bangalore,318.18,11/18/2024,11/23/2024,5
SHO8595,DHL,03/17/2025,Pending,Mumbai,Bangalore,413.61,03/19/2025,NULL,NULL
SHO8596,BLUEDART,05/12/2024,Delayed,Mumbai,Bangalore,385.93,05/15/2024,05/16/2024,NULL
SHO8598,DHL,12/17/2025,Delayed,Mumbai,Pune,258.83,NULL,12/25/2025,NULL
SHO8607,DHL,03/01/2024,In Transit,Chennai,Delhi,39.66,05/01/2024,NULL,NULL
SHO8608,FEDEX,05/13/2025,In Transit,Bangalore,Mumbai,477.13,NULL,NULL,NULL
SHO8612,DHL,03/16/2026,In Transit,Bangalore,Delhi,6.42,03/18/2026,NULL,NULL
SHO8617,BLUEDART,02/04/2025,In Transit,Pune,Delhi,237.47,02/06/2025,NULL,NULL
SHO8618,BLUEDART,08/10/2025,Delivered,Chennai,Pune,450.75,08/12/2025,08/10/2025,0
SHO8621,FEDEX,04/05/2026,Delayed,Pune,Bangalore,288.62,08/04/2026,04/11/2026,NULL
SHO8624,FEDEX,05/29/2026,Pending,Bangalore,Hyderabad,481.74,NULL,NULL,NULL
SHO8625,DHL,05/29/2025,In Transit,Chennai,Bangalore,78.74,06/03/2025,NULL,NULL
SHO8626,BLUEDART,03/06/2024,Delayed,Delhi,Pune,240.96,10/06/2024,NULL,NULL
SHO8627,BLUEDART,03/31/2025,In Transit,Hyderabad,Pune,122.16,04/03/2025,NULL,NULL
SHO8634,FEDEX,12/10/2025,In Transit,Hyderabad,Chennai,441.93,12/15/2025,NULL,NULL
SHO8635,BLUEDART,10/26/2024,Delayed,Chennai,Mumbai,1.66,10/29/2024,11/03/2024,NULL
SHO8636,DHL,12/26/2024,Delayed,Chennai,Mumbai,237.0,02/01/2025,09/01/2025,NULL
SHO8639,FEDEX,05/09/2024,In Transit,Hyderabad,Delhi,149.81,05/15/2024,NULL,NULL
SHO8641,DHL,08/20/2024,Delivered,Chennai,Hyderabad,358.5,08/24/2024,08/24/2024,0
SHO8643,DHL,10/06/2025,Accepted,Delhi,Hyderabad,142.95,NULL,NULL,NULL
SHO8646,BLUEDART,08/31/2024,Delayed,Chennai,Mumbai,300.05,NULL,09/12/2024,NULL
SHO8648,FEDEX,08/29/2025,Delayed,Pune,Mumbai,255.81,09/05/2025,NULL,NULL
SHO8649,FEDEX,07/04/2024,Pending,Bangalore,Pune,374.56,07/09/2024,NULL,NULL
SHO8650,BLUEDART,10/16/2024,In Transit,Delhi,Bangalore,280.18,10/21/2024,NULL,NULL
SHO8653,DHL,09/08/2024,In Transit,Bangalore,Hyderabad,164.79,12/09/2024,NULL,NULL
SHO8654,BLUEDART,10/10/2024,In Transit,Pune,Mumbai,449.12,10/14/2024,NULL,NULL
SHO8658,DHL,08/18/2025,Pending,Hyderabad,Mumbai,102.84,08/21/2025,NULL,NULL
SHO8659,DHL,06/24/2024,Accepted,Mumbai,Hyderabad,7.72,06/28/2024,NULL,NULL
SHO8664,BLUEDART,02/15/2025,Accepted,Pune,Hyderabad,264.32,NULL,NULL,NULL
SHO8667,BLUEDART,04/17/2024,Delivered,Bangalore,Pune,259.55,04/22/2024,04/27/2024,5
SHO8672,FEDEX,01/11/2025,Pending,Delhi,Bangalore,130.69,11/03/2025,NULL,NULL
SHO8675,FEDEX,11/25/2024,Accepted,Hyderabad,Mumbai,455.38,11/28/2024,11/26/2024,NULL
SHO8677,DHL,11/27/2024,Delayed,Pune,Hyderabad,172.8,11/30/2024,12/07/2024,NULL
SHO8678,FEDEX,01/20/2026,In Transit,Mumbai,Chennai,144.03,NULL,NULL,NULL
SHO8679,FEDEX,12/12/2025,In Transit,Pune,Delhi,190.63,NULL,NULL,NULL
SHO8684,FEDEX,06/03/2024,Delayed,Chennai,Pune,255.73,06/06/2024,NULL,NULL
SHO8685,BLUEDART,05/30/2025,Pending,Bangalore,Delhi,255.78,06/03/2025,NULL,NULL
SHO8686,BLUEDART,03/08/2024,Accepted,Bangalore,Pune,134.25,03/13/2024,NULL,NULL
SHO8688,BLUEDART,01/31/2024,Pending,Hyderabad,Bangalore,488.02,03/02/2024,NULL,NULL
SHO8689,BLUEDART,09/07/2025,In Transit,Bangalore,Chennai,95.17,09/11/2025,NULL,NULL
SHO8690,FEDEX,09/09/2024,Pending,Mumbai,Chennai,129.62,09/15/2024,NULL,NULL
SHO8691,DHL,01/27/2026,Pending,Hyderabad,Bangalore,34.31,02/02/2026,NULL,NULL
SHO8694,BLUEDART,02/26/2025,In Transit,Hyderabad,Pune,377.04,NULL,NULL,NULL
SHO8696,FEDEX,06/26/2024,Accepted,Bangalore,Hyderabad,467.98,NULL,NULL,NULL
SHO8697,DHL,03/04/2026,Pending,Hyderabad,Bangalore,261.17,03/11/2026,NULL,NULL
SHO8703,DHL,06/07/2025,Accepted,Delhi,Hyderabad,475.59,09/06/2025,06/15/2025,NULL
SHO8705,BLUEDART,03/08/2026,Accepted,Delhi,Mumbai,171.35,03/13/2026,NULL,NULL
SHO8706,DHL,10/23/2024,In Transit,Mumbai,Pune,232.61,10/29/2024,NULL,NULL
SHO8709,DHL,08/18/2024,Accepted,Mumbai,Hyderabad,450.81,08/20/2024,NULL,NULL
SHO8710,BLUEDART,05/23/2024,Delivered,Delhi,Mumbai,367.74,05/28/2024,05/31/2024,3
SHO8711,FEDEX,07/27/2024,Delayed,Chennai,Mumbai,389.71,NULL,08/01/2024,NULL
SHO8715,DHL,04/05/2024,Delayed,Bangalore,Chennai,330.41,07/05/2024,05/08/2024,NULL
SHO8717,BLUEDART,12/24/2025,Delayed,Mumbai,Delhi,158.58,12/26/2025,12/30/2025,NULL
SHO8718,FEDEX,03/06/2025,In Transit,Delhi,Bangalore,237.81,NULL,NULL,NULL
SHO8719,DHL,12/08/2024,In Transit,Bangalore,Hyderabad,346.66,12/15/2024,NULL,NULL
SHO8720,DHL,02/28/2025,Pending,Chennai,Hyderabad,411.28,03/02/2025,NULL,NULL
SHO8721,DHL,02/10/2026,Pending,Delhi,Chennai,151.39,02/17/2026,NULL,NULL
SHO8722,FEDEX,10/30/2024,Pending,Bangalore,Pune,7.38,NULL,NULL,NULL
SHO8723,DHL,05/31/2026,Delivered,Bangalore,Chennai,79.11,06/03/2026,06/08/2026,5
SHO8726,DHL,02/03/2024,In Transit,Bangalore,Hyderabad,61.21,02/10/2024,NULL,NULL
SHO8727,BLUEDART,05/10/2026,Accepted,Hyderabad,Chennai,127.79,NULL,NULL,NULL
SHO8729,DHL,03/15/2025,Delivered,Bangalore,Hyderabad,434.36,03/22/2025,03/20/2025,0
SHO8733,BLUEDART,08/24/2024,In Transit,Hyderabad,Chennai,387.73,08/26/2024,NULL,NULL
SHO8736,DHL,04/29/2024,Accepted,Hyderabad,Delhi,97.75,05/05/2024,NULL,NULL
SHO8738,BLUEDART,06/28/2024,Pending,Pune,Chennai,478.93,07/03/2024,NULL,NULL
SHO8747,DHL,01/17/2025,In Transit,Hyderabad,Pune,85.63,01/19/2025,NULL,NULL
SHO8748,DHL,05/03/2026,Delivered,Mumbai,Chennai,311.77,05/09/2026,05/11/2026,2
SHO8751,FEDEX,06/06/2024,Delayed,Bangalore,Mumbai,307.52,12/06/2024,NULL,NULL
SHO8752,BLUEDART,01/02/2024,In Transit,Bangalore,Mumbai,126.25,NULL,NULL,NULL
SHO8754,DHL,02/13/2025,In Transit,Hyderabad,Delhi,346.27,02/17/2025,NULL,NULL
SHO8755,DHL,11/12/2025,Pending,Delhi,Chennai,400.42,11/17/2025,NULL,NULL
SHO8758,FEDEX,06/02/2025,In Transit,Chennai,Bangalore,287.56,NULL,NULL,NULL
SHO8759,BLUEDART,01/12/2024,Pending,Delhi,Pune,85.71,01/14/2024,NULL,NULL
SHO8761,DHL,06/11/2026,Accepted,Mumbai,Pune,385.98,06/13/2026,NULL,NULL
SHO8763,FEDEX,02/02/2025,In Transit,Bangalore,Mumbai,408.12,02/07/2025,NULL,NULL
SHO8771,DHL,07/11/2025,Accepted,Delhi,Hyderabad,363.8,07/18/2025,NULL,NULL
SHO8772,DHL,03/31/2024,In Transit,Bangalore,Delhi,121.65,04/07/2024,NULL,NULL
SHO8777,BLUEDART,02/16/2026,Pending,Bangalore,Pune,187.13,02/18/2026,NULL,NULL
SHO8787,FEDEX,02/11/2024,In Transit,Pune,Mumbai,401.91,02/13/2024,NULL,NULL
SHO8801,BLUEDART,10/17/2025,Delayed,Bangalore,Chennai,379.33,10/19/2025,NULL,NULL
SHO8802,FEDEX,10/27/2024,In Transit,Delhi,Pune,482.56,10/29/2024,NULL,NULL
SHO8804,FEDEX,02/09/2024,Delayed,Pune,Mumbai,337.81,02/15/2024,02/16/2024,NULL
SHO8805,BLUEDART,07/13/2025,In Transit,Bangalore,Hyderabad,496.23,07/18/2025,NULL,NULL
SHO8806,DHL,04/21/2025,Delayed,Bangalore,Delhi,1.31,04/26/2025,05/02/2025,NULL
SHO8808,FEDEX,09/13/2024,Delivered,Delhi,Bangalore,401.21,09/15/2024,09/18/2024,3
SHO8810,FEDEX,05/12/2025,Delayed,Bangalore,Delhi,151.77,NULL,12/17/2025,NULL
SHO8811,DHL,10/25/2024,In Transit,Delhi,Hyderabad,116.24,10/27/2024,NULL,NULL
SHO8812,BLUEDART,03/07/2026,Delayed,Mumbai,Chennai,68.63,NULL,03/18/2026,NULL
SHO8813,DHL,03/29/2024,Accepted,Chennai,Bangalore,410.86,03/31/2024,NULL,NULL
SHO8822,BLUEDART,01/21/2024,Delayed,Chennai,Bangalore,290.53,01/23/2024,02/02/2024,NULL
SHO8824,DHL,04/02/2026,Delayed,Chennai,Hyderabad,485.39,04/09/2026,04/19/2026,NULL
SHO8826,BLUEDART,08/14/2024,Delivered,Mumbai,Delhi,478.08,08/18/2024,08/23/2024,5
SHO8833,DHL,01/21/2024,In Transit,Hyderabad,Mumbai,143.74,01/28/2024,NULL,NULL
SHO8834,BLUEDART,04/18/2025,Accepted,Delhi,Hyderabad,229.88,04/21/2025,NULL,NULL
SHO8835,FEDEX,01/29/2025,In Transit,Pune,Bangalore,147.35,02/05/2025,NULL,NULL
SHO8836,DHL,02/03/2024,In Transit,Hyderabad,Delhi,99.33,02/06/2024,NULL,NULL
SHO8839,BLUEDART,07/23/2025,Delayed,Pune,Delhi,288.37,NULL,08/02/2025,NULL
SHO8840,DHL,02/03/2024,Delivered,Hyderabad,Mumbai,295.49,02/07/2024,02/11/2024,4
SHO8844,BLUEDART,04/28/2025,Accepted,Pune,Chennai,302.83,05/01/2025,05/03/2025,NULL
SHO8845,BLUEDART,07/29/2025,In Transit,Bangalore,Pune,168.0,NULL,NULL,NULL
SHO8846,FEDEX,05/10/2024,Delayed,Hyderabad,Chennai,445.39,05/16/2024,05/25/2024,NULL
SHO8849,BLUEDART,12/02/2024,Delayed,Chennai,Hyderabad,291.74,NULL,NULL,NULL
SHO8855,DHL,04/20/2024,Pending,Chennai,Pune,467.01,NULL,NULL,NULL
SHO8856,FEDEX,07/07/2024,Delivered,Bangalore,Mumbai,311.67,07/11/2024,07/11/2024,0
SHO8857,FEDEX,05/19/2025,Accepted,Hyderabad,Pune,300.34,05/24/2025,NULL,NULL
SHO8858,DHL,08/11/2024,In Transit,Hyderabad,Delhi,57.61,NULL,NULL,NULL
SHO8862,FEDEX,02/14/2026,Pending,Mumbai,Bangalore,417.74,02/20/2026,NULL,NULL
SHO8865,DHL,08/15/2024,In Transit,Bangalore,Chennai,98.42,08/22/2024,NULL,NULL
SHO8866,BLUEDART,12/13/2025,Pending,Bangalore,Mumbai,80.9,12/19/2025,NULL,NULL
SHO8867,BLUEDART,01/31/2025,Pending,Mumbai,Chennai,260.82,02/04/2025,NULL,NULL
SHO8868,BLUEDART,01/14/2025,In Transit,Delhi,Chennai,428.31,01/18/2025,NULL,NULL
SHO8869,DHL,02/23/2025,In Transit,Bangalore,Delhi,480.5,NULL,NULL,NULL
SHO8872,DHL,03/07/2025,Delivered,Bangalore,Delhi,114.95,12/03/2025,03/17/2025,0
SHO8874,DHL,06/10/2024,Pending,Pune,Bangalore,50.79,NULL,NULL,NULL
SHO8876,BLUEDART,10/18/2025,Delayed,Pune,Delhi,7.42,10/22/2025,NULL,NULL
SHO8881,DHL,05/04/2026,Pending,Delhi,Pune,170.73,05/11/2026,NULL,NULL
SHO8884,FEDEX,02/08/2025,Delayed,Bangalore,Delhi,353.71,10/02/2025,02/14/2025,NULL
SHO8885,FEDEX,01/15/2024,In Transit,Delhi,Mumbai,363.02,01/17/2024,NULL,NULL
SHO8886,DHL,01/04/2024,Delayed,Delhi,Mumbai,422.06,04/04/2024,09/04/2024,NULL
SHO8888,DHL,06/19/2025,Pending,Mumbai,Bangalore,269.31,06/26/2025,NULL,NULL
SHO8889,FEDEX,01/07/2025,In Transit,Pune,Delhi,136.84,01/09/2025,NULL,NULL
SHO8890,BLUEDART,12/20/2025,Delivered,Chennai,Mumbai,380.39,12/22/2025,12/20/2025,0
SHO8891,FEDEX,06/10/2024,Pending,Mumbai,Delhi,30.74,10/11/2024,NULL,NULL
SHO8894,DHL,06/07/2024,Pending,Chennai,Bangalore,29.06,07/09/2024,NULL,NULL
SHO8895,FEDEX,12/09/2025,Pending,Bangalore,Pune,382.45,NULL,NULL,NULL
SHO8896,DHL,12/18/2025,Pending,Chennai,Delhi,353.67,NULL,NULL,NULL
SHO8897,DHL,03/31/2026,Accepted,Chennai,Hyderabad,139.15,07/04/2026,NULL,NULL
SHO8898,BLUEDART,03/12/2025,Pending,Hyderabad,Delhi,108.86,03/17/2025,NULL,NULL
SHO8900,FEDEX,10/05/2025,Delayed,Delhi,Pune,39.75,10/12/2025,NULL,NULL
SHO8902,BLUEDART,08/17/2024,Delayed,Hyderabad,Mumbai,98.75,08/23/2024,NULL,NULL
SHO8906,FEDEX,07/27/2024,Pending,Chennai,Mumbai,241.19,07/31/2024,NULL,NULL
SHO8907,BLUEDART,04/16/2025,Pending,Bangalore,Mumbai,67.07,04/20/2025,NULL,NULL
SHO8908,FEDEX,11/07/2024,Accepted,Delhi,Chennai,349.14,NULL,NULL,NULL
SHO8910,BLUEDART,12/12/2025,In Transit,Mumbai,Chennai,245.16,NULL,NULL,NULL
SHO8911,BLUEDART,06/18/2026,Delayed,Bangalore,Chennai,226.08,06/20/2026,06/24/2026,NULL
SHO8912,FEDEX,07/16/2024,Accepted,Delhi,Bangalore,362.54,07/23/2024,NULL,NULL
SHO8913,FEDEX,01/02/2026,Accepted,Chennai,Hyderabad,293.9,01/09/2026,NULL,NULL
SHO8914,BLUEDART,05/17/2025,In Transit,Pune,Hyderabad,295.1,NULL,NULL,NULL
SHO8916,BLUEDART,12/01/2025,Accepted,Delhi,Hyderabad,410.15,12/06/2025,NULL,NULL
SHO8919,FEDEX,06/13/2024,In Transit,Hyderabad,Bangalore,27.94,06/20/2024,NULL,NULL
SHO8926,BLUEDART,03/24/2025,Accepted,Mumbai,Hyderabad,222.78,03/27/2025,NULL,NULL
SHO8927,FEDEX,04/03/2024,Delayed,Hyderabad,Pune,114.36,NULL,04/16/2024,NULL
SHO8931,DHL,08/01/2024,In Transit,Delhi,Bangalore,294.1,08/07/2024,NULL,NULL
SHO8932,FEDEX,05/05/2025,In Transit,Delhi,Bangalore,244.01,05/07/2025,NULL,NULL
SHO8935,DHL,01/13/2026,In Transit,Bangalore,Delhi,226.63,01/20/2026,NULL,NULL
SHO8936,FEDEX,06/10/2025,Pending,Mumbai,Chennai,75.23,10/08/2025,NULL,NULL
SHO8946,FEDEX,11/26/2025,In Transit,Mumbai,Pune,228.81,12/03/2025,NULL,NULL
SHO8947,BLUEDART,06/02/2024,Pending,Chennai,Pune,15.05,NULL,NULL,NULL
SHO8949,DHL,08/31/2025,Delayed,Mumbai,Chennai,210.09,NULL,NULL,NULL
SHO8950,BLUEDART,03/09/2024,Delayed,Mumbai,Bangalore,63.8,NULL,12/03/2024,NULL
SHO8951,BLUEDART,03/17/2024,In Transit,Hyderabad,Mumbai,477.89,03/22/2024,NULL,NULL
SHO8952,DHL,04/12/2024,Pending,Hyderabad,Chennai,104.1,04/17/2024,NULL,NULL
SHO8954,FEDEX,01/28/2025,Pending,Hyderabad,Pune,372.13,02/02/2025,NULL,NULL
SHO8958,FEDEX,01/01/2025,Delayed,Hyderabad,Delhi,324.01,01/05/2025,12/01/2025,NULL
SHO8961,DHL,01/01/2024,In Transit,Bangalore,Hyderabad,61.65,01/08/2024,NULL,NULL
SHO8963,BLUEDART,01/16/2026,Pending,Bangalore,Delhi,205.6,01/20/2026,NULL,NULL
SHO8965,BLUEDART,03/28/2025,In Transit,Hyderabad,Mumbai,373.62,03/31/2025,NULL,NULL
SHO8968,FEDEX,05/17/2025,Delivered,Mumbai,Hyderabad,287.82,05/19/2025,05/17/2025,0
SHO8972,FEDEX,06/17/2026,In Transit,Chennai,Delhi,5.87,NULL,NULL,NULL
SHO8974,FEDEX,04/17/2024,In Transit,Hyderabad,Pune,358.68,04/23/2024,NULL,NULL
SHO8976,BLUEDART,02/10/2024,Delivered,Delhi,Pune,192.42,02/16/2024,02/14/2024,0
SHO8978,FEDEX,02/15/2025,Pending,Mumbai,Hyderabad,473.01,NULL,NULL,NULL
SHO8984,DHL,08/19/2024,Pending,Hyderabad,Pune,283.8,NULL,NULL,NULL
SHO8987,DHL,10/25/2025,Pending,Mumbai,Bangalore,342.76,11/01/2025,NULL,NULL
SHO8989,DHL,01/25/2024,In Transit,Chennai,Mumbai,428.47,01/28/2024,NULL,NULL
SHO8990,BLUEDART,10/14/2024,Delivered,Pune,Mumbai,60.53,10/21/2024,10/20/2024,0
SHO8993,DHL,02/12/2024,In Transit,Chennai,Mumbai,22.56,02/18/2024,NULL,NULL
SHO8995,FEDEX,12/24/2025,In Transit,Hyderabad,Delhi,141.86,NULL,NULL,NULL
SHO9000,FEDEX,05/13/2025,Delayed,Mumbai,Pune,299.42,05/19/2025,05/21/2025,NULL
SHO9002,DHL,10/15/2025,Delivered,Delhi,Chennai,147.07,10/18/2025,10/23/2025,5
SHO9003,DHL,12/08/2025,Delivered,Mumbai,Bangalore,490.63,12/12/2025,12/13/2025,1
SHO9006,FEDEX,10/07/2024,Delivered,Hyderabad,Mumbai,164.17,10/11/2024,10/09/2024,0
SHO9014,FEDEX,08/31/2025,Pending,Delhi,Bangalore,385.53,NULL,NULL,NULL
SHO9015,FEDEX,01/22/2024,Delivered,Mumbai,Pune,437.15,01/27/2024,01/27/2024,0
SHO9016,BLUEDART,01/16/2024,In Transit,Mumbai,Delhi,379.42,01/20/2024,NULL,NULL
SHO9018,DHL,05/20/2025,Pending,Hyderabad,Chennai,498.04,NULL,NULL,NULL
SHO9020,DHL,06/03/2025,Delayed,Delhi,Bangalore,378.67,NULL,NULL,NULL
SHO9021,DHL,04/30/2025,In Transit,Mumbai,Delhi,496.85,06/05/2025,NULL,NULL
SHO9025,DHL,08/01/2026,Delayed,Mumbai,Bangalore,51.55,11/01/2026,NULL,NULL
SHO9027,DHL,06/26/2026,Accepted,Chennai,Mumbai,44.93,NULL,07/03/2026,NULL
SHO9032,FEDEX,04/19/2025,In Transit,Pune,Mumbai,46.16,NULL,NULL,NULL
SHO9035,FEDEX,12/06/2024,Accepted,Chennai,Bangalore,405.7,NULL,NULL,NULL
SHO9040,FEDEX,04/28/2024,Delivered,Bangalore,Mumbai,83.61,05/05/2024,05/04/2024,0
SHO9042,DHL,10/19/2025,Delayed,Delhi,Pune,273.46,NULL,11/02/2025,NULL
SHO9045,DHL,11/02/2024,Accepted,Delhi,Chennai,81.38,NULL,NULL,NULL
SHO9046,DHL,03/02/2024,In Transit,Bangalore,Delhi,377.55,03/08/2024,NULL,NULL
SHO9047,DHL,10/17/2025,Accepted,Hyderabad,Pune,404.99,NULL,NULL,NULL
SHO9049,DHL,04/29/2026,Accepted,Hyderabad,Pune,137.15,05/05/2026,NULL,NULL
SHO9050,FEDEX,05/25/2026,In Transit,Mumbai,Pune,293.05,NULL,NULL,NULL
SHO9051,BLUEDART,01/29/2025,Pending,Pune,Mumbai,297.5,01/31/2025,NULL,NULL
SHO9059,BLUEDART,07/18/2024,Pending,Bangalore,Pune,169.7,NULL,NULL,NULL
SHO9062,DHL,05/15/2025,Accepted,Hyderabad,Chennai,151.38,05/21/2025,NULL,NULL
SHO9068,BLUEDART,11/26/2024,Accepted,Bangalore,Pune,298.48,NULL,NULL,NULL
SHO9070,DHL,12/29/2025,In Transit,Hyderabad,Bangalore,167.32,03/01/2026,NULL,NULL
SHO9071,DHL,01/30/2024,Delivered,Delhi,Mumbai,417.53,04/02/2024,02/04/2024,0
SHO9072,DHL,07/23/2024,In Transit,Bangalore,Hyderabad,218.47,NULL,NULL,NULL
SHO9075,BLUEDART,07/26/2024,Delivered,Mumbai,Delhi,381.32,07/28/2024,07/29/2024,1
SHO9078,BLUEDART,10/11/2024,In Transit,Delhi,Pune,243.03,10/14/2024,NULL,NULL
SHO9080,DHL,01/26/2024,In Transit,Mumbai,Pune,469.02,01/31/2024,NULL,NULL
SHO9082,BLUEDART,05/17/2025,Accepted,Bangalore,Chennai,105.02,NULL,NULL,NULL
SHO9085,FEDEX,09/15/2024,Accepted,Delhi,Hyderabad,37.95,09/18/2024,NULL,NULL
SHO9087,FEDEX,04/04/2026,Delivered,Pune,Hyderabad,218.84,09/04/2026,04/08/2026,0
SHO9088,BLUEDART,03/09/2026,Delivered,Mumbai,Delhi,48.45,03/12/2026,03/17/2026,5
SHO9090,FEDEX,08/22/2025,In Transit,Hyderabad,Bangalore,359.2,NULL,NULL,NULL
SHO9093,BLUEDART,06/05/2024,Pending,Mumbai,Chennai,441.59,06/11/2024,NULL,NULL
SHO9095,FEDEX,08/29/2024,Delayed,Bangalore,Mumbai,308.55,NULL,09/15/2024,NULL
SHO9097,DHL,05/08/2024,Delayed,Bangalore,Hyderabad,466.69,11/08/2024,NULL,NULL
SHO9099,BLUEDART,05/06/2025,In Transit,Mumbai,Hyderabad,244.22,11/06/2025,NULL,NULL
SHO9102,DHL,04/25/2026,In Transit,Hyderabad,Delhi,441.76,NULL,NULL,NULL
SHO9103,DHL,03/03/2025,In Transit,Delhi,Chennai,79.31,03/07/2025,NULL,NULL
SHO9104,DHL,07/11/2025,In Transit,Pune,Mumbai,440.24,11/13/2025,NULL,NULL
SHO9107,DHL,02/05/2024,Delivered,Mumbai,Pune,277.74,05/07/2024,05/10/2024,3
SHO9108,DHL,10/04/2026,Delayed,Mumbai,Pune,298.97,NULL,NULL,NULL
SHO9109,DHL,02/01/2026,Delayed,Chennai,Delhi,224.8,NULL,02/11/2026,NULL
SHO9110,BLUEDART,05/06/2024,Delivered,Bangalore,Hyderabad,290.88,05/13/2024,05/13/2024,0
SHO9112,FEDEX,04/11/2025,Delayed,Chennai,Hyderabad,491.46,NULL,NULL,NULL
SHO9116,DHL,01/13/2025,Delayed,Pune,Delhi,464.99,01/18/2025,NULL,NULL
SHO9117,BLUEDART,08/02/2024,Delayed,Hyderabad,Mumbai,46.47,NULL,11/08/2024,NULL
SHO9118,DHL,07/09/2025,Pending,Hyderabad,Mumbai,179.13,12/07/2025,NULL,NULL
SHO9120,DHL,07/05/2024,Delayed,Pune,Delhi,160.25,07/07/2024,07/16/2024,NULL
SHO9126,BLUEDART,07/09/2024,Pending,Chennai,Hyderabad,363.87,NULL,NULL,NULL
SHO9132,DHL,03/12/2024,In Transit,Pune,Mumbai,88.58,NULL,NULL,NULL
SHO9137,BLUEDART,08/14/2024,In Transit,Mumbai,Pune,357.64,08/20/2024,NULL,NULL
SHO9139,DHL,03/17/2025,Pending,Mumbai,Chennai,74.11,03/22/2025,NULL,NULL
SHO9142,DHL,07/02/2025,In Transit,Bangalore,Mumbai,298.81,07/05/2025,NULL,NULL
SHO9143,DHL,05/22/2026,In Transit,Hyderabad,Chennai,136.59,05/29/2026,NULL,NULL
SHO9147,DHL,11/13/2025,Accepted,Pune,Chennai,169.54,11/20/2025,NULL,NULL
SHO9148,FEDEX,01/21/2025,Delayed,Hyderabad,Pune,194.63,NULL,02/01/2025,NULL
SHO9150,BLUEDART,12/23/2024,In Transit,Mumbai,Delhi,232.99,NULL,NULL,NULL
SHO9151,FEDEX,08/23/2025,Pending,Hyderabad,Delhi,187.4,NULL,NULL,NULL
SHO9152,FEDEX,07/10/2024,Pending,Pune,Delhi,254.94,12/07/2024,NULL,NULL
SHO9156,BLUEDART,09/07/2024,Pending,Delhi,Mumbai,169.74,11/07/2024,NULL,NULL
SHO9158,DHL,11/25/2025,In Transit,Hyderabad,Chennai,46.12,NULL,NULL,NULL
SHO9160,FEDEX,10/31/2025,In Transit,Pune,Delhi,190.38,11/03/2025,NULL,NULL
SHO9161,BLUEDART,05/08/2025,Accepted,Delhi,Mumbai,369.95,05/10/2025,NULL,NULL
SHO9163,BLUEDART,09/14/2024,Pending,Hyderabad,Delhi,458.07,09/19/2024,NULL,NULL
SHO9167,DHL,08/27/2024,Delayed,Hyderabad,Pune,20.59,09/03/2024,NULL,NULL
SHO9168,DHL,03/01/2024,In Transit,Hyderabad,Delhi,188.31,10/01/2024,NULL,NULL
SHO9169,BLUEDART,02/09/2024,Accepted,Delhi,Mumbai,156.77,NULL,NULL,NULL
SHO9171,FEDEX,08/06/2025,Accepted,Chennai,Hyderabad,101.85,08/08/2025,NULL,NULL
SHO9172,FEDEX,05/24/2024,Pending,Mumbai,Chennai,29.75,05/28/2024,NULL,NULL
SHO9175,BLUEDART,10/12/2025,Delayed,Hyderabad,Chennai,84.62,10/18/2025,10/26/2025,NULL
SHO9179,BLUEDART,12/29/2025,Delayed,Delhi,Mumbai,358.79,NULL,01/08/2026,NULL
SHO9180,FEDEX,07/26/2024,In Transit,Mumbai,Chennai,88.2,07/31/2024,NULL,NULL
SHO9181,BLUEDART,08/29/2024,Delayed,Pune,Chennai,194.53,NULL,09/10/2024,NULL
SHO9182,DHL,01/11/2025,In Transit,Bangalore,Hyderabad,122.2,01/13/2025,NULL,NULL
SHO9183,DHL,09/02/2025,Pending,Hyderabad,Bangalore,19.8,09/08/2025,NULL,NULL
SHO9185,FEDEX,04/10/2026,In Transit,Bangalore,Pune,309.24,04/15/2026,NULL,NULL
SHO9187,BLUEDART,04/30/2024,Delayed,Hyderabad,Bangalore,390.47,NULL,08/05/2024,NULL
SHO9189,FEDEX,12/16/2024,Pending,Delhi,Hyderabad,17.94,NULL,NULL,NULL
SHO9190,FEDEX,01/24/2026,In Transit,Delhi,Bangalore,95.74,01/30/2026,NULL,NULL
SHO9194,DHL,04/18/2025,In Transit,Delhi,Hyderabad,368.07,04/24/2025,NULL,NULL
SHO9198,BLUEDART,02/17/2026,Accepted,Hyderabad,Delhi,450.96,NULL,NULL,NULL
SHO9199,DHL,07/02/2024,Delayed,Hyderabad,Pune,146.5,07/09/2024,07/13/2024,NULL
SHO9203,DHL,02/10/2025,Pending,Chennai,Mumbai,91.43,09/10/2025,NULL,NULL
SHO9207,DHL,06/24/2026,Accepted,Delhi,Pune,117.42,NULL,NULL,NULL
SHO9210,FEDEX,06/21/2024,Delayed,Chennai,Hyderabad,149.5,06/26/2024,NULL,NULL
SHO9215,DHL,09/16/2025,Pending,Delhi,Bangalore,492.3,09/21/2025,NULL,NULL
SHO9216,DHL,01/20/2025,Delayed,Delhi,Hyderabad,414.37,01/22/2025,NULL,NULL
SHO9219,DHL,10/06/2026,In Transit,Pune,Bangalore,492.38,12/06/2026,NULL,NULL
SHO9221,FEDEX,09/01/2025,Delayed,Pune,Mumbai,292.37,09/08/2025,09/12/2025,NULL
SHO9222,FEDEX,04/28/2025,In Transit,Mumbai,Bangalore,438.42,NULL,NULL,NULL
SHO9225,DHL,09/05/2024,Accepted,Hyderabad,Delhi,308.74,09/12/2024,NULL,NULL
SHO9227,FEDEX,04/07/2024,Accepted,Delhi,Pune,396.47,10/04/2024,NULL,NULL
SHO9228,BLUEDART,10/02/2025,In Transit,Bangalore,Pune,444.86,10/07/2025,NULL,NULL
SHO9230,DHL,05/01/2024,Accepted,Bangalore,Pune,438.3,NULL,NULL,NULL
SHO9232,BLUEDART,09/16/2024,Accepted,Hyderabad,Bangalore,235.86,09/22/2024,09/27/2024,NULL
SHO9234,FEDEX,04/07/2025,Delayed,Hyderabad,Mumbai,429.34,11/04/2025,NULL,NULL
SHO9235,DHL,02/09/2024,Pending,Chennai,Bangalore,223.08,NULL,NULL,NULL
SHO9236,BLUEDART,02/14/2026,Delayed,Bangalore,Chennai,443.86,02/19/2026,NULL,NULL
SHO9237,DHL,04/17/2024,Pending,Chennai,Hyderabad,329.85,04/21/2024,NULL,NULL
SHO9242,DHL,08/29/2025,Accepted,Delhi,Pune,192.46,09/05/2025,09/09/2025,NULL
SHO9247,DHL,04/28/2024,In Transit,Pune,Chennai,490.98,05/02/2024,NULL,NULL
SHO9251,BLUEDART,06/27/2025,In Transit,Delhi,Bangalore,434.84,NULL,NULL,NULL
SHO9252,DHL,06/04/2025,In Transit,Mumbai,Pune,3.86,06/06/2025,NULL,NULL
SHO9256,FEDEX,05/14/2024,Pending,Hyderabad,Pune,349.57,05/16/2024,NULL,NULL
SHO9257,BLUEDART,02/26/2025,Delayed,Chennai,Pune,464.84,05/03/2025,NULL,NULL
SHO9258,DHL,03/11/2025,In Transit,Hyderabad,Bangalore,494.19,03/17/2025,NULL,NULL
SHO9261,DHL,03/24/2025,Pending,Chennai,Hyderabad,138.09,03/26/2025,NULL,NULL
SHO9263,FEDEX,04/19/2025,Accepted,Mumbai,Bangalore,188.55,04/23/2025,NULL,NULL
SHO9266,FEDEX,03/01/2024,Delayed,Bangalore,Hyderabad,80.16,03/07/2024,03/15/2024,NULL
SHO9269,DHL,12/31/2024,In Transit,Delhi,Pune,444.17,01/02/2025,NULL,NULL
SHO9271,BLUEDART,06/01/2026,Delayed,Chennai,Delhi,486.39,06/05/2026,12/06/2026,NULL
SHO9272,BLUEDART,05/04/2024,In Transit,Hyderabad,Mumbai,440.28,NULL,NULL,NULL
SHO9274,FEDEX,05/09/2025,In Transit,Bangalore,Hyderabad,176.12,NULL,NULL,NULL
SHO9276,FEDEX,07/27/2024,Pending,Delhi,Bangalore,210.0,NULL,NULL,NULL
SHO9277,FEDEX,04/03/2024,Accepted,Pune,Delhi,398.93,04/10/2024,NULL,NULL
SHO9280,FEDEX,12/08/2024,Delivered,Chennai,Mumbai,206.43,12/14/2024,12/14/2024,0
SHO9281,FEDEX,12/03/2025,Accepted,Bangalore,Chennai,448.14,NULL,NULL,NULL
SHO9283,FEDEX,03/03/2024,Delivered,Chennai,Bangalore,193.3,05/03/2024,03/05/2024,0
SHO9288,DHL,12/25/2025,Delayed,Delhi,Hyderabad,327.72,NULL,05/01/2026,NULL
SHO9289,FEDEX,11/11/2025,Pending,Delhi,Mumbai,110.44,NULL,NULL,NULL
SHO9290,BLUEDART,04/03/2024,Delivered,Pune,Delhi,452.99,10/03/2024,10/03/2024,0
SHO9291,FEDEX,04/27/2024,In Transit,Delhi,Pune,420.98,NULL,NULL,NULL
SHO9292,BLUEDART,10/22/2024,In Transit,Delhi,Hyderabad,298.94,10/24/2024,NULL,NULL
SHO9293,DHL,02/03/2024,Accepted,Pune,Hyderabad,417.21,03/05/2024,NULL,NULL
SHO9296,BLUEDART,05/04/2024,Delayed,Mumbai,Delhi,176.34,07/05/2024,NULL,NULL
SHO9301,FEDEX,08/24/2024,In Transit,Bangalore,Pune,385.28,08/29/2024,NULL,NULL
SHO9303,BLUEDART,03/02/2025,In Transit,Chennai,Delhi,370.21,03/09/2025,NULL,NULL
SHO9304,DHL,01/15/2026,Accepted,Delhi,Pune,335.78,NULL,NULL,NULL
SHO9305,FEDEX,09/30/2024,Accepted,Pune,Chennai,473.25,NULL,NULL,NULL
SHO9307,FEDEX,03/12/2024,In Transit,Chennai,Bangalore,274.32,03/14/2024,NULL,NULL
SHO9308,BLUEDART,01/31/2024,In Transit,Mumbai,Delhi,272.67,02/02/2024,NULL,NULL
SHO9311,FEDEX,11/26/2024,Accepted,Mumbai,Pune,64.26,11/30/2024,NULL,NULL
SHO9313,DHL,04/23/2024,Pending,Mumbai,Bangalore,278.67,NULL,NULL,NULL
SHO9316,BLUEDART,12/26/2025,Accepted,Chennai,Delhi,380.97,NULL,NULL,NULL
SHO9317,DHL,06/28/2026,Delayed,Mumbai,Delhi,345.25,NULL,07/11/2026,NULL
SHO9319,DHL,12/29/2025,In Transit,Mumbai,Hyderabad,175.84,01/01/2026,NULL,NULL
SHO9322,BLUEDART,12/26/2025,Pending,Mumbai,Delhi,185.77,12/28/2025,NULL,NULL
SHO9323,DHL,04/04/2024,Delivered,Delhi,Hyderabad,232.49,04/08/2024,12/04/2024,240
SHO9324,DHL,08/21/2024,Delivered,Hyderabad,Delhi,294.19,08/28/2024,08/31/2024,3
SHO9328,DHL,01/02/2024,Delayed,Delhi,Chennai,425.51,05/01/2024,NULL,NULL
SHO9329,DHL,01/09/2024,Delayed,Delhi,Pune,233.03,03/09/2024,04/09/2024,NULL
SHO9331,BLUEDART,03/03/2025,In Transit,Hyderabad,Pune,339.4,03/08/2025,NULL,NULL
SHO9335,BLUEDART,10/04/2025,Pending,Bangalore,Delhi,433.21,NULL,NULL,NULL
SHO9338,BLUEDART,02/27/2026,Delayed,Chennai,Pune,398.33,03/03/2026,03/13/2026,NULL
SHO9339,DHL,03/01/2026,Pending,Mumbai,Hyderabad,326.64,10/01/2026,NULL,NULL
SHO9340,DHL,06/11/2024,Accepted,Chennai,Mumbai,179.09,11/11/2024,11/13/2024,NULL
SHO9341,DHL,04/12/2025,Pending,Delhi,Bangalore,65.43,04/19/2025,NULL,NULL
SHO9343,BLUEDART,03/21/2026,Delayed,Delhi,Mumbai,391.99,03/26/2026,03/28/2026,NULL
SHO9345,FEDEX,11/26/2024,Pending,Chennai,Mumbai,47.19,NULL,NULL,NULL
SHO9347,FEDEX,04/14/2024,Delayed,Hyderabad,Chennai,242.88,04/18/2024,04/21/2024,NULL
SHO9348,DHL,08/10/2024,In Transit,Mumbai,Bangalore,3.28,10/14/2024,NULL,NULL
SHO9349,BLUEDART,01/11/2026,In Transit,Hyderabad,Pune,142.93,01/13/2026,NULL,NULL
SHO9350,DHL,02/20/2024,Delayed,Mumbai,Bangalore,364.59,NULL,NULL,NULL
SHO9351,FEDEX,01/29/2025,Delayed,Chennai,Delhi,159.27,02/04/2025,02/12/2025,NULL
SHO9352,BLUEDART,03/27/2025,Delayed,Chennai,Hyderabad,240.61,03/31/2025,04/05/2025,NULL
SHO9359,FEDEX,09/26/2025,In Transit,Hyderabad,Bangalore,237.5,NULL,NULL,NULL
SHO9361,BLUEDART,05/20/2024,Delayed,Pune,Delhi,91.86,05/26/2024,NULL,NULL
SHO9366,DHL,08/20/2024,In Transit,Mumbai,Bangalore,436.42,NULL,NULL,NULL
SHO9368,DHL,04/17/2024,Delayed,Chennai,Hyderabad,328.78,NULL,04/24/2024,NULL
SHO9369,DHL,11/12/2025,Accepted,Chennai,Hyderabad,492.5,NULL,NULL,NULL
SHO9370,DHL,12/22/2024,Pending,Delhi,Mumbai,430.69,12/25/2024,NULL,NULL
SHO9372,BLUEDART,02/14/2024,Delayed,Bangalore,Delhi,361.81,02/21/2024,02/26/2024,NULL
SHO9375,FEDEX,09/13/2024,Pending,Hyderabad,Chennai,242.79,09/19/2024,NULL,NULL
SHO9376,BLUEDART,03/12/2025,Pending,Chennai,Hyderabad,251.27,NULL,NULL,NULL
SHO9377,DHL,05/07/2024,In Transit,Mumbai,Delhi,431.6,NULL,NULL,NULL
SHO9380,BLUEDART,02/22/2025,In Transit,Bangalore,Mumbai,79.56,NULL,NULL,NULL
SHO9381,BLUEDART,04/17/2026,Delayed,Delhi,Mumbai,176.09,04/24/2026,NULL,NULL
SHO9382,DHL,03/07/2025,Delayed,Chennai,Mumbai,206.76,07/07/2025,07/16/2025,NULL
SHO9383,BLUEDART,01/18/2026,Delayed,Mumbai,Chennai,346.52,01/21/2026,01/22/2026,NULL
SHO9385,BLUEDART,08/07/2024,Accepted,Bangalore,Hyderabad,320.4,12/08/2024,NULL,NULL
SHO9386,DHL,03/23/2024,In Transit,Bangalore,Chennai,224.01,03/27/2024,NULL,NULL
SHO9387,FEDEX,01/17/2026,Delayed,Delhi,Bangalore,16.58,01/19/2026,01/21/2026,NULL
SHO9389,BLUEDART,12/31/2025,Delivered,Bangalore,Mumbai,20.83,03/01/2026,06/01/2026,92
SHO9391,FEDEX,12/11/2025,In Transit,Delhi,Bangalore,154.55,12/16/2025,NULL,NULL
SHO9394,FEDEX,05/31/2024,In Transit,Delhi,Hyderabad,456.32,06/06/2024,NULL,NULL
SHO9396,BLUEDART,12/17/2025,Delayed,Delhi,Pune,183.06,12/24/2025,12/29/2025,NULL
SHO9399,DHL,03/06/2025,Delayed,Chennai,Delhi,61.01,03/13/2025,03/19/2025,NULL
SHO9402,DHL,02/01/2025,Pending,Hyderabad,Bangalore,481.47,09/01/2025,NULL,NULL
SHO9403,DHL,07/28/2024,In Transit,Bangalore,Chennai,60.79,NULL,NULL,NULL
SHO9406,FEDEX,10/24/2025,Pending,Bangalore,Delhi,461.99,10/28/2025,NULL,NULL
SHO9407,BLUEDART,05/27/2025,In Transit,Bangalore,Pune,405.75,06/01/2025,NULL,NULL
SHO9408,BLUEDART,02/27/2025,In Transit,Chennai,Bangalore,334.14,03/04/2025,NULL,NULL
SHO9409,DHL,04/15/2025,Pending,Delhi,Bangalore,255.09,04/17/2025,NULL,NULL
SHO9410,DHL,04/14/2026,Delayed,Mumbai,Hyderabad,147.37,04/20/2026,04/26/2026,NULL
SHO9413,FEDEX,12/14/2024,Pending,Mumbai,Chennai,281.69,12/18/2024,NULL,NULL
SHO9416,DHL,06/26/2024,Delivered,Delhi,Chennai,36.72,07/02/2024,07/07/2024,5
SHO9417,DHL,02/27/2025,Pending,Delhi,Chennai,426.58,05/03/2025,NULL,NULL
SHO9418,BLUEDART,08/08/2025,Accepted,Pune,Mumbai,370.21,NULL,NULL,NULL
SHO9419,DHL,10/23/2024,Delivered,Bangalore,Pune,356.72,10/29/2024,10/29/2024,0
SHO9420,DHL,10/14/2024,Delayed,Mumbai,Pune,266.73,10/17/2024,NULL,NULL
SHO9423,DHL,11/18/2025,Delayed,Pune,Hyderabad,218.4,NULL,12/03/2025,NULL
SHO9424,FEDEX,08/13/2025,Pending,Mumbai,Bangalore,494.69,08/17/2025,NULL,NULL
SHO9425,BLUEDART,07/06/2025,In Transit,Chennai,Delhi,343.88,10/07/2025,NULL,NULL
SHO9429,FEDEX,02/20/2024,Delayed,Hyderabad,Chennai,284.43,NULL,NULL,NULL
SHO9430,BLUEDART,04/18/2026,In Transit,Chennai,Hyderabad,456.23,NULL,NULL,NULL
SHO9431,FEDEX,02/02/2026,Accepted,Hyderabad,Mumbai,264.2,02/05/2026,NULL,NULL
SHO9433,DHL,05/25/2025,In Transit,Delhi,Mumbai,417.15,05/31/2025,NULL,NULL
SHO9434,DHL,08/20/2025,Pending,Hyderabad,Delhi,248.59,08/26/2025,NULL,NULL
SHO9436,DHL,12/10/2025,Pending,Pune,Mumbai,29.85,12/16/2025,NULL,NULL
SHO9441,BLUEDART,01/07/2024,In Transit,Bangalore,Hyderabad,465.7,06/07/2024,NULL,NULL
SHO9447,FEDEX,11/20/2024,Pending,Hyderabad,Bangalore,430.51,11/27/2024,NULL,NULL
SHO9450,DHL,11/07/2024,Delayed,Mumbai,Delhi,385.2,11/11/2024,11/12/2024,NULL
SHO9451,DHL,02/20/2026,Delayed,Hyderabad,Chennai,455.04,NULL,02/27/2026,NULL
SHO9453,BLUEDART,05/03/2025,Pending,Hyderabad,Delhi,3.29,05/06/2025,NULL,NULL
SHO9457,BLUEDART,10/28/2024,In Transit,Hyderabad,Mumbai,406.32,11/02/2024,NULL,NULL
SHO9458,DHL,06/13/2025,Delayed,Hyderabad,Delhi,114.58,06/15/2025,06/24/2025,NULL
SHO9459,BLUEDART,03/06/2026,In Transit,Delhi,Pune,282.57,08/03/2026,NULL,NULL
SHO9465,DHL,11/14/2024,In Transit,Bangalore,Delhi,230.58,11/16/2024,NULL,NULL
SHO9466,DHL,09/01/2024,In Transit,Hyderabad,Pune,358.74,NULL,NULL,NULL
SHO9468,DHL,05/13/2026,In Transit,Pune,Bangalore,142.36,05/19/2026,NULL,NULL
SHO9470,FEDEX,02/28/2026,In Transit,Delhi,Pune,156.67,03/04/2026,NULL,NULL
SHO9472,FEDEX,05/07/2024,Delayed,Mumbai,Delhi,375.88,NULL,05/23/2024,NULL
SHO9476,FEDEX,05/15/2025,Delayed,Hyderabad,Chennai,313.27,05/20/2025,NULL,NULL
SHO9477,DHL,07/19/2025,Pending,Mumbai,Pune,402.61,07/21/2025,NULL,NULL
SHO9479,FEDEX,05/23/2025,Delayed,Delhi,Mumbai,341.25,NULL,06/02/2025,NULL
SHO9480,FEDEX,08/17/2024,Delayed,Hyderabad,Chennai,145.92,08/20/2024,08/23/2024,NULL
SHO9484,FEDEX,11/09/2025,Accepted,Mumbai,Delhi,424.13,11/13/2025,11/17/2025,NULL
SHO9489,DHL,12/11/2024,In Transit,Bangalore,Mumbai,335.22,12/16/2024,NULL,NULL
SHO9490,DHL,05/17/2026,Accepted,Mumbai,Bangalore,30.92,NULL,NULL,NULL
SHO9492,BLUEDART,03/01/2025,Pending,Chennai,Hyderabad,128.5,03/05/2025,NULL,NULL
SHO9495,BLUEDART,06/03/2024,Delayed,Pune,Hyderabad,170.51,06/06/2024,06/16/2024,NULL
SHO9496,FEDEX,09/26/2024,Delayed,Delhi,Bangalore,313.73,09/28/2024,10/07/2024,NULL
SHO9501,DHL,03/20/2025,Delayed,Pune,Delhi,28.9,03/23/2025,NULL,NULL
SHO9503,BLUEDART,05/23/2024,In Transit,Pune,Hyderabad,114.94,NULL,NULL,NULL
SHO9507,BLUEDART,12/03/2026,Pending,Pune,Delhi,445.34,NULL,NULL,NULL
SHO9508,DHL,10/09/2025,Pending,Bangalore,Hyderabad,250.69,10/13/2025,NULL,NULL
SHO9509,DHL,06/08/2024,Delayed,Mumbai,Pune,289.69,08/08/2024,NULL,NULL
SHO9513,BLUEDART,04/06/2024,Delayed,Hyderabad,Pune,242.36,NULL,NULL,NULL
SHO9514,DHL,04/18/2025,Accepted,Pune,Mumbai,142.58,NULL,NULL,NULL
SHO9515,FEDEX,05/17/2025,Pending,Chennai,Mumbai,16.95,05/23/2025,NULL,NULL
SHO9518,FEDEX,03/14/2026,In Transit,Bangalore,Mumbai,45.02,03/17/2026,NULL,NULL
SHO9520,FEDEX,03/07/2026,Delayed,Mumbai,Delhi,109.5,NULL,03/14/2026,NULL
SHO9521,BLUEDART,09/25/2025,Delivered,Chennai,Hyderabad,92.09,09/30/2025,09/29/2025,0
SHO9527,BLUEDART,03/20/2026,Delayed,Pune,Chennai,322.51,NULL,04/04/2026,NULL
SHO9530,FEDEX,03/08/2024,In Transit,Mumbai,Bangalore,166.05,09/08/2024,NULL,NULL
SHO9532,DHL,06/17/2024,In Transit,Pune,Bangalore,326.41,NULL,NULL,NULL
SHO9537,FEDEX,06/06/2024,Pending,Mumbai,Bangalore,437.32,NULL,NULL,NULL
SHO9539,DHL,02/12/2024,In Transit,Delhi,Hyderabad,78.17,12/04/2024,NULL,NULL
SHO9540,BLUEDART,12/06/2024,Accepted,Chennai,Hyderabad,80.5,NULL,NULL,NULL
SHO9541,BLUEDART,04/03/2026,Delayed,Chennai,Mumbai,10.1,07/04/2026,NULL,NULL
SHO9542,DHL,01/04/2025,In Transit,Delhi,Mumbai,161.78,01/06/2025,NULL,NULL
SHO9544,DHL,05/21/2025,Delivered,Hyderabad,Bangalore,99.17,05/24/2025,05/27/2025,3
SHO9545,DHL,08/18/2025,Delayed,Hyderabad,Pune,291.74,08/22/2025,08/23/2025,NULL
SHO9547,FEDEX,07/27/2024,In Transit,Bangalore,Mumbai,358.6,07/30/2024,NULL,NULL
SHO9553,DHL,11/27/2025,In Transit,Hyderabad,Bangalore,335.76,12/04/2025,NULL,NULL
SHO9555,FEDEX,09/24/2024,In Transit,Pune,Chennai,126.45,09/26/2024,NULL,NULL
SHO9557,FEDEX,04/12/2026,Delayed,Chennai,Mumbai,450.36,04/16/2026,NULL,NULL
SHO9563,DHL,04/25/2026,In Transit,Delhi,Mumbai,367.84,NULL,NULL,NULL
SHO9565,DHL,06/20/2025,In Transit,Hyderabad,Bangalore,110.5,NULL,NULL,NULL
SHO9566,DHL,07/15/2025,Accepted,Hyderabad,Mumbai,403.92,NULL,NULL,NULL
SHO9567,BLUEDART,03/29/2025,In Transit,Pune,Chennai,163.04,04/02/2025,NULL,NULL
SHO9568,FEDEX,10/16/2025,Delayed,Chennai,Mumbai,2.09,NULL,10/27/2025,NULL
SHO9571,DHL,08/14/2025,Delayed,Hyderabad,Pune,169.52,NULL,NULL,NULL
SHO9573,DHL,08/25/2024,Delivered,Mumbai,Pune,328.36,08/28/2024,09/01/2024,4
SHO9575,BLUEDART,06/24/2024,In Transit,Bangalore,Delhi,467.2,06/30/2024,NULL,NULL
SHO9577,BLUEDART,04/06/2026,In Transit,Hyderabad,Bangalore,490.35,06/06/2026,NULL,NULL
SHO9582,BLUEDART,08/24/2024,Accepted,Delhi,Bangalore,456.62,08/30/2024,NULL,NULL
SHO9589,FEDEX,01/06/2024,Delayed,Mumbai,Delhi,137.07,08/06/2024,09/06/2024,NULL
SHO9590,DHL,11/11/2024,Delivered,Mumbai,Chennai,80.31,11/13/2024,11/17/2024,4
SHO9591,FEDEX,01/13/2024,Accepted,Mumbai,Pune,211.16,01/15/2024,NULL,NULL
SHO9593,BLUEDART,01/09/2024,Accepted,Pune,Mumbai,179.87,NULL,NULL,NULL
SHO9597,BLUEDART,03/14/2025,Pending,Pune,Hyderabad,444.7,03/16/2025,NULL,NULL
SHO9599,FEDEX,02/17/2025,In Transit,Pune,Delhi,377.07,02/21/2025,NULL,NULL
SHO9600,BLUEDART,12/13/2024,Delivered,Bangalore,Mumbai,430.78,12/19/2024,12/19/2024,0
SHO9602,BLUEDART,04/26/2026,Delayed,Hyderabad,Bangalore,267.78,04/28/2026,05/01/2026,NULL
SHO9607,BLUEDART,08/10/2025,Delayed,Chennai,Hyderabad,147.64,10/13/2025,10/20/2025,NULL
SHO9610,FEDEX,05/14/2026,Delivered,Bangalore,Delhi,13.11,05/21/2026,05/19/2026,0
SHO9612,FEDEX,06/23/2024,Pending,Chennai,Hyderabad,341.77,06/30/2024,NULL,NULL
SHO9613,FEDEX,06/18/2024,Pending,Delhi,Hyderabad,317.47,06/20/2024,NULL,NULL
SHO9614,FEDEX,12/31/2024,Pending,Chennai,Pune,133.23,01/04/2025,NULL,NULL
SHO9617,DHL,06/22/2024,Accepted,Hyderabad,Pune,353.69,06/25/2024,NULL,NULL
SHO9618,BLUEDART,04/16/2026,In Transit,Mumbai,Hyderabad,269.86,04/18/2026,NULL,NULL
SHO9628,DHL,02/01/2026,Delayed,Bangalore,Hyderabad,66.86,NULL,12/02/2026,NULL
SHO9630,BLUEDART,05/18/2026,In Transit,Hyderabad,Pune,148.32,NULL,NULL,NULL
SHO9632,BLUEDART,07/14/2025,Pending,Pune,Mumbai,401.44,07/19/2025,NULL,NULL
SHO9634,BLUEDART,04/28/2024,In Transit,Delhi,Mumbai,356.04,04/30/2024,NULL,NULL
SHO9635,FEDEX,02/09/2025,Delayed,Hyderabad,Bangalore,336.72,NULL,10/09/2025,NULL
SHO9642,DHL,08/13/2024,Pending,Chennai,Bangalore,239.89,NULL,NULL,NULL
SHO9644,DHL,11/26/2024,Pending,Chennai,Hyderabad,363.34,NULL,NULL,NULL
SHO9647,FEDEX,02/03/2026,Pending,Delhi,Bangalore,46.98,02/06/2026,NULL,NULL
SHO9649,BLUEDART,11/03/2024,Accepted,Mumbai,Pune,231.66,NULL,NULL,NULL
SHO9652,FEDEX,03/28/2025,Pending,Mumbai,Chennai,482.1,03/30/2025,NULL,NULL
SHO9653,BLUEDART,01/05/2025,Delayed,Bangalore,Mumbai,171.96,NULL,01/16/2025,NULL
SHO9654,DHL,02/27/2026,In Transit,Hyderabad,Pune,412.68,03/04/2026,NULL,NULL
SHO9655,BLUEDART,10/18/2025,Accepted,Chennai,Delhi,457.34,10/20/2025,NULL,NULL
SHO9656,FEDEX,02/12/2025,Delivered,Chennai,Bangalore,384.76,12/09/2025,11/12/2025,0
SHO9659,BLUEDART,07/07/2024,Pending,Pune,Hyderabad,302.92,07/10/2024,NULL,NULL
SHO9661,FEDEX,03/02/2025,Pending,Bangalore,Delhi,403.65,NULL,NULL,NULL
SHO9662,BLUEDART,04/28/2024,Delayed,Pune,Mumbai,41.22,NULL,NULL,NULL
SHO9663,DHL,03/21/2024,Pending,Chennai,Hyderabad,432.18,03/27/2024,NULL,NULL
SHO9664,FEDEX,01/11/2025,Pending,Delhi,Mumbai,82.2,11/04/2025,NULL,NULL
SHO9666,DHL,11/16/2025,Delayed,Chennai,Pune,298.4,11/22/2025,11/29/2025,NULL
SHO9671,DHL,01/30/2025,Accepted,Chennai,Mumbai,6.68,02/04/2025,NULL,NULL
SHO9672,BLUEDART,12/28/2024,Accepted,Pune,Hyderabad,134.99,12/30/2024,NULL,NULL
SHO9673,DHL,12/28/2025,Pending,Chennai,Bangalore,276.36,01/01/2026,NULL,NULL
SHO9674,DHL,04/12/2024,In Transit,Hyderabad,Pune,186.68,NULL,NULL,NULL
SHO9677,DHL,03/24/2024,In Transit,Pune,Mumbai,151.58,03/27/2024,NULL,NULL
SHO9679,BLUEDART,01/06/2024,Pending,Hyderabad,Bangalore,12.17,NULL,NULL,NULL
SHO9680,FEDEX,01/14/2026,Delayed,Mumbai,Pune,458.17,01/17/2026,01/26/2026,NULL
SHO9684,DHL,08/06/2024,Pending,Bangalore,Delhi,210.41,NULL,NULL,NULL
SHO9685,FEDEX,01/14/2026,Delayed,Mumbai,Bangalore,97.8,01/20/2026,01/29/2026,NULL
SHO9686,FEDEX,12/31/2024,Accepted,Chennai,Mumbai,12.34,NULL,NULL,NULL
SHO9687,BLUEDART,05/08/2024,Pending,Hyderabad,Delhi,381.66,05/14/2024,NULL,NULL
SHO9689,FEDEX,05/20/2026,In Transit,Delhi,Mumbai,465.98,NULL,NULL,NULL
SHO9690,BLUEDART,11/16/2025,Delayed,Pune,Bangalore,251.01,NULL,11/29/2025,NULL
SHO9692,DHL,01/16/2025,Delivered,Delhi,Mumbai,224.88,01/19/2025,01/19/2025,0
SHO9698,BLUEDART,05/13/2024,In Transit,Bangalore,Chennai,142.66,05/19/2024,NULL,NULL
SHO9705,FEDEX,05/13/2025,Delayed,Pune,Delhi,171.89,05/16/2025,NULL,NULL
SHO9709,FEDEX,09/21/2025,Accepted,Bangalore,Pune,475.46,09/28/2025,NULL,NULL
SHO9713,FEDEX,02/24/2025,Delayed,Bangalore,Mumbai,260.19,02/26/2025,03/04/2025,NULL
SHO9714,DHL,01/06/2024,Pending,Bangalore,Hyderabad,234.75,09/01/2024,NULL,NULL
SHO9717,BLUEDART,02/20/2026,In Transit,Hyderabad,Bangalore,395.5,02/25/2026,NULL,NULL
SHO9718,DHL,09/09/2025,Delayed,Chennai,Delhi,455.39,09/13/2025,09/15/2025,NULL
SHO9722,DHL,08/22/2024,Delivered,Delhi,Hyderabad,278.7,08/28/2024,08/27/2024,0
SHO9724,FEDEX,12/29/2025,In Transit,Mumbai,Delhi,251.55,01/04/2026,NULL,NULL
SHO9728,DHL,11/23/2024,In Transit,Pune,Hyderabad,235.23,11/27/2024,NULL,NULL
SHO9729,FEDEX,01/01/2025,Pending,Bangalore,Chennai,466.42,01/08/2025,NULL,NULL
SHO9730,BLUEDART,07/21/2024,Pending,Chennai,Delhi,233.12,NULL,NULL,NULL
SHO9731,BLUEDART,03/21/2025,In Transit,Hyderabad,Chennai,355.37,NULL,NULL,NULL
SHO9732,BLUEDART,03/10/2024,Delayed,Hyderabad,Pune,180.59,12/03/2024,03/14/2024,NULL
SHO9735,DHL,06/25/2025,Pending,Delhi,Chennai,9.15,NULL,NULL,NULL
SHO9739,FEDEX,12/01/2025,Pending,Bangalore,Pune,471.2,NULL,NULL,NULL
SHO9742,FEDEX,09/06/2026,In Transit,Hyderabad,Bangalore,218.69,NULL,NULL,NULL
SHO9743,BLUEDART,05/09/2024,Pending,Mumbai,Pune,323.0,NULL,NULL,NULL
SHO9745,BLUEDART,01/21/2026,Pending,Mumbai,Hyderabad,231.28,NULL,NULL,NULL
SHO9747,FEDEX,08/11/2025,In Transit,Pune,Hyderabad,459.53,08/17/2025,NULL,NULL
SHO9750,DHL,10/23/2025,Pending,Mumbai,Chennai,485.5,NULL,NULL,NULL
SHO9752,FEDEX,10/13/2025,Accepted,Bangalore,Hyderabad,75.32,NULL,NULL,NULL
SHO9753,DHL,11/08/2024,Accepted,Chennai,Hyderabad,205.19,NULL,NULL,NULL
SHO9755,DHL,06/13/2025,Accepted,Mumbai,Hyderabad,112.9,06/17/2025,NULL,NULL
SHO9756,DHL,05/10/2024,In Transit,Mumbai,Pune,356.34,05/14/2024,NULL,NULL
SHO9763,BLUEDART,02/28/2025,Delayed,Pune,Bangalore,51.24,07/03/2025,03/09/2025,NULL
SHO9767,BLUEDART,12/02/2024,Delayed,Chennai,Pune,395.31,12/08/2024,12/15/2024,NULL
SHO9769,BLUEDART,12/22/2025,In Transit,Mumbai,Chennai,465.67,NULL,NULL,NULL
SHO9771,BLUEDART,01/08/2026,In Transit,Hyderabad,Chennai,78.42,NULL,NULL,NULL
SHO9775,DHL,06/25/2024,Delivered,Chennai,Hyderabad,358.64,06/29/2024,07/01/2024,2
SHO9776,BLUEDART,05/03/2026,In Transit,Hyderabad,Chennai,365.25,09/03/2026,NULL,NULL
SHO9781,FEDEX,02/15/2026,In Transit,Mumbai,Bangalore,244.29,02/20/2026,NULL,NULL
SHO9783,BLUEDART,01/20/2024,Accepted,Mumbai,Hyderabad,481.4,01/25/2024,NULL,NULL
SHO9784,FEDEX,08/08/2024,Delayed,Hyderabad,Chennai,182.51,12/08/2024,08/20/2024,NULL
SHO9785,BLUEDART,02/27/2024,Delayed,Chennai,Delhi,20.66,03/04/2024,03/05/2024,NULL
SHO9786,FEDEX,04/24/2026,In Transit,Bangalore,Mumbai,170.68,04/26/2026,NULL,NULL
SHO9788,BLUEDART,01/30/2025,Delayed,Pune,Delhi,214.11,02/06/2025,09/02/2025,NULL
SHO9789,BLUEDART,05/11/2024,Delivered,Bangalore,Hyderabad,132.6,05/18/2024,05/19/2024,1
SHO9790,BLUEDART,02/23/2024,Accepted,Chennai,Delhi,206.74,02/28/2024,NULL,NULL
SHO9791,BLUEDART,04/21/2024,Pending,Pune,Hyderabad,336.29,04/24/2024,NULL,NULL
SHO9795,DHL,01/30/2024,Pending,Bangalore,Chennai,71.84,02/05/2024,NULL,NULL
SHO9796,BLUEDART,03/23/2026,Delivered,Mumbai,Delhi,218.98,03/27/2026,03/28/2026,1
SHO9800,BLUEDART,01/09/2026,In Transit,Delhi,Hyderabad,145.18,12/01/2026,NULL,NULL
SHO9802,DHL,08/15/2025,Accepted,Hyderabad,Mumbai,483.2,NULL,NULL,NULL
SHO9803,DHL,06/27/2025,Accepted,Pune,Chennai,191.54,NULL,07/11/2025,NULL
SHO9808,DHL,05/31/2025,Delayed,Delhi,Chennai,429.32,06/06/2025,10/06/2025,NULL
SHO9811,DHL,11/06/2024,Delayed,Bangalore,Chennai,137.92,11/13/2024,NULL,NULL
SHO9816,FEDEX,05/27/2024,Accepted,Bangalore,Delhi,12.14,05/29/2024,NULL,NULL
SHO9817,DHL,07/06/2025,In Transit,Pune,Bangalore,63.43,09/07/2025,NULL,NULL
SHO9820,FEDEX,06/03/2025,Pending,Chennai,Bangalore,337.2,09/06/2025,NULL,NULL
SHO9821,FEDEX,07/25/2024,In Transit,Bangalore,Delhi,353.24,08/01/2024,NULL,NULL
SHO9822,BLUEDART,04/04/2026,In Transit,Hyderabad,Pune,79.1,04/10/2026,NULL,NULL
SHO9823,FEDEX,03/15/2026,Accepted,Chennai,Pune,59.56,NULL,NULL,NULL
SHO9824,DHL,05/04/2025,Pending,Delhi,Hyderabad,473.23,08/05/2025,NULL,NULL
SHO9825,DHL,07/13/2024,Pending,Hyderabad,Mumbai,199.44,07/18/2024,NULL,NULL
SHO9826,BLUEDART,03/10/2025,Accepted,Chennai,Mumbai,46.24,03/15/2025,NULL,NULL
SHO9829,BLUEDART,03/23/2025,Delayed,Pune,Hyderabad,476.23,03/26/2025,NULL,NULL
SHO9835,DHL,12/27/2024,In Transit,Pune,Delhi,122.22,02/01/2025,NULL,NULL
SHO9838,FEDEX,02/06/2024,Delayed,Delhi,Chennai,197.94,06/06/2024,06/16/2024,NULL
SHO9839,FEDEX,03/29/2025,Accepted,Delhi,Mumbai,344.38,04/02/2025,04/06/2025,NULL
SHO9840,DHL,09/12/2024,Delivered,Mumbai,Bangalore,366.76,12/15/2024,12/14/2024,0
SHO9841,DHL,12/03/2025,Pending,Mumbai,Hyderabad,115.84,NULL,NULL,NULL
SHO9842,DHL,04/09/2025,Pending,Bangalore,Mumbai,186.87,NULL,NULL,NULL
SHO9844,FEDEX,12/06/2025,In Transit,Hyderabad,Delhi,327.55,NULL,NULL,NULL
SHO9847,BLUEDART,11/12/2025,In Transit,Delhi,Bangalore,54.15,NULL,NULL,NULL
SHO9849,BLUEDART,06/03/2025,Delivered,Mumbai,Chennai,329.15,06/09/2025,06/07/2025,0
SHO9851,DHL,06/10/2025,In Transit,Mumbai,Pune,360.67,10/13/2025,NULL,NULL
SHO9855,DHL,08/22/2025,Pending,Pune,Hyderabad,238.41,NULL,NULL,NULL
SHO9858,BLUEDART,07/09/2024,In Transit,Pune,Chennai,261.89,07/14/2024,NULL,NULL
SHO9860,FEDEX,01/05/2024,In Transit,Chennai,Bangalore,387.85,01/08/2024,NULL,NULL
SHO9863,DHL,08/21/2024,In Transit,Bangalore,Delhi,494.71,NULL,NULL,NULL
SHO9866,DHL,09/11/2024,Pending,Chennai,Delhi,121.5,NULL,NULL,NULL
SHO9867,FEDEX,02/24/2024,Delayed,Chennai,Bangalore,166.5,03/01/2024,NULL,NULL
SHO9870,BLUEDART,06/22/2026,In Transit,Mumbai,Delhi,149.59,06/25/2026,NULL,NULL
SHO9871,FEDEX,01/27/2024,Pending,Chennai,Delhi,202.33,02/01/2024,NULL,NULL
SHO9874,FEDEX,06/16/2026,In Transit,Bangalore,Mumbai,429.12,NULL,NULL,NULL
SHO9878,BLUEDART,06/24/2025,In Transit,Mumbai,Delhi,133.22,NULL,NULL,NULL
SHO9879,FEDEX,04/03/2026,Delayed,Pune,Hyderabad,65.44,09/04/2026,NULL,NULL
SHO9880,DHL,08/10/2025,Accepted,Pune,Delhi,149.17,10/13/2025,NULL,NULL
SHO9881,BLUEDART,11/15/2025,Pending,Hyderabad,Pune,231.19,11/19/2025,NULL,NULL
SHO9882,BLUEDART,12/21/2025,In Transit,Chennai,Mumbai,165.71,12/28/2025,NULL,NULL
SHO9889,FEDEX,01/10/2025,Delayed,Delhi,Chennai,221.65,08/10/2025,10/13/2025,NULL
SHO9890,FEDEX,06/13/2025,Delayed,Mumbai,Bangalore,470.35,06/17/2025,06/20/2025,NULL
SHO9894,DHL,02/26/2026,Delayed,Pune,Bangalore,286.41,02/28/2026,03/03/2026,NULL
SHO9895,DHL,08/09/2024,In Transit,Bangalore,Mumbai,229.82,09/10/2024,NULL,NULL
SHO9899,BLUEDART,03/05/2026,Pending,Delhi,Pune,360.98,NULL,NULL,NULL
SHO9903,DHL,02/09/2026,Pending,Bangalore,Chennai,471.64,NULL,NULL,NULL
SHO9904,DHL,09/18/2025,Accepted,Chennai,Mumbai,245.63,09/25/2025,NULL,NULL
SHO9906,DHL,09/27/2024,Delayed,Chennai,Pune,230.94,09/30/2024,NULL,NULL
SHO9908,DHL,06/11/2024,Accepted,Chennai,Mumbai,388.5,NULL,NULL,NULL
SHO9909,FEDEX,11/06/2024,In Transit,Bangalore,Mumbai,147.24,11/13/2024,NULL,NULL
SHO9911,BLUEDART,08/03/2025,Delivered,Hyderabad,Bangalore,82.86,08/08/2025,08/06/2025,0
SHO9916,DHL,03/30/2026,Delivered,Hyderabad,Bangalore,64.64,04/06/2026,04/07/2026,1
SHO9919,BLUEDART,11/04/2024,Delivered,Hyderabad,Chennai,12.78,11/11/2024,11/15/2024,4
SHO9922,FEDEX,05/15/2024,Delivered,Chennai,Mumbai,420.58,05/18/2024,05/17/2024,0
SHO9924,BLUEDART,05/23/2026,Pending,Hyderabad,Mumbai,155.54,05/28/2026,NULL,NULL
SHO9925,DHL,12/20/2024,In Transit,Hyderabad,Delhi,409.17,NULL,NULL,NULL
SHO9929,DHL,04/04/2025,Pending,Chennai,Mumbai,126.56,06/04/2025,NULL,NULL
SHO9931,DHL,07/24/2024,Pending,Bangalore,Chennai,7.38,NULL,NULL,NULL
SHO9932,BLUEDART,08/07/2024,Delayed,Chennai,Bangalore,130.53,10/08/2024,08/14/2024,NULL
SHO9934,DHL,03/02/2024,In Transit,Bangalore,Delhi,93.11,03/09/2024,NULL,NULL
SHO9935,BLUEDART,10/21/2024,Delivered,Bangalore,Delhi,383.21,10/24/2024,10/25/2024,1
SHO9943,DHL,10/07/2025,Accepted,Hyderabad,Mumbai,54.08,10/10/2025,NULL,NULL
SHO9946,FEDEX,02/25/2024,Delayed,Chennai,Delhi,319.67,02/27/2024,08/03/2024,NULL
SHO9953,FEDEX,04/22/2026,In Transit,Mumbai,Delhi,332.94,04/26/2026,NULL,NULL
SHO9955,DHL,02/16/2024,In Transit,Chennai,Hyderabad,234.4,02/18/2024,NULL,NULL
SHO9956,FEDEX,05/29/2025,Delayed,Mumbai,Pune,197.85,NULL,06/03/2025,NULL
SHO9957,FEDEX,10/21/2024,In Transit,Chennai,Mumbai,272.79,10/24/2024,NULL,NULL
SHO9961,FEDEX,09/20/2024,In Transit,Chennai,Pune,75.86,09/24/2024,NULL,NULL
SHO9966,BLUEDART,11/21/2025,Delayed,Chennai,Pune,75.3,11/23/2025,11/27/2025,NULL
SHO9968,FEDEX,07/19/2025,In Transit,Delhi,Chennai,296.98,NULL,NULL,NULL
SHO9969,BLUEDART,06/19/2025,Delivered,Delhi,Mumbai,148.3,06/22/2025,06/22/2025,0
SHO9970,FEDEX,04/20/2026,In Transit,Pune,Chennai,392.35,04/25/2026,NULL,NULL
SHO9973,BLUEDART,08/04/2025,Pending,Pune,Delhi,68.98,NULL,NULL,NULL
SHO9975,DHL,06/23/2025,Pending,Delhi,Pune,72.34,NULL,NULL,NULL
SHO9978,FEDEX,02/29/2024,Delayed,Delhi,Hyderabad,185.73,06/03/2024,03/15/2024,NULL
SHO9980,DHL,03/05/2026,In Transit,Pune,Delhi,134.63,03/08/2026,NULL,NULL
SHO9983,DHL,05/20/2025,In Transit,Pune,Delhi,449.09,05/22/2025,NULL,NULL
SHO9984,FEDEX,02/16/2024,Delayed,Mumbai,Chennai,28.34,02/22/2024,03/03/2024,NULL
SHO9985,BLUEDART,05/07/2024,Pending,Chennai,Hyderabad,96.69,NULL,NULL,NULL
SHO9986,DHL,06/30/2025,Delayed,Delhi,Pune,146.89,07/06/2025,07/15/2025,NULL
SHO9987,DHL,06/27/2024,In Transit,Delhi,Chennai,38.9,NULL,NULL,NULL
SHO9990,DHL,11/24/2024,In Transit,Pune,Delhi,160.62,11/28/2024,NULL,NULL
SHO9991,FEDEX,01/12/2024,In Transit,Delhi,Mumbai,366.49,07/12/2024,NULL,NULL
SHO9997,DHL,02/06/2026,In Transit,Hyderabad,Pune,197.13,02/11/2026,NULL,NULL
SHO9998,DHL,12/15/2024,Pending,Pune,Chennai,303.41,12/19/2024,NULL,NULL
SHO9999,BLUEDART,09/23/2024,Pending,Mumbai,Delhi,454.47,NULL,NULL,NULL
SHO10000,FEDEX,01/08/2025,Accepted,Pune,Hyderabad,32.98,01/13/2025,NULL,NULL
