shipment_id,carrier,ship_date,status,origin,destination,freight_cost,Expected Delivery Date,Delivered_Date,delay_days
SHO0001,BLUEDART,,In Transit,Pune,Hyderabad,NULL,02/01/2026,NULL,NULL
SHO0002,BLUEDART,,UNKNOWN,Chennai,Pune,335.29,04/08/2025,NULL,NULL
SHO0004,BLUEDART,,Accepted,Delhi,Bangalore,129.75,NULL,NULL,NULL
SHO0007,FEDEX,,In Transit,Bangalore,Mumbai,0.99,02/06/2024,NULL,NULL
SHO0008,BLUEDART,,Delayed,Mumbai,Pune,419.44,02/15/2026,NULL,NULL
,DHL,06/10/2026,UNKNOWN,Chennai,Pune,93.1,06/17/2026,06/18/2026,NULL
SHO0012,BLUEDART,,Accepted,Hyderabad,Mumbai,271.82,NULL,NULL,NULL
SHO0013,FEDEX,08/18/2024,Delayed,Pune,Delhi,NULL,NULL,09/02/2024,NULL
SHO0014,BLUEDART,,Pending,Hyderabad,Mumbai,44.26,NULL,NULL,NULL
SHO0015,FEDEX,,Accepted,Mumbai,Chennai,342.86,NULL,NULL,NULL
SHO0016,FEDEX,06/07/2024,UNKNOWN,Hyderabad,Chennai,188.32,08/07/2024,NULL,NULL
,DHL,03/23/2024,Accepted,Pune,Bangalore,27.78,NULL,NULL,NULL
SHO0021,DHL,,Pending,Pune,Chennai,497.74,09/30/2025,NULL,NULL
SHO0022,FEDEX,,Delivered,Chennai,Delhi,299.31,09/20/2025,09/22/2025,2
SHO0026,DHL,,Delayed,Hyderabad,Chennai,347.21,NULL,02/06/2024,NULL
SHO0027,FEDEX,,Delivered,Delhi,Mumbai,425.37,04/23/2026,04/21/2026,0
SHO0031,BLUEDART,,In Transit,Pune,Mumbai,169.34,NULL,NULL,NULL
,BLUEDART,10/17/2024,Pending,Hyderabad,Pune,305.04,10/23/2024,NULL,NULL
SHO0033,DHL,,UNKNOWN,Mumbai,Bangalore,-37.76,NULL,05/26/2026,NULL
SHO0034,DHL,06/29/2024,Delivered,Mumbai,Hyderabad,475.62,05/07/2024,07/10/2024,64
SHO0035,FEDEX,04/14/2026,Delivered,Mumbai,Bangalore,437.37,NULL,04/24/2026,NULL
SHO0036,DHL,03/20/2024,Delivered,Delhi,Chennai,85.72,NULL,03/27/2024,NULL
SHO0038,FEDEX,04/02/2026,Delivered,Mumbai,Bangalore,236.76,02/10/2026,NULL,NULL
SHO0039,FEDEX,,Delayed,Hyderabad,Bangalore,446.02,07/06/2025,07/16/2025,NULL
SHO0041,DHL,07/23/2024,Accepted,Pune,Delhi,-68.18,07/26/2024,NULL,NULL
SHO0043,DHL,,Delivered,Chennai,Hyderabad,NULL,04/21/2024,04/20/2024,0
SHO0044,FEDEX,05/01/2025,Delivered,Pune,Chennai,437.11,01/10/2025,NULL,NULL
SHO0045,BLUEDART,11/26/2024,Accepted,Chennai,Delhi,NULL,11/28/2024,NULL,NULL
SHO0046,DHL,,Delivered,Mumbai,Hyderabad,69.84,01/02/2025,04/01/2025,89
SHO0047,BLUEDART,03/04/2025,Delivered,Bangalore,Mumbai,-70.0,NULL,04/08/2025,NULL
SHO0048,FEDEX,,In Transit,Delhi,Chennai,65.81,10/06/2024,NULL,NULL
SHO0052,BLUEDART,,Pending,Hyderabad,Bangalore,446.93,01/28/2025,NULL,NULL
SHO0053,DHL,06/09/2024,UNKNOWN,Delhi,Pune,20.81,06/11/2024,NULL,NULL
SHO0054,FEDEX,09/27/2024,Delivered,Pune,Delhi,378.92,10/03/2024,04/10/2024,0
SHO0055,BLUEDART,10/22/2024,Pending,Bangalore,Chennai,-7.87,NULL,NULL,NULL
SHO0056,BLUEDART,,Delayed,Delhi,Bangalore,-27.03,09/20/2024,NULL,NULL
SHO0058,FEDEX,10/04/2025,Delayed,Chennai,Pune,102.42,NULL,04/16/2025,NULL
SHO0060,DHL,05/04/2024,In Transit,Chennai,Mumbai,495.51,04/07/2024,NULL,NULL
SHO0062,BLUEDART,10/16/2024,Delivered,Delhi,Pune,93.16,10/22/2024,NULL,NULL
SHO0067,FEDEX,11/28/2024,Delivered,Pune,Hyderabad,-47.45,12/02/2024,12/05/2024,3
SHO0068,BLUEDART,,Pending,Bangalore,Hyderabad,3.01,05/29/2025,NULL,NULL
SHO0069,DHL,,In Transit,Mumbai,Delhi,290.58,08/29/2025,NULL,NULL
SHO0070,FEDEX,12/17/2025,In Transit,Chennai,Delhi,-67.28,NULL,NULL,NULL
SHO0072,BLUEDART,,Pending,Pune,Mumbai,-60.65,03/22/2026,NULL,NULL
SHO0074,BLUEDART,05/16/2026,Delivered,Bangalore,Mumbai,243.24,05/18/2026,NULL,NULL
SHO0075,FEDEX,,Delayed,Pune,Delhi,279.34,05/03/2025,NULL,NULL
SHO0076,DHL,04/28/2024,Delayed,Delhi,Chennai,56.18,04/05/2024,05/07/2024,NULL
SHO0078,BLUEDART,03/03/2024,UNKNOWN,Bangalore,Delhi,80.01,03/05/2024,NULL,NULL
SHO0079,DHL,11/03/2024,Accepted,Chennai,Hyderabad,363.79,03/14/2024,NULL,NULL
SHO0082,FEDEX,,Pending,Mumbai,Pune,411.43,03/08/2024,NULL,NULL
SHO0083,FEDEX,07/15/2025,Delivered,Chennai,Bangalore,108.61,NULL,NULL,NULL
SHO0084,DHL,06/28/2026,In Transit,Mumbai,Chennai,160.01,03/07/2026,NULL,NULL
SHO0085,FEDEX,05/01/2026,Delayed,Pune,Hyderabad,-25.93,03/05/2026,05/09/2026,NULL
SHO0086,FEDEX,,Pending,Bangalore,Pune,101.22,NULL,NULL,NULL
SHO0088,BLUEDART,,Accepted,Delhi,Mumbai,25.22,12/28/2024,01/07/2025,NULL
SHO0089,FEDEX,11/15/2024,Delivered,Hyderabad,Mumbai,108.14,11/21/2024,NULL,NULL
SHO0090,FEDEX,02/12/2026,Pending,Delhi,Hyderabad,-13.99,02/17/2026,NULL,NULL
SHO0094,FEDEX,,In Transit,Delhi,Mumbai,371.89,NULL,NULL,NULL
,FEDEX,,Delayed,Mumbai,Chennai,133.87,02/12/2024,NULL,NULL
SHO0106,DHL,,In Transit,Bangalore,Mumbai,241.63,NULL,NULL,NULL
SHO0108,DHL,,UNKNOWN,Bangalore,Delhi,-0.19,03/25/2026,NULL,NULL
SHO0110,DHL,11/08/2025,In Transit,Bangalore,Chennai,336.76,08/15/2025,NULL,NULL
SHO0111,DHL,03/06/2025,UNKNOWN,Chennai,Bangalore,493.23,09/06/2025,06/07/2025,NULL
SHO0113,FEDEX,04/10/2026,Delayed,Bangalore,Hyderabad,-43.4,04/15/2026,04/16/2026,NULL
SHO0114,FEDEX,,Delivered,Delhi,Pune,30.84,02/14/2026,02/12/2026,0
SHO0115,DHL,01/11/2025,Delivered,Mumbai,Chennai,221.18,01/13/2025,NULL,NULL
SHO0116,FEDEX,,Delivered,Chennai,Mumbai,177.47,06/24/2024,NULL,NULL
SHO0117,FEDEX,02/01/2024,Delayed,Chennai,Hyderabad,NULL,02/08/2024,02/16/2024,NULL
SHO0118,FEDEX,03/30/2025,Accepted,Delhi,Mumbai,-35.41,04/02/2025,NULL,NULL
SHO0120,FEDEX,,In Transit,Pune,Mumbai,331.53,11/20/2025,NULL,NULL
SHO0121,BLUEDART,07/24/2024,Delivered,Hyderabad,Pune,0.55,NULL,NULL,NULL
SHO0124,FEDEX,,Delivered,Pune,Mumbai,474.68,07/24/2024,NULL,NULL
SHO0125,BLUEDART,05/12/2026,Pending,Chennai,Delhi,-56.11,05/14/2026,NULL,NULL
SHO0126,DHL,,Delivered,Mumbai,Bangalore,474.86,10/28/2024,10/29/2024,1
SHO0131,BLUEDART,11/27/2025,Pending,Delhi,Bangalore,-11.09,11/29/2025,NULL,NULL
SHO0132,BLUEDART,09/02/2024,Delayed,Pune,Hyderabad,333.88,02/14/2024,NULL,NULL
SHO0133,FEDEX,,Accepted,Chennai,Delhi,215.63,08/06/2025,NULL,NULL
SHO0136,FEDEX,,Delayed,Bangalore,Pune,220.84,12/29/2025,04/01/2026,NULL
SHO0139,DHL,,Delivered,Delhi,Pune,-34.16,10/26/2024,10/28/2024,2
SHO0141,DHL,05/03/2025,Delivered,Mumbai,Chennai,35.68,NULL,05/10/2025,NULL
SHO0142,DHL,02/07/2024,UNKNOWN,Mumbai,Hyderabad,150.26,NULL,NULL,NULL
SHO0143,FEDEX,,Pending,Delhi,Chennai,224.1,10/21/2025,NULL,NULL
SHO0145,DHL,11/27/2024,In Transit,Hyderabad,Chennai,NULL,02/12/2024,NULL,NULL
SHO0146,BLUEDART,,Delayed,Hyderabad,Pune,189.93,NULL,NULL,NULL
SHO0147,DHL,,Delivered,Mumbai,Hyderabad,493.53,NULL,04/18/2025,NULL
SHO0148,DHL,06/24/2025,Delivered,Chennai,Mumbai,129.84,NULL,NULL,NULL
SHO0152,BLUEDART,,Pending,Delhi,Pune,147.97,07/04/2024,NULL,NULL
SHO0153,FEDEX,,In Transit,Hyderabad,Delhi,9.97,NULL,NULL,NULL
SHO0156,BLUEDART,,Pending,Hyderabad,Chennai,-52.81,NULL,NULL,NULL
SHO0158,DHL,,UNKNOWN,Delhi,Pune,135.22,04/11/2025,NULL,NULL
SHO0160,BLUEDART,10/02/2025,In Transit,Chennai,Hyderabad,240.21,02/14/2025,NULL,NULL
SHO0161,BLUEDART,,In Transit,Mumbai,Delhi,101.49,07/29/2024,NULL,NULL
SHO0162,DHL,,Pending,Delhi,Hyderabad,403.35,NULL,NULL,NULL
,FEDEX,,Delayed,Hyderabad,Mumbai,NULL,NULL,06/30/2024,NULL
SHO0164,DHL,03/10/2024,Delivered,Bangalore,Hyderabad,NULL,03/13/2024,NULL,NULL
SHO0165,FEDEX,,Delivered,Pune,Hyderabad,79.35,NULL,NULL,NULL
SHO0167,DHL,05/04/2024,In Transit,Bangalore,Pune,139.97,04/11/2024,NULL,NULL
SHO0168,DHL,,In Transit,Chennai,Pune,442.74,08/30/2024,NULL,NULL
SHO0171,FEDEX,,Pending,Pune,Mumbai,204.55,03/17/2026,NULL,NULL
SHO0172,BLUEDART,,Delayed,Pune,Hyderabad,140.4,08/10/2024,10/11/2024,NULL
,DHL,04/04/2025,Pending,Hyderabad,Chennai,241.75,04/09/2025,NULL,NULL
,FEDEX,11/02/2024,Pending,Delhi,Chennai,373.95,11/06/2024,NULL,NULL
SHO0176,FEDEX,01/24/2025,Delivered,Delhi,Bangalore,420.08,NULL,01/02/2025,NULL
,FEDEX,12/08/2025,Delivered,Delhi,Chennai,60.61,08/17/2025,08/19/2025,2
SHO0178,BLUEDART,03/24/2025,Delivered,Mumbai,Hyderabad,88.97,NULL,03/30/2025,NULL
SHO0180,DHL,06/19/2024,Delivered,Hyderabad,Mumbai,275.35,NULL,06/29/2024,NULL
SHO0183,FEDEX,,Delivered,Bangalore,Pune,15.33,12/01/2025,02/12/2025,0
SHO0184,BLUEDART,09/02/2025,Delayed,Bangalore,Mumbai,347.69,NULL,02/20/2025,NULL
SHO0185,BLUEDART,,In Transit,Hyderabad,Mumbai,185.38,03/12/2024,NULL,NULL
SHO0186,FEDEX,,Delivered,Chennai,Hyderabad,329.47,04/17/2026,04/16/2026,0
SHO0187,DHL,09/03/2025,Delayed,Chennai,Mumbai,202.27,03/15/2025,03/18/2025,NULL
SHO0188,FEDEX,,In Transit,Hyderabad,Delhi,479.02,04/20/2026,NULL,NULL
SHO0190,FEDEX,02/17/2026,Delivered,Chennai,Pune,175.99,NULL,NULL,NULL
SHO0191,FEDEX,,Delivered,Pune,Delhi,347.82,09/08/2024,NULL,NULL
SHO0193,FEDEX,06/06/2026,Delivered,Pune,Mumbai,-6.4,NULL,06/10/2026,NULL
SHO0194,FEDEX,,Delivered,Mumbai,Chennai,380.87,NULL,03/24/2024,NULL
SHO0197,FEDEX,,Delivered,Hyderabad,Mumbai,129.05,NULL,04/10/2024,NULL
SHO0198,DHL,,Delayed,Pune,Delhi,-3.03,NULL,05/15/2025,NULL
SHO0199,DHL,01/18/2026,Delivered,Mumbai,Pune,-20.59,01/22/2026,01/25/2026,3
SHO0200,DHL,,In Transit,Chennai,Hyderabad,339.01,04/02/2025,NULL,NULL
SHO0202,DHL,,Pending,Bangalore,Delhi,272.02,01/08/2024,NULL,NULL
SHO0204,DHL,10/03/2024,Delayed,Pune,Bangalore,72.07,12/03/2024,03/13/2024,NULL
SHO0205,BLUEDART,03/26/2024,In Transit,Hyderabad,Mumbai,-34.17,NULL,NULL,NULL
,FEDEX,02/29/2024,In Transit,Bangalore,Hyderabad,-30.0,05/03/2024,NULL,NULL
SHO0207,DHL,,Pending,Bangalore,Pune,472.75,NULL,NULL,NULL
SHO0208,DHL,05/10/2024,Pending,Delhi,Chennai,-42.95,NULL,NULL,NULL
,FEDEX,11/21/2025,Delivered,Pune,Bangalore,-13.11,NULL,11/26/2025,NULL
SHO0212,FEDEX,05/20/2025,Delivered,Delhi,Bangalore,NULL,NULL,05/28/2025,NULL
SHO0213,BLUEDART,04/16/2024,In Transit,Mumbai,Delhi,NULL,04/19/2024,NULL,NULL
SHO0214,BLUEDART,,Delivered,Mumbai,Delhi,-30.76,04/16/2025,04/16/2025,0
SHO0222,BLUEDART,11/07/2025,Accepted,Delhi,Chennai,201.11,NULL,07/20/2025,NULL
SHO0224,DHL,12/29/2024,Accepted,Chennai,Mumbai,NULL,01/01/2025,NULL,NULL
SHO0225,BLUEDART,,In Transit,Chennai,Hyderabad,NULL,08/04/2025,NULL,NULL
,DHL,04/21/2026,Delivered,Bangalore,Pune,308.61,04/28/2026,05/01/2026,3
SHO0232,FEDEX,10/28/2024,Delayed,Pune,Hyderabad,104.86,10/30/2024,01/11/2024,NULL
,FEDEX,,Delayed,Chennai,Hyderabad,407.66,NULL,02/08/2025,NULL
,BLUEDART,09/21/2024,In Transit,Hyderabad,Bangalore,448.27,09/23/2024,NULL,NULL
SHO0240,BLUEDART,06/19/2025,Delivered,Chennai,Bangalore,163.36,NULL,NULL,NULL
,BLUEDART,,In Transit,Delhi,Chennai,299.78,NULL,NULL,NULL
SHO0244,FEDEX,03/21/2026,Delayed,Pune,Bangalore,-41.94,03/28/2026,NULL,NULL
SHO0245,FEDEX,,Accepted,Pune,Mumbai,78.91,12/27/2025,NULL,NULL
SHO0246,FEDEX,,Accepted,Chennai,Bangalore,14.84,NULL,NULL,NULL
SHO0247,DHL,,In Transit,Bangalore,Hyderabad,76.07,11/29/2025,NULL,NULL
SHO0249,DHL,,Delivered,Chennai,Delhi,264.39,08/01/2025,03/08/2025,0
SHO0252,DHL,,In Transit,Bangalore,Chennai,-23.39,07/07/2024,NULL,NULL
SHO0254,BLUEDART,06/29/2026,In Transit,Pune,Chennai,210.28,06/07/2026,NULL,NULL
SHO0255,BLUEDART,11/19/2024,UNKNOWN,Mumbai,Hyderabad,335.09,11/21/2024,NULL,NULL
SHO0256,DHL,,UNKNOWN,Chennai,Hyderabad,362.87,05/18/2025,NULL,NULL
,DHL,07/14/2024,Delayed,Delhi,Bangalore,312.51,NULL,07/25/2024,NULL
SHO0259,DHL,,Accepted,Hyderabad,Delhi,42.49,01/16/2026,01/26/2026,NULL
SHO0260,DHL,,Delayed,Chennai,Pune,299.07,11/10/2025,11/11/2025,NULL
SHO0262,FEDEX,07/23/2024,Delivered,Hyderabad,Bangalore,72.54,NULL,NULL,NULL
SHO0264,FEDEX,02/21/2024,Delayed,Delhi,Chennai,NULL,NULL,02/28/2024,NULL
SHO0265,BLUEDART,,Pending,Hyderabad,Mumbai,473.95,01/05/2025,NULL,NULL
SHO0267,BLUEDART,09/05/2025,Accepted,Pune,Delhi,-14.5,05/14/2025,NULL,NULL
SHO0268,BLUEDART,,Accepted,Chennai,Hyderabad,116.21,NULL,NULL,NULL
,BLUEDART,,In Transit,Mumbai,Chennai,-34.28,04/21/2026,NULL,NULL
SHO0271,FEDEX,,Pending,Mumbai,Pune,-79.9,NULL,NULL,NULL
SHO0274,FEDEX,04/24/2026,Delivered,Hyderabad,Chennai,30.54,04/28/2026,NULL,NULL
SHO0275,DHL,,Delivered,Mumbai,Pune,-51.83,07/02/2025,NULL,NULL
SHO0277,BLUEDART,,In Transit,Delhi,Bangalore,36.52,10/15/2025,NULL,NULL
SHO0278,BLUEDART,,Delayed,Bangalore,Delhi,361.25,03/01/2026,NULL,NULL
SHO0281,BLUEDART,01/25/2025,In Transit,Delhi,Pune,161.61,01/02/2025,NULL,NULL
,BLUEDART,04/27/2024,Delivered,Bangalore,Pune,120.68,NULL,05/01/2024,NULL
SHO0290,FEDEX,,Delivered,Delhi,Pune,-11.38,04/02/2025,02/03/2025,0
SHO0293,BLUEDART,02/26/2025,Delivered,Delhi,Hyderabad,413.85,03/01/2025,01/03/2025,0
SHO0295,BLUEDART,,Pending,Pune,Delhi,181.37,11/27/2024,NULL,NULL
SHO0296,FEDEX,12/30/2025,Delivered,Hyderabad,Delhi,291.69,NULL,NULL,NULL
SHO0297,BLUEDART,11/05/2026,In Transit,Chennai,Pune,NULL,05/14/2026,NULL,NULL
SHO0298,DHL,,Delivered,Chennai,Bangalore,262.22,NULL,02/22/2025,NULL
SHO0299,DHL,,Delayed,Mumbai,Bangalore,150.14,06/12/2025,NULL,NULL
SHO0301,DHL,,Delivered,Pune,Mumbai,481.7,04/22/2024,NULL,NULL
SHO0303,FEDEX,,Delayed,Hyderabad,Delhi,130.09,07/17/2024,07/19/2024,NULL
SHO0304,FEDEX,,Delayed,Pune,Delhi,252.62,NULL,02/20/2024,NULL
SHO0305,BLUEDART,06/18/2026,Delivered,Bangalore,Pune,342.23,06/22/2026,NULL,NULL
SHO0306,DHL,,Delayed,Chennai,Bangalore,340.03,01/10/2024,10/09/2024,NULL
,FEDEX,04/08/2024,Delayed,Hyderabad,Bangalore,196.0,NULL,NULL,NULL
SHO0308,BLUEDART,,In Transit,Bangalore,Mumbai,134.82,NULL,NULL,NULL
SHO0310,DHL,12/05/2025,Delivered,Mumbai,Hyderabad,103.22,09/12/2025,NULL,NULL
SHO0311,FEDEX,,Delivered,Hyderabad,Chennai,243.39,NULL,07/25/2025,NULL
SHO0315,BLUEDART,06/22/2024,Delivered,Hyderabad,Bangalore,-59.08,06/25/2024,06/23/2024,0
SHO0317,DHL,,In Transit,Chennai,Pune,117.18,06/01/2025,NULL,NULL
SHO0320,BLUEDART,,Delivered,Delhi,Hyderabad,459.55,02/06/2026,02/11/2026,5
SHO0321,DHL,,Delivered,Pune,Hyderabad,474.35,03/26/2024,03/24/2024,0
SHO0328,DHL,10/27/2025,Delivered,Chennai,Bangalore,232.29,NULL,03/11/2025,NULL
SHO0334,FEDEX,08/20/2024,Delivered,Mumbai,Bangalore,-28.06,08/24/2024,NULL,NULL
SHO0338,DHL,01/23/2024,Delayed,Pune,Bangalore,483.95,NULL,01/02/2024,NULL
SHO0339,FEDEX,12/14/2025,Delivered,Delhi,Chennai,-61.59,12/16/2025,12/16/2025,0
SHO0340,DHL,01/29/2025,Delivered,Bangalore,Hyderabad,485.48,01/02/2025,NULL,NULL
SHO0343,FEDEX,,Delivered,Pune,Bangalore,282.58,12/14/2024,NULL,NULL
SHO0347,DHL,11/26/2024,In Transit,Chennai,Delhi,NULL,NULL,NULL,NULL
SHO0348,DHL,07/08/2025,Delivered,Pune,Hyderabad,NULL,NULL,NULL,NULL
,FEDEX,02/10/2025,Delayed,Mumbai,Chennai,341.26,NULL,02/24/2025,NULL
SHO0357,BLUEDART,,In Transit,Pune,Chennai,224.14,NULL,NULL,NULL
SHO0359,BLUEDART,,Pending,Hyderabad,Delhi,34.9,12/05/2025,NULL,NULL
SHO0361,FEDEX,,Delayed,Chennai,Hyderabad,456.04,03/30/2025,04/03/2025,NULL
SHO0362,FEDEX,12/11/2025,Delivered,Pune,Mumbai,-15.46,12/16/2025,12/21/2025,5
SHO0365,DHL,06/06/2026,UNKNOWN,Delhi,Chennai,228.31,09/06/2026,NULL,NULL
SHO0366,FEDEX,,In Transit,Mumbai,Hyderabad,316.9,01/23/2024,NULL,NULL
SHO0368,FEDEX,,Pending,Delhi,Bangalore,234.5,12/06/2024,NULL,NULL
,DHL,11/02/2025,Pending,Mumbai,Hyderabad,451.93,06/11/2025,NULL,NULL
SHO0370,FEDEX,,UNKNOWN,Mumbai,Chennai,352.45,11/13/2024,NULL,NULL
SHO0374,BLUEDART,06/21/2025,Delivered,Chennai,Bangalore,NULL,06/23/2025,06/22/2025,0
SHO0376,BLUEDART,,Pending,Mumbai,Pune,-14.36,NULL,NULL,NULL
SHO0380,BLUEDART,10/08/2024,Pending,Mumbai,Hyderabad,302.49,08/15/2024,NULL,NULL
SHO0381,DHL,05/31/2024,UNKNOWN,Pune,Delhi,298.9,NULL,05/06/2024,NULL
SHO0382,BLUEDART,07/11/2025,Delivered,Delhi,Bangalore,325.91,NULL,NULL,NULL
SHO0383,FEDEX,10/26/2024,Pending,Chennai,Pune,-1.96,11/02/2024,NULL,NULL
SHO0384,BLUEDART,10/05/2025,Delivered,Chennai,Pune,319.42,NULL,05/19/2025,NULL
SHO0385,BLUEDART,,Delivered,Bangalore,Mumbai,24.35,NULL,NULL,NULL
,DHL,12/15/2024,In Transit,Pune,Mumbai,340.15,12/21/2024,NULL,NULL
SHO0390,BLUEDART,,Pending,Chennai,Mumbai,-12.23,07/14/2024,NULL,NULL
SHO0391,FEDEX,11/05/2024,Delayed,Hyderabad,Bangalore,-14.91,NULL,11/11/2024,NULL
SHO0392,BLUEDART,05/26/2024,UNKNOWN,Delhi,Mumbai,425.64,NULL,06/01/2024,NULL
SHO0393,BLUEDART,04/23/2025,Delayed,Pune,Mumbai,-20.2,NULL,05/05/2025,NULL
SHO0396,DHL,,Delivered,Bangalore,Chennai,404.98,09/05/2025,09/10/2025,5
SHO0397,FEDEX,05/04/2024,Accepted,Chennai,Hyderabad,385.36,04/12/2024,NULL,NULL
SHO0400,DHL,08/03/2024,In Transit,Mumbai,Chennai,40.78,03/15/2024,NULL,NULL
SHO0401,DHL,06/05/2026,Pending,Bangalore,Chennai,-13.69,05/12/2026,NULL,NULL
SHO0402,BLUEDART,05/21/2025,Delivered,Mumbai,Delhi,302.9,NULL,NULL,NULL
SHO0403,FEDEX,11/28/2025,In Transit,Hyderabad,Delhi,93.85,05/12/2025,NULL,NULL
SHO0404,DHL,,Pending,Delhi,Pune,481.38,NULL,NULL,NULL
SHO0405,FEDEX,,In Transit,Bangalore,Delhi,155.5,01/03/2026,NULL,NULL
SHO0406,DHL,,Delayed,Delhi,Hyderabad,-38.39,05/19/2024,NULL,NULL
SHO0407,BLUEDART,09/30/2025,Accepted,Chennai,Mumbai,183.55,05/10/2025,10/14/2025,NULL
SHO0408,FEDEX,,In Transit,Mumbai,Bangalore,-60.59,08/15/2025,NULL,NULL
SHO0410,BLUEDART,01/07/2025,Delivered,Pune,Mumbai,NULL,NULL,07/11/2025,NULL
SHO0411,BLUEDART,,Delayed,Delhi,Bangalore,284.99,09/29/2024,NULL,NULL
SHO0415,BLUEDART,,Delivered,Hyderabad,Chennai,146.24,04/12/2025,12/04/2025,236
SHO0417,DHL,,Accepted,Bangalore,Chennai,221.57,03/06/2026,NULL,NULL
SHO0418,BLUEDART,08/12/2024,Delivered,Mumbai,Delhi,84.31,NULL,08/13/2024,NULL
SHO0419,DHL,,In Transit,Pune,Bangalore,300.71,05/20/2024,NULL,NULL
SHO0421,DHL,07/01/2024,UNKNOWN,Chennai,Mumbai,205.39,04/07/2024,NULL,NULL
SHO0423,FEDEX,07/07/2025,In Transit,Bangalore,Pune,-78.08,07/14/2025,NULL,NULL
SHO0427,BLUEDART,07/02/2024,Accepted,Hyderabad,Pune,2.12,NULL,02/12/2024,NULL
SHO0430,BLUEDART,06/17/2024,Pending,Delhi,Bangalore,NULL,06/23/2024,NULL,NULL
SHO0431,DHL,,Delivered,Pune,Delhi,298.02,05/04/2024,NULL,NULL
SHO0432,BLUEDART,07/03/2024,Delivered,Pune,Bangalore,209.93,05/07/2024,07/07/2024,61
SHO0434,DHL,,In Transit,Pune,Mumbai,172.11,NULL,NULL,NULL
SHO0435,DHL,08/01/2026,Pending,Pune,Delhi,263.77,01/12/2026,NULL,NULL
SHO0439,BLUEDART,12/01/2024,Accepted,Hyderabad,Delhi,256.09,07/12/2024,NULL,NULL
SHO0440,FEDEX,05/05/2025,Delivered,Chennai,Mumbai,382.85,05/07/2025,NULL,NULL
SHO0441,BLUEDART,06/05/2025,Delivered,Pune,Hyderabad,96.81,NULL,NULL,NULL
SHO0442,FEDEX,12/21/2025,Delivered,Bangalore,Mumbai,-79.21,NULL,12/27/2025,NULL
SHO0443,DHL,,In Transit,Bangalore,Pune,NULL,NULL,NULL,NULL
SHO0444,BLUEDART,07/28/2025,Delivered,Chennai,Pune,368.67,NULL,08/03/2025,NULL
SHO0447,DHL,,Delivered,Hyderabad,Mumbai,5.81,NULL,04/28/2024,NULL
SHO0448,BLUEDART,,Delayed,Pune,Mumbai,-67.22,07/15/2024,07/24/2024,NULL
SHO0449,BLUEDART,11/07/2024,Pending,Mumbai,Chennai,-3.47,11/11/2024,NULL,NULL
SHO0450,DHL,,Pending,Chennai,Hyderabad,85.44,NULL,NULL,NULL
SHO0451,FEDEX,,In Transit,Delhi,Mumbai,246.24,07/09/2024,NULL,NULL
,BLUEDART,03/29/2026,Accepted,Bangalore,Hyderabad,342.56,NULL,NULL,NULL
SHO0454,BLUEDART,,Delayed,Hyderabad,Chennai,109.29,06/01/2025,01/10/2025,NULL
SHO0455,DHL,,Pending,Chennai,Mumbai,104.3,07/24/2024,NULL,NULL
SHO0458,FEDEX,,Delivered,Pune,Hyderabad,450.36,02/28/2025,NULL,NULL
SHO0461,BLUEDART,08/06/2025,Delivered,Pune,Mumbai,253.65,06/12/2025,06/12/2025,0
SHO0462,FEDEX,,Pending,Pune,Mumbai,290.59,10/27/2024,NULL,NULL
SHO0467,FEDEX,04/20/2024,UNKNOWN,Pune,Delhi,379.97,04/26/2024,NULL,NULL
SHO0471,BLUEDART,,In Transit,Hyderabad,Chennai,328.74,02/25/2026,NULL,NULL
SHO0472,FEDEX,02/21/2025,In Transit,Hyderabad,Bangalore,NULL,02/26/2025,NULL,NULL
SHO0476,DHL,04/30/2026,Delayed,Bangalore,Pune,208.92,02/05/2026,NULL,NULL
SHO0477,FEDEX,,Accepted,Mumbai,Hyderabad,208.78,11/02/2024,04/11/2024,NULL
SHO0478,FEDEX,,Delayed,Mumbai,Chennai,-60.94,04/21/2025,04/26/2025,NULL
SHO0480,FEDEX,,Delayed,Pune,Hyderabad,-5.65,NULL,09/06/2025,NULL
SHO0481,DHL,09/10/2024,UNKNOWN,Bangalore,Hyderabad,295.89,NULL,NULL,NULL
SHO0482,FEDEX,07/03/2025,In Transit,Chennai,Bangalore,-68.17,03/12/2025,NULL,NULL
SHO0484,BLUEDART,09/28/2024,Delayed,Hyderabad,Mumbai,92.45,04/10/2024,NULL,NULL
SHO0490,DHL,12/03/2026,Delayed,Bangalore,Mumbai,-47.91,03/14/2026,03/20/2026,NULL
SHO0491,BLUEDART,,Pending,Hyderabad,Delhi,346.0,NULL,NULL,NULL
SHO0492,DHL,,Pending,Delhi,Mumbai,347.6,05/09/2026,NULL,NULL
SHO0493,BLUEDART,06/30/2025,In Transit,Pune,Chennai,325.78,02/07/2025,NULL,NULL
SHO0494,BLUEDART,,Delivered,Delhi,Mumbai,480.75,NULL,01/26/2024,NULL
SHO0496,DHL,,Delayed,Delhi,Hyderabad,451.22,06/06/2026,06/12/2026,NULL
SHO0497,FEDEX,,Accepted,Bangalore,Mumbai,-21.77,06/19/2026,NULL,NULL
,BLUEDART,03/04/2025,Delayed,Bangalore,Hyderabad,156.94,03/07/2025,03/08/2025,NULL
SHO0505,FEDEX,,Delivered,Chennai,Bangalore,389.71,NULL,12/31/2025,NULL
SHO0507,FEDEX,,In Transit,Bangalore,Delhi,443.62,03/20/2025,NULL,NULL
SHO0512,BLUEDART,,Delivered,Pune,Mumbai,280.97,NULL,NULL,NULL
SHO0514,DHL,05/17/2025,Delivered,Pune,Mumbai,170.77,NULL,05/21/2025,NULL
SHO0515,FEDEX,,In Transit,Pune,Chennai,276.04,04/15/2026,NULL,NULL
SHO0517,DHL,02/16/2024,Pending,Chennai,Pune,-17.57,02/21/2024,NULL,NULL
SHO0518,DHL,07/02/2024,Delivered,Pune,Chennai,25.68,07/07/2024,NULL,NULL
SHO0519,DHL,03/21/2024,Delivered,Hyderabad,Delhi,489.67,NULL,03/24/2024,NULL
,BLUEDART,11/06/2024,Pending,Chennai,Mumbai,391.62,NULL,NULL,NULL
SHO0521,DHL,,Delayed,Pune,Delhi,41.35,06/05/2026,08/06/2026,NULL
,FEDEX,06/19/2024,Delayed,Pune,Hyderabad,348.49,06/24/2024,02/07/2024,NULL
SHO0526,FEDEX,10/01/2026,Delivered,Hyderabad,Mumbai,146.42,01/15/2026,NULL,NULL
SHO0528,DHL,04/26/2024,UNKNOWN,Delhi,Chennai,51.48,02/05/2024,NULL,NULL
SHO0529,DHL,10/09/2025,Delivered,Bangalore,Chennai,-19.6,09/12/2025,09/17/2025,5
SHO0530,DHL,,In Transit,Bangalore,Pune,448.37,06/13/2026,NULL,NULL
SHO0532,BLUEDART,10/02/2026,Delivered,Hyderabad,Delhi,227.2,02/13/2026,02/13/2026,0
SHO0533,DHL,12/03/2024,Delayed,Bangalore,Chennai,116.22,03/17/2024,03/20/2024,NULL
SHO0534,BLUEDART,,In Transit,Bangalore,Chennai,153.16,05/11/2024,NULL,NULL
SHO0535,BLUEDART,,UNKNOWN,Hyderabad,Chennai,38.98,04/07/2025,NULL,NULL
SHO0536,BLUEDART,07/07/2025,UNKNOWN,Hyderabad,Bangalore,43.97,07/13/2025,NULL,NULL
,DHL,,Delayed,Delhi,Chennai,344.55,05/06/2025,06/10/2025,NULL
SHO0540,DHL,01/13/2025,Delivered,Mumbai,Pune,225.23,NULL,01/23/2025,NULL
SHO0541,DHL,,Pending,Hyderabad,Bangalore,332.47,NULL,NULL,NULL
SHO0542,FEDEX,,In Transit,Pune,Bangalore,-16.01,NULL,NULL,NULL
SHO0544,BLUEDART,11/03/2026,In Transit,Mumbai,Delhi,195.63,03/18/2026,NULL,NULL
SHO0546,BLUEDART,,Delivered,Pune,Bangalore,367.53,11/10/2025,10/10/2025,0
SHO0548,BLUEDART,06/01/2026,Delayed,Pune,Chennai,117.17,04/06/2026,06/11/2026,NULL
SHO0549,DHL,02/21/2025,Delivered,Hyderabad,Mumbai,18.13,02/27/2025,NULL,NULL
,DHL,02/09/2024,Delivered,Pune,Delhi,266.26,05/09/2024,10/09/2024,153
SHO0552,BLUEDART,,Accepted,Hyderabad,Delhi,491.48,01/20/2025,NULL,NULL
SHO0553,BLUEDART,,Pending,Hyderabad,Pune,78.52,06/03/2024,NULL,NULL
SHO0554,BLUEDART,,Delayed,Chennai,Pune,149.28,05/11/2024,11/08/2024,NULL
,BLUEDART,10/06/2024,Accepted,Delhi,Chennai,304.12,10/10/2024,NULL,NULL
SHO0556,FEDEX,11/19/2025,UNKNOWN,Pune,Hyderabad,159.63,NULL,12/04/2025,NULL
SHO0557,BLUEDART,12/04/2026,In Transit,Pune,Mumbai,399.93,04/16/2026,NULL,NULL
SHO0559,FEDEX,05/19/2025,Delivered,Pune,Mumbai,330.04,NULL,05/20/2025,NULL
,BLUEDART,08/01/2025,Delayed,Bangalore,Chennai,-42.09,08/04/2025,06/08/2025,NULL
SHO0562,FEDEX,,Pending,Pune,Bangalore,129.65,NULL,NULL,NULL
,BLUEDART,12/07/2025,UNKNOWN,Pune,Delhi,475.51,12/10/2025,NULL,NULL
SHO0566,DHL,,UNKNOWN,Chennai,Pune,141.24,10/30/2024,NULL,NULL
SHO0567,BLUEDART,,Delivered,Chennai,Pune,463.8,12/15/2024,NULL,NULL
SHO0568,BLUEDART,,Accepted,Hyderabad,Bangalore,164.18,09/26/2024,NULL,NULL
SHO0570,DHL,,Delayed,Chennai,Bangalore,164.8,06/01/2026,06/05/2026,NULL
,FEDEX,,Pending,Chennai,Hyderabad,346.06,05/09/2024,NULL,NULL
SHO0574,DHL,,Delayed,Hyderabad,Delhi,408.87,01/25/2024,01/26/2024,NULL
SHO0578,FEDEX,06/22/2025,Delivered,Bangalore,Delhi,200.31,NULL,02/07/2025,NULL
SHO0580,DHL,09/28/2025,UNKNOWN,Mumbai,Bangalore,167.14,03/10/2025,NULL,NULL
SHO0581,DHL,,Accepted,Delhi,Pune,NULL,11/03/2024,NULL,NULL
SHO0586,DHL,12/03/2025,Delivered,Mumbai,Chennai,153.95,10/12/2025,NULL,NULL
SHO0588,DHL,,Pending,Hyderabad,Pune,23.03,NULL,NULL,NULL
SHO0589,BLUEDART,02/28/2024,In Transit,Pune,Chennai,220.75,02/03/2024,NULL,NULL
SHO0591,DHL,06/03/2024,Accepted,Hyderabad,Chennai,151.56,03/09/2024,NULL,NULL
SHO0592,FEDEX,04/02/2025,Pending,Delhi,Mumbai,397.59,02/07/2025,NULL,NULL
SHO0594,BLUEDART,03/19/2024,Accepted,Pune,Mumbai,-18.97,03/23/2024,NULL,NULL
SHO0597,DHL,,UNKNOWN,Bangalore,Delhi,127.69,06/09/2024,NULL,NULL
SHO0599,FEDEX,,Delayed,Hyderabad,Pune,382.22,08/20/2024,08/23/2024,NULL
SHO0601,FEDEX,01/12/2025,Delayed,Bangalore,Chennai,-40.95,NULL,01/22/2025,NULL
,DHL,10/08/2025,Delivered,Chennai,Delhi,145.37,10/15/2025,NULL,NULL
SHO0604,DHL,,In Transit,Delhi,Chennai,7.97,11/02/2024,NULL,NULL
SHO0605,FEDEX,06/17/2025,Delivered,Bangalore,Pune,486.99,06/24/2025,NULL,NULL
SHO0609,BLUEDART,04/19/2026,Delivered,Mumbai,Hyderabad,199.56,04/24/2026,NULL,NULL
SHO0610,BLUEDART,03/14/2024,In Transit,Chennai,Mumbai,-0.74,03/19/2024,NULL,NULL
SHO0612,FEDEX,,Delivered,Bangalore,Delhi,203.4,06/12/2025,NULL,NULL
SHO0613,BLUEDART,,Delivered,Bangalore,Pune,294.29,12/19/2025,12/24/2025,5
SHO0614,BLUEDART,,Pending,Mumbai,Chennai,485.0,12/26/2025,NULL,NULL
SHO0618,BLUEDART,03/22/2024,In Transit,Pune,Delhi,-30.29,03/24/2024,NULL,NULL
SHO0619,DHL,03/19/2026,Delayed,Bangalore,Chennai,-23.83,NULL,NULL,NULL
SHO0620,FEDEX,,Accepted,Bangalore,Delhi,58.97,11/22/2024,NULL,NULL
SHO0621,BLUEDART,01/27/2024,Pending,Mumbai,Hyderabad,-8.72,NULL,NULL,NULL
,DHL,05/02/2025,Delivered,Delhi,Chennai,417.12,04/05/2025,05/08/2025,33
SHO0626,BLUEDART,,Delivered,Mumbai,Pune,113.02,03/28/2026,03/27/2026,0
,DHL,11/19/2024,Delayed,Chennai,Mumbai,393.37,NULL,11/27/2024,NULL
SHO0631,DHL,,Delivered,Bangalore,Hyderabad,-49.51,12/21/2025,12/26/2025,5
SHO0632,BLUEDART,,In Transit,Mumbai,Delhi,146.82,02/20/2026,NULL,NULL
SHO0633,BLUEDART,,Delivered,Pune,Mumbai,14.94,04/16/2025,04/21/2025,5
SHO0635,FEDEX,09/07/2024,Delayed,Hyderabad,Chennai,-11.09,NULL,NULL,NULL
SHO0637,FEDEX,,Pending,Delhi,Pune,25.04,NULL,NULL,NULL
SHO0638,DHL,07/02/2025,Pending,Mumbai,Pune,394.13,02/13/2025,NULL,NULL
SHO0640,DHL,06/02/2025,UNKNOWN,Pune,Hyderabad,130.86,08/06/2025,NULL,NULL
SHO0641,FEDEX,,Delayed,Bangalore,Chennai,254.7,04/07/2025,NULL,NULL
SHO0643,FEDEX,,In Transit,Pune,Mumbai,465.32,11/26/2025,NULL,NULL
SHO0644,BLUEDART,11/09/2025,Delayed,Bangalore,Chennai,163.42,09/14/2025,09/20/2025,NULL
SHO0646,DHL,,Accepted,Chennai,Delhi,387.94,08/27/2025,NULL,NULL
SHO0647,FEDEX,05/04/2026,Delivered,Hyderabad,Mumbai,313.13,11/04/2026,04/15/2026,0
SHO0648,FEDEX,,Delivered,Pune,Mumbai,64.48,12/31/2025,01/04/2026,4
SHO0649,BLUEDART,12/10/2025,Accepted,Hyderabad,Mumbai,-29.57,10/16/2025,NULL,NULL
SHO0652,BLUEDART,,Pending,Bangalore,Chennai,180.22,NULL,NULL,NULL
SHO0653,FEDEX,,Delayed,Mumbai,Hyderabad,116.02,01/24/2025,01/28/2025,NULL
SHO0654,FEDEX,04/25/2026,UNKNOWN,Bangalore,Chennai,462.54,05/01/2026,05/09/2026,NULL
SHO0655,FEDEX,,Accepted,Pune,Hyderabad,34.58,03/23/2025,NULL,NULL
SHO0658,FEDEX,11/28/2024,UNKNOWN,Bangalore,Hyderabad,363.35,12/03/2024,12/07/2024,NULL
SHO0660,BLUEDART,,Pending,Hyderabad,Chennai,329.75,NULL,NULL,NULL
,DHL,08/05/2024,In Transit,Pune,Mumbai,193.79,11/08/2024,NULL,NULL
SHO0664,BLUEDART,01/04/2025,Delivered,Hyderabad,Mumbai,389.82,NULL,01/14/2025,NULL
SHO0665,BLUEDART,,Delivered,Bangalore,Hyderabad,178.55,NULL,07/17/2024,NULL
SHO0666,FEDEX,06/17/2026,Delivered,Chennai,Delhi,414.99,06/23/2026,NULL,NULL
SHO0667,DHL,07/10/2024,Delivered,Hyderabad,Bangalore,481.14,10/11/2024,NULL,NULL
SHO0669,BLUEDART,,Accepted,Bangalore,Chennai,NULL,09/26/2024,NULL,NULL
SHO0670,FEDEX,,Delivered,Hyderabad,Mumbai,-50.12,06/16/2026,06/17/2026,1
SHO0671,FEDEX,,Pending,Bangalore,Hyderabad,91.04,02/24/2025,NULL,NULL
SHO0672,BLUEDART,,In Transit,Pune,Chennai,424.61,07/11/2025,NULL,NULL
SHO0678,DHL,,Delayed,Hyderabad,Chennai,124.92,02/02/2025,NULL,NULL
SHO0679,FEDEX,09/22/2025,In Transit,Delhi,Pune,-11.36,NULL,NULL,NULL
,BLUEDART,04/17/2026,In Transit,Delhi,Bangalore,122.06,04/19/2026,NULL,NULL
SHO0681,DHL,11/23/2024,Delayed,Bangalore,Hyderabad,146.55,11/30/2024,08/12/2024,NULL
SHO0685,BLUEDART,08/03/2024,UNKNOWN,Mumbai,Hyderabad,50.26,08/10/2024,NULL,NULL
SHO0687,DHL,05/02/2026,UNKNOWN,Mumbai,Hyderabad,325.17,09/02/2026,NULL,NULL
SHO0688,BLUEDART,08/02/2026,Delayed,Pune,Bangalore,211.91,NULL,02/17/2026,NULL
SHO0689,DHL,,In Transit,Delhi,Pune,487.2,06/21/2025,NULL,NULL
SHO0691,FEDEX,,Delayed,Pune,Delhi,234.11,10/17/2024,10/21/2024,NULL
SHO0693,FEDEX,04/13/2024,UNKNOWN,Mumbai,Bangalore,388.35,NULL,NULL,NULL
SHO0694,DHL,,In Transit,Bangalore,Pune,432.95,01/12/2026,NULL,NULL
SHO0697,DHL,,Pending,Hyderabad,Chennai,487.52,09/26/2024,NULL,NULL
,BLUEDART,03/27/2025,In Transit,Bangalore,Hyderabad,217.24,04/02/2025,NULL,NULL
SHO0701,DHL,10/09/2025,Pending,Delhi,Mumbai,43.33,09/17/2025,NULL,NULL
SHO0704,FEDEX,,In Transit,Hyderabad,Delhi,199.34,12/29/2024,NULL,NULL
SHO0705,BLUEDART,,Accepted,Hyderabad,Pune,255.52,NULL,NULL,NULL
SHO0707,BLUEDART,,In Transit,Hyderabad,Bangalore,121.89,NULL,NULL,NULL
SHO0709,BLUEDART,,In Transit,Chennai,Hyderabad,141.31,NULL,NULL,NULL
SHO0710,DHL,,UNKNOWN,Pune,Hyderabad,-19.87,NULL,NULL,NULL
SHO0711,DHL,01/25/2025,Delayed,Mumbai,Bangalore,33.42,01/30/2025,01/02/2025,NULL
SHO0712,BLUEDART,06/19/2026,Delivered,Delhi,Mumbai,73.41,NULL,06/25/2026,NULL
SHO0715,FEDEX,11/26/2024,Accepted,Chennai,Hyderabad,-25.91,11/28/2024,NULL,NULL
SHO0716,FEDEX,04/09/2025,Delivered,Pune,Delhi,286.27,NULL,04/13/2025,NULL
SHO0720,DHL,01/31/2024,Pending,Hyderabad,Bangalore,-66.64,02/06/2024,NULL,NULL
SHO0721,DHL,,In Transit,Delhi,Mumbai,472.87,12/05/2025,NULL,NULL
SHO0724,DHL,,In Transit,Chennai,Delhi,90.21,08/30/2025,NULL,NULL
SHO0726,FEDEX,,In Transit,Chennai,Hyderabad,-20.31,NULL,NULL,NULL
SHO0727,FEDEX,07/21/2024,In Transit,Delhi,Mumbai,-51.2,07/26/2024,NULL,NULL
SHO0728,BLUEDART,01/19/2024,Delivered,Pune,Mumbai,NULL,01/25/2024,01/23/2024,0
SHO0729,DHL,04/29/2026,UNKNOWN,Mumbai,Pune,160.75,05/03/2026,05/05/2026,NULL
SHO0731,DHL,,Accepted,Pune,Delhi,133.95,01/17/2026,NULL,NULL
SHO0733,BLUEDART,,Delivered,Hyderabad,Bangalore,204.26,08/05/2025,05/11/2025,0
SHO0734,BLUEDART,12/12/2025,Delayed,Bangalore,Hyderabad,-36.42,12/17/2025,NULL,NULL
SHO0739,DHL,,In Transit,Bangalore,Hyderabad,-13.19,04/25/2024,NULL,NULL
,FEDEX,01/21/2026,Accepted,Pune,Delhi,430.13,01/25/2026,NULL,NULL
SHO0741,DHL,05/03/2025,Delivered,Chennai,Bangalore,NULL,05/10/2025,NULL,NULL
SHO0742,FEDEX,09/27/2024,UNKNOWN,Pune,Delhi,NULL,NULL,09/10/2024,NULL
SHO0744,DHL,,UNKNOWN,Delhi,Mumbai,437.0,04/01/2026,NULL,NULL
SHO0746,BLUEDART,06/28/2024,In Transit,Mumbai,Bangalore,447.99,02/07/2024,NULL,NULL
SHO0749,BLUEDART,,Delayed,Pune,Hyderabad,123.13,NULL,09/27/2024,NULL
SHO0750,FEDEX,,In Transit,Hyderabad,Pune,64.26,06/05/2025,NULL,NULL
SHO0753,DHL,12/02/2026,Delayed,Mumbai,Pune,276.82,NULL,02/20/2026,NULL
SHO0755,BLUEDART,,Delivered,Delhi,Pune,259.08,05/10/2024,08/05/2024,87
,FEDEX,01/06/2026,Delayed,Bangalore,Delhi,387.26,01/12/2026,01/16/2026,NULL
SHO0757,BLUEDART,02/26/2024,Delayed,Mumbai,Chennai,93.96,02/03/2024,03/05/2024,NULL
SHO0761,DHL,,Delivered,Hyderabad,Delhi,337.14,12/30/2024,01/04/2025,5
,FEDEX,08/12/2025,Delivered,Chennai,Hyderabad,457.9,NULL,08/21/2025,NULL
SHO0763,BLUEDART,04/08/2024,Delivered,Hyderabad,Delhi,-18.39,04/15/2024,NULL,NULL
SHO0764,DHL,09/13/2024,Delayed,Pune,Bangalore,-58.3,09/20/2024,NULL,NULL
SHO0765,BLUEDART,,In Transit,Chennai,Bangalore,66.45,07/28/2024,NULL,NULL
SHO0766,DHL,07/27/2024,Delayed,Bangalore,Pune,389.81,NULL,04/08/2024,NULL
SHO0767,DHL,,Pending,Hyderabad,Bangalore,210.49,01/05/2026,NULL,NULL
SHO0768,DHL,,Delayed,Chennai,Delhi,209.25,04/15/2024,04/25/2024,NULL
SHO0772,DHL,04/16/2024,Delayed,Delhi,Pune,NULL,04/19/2024,04/25/2024,NULL
SHO0776,DHL,05/05/2025,Delivered,Chennai,Mumbai,-9.02,07/05/2025,05/06/2025,0
SHO0777,FEDEX,,Delivered,Chennai,Delhi,61.64,12/06/2026,NULL,NULL
SHO0778,DHL,,Delivered,Chennai,Hyderabad,240.72,11/10/2024,11/13/2024,3
SHO0781,DHL,,Accepted,Delhi,Bangalore,167.98,03/27/2025,NULL,NULL
SHO0782,BLUEDART,08/09/2025,UNKNOWN,Mumbai,Chennai,249.62,08/15/2025,08/17/2025,NULL
SHO0783,DHL,,In Transit,Hyderabad,Bangalore,251.23,10/31/2024,NULL,NULL
SHO0784,BLUEDART,06/05/2026,In Transit,Bangalore,Delhi,411.6,05/11/2026,NULL,NULL
SHO0788,DHL,,In Transit,Bangalore,Mumbai,2.99,06/19/2026,NULL,NULL
SHO0789,DHL,,Delayed,Delhi,Pune,448.89,10/26/2024,10/28/2024,NULL
SHO0790,BLUEDART,01/25/2025,Delivered,Pune,Delhi,498.74,NULL,NULL,NULL
SHO0793,FEDEX,04/27/2026,Accepted,Hyderabad,Bangalore,492.31,03/05/2026,NULL,NULL
SHO0795,DHL,,Delivered,Pune,Chennai,16.82,NULL,01/27/2024,NULL
SHO0796,FEDEX,,Delayed,Chennai,Bangalore,496.6,09/25/2025,09/27/2025,NULL
SHO0797,BLUEDART,,Pending,Hyderabad,Bangalore,-31.4,NULL,NULL,NULL
SHO0798,DHL,,In Transit,Hyderabad,Mumbai,-51.99,NULL,NULL,NULL
,FEDEX,,Delivered,Chennai,Pune,81.6,NULL,08/28/2024,NULL
SHO0801,DHL,,Pending,Delhi,Hyderabad,167.37,10/20/2024,NULL,NULL
SHO0802,FEDEX,,Accepted,Mumbai,Delhi,-0.65,NULL,NULL,NULL
SHO0803,BLUEDART,,Delivered,Delhi,Mumbai,346.6,NULL,NULL,NULL
SHO0804,BLUEDART,10/11/2025,Delivered,Bangalore,Pune,-75.38,NULL,10/18/2025,NULL
SHO0805,DHL,04/01/2024,In Transit,Chennai,Hyderabad,-40.99,01/10/2024,NULL,NULL
SHO0806,FEDEX,,Delayed,Mumbai,Bangalore,429.18,06/11/2025,11/11/2025,NULL
SHO0807,FEDEX,11/29/2024,In Transit,Mumbai,Chennai,304.2,01/12/2024,NULL,NULL
SHO0808,FEDEX,04/12/2025,In Transit,Chennai,Mumbai,-63.2,12/08/2025,NULL,NULL
SHO0810,BLUEDART,,Pending,Hyderabad,Pune,111.22,09/26/2025,NULL,NULL
,BLUEDART,,Accepted,Bangalore,Hyderabad,410.38,NULL,01/22/2024,NULL
SHO0813,BLUEDART,11/02/2025,In Transit,Pune,Chennai,NULL,11/09/2025,NULL,NULL
SHO0814,BLUEDART,07/04/2024,Delivered,Chennai,Hyderabad,261.15,04/12/2024,04/13/2024,1
SHO0815,BLUEDART,,In Transit,Mumbai,Chennai,NULL,10/30/2024,NULL,NULL
SHO0818,FEDEX,11/14/2024,Delivered,Delhi,Chennai,115.96,NULL,NULL,NULL
SHO0819,FEDEX,,Pending,Delhi,Hyderabad,331.14,NULL,NULL,NULL
SHO0823,DHL,,Delayed,Delhi,Chennai,192.89,07/04/2024,07/09/2024,NULL
SHO0825,FEDEX,10/18/2025,Delivered,Chennai,Bangalore,37.5,NULL,10/24/2025,NULL
SHO0828,DHL,01/21/2025,Delivered,Chennai,Mumbai,143.61,NULL,01/29/2025,NULL
SHO0829,BLUEDART,,UNKNOWN,Hyderabad,Chennai,204.25,07/31/2025,NULL,NULL
,BLUEDART,06/08/2024,Accepted,Delhi,Chennai,244.68,08/09/2024,NULL,NULL
SHO0831,FEDEX,12/01/2025,UNKNOWN,Delhi,Pune,211.62,NULL,NULL,NULL
SHO0832,BLUEDART,,Delayed,Pune,Bangalore,420.65,04/28/2026,08/05/2026,NULL
SHO0834,BLUEDART,,Accepted,Chennai,Pune,309.75,12/10/2024,NULL,NULL
SHO0840,DHL,08/03/2024,Delivered,Chennai,Bangalore,171.63,08/10/2024,NULL,NULL
SHO0841,DHL,02/02/2024,Delayed,Mumbai,Delhi,NULL,02/09/2024,12/02/2024,NULL
SHO0842,BLUEDART,,In Transit,Delhi,Pune,195.79,06/15/2024,NULL,NULL
SHO0843,BLUEDART,08/12/2025,Delivered,Mumbai,Bangalore,172.28,08/17/2025,NULL,NULL
SHO0844,BLUEDART,12/03/2025,Delivered,Pune,Chennai,76.23,03/18/2025,03/22/2025,4
SHO0846,DHL,11/10/2024,UNKNOWN,Hyderabad,Mumbai,27.06,NULL,11/20/2024,NULL
SHO0849,FEDEX,,Pending,Chennai,Pune,355.98,09/19/2025,NULL,NULL
SHO0851,DHL,11/02/2025,UNKNOWN,Delhi,Pune,154.59,11/04/2025,NULL,NULL
SHO0852,FEDEX,11/03/2025,In Transit,Pune,Mumbai,350.4,03/13/2025,NULL,NULL
SHO0854,FEDEX,04/20/2025,In Transit,Mumbai,Pune,-56.89,04/25/2025,NULL,NULL
SHO0856,DHL,06/04/2024,Delayed,Pune,Bangalore,341.54,04/13/2024,04/21/2024,NULL
SHO0859,DHL,04/29/2025,UNKNOWN,Delhi,Bangalore,361.22,NULL,NULL,NULL
SHO0860,FEDEX,,In Transit,Delhi,Pune,-69.14,02/25/2025,NULL,NULL
,BLUEDART,06/03/2024,Pending,Delhi,Hyderabad,86.94,03/13/2024,NULL,NULL
SHO0863,DHL,,In Transit,Bangalore,Mumbai,-31.81,08/04/2025,NULL,NULL
SHO0868,FEDEX,04/03/2025,In Transit,Chennai,Mumbai,29.55,03/06/2025,NULL,NULL
SHO0870,DHL,,Accepted,Mumbai,Delhi,58.8,01/15/2026,NULL,NULL
SHO0871,BLUEDART,,Delayed,Mumbai,Hyderabad,484.23,04/01/2026,04/03/2026,NULL
SHO0872,BLUEDART,,Delivered,Mumbai,Chennai,161.91,NULL,NULL,NULL
SHO0876,BLUEDART,,In Transit,Hyderabad,Bangalore,195.67,10/16/2025,NULL,NULL
SHO0880,BLUEDART,08/21/2024,Delivered,Pune,Bangalore,37.47,NULL,08/26/2024,NULL
,DHL,,Pending,Pune,Chennai,63.82,08/07/2025,NULL,NULL
SHO0883,DHL,07/20/2024,Pending,Delhi,Pune,NULL,07/22/2024,NULL,NULL
SHO0885,FEDEX,11/09/2024,In Transit,Delhi,Bangalore,NULL,09/17/2024,NULL,NULL
SHO0886,BLUEDART,06/16/2024,Delayed,Mumbai,Chennai,-41.98,06/21/2024,06/26/2024,NULL
SHO0887,BLUEDART,02/23/2026,Pending,Delhi,Mumbai,193.69,02/03/2026,NULL,NULL
SHO0888,DHL,,Pending,Chennai,Hyderabad,489.07,06/12/2024,NULL,NULL
SHO0893,BLUEDART,04/03/2026,Delivered,Pune,Mumbai,159.99,03/07/2026,07/03/2026,118
SHO0894,BLUEDART,05/23/2024,Delivered,Delhi,Pune,366.55,05/30/2024,NULL,NULL
SHO0895,BLUEDART,,Accepted,Delhi,Mumbai,460.96,09/13/2025,12/09/2025,NULL
SHO0897,DHL,,Pending,Chennai,Hyderabad,410.85,03/30/2026,NULL,NULL
SHO0898,FEDEX,,In Transit,Bangalore,Hyderabad,-37.65,11/04/2025,NULL,NULL
SHO0899,FEDEX,04/28/2026,In Transit,Pune,Bangalore,-69.05,01/05/2026,NULL,NULL
SHO0900,DHL,06/20/2026,Delivered,Chennai,Delhi,423.0,06/23/2026,NULL,NULL
SHO0903,BLUEDART,,Delayed,Bangalore,Chennai,358.83,06/05/2024,05/14/2024,NULL
SHO0904,FEDEX,04/12/2025,Delayed,Chennai,Pune,-75.79,04/17/2025,04/24/2025,NULL
SHO0905,DHL,,Pending,Bangalore,Mumbai,NULL,NULL,NULL,NULL
SHO0906,DHL,02/19/2026,Delayed,Bangalore,Mumbai,-44.51,NULL,02/27/2026,NULL
SHO0911,FEDEX,,In Transit,Delhi,Bangalore,51.21,NULL,NULL,NULL
,FEDEX,,In Transit,Hyderabad,Mumbai,303.5,03/14/2025,NULL,NULL
SHO0914,FEDEX,,Pending,Chennai,Delhi,-11.66,NULL,NULL,NULL
SHO0916,DHL,12/30/2025,In Transit,Pune,Bangalore,-6.75,03/01/2026,NULL,NULL
SHO0917,BLUEDART,,Delivered,Hyderabad,Delhi,NULL,NULL,05/13/2026,NULL
SHO0919,BLUEDART,12/10/2024,Delayed,Mumbai,Hyderabad,NULL,NULL,10/22/2024,NULL
SHO0922,DHL,,Delivered,Hyderabad,Chennai,79.77,05/29/2024,NULL,NULL
SHO0923,DHL,04/10/2025,Delayed,Chennai,Bangalore,-39.17,04/17/2025,04/23/2025,NULL
SHO0924,FEDEX,,Delayed,Delhi,Hyderabad,-28.63,06/26/2025,07/06/2025,NULL
SHO0926,DHL,,Accepted,Bangalore,Mumbai,405.7,02/08/2025,NULL,NULL
,DHL,04/30/2024,Delivered,Chennai,Pune,58.4,NULL,NULL,NULL
SHO0928,FEDEX,,Accepted,Bangalore,Mumbai,45.3,11/19/2025,11/20/2025,NULL
SHO0930,BLUEDART,10/02/2026,In Transit,Delhi,Chennai,372.96,02/13/2026,NULL,NULL
SHO0931,DHL,,In Transit,Bangalore,Pune,101.5,10/21/2025,NULL,NULL
SHO0932,FEDEX,,Delayed,Hyderabad,Delhi,-15.34,NULL,NULL,NULL
SHO0933,DHL,,Delivered,Bangalore,Chennai,154.69,06/20/2026,NULL,NULL
SHO0935,DHL,10/25/2025,Delivered,Hyderabad,Chennai,45.26,10/27/2025,NULL,NULL
SHO0936,BLUEDART,,Pending,Chennai,Mumbai,435.39,10/09/2025,NULL,NULL
SHO0937,DHL,,Delayed,Delhi,Bangalore,475.69,01/03/2025,09/01/2025,NULL
SHO0938,DHL,07/01/2026,In Transit,Chennai,Hyderabad,336.19,01/14/2026,NULL,NULL
,FEDEX,12/13/2024,Pending,Bangalore,Pune,356.05,12/19/2024,NULL,NULL
SHO0945,BLUEDART,,In Transit,Pune,Hyderabad,97.63,12/06/2024,NULL,NULL
SHO0946,FEDEX,,In Transit,Pune,Delhi,252.91,09/11/2025,NULL,NULL
SHO0947,DHL,,In Transit,Delhi,Mumbai,316.16,04/26/2024,NULL,NULL
SHO0948,BLUEDART,,Pending,Chennai,Mumbai,467.53,03/20/2026,NULL,NULL
SHO0949,FEDEX,10/04/2026,Accepted,Pune,Chennai,447.61,04/17/2026,NULL,NULL
SHO0951,FEDEX,,In Transit,Chennai,Mumbai,97.42,NULL,NULL,NULL
SHO0953,FEDEX,,Accepted,Bangalore,Chennai,23.41,NULL,NULL,NULL
SHO0954,BLUEDART,07/30/2024,UNKNOWN,Hyderabad,Chennai,291.44,01/08/2024,NULL,NULL
SHO0956,BLUEDART,,Delivered,Delhi,Hyderabad,347.25,06/22/2026,06/26/2026,4
SHO0957,DHL,02/12/2024,Delivered,Bangalore,Mumbai,364.93,NULL,02/16/2024,NULL
SHO0960,FEDEX,,UNKNOWN,Bangalore,Hyderabad,366.09,04/04/2025,NULL,NULL
SHO0964,DHL,07/31/2025,Pending,Bangalore,Pune,-37.12,07/08/2025,NULL,NULL
SHO0969,BLUEDART,,UNKNOWN,Mumbai,Pune,115.86,07/26/2024,NULL,NULL
SHO0973,FEDEX,,In Transit,Pune,Bangalore,11.8,01/10/2025,NULL,NULL
SHO0976,BLUEDART,,Delivered,Hyderabad,Mumbai,379.81,10/28/2024,10/31/2024,3
SHO0977,BLUEDART,11/22/2024,Delayed,Pune,Chennai,-49.83,11/25/2024,11/30/2024,NULL
SHO0981,BLUEDART,,Delayed,Delhi,Bangalore,258.0,03/18/2024,NULL,NULL
SHO0982,DHL,03/21/2026,Delivered,Pune,Chennai,55.18,03/23/2026,NULL,NULL
SHO0983,FEDEX,04/06/2026,Accepted,Bangalore,Chennai,-44.47,06/07/2026,NULL,NULL
SHO0985,DHL,11/01/2025,Delivered,Chennai,Pune,65.97,11/04/2025,03/11/2025,0
SHO0986,BLUEDART,,Delivered,Mumbai,Pune,-28.83,NULL,10/02/2026,NULL
SHO0987,FEDEX,11/03/2024,Delivered,Delhi,Chennai,203.67,NULL,11/10/2024,NULL
SHO0989,DHL,07/07/2024,In Transit,Hyderabad,Bangalore,-24.99,07/12/2024,NULL,NULL
SHO0992,DHL,,In Transit,Chennai,Hyderabad,117.84,06/30/2025,NULL,NULL
SHO0996,DHL,,Delivered,Mumbai,Hyderabad,-78.23,08/20/2024,08/25/2024,5
,DHL,05/03/2024,In Transit,Chennai,Bangalore,345.38,10/05/2024,NULL,NULL
SHO0998,FEDEX,10/30/2024,Delayed,Hyderabad,Delhi,-63.28,11/06/2024,11/13/2024,NULL
SHO0999,FEDEX,11/04/2025,In Transit,Pune,Mumbai,34.71,04/17/2025,NULL,NULL
SHO1000,FEDEX,,Delivered,Hyderabad,Mumbai,137.52,05/03/2026,07/05/2026,63
SHO1002,DHL,07/02/2026,Delayed,Mumbai,Delhi,205.62,02/13/2026,NULL,NULL
SHO1003,FEDEX,,Delivered,Hyderabad,Delhi,316.44,NULL,NULL,NULL
SHO1004,FEDEX,02/13/2026,Delivered,Delhi,Chennai,NULL,02/15/2026,NULL,NULL
,FEDEX,08/09/2025,Delivered,Mumbai,Chennai,15.85,NULL,09/18/2025,NULL
SHO1011,FEDEX,03/03/2025,Delivered,Pune,Mumbai,-67.01,03/05/2025,03/04/2025,0
SHO1012,BLUEDART,06/27/2024,Delayed,Pune,Chennai,-14.7,04/07/2024,NULL,NULL
SHO1016,BLUEDART,,Delivered,Chennai,Hyderabad,290.8,11/29/2024,11/29/2024,0
SHO1019,DHL,02/12/2024,Pending,Chennai,Bangalore,-19.79,NULL,NULL,NULL
,DHL,,In Transit,Pune,Hyderabad,-9.78,02/04/2024,NULL,NULL
SHO1024,FEDEX,,Pending,Pune,Mumbai,419.48,12/23/2025,NULL,NULL
SHO1028,FEDEX,,Pending,Hyderabad,Pune,112.22,10/26/2024,NULL,NULL
SHO1029,BLUEDART,,In Transit,Hyderabad,Chennai,25.95,NULL,NULL,NULL
SHO1030,DHL,07/30/2025,Delayed,Hyderabad,Bangalore,NULL,NULL,10/08/2025,NULL
SHO1031,BLUEDART,07/03/2024,Delayed,Mumbai,Pune,72.41,03/14/2024,NULL,NULL
SHO1032,BLUEDART,06/11/2025,Pending,Hyderabad,Chennai,NULL,11/10/2025,NULL,NULL
SHO1033,FEDEX,01/12/2024,Accepted,Hyderabad,Chennai,-45.2,NULL,NULL,NULL
SHO1037,FEDEX,06/29/2026,In Transit,Chennai,Bangalore,NULL,07/06/2026,NULL,NULL
SHO1038,DHL,03/02/2026,Delivered,Bangalore,Hyderabad,-56.83,06/03/2026,NULL,NULL
SHO1041,BLUEDART,,Pending,Mumbai,Hyderabad,436.52,02/28/2026,NULL,NULL
SHO1042,BLUEDART,01/11/2026,Delivered,Hyderabad,Pune,428.16,NULL,NULL,NULL
SHO1044,FEDEX,,Pending,Mumbai,Chennai,396.27,07/23/2025,NULL,NULL
SHO1045,FEDEX,05/23/2024,Delayed,Delhi,Pune,-8.71,05/25/2024,05/26/2024,NULL
,BLUEDART,01/04/2025,In Transit,Chennai,Mumbai,54.66,NULL,NULL,NULL
SHO1050,FEDEX,03/23/2025,Delivered,Hyderabad,Chennai,427.59,03/27/2025,NULL,NULL
,BLUEDART,06/21/2024,Delivered,Bangalore,Mumbai,154.32,06/24/2024,06/27/2024,3
SHO1053,FEDEX,10/06/2024,Delayed,Delhi,Chennai,47.1,NULL,06/25/2024,NULL
SHO1054,DHL,02/21/2024,In Transit,Chennai,Bangalore,-34.03,02/25/2024,NULL,NULL
SHO1056,DHL,,Delivered,Pune,Mumbai,23.66,04/18/2026,NULL,NULL
SHO1058,FEDEX,04/10/2025,UNKNOWN,Mumbai,Hyderabad,331.92,NULL,NULL,NULL
SHO1059,BLUEDART,,Delivered,Mumbai,Bangalore,154.26,NULL,07/19/2025,NULL
SHO1060,DHL,05/09/2024,UNKNOWN,Chennai,Mumbai,-58.88,05/11/2024,NULL,NULL
SHO1063,FEDEX,,Pending,Bangalore,Mumbai,90.49,NULL,NULL,NULL
SHO1065,BLUEDART,11/01/2025,Delayed,Delhi,Mumbai,384.71,01/17/2025,NULL,NULL
SHO1066,DHL,11/07/2025,UNKNOWN,Mumbai,Delhi,175.12,11/14/2025,11/16/2025,NULL
,DHL,07/17/2024,In Transit,Mumbai,Bangalore,383.69,NULL,NULL,NULL
SHO1068,BLUEDART,,Pending,Mumbai,Pune,450.78,08/15/2024,NULL,NULL
SHO1070,BLUEDART,,Delayed,Hyderabad,Delhi,171.65,04/18/2026,04/24/2026,NULL
SHO1071,DHL,05/14/2026,Delivered,Chennai,Hyderabad,46.99,05/17/2026,NULL,NULL
SHO1074,DHL,,UNKNOWN,Pune,Hyderabad,168.55,NULL,NULL,NULL
SHO1075,BLUEDART,11/13/2025,UNKNOWN,Bangalore,Delhi,NULL,11/16/2025,NULL,NULL
SHO1076,DHL,,In Transit,Mumbai,Chennai,264.15,04/26/2024,NULL,NULL
SHO1079,FEDEX,10/01/2026,Delayed,Hyderabad,Delhi,83.84,01/14/2026,NULL,NULL
SHO1080,FEDEX,04/29/2025,Delivered,Bangalore,Hyderabad,-60.38,NULL,05/06/2025,NULL
SHO1081,FEDEX,,Delayed,Bangalore,Delhi,393.15,04/12/2025,NULL,NULL
SHO1085,DHL,04/10/2025,Delivered,Mumbai,Bangalore,-43.58,09/10/2025,10/14/2025,34
SHO1086,DHL,09/17/2024,UNKNOWN,Bangalore,Chennai,NULL,09/23/2024,NULL,NULL
SHO1088,FEDEX,,UNKNOWN,Chennai,Delhi,300.54,02/07/2024,NULL,NULL
SHO1091,DHL,10/11/2024,Accepted,Mumbai,Bangalore,-31.7,10/13/2024,10/16/2024,NULL
SHO1092,DHL,,UNKNOWN,Pune,Delhi,13.0,06/05/2024,NULL,NULL
SHO1093,FEDEX,05/03/2026,Delivered,Pune,Bangalore,153.43,NULL,09/03/2026,NULL
SHO1098,DHL,07/08/2024,Delivered,Delhi,Mumbai,-26.02,07/11/2024,07/10/2024,0
SHO1100,FEDEX,,Delayed,Pune,Chennai,NULL,02/14/2026,02/16/2026,NULL
SHO1101,DHL,,Pending,Mumbai,Delhi,-18.0,NULL,NULL,NULL
SHO1102,DHL,04/26/2025,In Transit,Bangalore,Pune,NULL,NULL,NULL,NULL
SHO1104,BLUEDART,,Accepted,Delhi,Mumbai,416.56,09/14/2024,NULL,NULL
SHO1105,BLUEDART,,Accepted,Hyderabad,Bangalore,291.68,07/09/2024,NULL,NULL
SHO1106,DHL,,Pending,Hyderabad,Mumbai,-78.37,04/28/2024,NULL,NULL
SHO1112,DHL,,Delivered,Hyderabad,Mumbai,61.69,NULL,NULL,NULL
SHO1116,DHL,08/11/2024,In Transit,Bangalore,Hyderabad,-23.82,NULL,NULL,NULL
SHO1117,DHL,04/05/2024,Delivered,Chennai,Pune,65.18,11/04/2024,NULL,NULL
SHO1120,FEDEX,05/17/2024,Delayed,Hyderabad,Bangalore,-11.63,NULL,05/28/2024,NULL
SHO1122,BLUEDART,08/28/2025,Pending,Chennai,Bangalore,490.96,02/09/2025,NULL,NULL
SHO1124,DHL,01/24/2026,Delivered,Pune,Delhi,229.45,NULL,NULL,NULL
SHO1130,DHL,04/24/2026,Accepted,Hyderabad,Delhi,NULL,NULL,04/28/2026,NULL
SHO1131,DHL,,In Transit,Mumbai,Delhi,-28.56,10/20/2025,NULL,NULL
SHO1133,BLUEDART,,In Transit,Chennai,Mumbai,376.18,NULL,NULL,NULL
SHO1134,DHL,04/05/2026,Pending,Mumbai,Delhi,-7.93,NULL,NULL,NULL
SHO1135,FEDEX,,In Transit,Hyderabad,Bangalore,336.55,NULL,NULL,NULL
SHO1136,FEDEX,,Pending,Bangalore,Hyderabad,294.21,06/25/2025,NULL,NULL
SHO1138,DHL,03/18/2026,In Transit,Hyderabad,Chennai,NULL,NULL,NULL,NULL
SHO1139,FEDEX,,In Transit,Delhi,Chennai,420.59,NULL,NULL,NULL
SHO1140,BLUEDART,04/30/2026,UNKNOWN,Chennai,Hyderabad,112.3,03/05/2026,NULL,NULL
SHO1142,DHL,,Pending,Pune,Hyderabad,183.75,01/03/2026,NULL,NULL
,FEDEX,,Pending,Mumbai,Pune,417.86,NULL,NULL,NULL
SHO1145,DHL,,Pending,Delhi,Chennai,-5.81,04/30/2024,NULL,NULL
SHO1150,BLUEDART,12/11/2025,Delayed,Pune,Bangalore,-12.42,12/14/2025,12/21/2025,NULL
SHO1151,DHL,12/02/2025,Pending,Mumbai,Hyderabad,-37.85,12/09/2025,NULL,NULL
SHO1154,DHL,09/21/2025,Delivered,Hyderabad,Mumbai,-8.0,NULL,NULL,NULL
SHO1156,FEDEX,,Pending,Bangalore,Delhi,292.21,NULL,NULL,NULL
SHO1157,FEDEX,,Pending,Chennai,Mumbai,63.96,10/18/2025,NULL,NULL
SHO1159,DHL,07/06/2024,In Transit,Chennai,Mumbai,291.34,06/12/2024,NULL,NULL
SHO1160,BLUEDART,,Delivered,Hyderabad,Mumbai,269.39,11/21/2025,NULL,NULL
SHO1161,FEDEX,05/25/2024,Delivered,Bangalore,Pune,248.44,NULL,06/02/2024,NULL
,BLUEDART,10/12/2024,Delivered,Delhi,Bangalore,-10.29,NULL,12/15/2024,NULL
SHO1164,DHL,09/02/2026,In Transit,Hyderabad,Chennai,-79.43,02/16/2026,NULL,NULL
SHO1166,BLUEDART,09/04/2025,In Transit,Delhi,Pune,368.72,04/16/2025,NULL,NULL
SHO1168,BLUEDART,,In Transit,Hyderabad,Bangalore,-68.71,05/22/2024,NULL,NULL
SHO1169,BLUEDART,,In Transit,Pune,Mumbai,463.21,01/31/2024,NULL,NULL
SHO1172,FEDEX,,In Transit,Pune,Bangalore,73.47,11/01/2024,NULL,NULL
,FEDEX,,In Transit,Bangalore,Chennai,359.57,03/27/2025,NULL,NULL
SHO1176,DHL,,Delayed,Chennai,Mumbai,205.84,NULL,NULL,NULL
SHO1177,FEDEX,06/14/2025,Delivered,Hyderabad,Chennai,388.41,06/16/2025,NULL,NULL
SHO1178,DHL,,Delivered,Mumbai,Delhi,114.33,01/21/2024,01/20/2024,0
SHO1185,FEDEX,06/23/2026,Accepted,Pune,Mumbai,304.87,NULL,04/07/2026,NULL
SHO1186,DHL,,In Transit,Bangalore,Delhi,75.63,05/25/2026,NULL,NULL
SHO1188,DHL,,Delivered,Delhi,Pune,451.28,04/12/2025,12/07/2025,239
,BLUEDART,06/26/2025,Pending,Hyderabad,Mumbai,373.38,06/30/2025,NULL,NULL
,BLUEDART,09/26/2024,In Transit,Mumbai,Bangalore,470.75,10/02/2024,NULL,NULL
SHO1191,FEDEX,05/02/2024,Delivered,Bangalore,Chennai,438.44,08/05/2024,NULL,NULL
SHO1192,DHL,08/03/2024,In Transit,Pune,Mumbai,98.4,07/08/2024,NULL,NULL
SHO1194,BLUEDART,02/27/2026,Delivered,Pune,Mumbai,-29.46,03/03/2026,03/03/2026,0
SHO1195,DHL,05/10/2024,In Transit,Mumbai,Pune,-4.73,11/10/2024,NULL,NULL
SHO1196,FEDEX,11/28/2024,Accepted,Mumbai,Pune,368.3,04/12/2024,NULL,NULL
SHO1197,BLUEDART,07/08/2025,Delivered,Bangalore,Delhi,116.93,07/14/2025,NULL,NULL
SHO1198,DHL,12/06/2024,Delayed,Bangalore,Mumbai,-1.05,12/08/2024,12/09/2024,NULL
SHO1199,DHL,11/03/2024,In Transit,Delhi,Mumbai,-76.77,03/15/2024,NULL,NULL
SHO1200,FEDEX,,In Transit,Chennai,Bangalore,143.78,09/29/2025,NULL,NULL
SHO1203,BLUEDART,04/04/2024,Delayed,Delhi,Bangalore,NULL,04/06/2024,08/04/2024,NULL
SHO1205,BLUEDART,,Pending,Pune,Mumbai,-27.66,01/06/2024,NULL,NULL
SHO1206,BLUEDART,,Pending,Mumbai,Pune,21.82,10/27/2025,NULL,NULL
SHO1209,FEDEX,,Pending,Delhi,Chennai,340.38,NULL,NULL,NULL
SHO1210,FEDEX,04/10/2026,Delivered,Delhi,Bangalore,208.91,04/17/2026,NULL,NULL
SHO1212,BLUEDART,06/01/2024,Delayed,Hyderabad,Delhi,391.15,03/06/2024,NULL,NULL
SHO1213,BLUEDART,04/10/2026,Delivered,Mumbai,Bangalore,433.2,NULL,04/21/2026,NULL
SHO1215,BLUEDART,,Delayed,Delhi,Pune,121.19,NULL,04/23/2025,NULL
SHO1216,FEDEX,,In Transit,Bangalore,Pune,35.33,NULL,NULL,NULL
SHO1219,BLUEDART,,Pending,Delhi,Bangalore,460.79,NULL,NULL,NULL
SHO1222,FEDEX,05/09/2026,Delivered,Bangalore,Mumbai,-41.71,NULL,NULL,NULL
SHO1223,DHL,,In Transit,Mumbai,Pune,30.64,05/29/2024,NULL,NULL
SHO1226,DHL,08/15/2024,Delivered,Bangalore,Pune,331.99,NULL,08/17/2024,NULL
SHO1230,DHL,08/06/2026,Delivered,Chennai,Pune,-17.25,06/12/2026,06/10/2026,0
,DHL,05/08/2026,In Transit,Mumbai,Delhi,435.99,05/13/2026,NULL,NULL
SHO1234,DHL,,In Transit,Delhi,Chennai,-21.9,NULL,NULL,NULL
SHO1235,FEDEX,,UNKNOWN,Pune,Hyderabad,72.36,08/02/2026,NULL,NULL
SHO1237,FEDEX,,Delayed,Bangalore,Hyderabad,35.22,10/31/2025,08/11/2025,NULL
SHO1240,DHL,04/23/2025,UNKNOWN,Pune,Delhi,219.03,04/29/2025,02/05/2025,NULL
SHO1241,DHL,,In Transit,Chennai,Pune,316.92,03/09/2024,NULL,NULL
SHO1242,FEDEX,05/30/2025,Delivered,Pune,Bangalore,260.84,03/06/2025,01/06/2025,0
,FEDEX,,In Transit,Chennai,Bangalore,251.23,01/30/2026,NULL,NULL
SHO1247,BLUEDART,,Pending,Bangalore,Hyderabad,84.79,07/07/2024,NULL,NULL
SHO1249,FEDEX,08/04/2025,Pending,Pune,Mumbai,101.19,04/10/2025,NULL,NULL
SHO1252,DHL,01/01/2025,Delivered,Chennai,Hyderabad,358.18,NULL,07/01/2025,NULL
SHO1253,DHL,,Pending,Delhi,Mumbai,-25.25,07/27/2025,NULL,NULL
SHO1254,BLUEDART,11/21/2024,Delivered,Pune,Chennai,-61.69,11/24/2024,NULL,NULL
SHO1255,DHL,,UNKNOWN,Chennai,Hyderabad,264.84,NULL,NULL,NULL
SHO1257,BLUEDART,,Delivered,Bangalore,Chennai,450.78,01/10/2025,05/10/2025,120
SHO1258,FEDEX,,Delivered,Chennai,Delhi,302.75,11/19/2024,NULL,NULL
SHO1259,FEDEX,,Delayed,Bangalore,Pune,-39.18,NULL,01/03/2025,NULL
SHO1264,DHL,,UNKNOWN,Mumbai,Delhi,-48.57,12/23/2025,NULL,NULL
SHO1266,DHL,,UNKNOWN,Pune,Delhi,490.43,10/16/2024,NULL,NULL
SHO1267,DHL,12/06/2025,In Transit,Mumbai,Bangalore,199.1,06/17/2025,NULL,NULL
SHO1268,DHL,,Delivered,Delhi,Chennai,156.96,05/22/2024,05/22/2024,0
SHO1270,BLUEDART,10/05/2024,UNKNOWN,Hyderabad,Mumbai,309.61,05/17/2024,05/21/2024,NULL
SHO1272,BLUEDART,11/29/2025,Pending,Bangalore,Mumbai,345.4,01/12/2025,NULL,NULL
SHO1273,DHL,01/02/2024,In Transit,Mumbai,Hyderabad,NULL,07/02/2024,NULL,NULL
SHO1274,DHL,,Accepted,Chennai,Mumbai,-55.81,NULL,NULL,NULL
SHO1277,DHL,04/19/2026,Pending,Chennai,Hyderabad,NULL,04/26/2026,NULL,NULL
SHO1278,BLUEDART,03/09/2024,Delivered,Bangalore,Delhi,265.54,06/09/2024,NULL,NULL
SHO1279,BLUEDART,06/25/2026,Delivered,Chennai,Hyderabad,320.55,06/27/2026,NULL,NULL
SHO1280,DHL,,Delivered,Pune,Hyderabad,492.17,06/07/2026,06/11/2026,4
SHO1281,DHL,03/22/2026,Delayed,Hyderabad,Bangalore,7.55,03/24/2026,02/04/2026,NULL
SHO1282,DHL,07/24/2025,UNKNOWN,Bangalore,Chennai,17.31,NULL,NULL,NULL
SHO1283,FEDEX,,Accepted,Mumbai,Pune,214.6,NULL,NULL,NULL
SHO1285,BLUEDART,07/18/2024,In Transit,Bangalore,Hyderabad,NULL,NULL,NULL,NULL
SHO1286,FEDEX,,Accepted,Hyderabad,Pune,NULL,NULL,NULL,NULL
,BLUEDART,10/02/2024,Delayed,Mumbai,Chennai,-37.18,10/09/2024,10/16/2024,NULL
SHO1289,BLUEDART,,Delayed,Hyderabad,Mumbai,139.19,NULL,07/08/2025,NULL
SHO1290,BLUEDART,,Pending,Bangalore,Chennai,226.9,NULL,NULL,NULL
SHO1291,FEDEX,04/10/2025,In Transit,Pune,Bangalore,-66.44,NULL,NULL,NULL
SHO1294,DHL,11/20/2025,Delivered,Pune,Bangalore,404.18,11/26/2025,NULL,NULL
SHO1295,FEDEX,,Delayed,Delhi,Bangalore,180.58,NULL,09/05/2025,NULL
SHO1296,DHL,03/09/2026,Pending,Delhi,Chennai,NULL,03/15/2026,NULL,NULL
SHO1301,DHL,,Delayed,Chennai,Hyderabad,-60.96,NULL,NULL,NULL
SHO1302,BLUEDART,,Delivered,Chennai,Delhi,109.79,08/02/2025,03/08/2025,0
SHO1303,BLUEDART,,Delivered,Delhi,Mumbai,-12.97,NULL,04/05/2025,NULL
SHO1304,BLUEDART,,In Transit,Pune,Hyderabad,-53.67,NULL,NULL,NULL
SHO1307,BLUEDART,05/21/2024,Pending,Delhi,Chennai,-52.49,05/25/2024,NULL,NULL
SHO1308,DHL,06/12/2024,In Transit,Delhi,Chennai,NULL,NULL,NULL,NULL
SHO1309,FEDEX,11/13/2025,Pending,Bangalore,Pune,-21.0,11/16/2025,NULL,NULL
SHO1310,DHL,,Pending,Delhi,Mumbai,315.55,NULL,NULL,NULL
SHO1311,FEDEX,11/29/2025,Delayed,Bangalore,Pune,NULL,01/12/2025,12/04/2025,NULL
SHO1312,BLUEDART,11/23/2024,Delayed,Pune,Hyderabad,NULL,NULL,NULL,NULL
SHO1313,FEDEX,,In Transit,Pune,Chennai,409.82,NULL,NULL,NULL
,BLUEDART,10/01/2024,Accepted,Pune,Hyderabad,86.95,01/17/2024,NULL,NULL
SHO1315,FEDEX,,In Transit,Hyderabad,Pune,168.48,NULL,NULL,NULL
,DHL,,Pending,Bangalore,Delhi,277.63,06/23/2026,NULL,NULL
SHO1318,BLUEDART,05/03/2025,In Transit,Mumbai,Chennai,-54.43,10/05/2025,NULL,NULL
SHO1321,BLUEDART,12/20/2025,Delivered,Hyderabad,Bangalore,6.68,NULL,12/25/2025,NULL
SHO1322,DHL,06/01/2024,Delivered,Delhi,Hyderabad,363.3,NULL,01/16/2024,NULL
SHO1329,BLUEDART,,In Transit,Bangalore,Chennai,-41.04,06/02/2026,NULL,NULL
SHO1331,BLUEDART,,Delayed,Hyderabad,Pune,80.91,09/20/2024,NULL,NULL
SHO1333,BLUEDART,05/22/2026,UNKNOWN,Hyderabad,Delhi,-4.26,05/27/2026,NULL,NULL
SHO1335,BLUEDART,,In Transit,Pune,Bangalore,-3.43,07/06/2025,NULL,NULL
SHO1336,DHL,,UNKNOWN,Mumbai,Delhi,272.71,NULL,NULL,NULL
SHO1337,BLUEDART,,In Transit,Delhi,Pune,147.29,09/29/2025,NULL,NULL
SHO1338,BLUEDART,11/05/2026,In Transit,Delhi,Chennai,187.09,05/13/2026,NULL,NULL
SHO1341,DHL,,Pending,Bangalore,Delhi,NULL,11/05/2025,NULL,NULL
SHO1342,BLUEDART,,Delivered,Bangalore,Chennai,281.21,04/15/2024,NULL,NULL
SHO1344,FEDEX,,Delivered,Hyderabad,Pune,59.71,10/04/2026,04/13/2026,0
SHO1345,BLUEDART,,In Transit,Chennai,Delhi,381.72,NULL,NULL,NULL
SHO1347,FEDEX,,In Transit,Hyderabad,Pune,85.62,NULL,NULL,NULL
,DHL,02/17/2026,In Transit,Delhi,Hyderabad,265.65,NULL,NULL,NULL
SHO1353,BLUEDART,,Pending,Bangalore,Pune,158.33,12/13/2025,NULL,NULL
SHO1354,DHL,,Delayed,Hyderabad,Chennai,81.62,NULL,01/07/2024,NULL
,BLUEDART,,Delayed,Chennai,Pune,454.05,02/12/2024,02/15/2024,NULL
SHO1356,FEDEX,09/12/2025,Delivered,Hyderabad,Bangalore,-8.42,NULL,NULL,NULL
SHO1357,FEDEX,,Delivered,Bangalore,Hyderabad,146.64,NULL,06/19/2025,NULL
SHO1358,BLUEDART,08/28/2024,UNKNOWN,Delhi,Hyderabad,18.01,NULL,12/09/2024,NULL
SHO1359,BLUEDART,,Accepted,Hyderabad,Mumbai,NULL,08/23/2024,08/25/2024,NULL
SHO1361,BLUEDART,,Pending,Hyderabad,Bangalore,286.63,11/28/2025,NULL,NULL
SHO1366,BLUEDART,01/14/2024,Delivered,Delhi,Hyderabad,-38.39,NULL,01/19/2024,NULL
SHO1372,DHL,,Delivered,Mumbai,Chennai,-63.58,NULL,01/12/2025,NULL
SHO1374,DHL,05/03/2024,Pending,Pune,Delhi,-39.83,05/05/2024,NULL,NULL
SHO1375,DHL,02/01/2024,Delayed,Bangalore,Pune,164.1,01/08/2024,01/16/2024,NULL
SHO1376,FEDEX,04/15/2026,UNKNOWN,Pune,Chennai,143.68,NULL,NULL,NULL
SHO1381,BLUEDART,09/07/2024,Delivered,Chennai,Bangalore,NULL,NULL,09/16/2024,NULL
SHO1382,BLUEDART,,Delayed,Bangalore,Chennai,50.23,06/30/2024,07/06/2024,NULL
SHO1383,BLUEDART,12/04/2024,In Transit,Chennai,Delhi,NULL,04/14/2024,NULL,NULL
SHO1384,BLUEDART,10/20/2024,UNKNOWN,Delhi,Hyderabad,331.66,10/25/2024,NULL,NULL
SHO1385,FEDEX,05/31/2024,Delivered,Mumbai,Pune,274.34,06/06/2024,NULL,NULL
SHO1386,FEDEX,,Pending,Delhi,Bangalore,147.13,12/28/2025,NULL,NULL
SHO1388,FEDEX,,Delayed,Pune,Delhi,30.49,NULL,11/07/2024,NULL
SHO1389,DHL,,Delivered,Pune,Mumbai,NULL,NULL,NULL,NULL
SHO1392,BLUEDART,,In Transit,Delhi,Chennai,25.08,02/08/2025,NULL,NULL
SHO1394,FEDEX,,Accepted,Delhi,Pune,167.58,NULL,NULL,NULL
,DHL,06/26/2024,In Transit,Pune,Hyderabad,346.14,02/07/2024,NULL,NULL
SHO1396,BLUEDART,03/10/2024,Delivered,Delhi,Chennai,257.29,03/17/2024,NULL,NULL
SHO1398,DHL,,In Transit,Delhi,Pune,291.09,02/02/2025,NULL,NULL
SHO1399,DHL,11/02/2024,Delivered,Delhi,Bangalore,474.36,02/18/2024,NULL,NULL
SHO1401,BLUEDART,06/04/2026,Delivered,Chennai,Mumbai,276.23,04/13/2026,NULL,NULL
SHO1402,BLUEDART,,In Transit,Chennai,Delhi,23.36,12/16/2025,NULL,NULL
SHO1403,DHL,07/05/2024,Delayed,Chennai,Mumbai,-67.55,07/09/2024,12/07/2024,NULL
SHO1407,DHL,04/30/2025,In Transit,Mumbai,Chennai,380.98,03/05/2025,NULL,NULL
SHO1409,BLUEDART,,In Transit,Bangalore,Chennai,172.82,NULL,NULL,NULL
SHO1410,DHL,,Delayed,Pune,Chennai,114.43,01/25/2025,NULL,NULL
SHO1411,DHL,,Pending,Pune,Mumbai,413.97,08/13/2025,NULL,NULL
SHO1412,DHL,07/06/2025,Delivered,Delhi,Mumbai,NULL,06/09/2025,12/06/2025,180
SHO1413,DHL,09/25/2024,UNKNOWN,Chennai,Delhi,231.6,09/30/2024,NULL,NULL
SHO1414,BLUEDART,,Pending,Mumbai,Chennai,198.66,10/19/2025,NULL,NULL
SHO1415,BLUEDART,03/21/2025,Delivered,Pune,Bangalore,-5.01,NULL,03/25/2025,NULL
SHO1418,BLUEDART,,In Transit,Pune,Hyderabad,164.9,NULL,NULL,NULL
SHO1420,DHL,,Delayed,Delhi,Bangalore,456.44,12/12/2025,NULL,NULL
SHO1421,DHL,,Pending,Hyderabad,Delhi,495.91,NULL,NULL,NULL
SHO1422,BLUEDART,12/10/2024,Delivered,Pune,Bangalore,NULL,12/17/2024,12/21/2024,4
SHO1424,BLUEDART,,In Transit,Pune,Bangalore,NULL,05/10/2025,NULL,NULL
SHO1426,BLUEDART,,Pending,Bangalore,Pune,163.02,01/01/2025,NULL,NULL
SHO1427,BLUEDART,,In Transit,Hyderabad,Chennai,323.64,01/25/2025,NULL,NULL
SHO1432,BLUEDART,,In Transit,Chennai,Bangalore,89.92,04/25/2024,NULL,NULL
SHO1433,DHL,05/01/2024,Accepted,Delhi,Hyderabad,434.83,03/05/2024,NULL,NULL
,BLUEDART,07/01/2025,Accepted,Hyderabad,Mumbai,66.54,NULL,NULL,NULL
,DHL,,Delayed,Mumbai,Delhi,-79.63,01/16/2024,NULL,NULL
SHO1438,FEDEX,,Delayed,Bangalore,Pune,227.88,11/03/2025,11/10/2025,NULL
SHO1441,DHL,,In Transit,Pune,Bangalore,56.83,NULL,NULL,NULL
SHO1442,FEDEX,01/16/2025,Pending,Bangalore,Delhi,NULL,01/21/2025,NULL,NULL
SHO1443,DHL,,In Transit,Delhi,Mumbai,46.53,NULL,NULL,NULL
SHO1446,BLUEDART,,Delayed,Pune,Chennai,114.87,03/11/2024,03/20/2024,NULL
SHO1451,FEDEX,05/09/2025,Delivered,Bangalore,Hyderabad,387.35,NULL,NULL,NULL
SHO1452,DHL,,Delivered,Bangalore,Mumbai,139.76,04/01/2025,04/05/2025,4
,FEDEX,02/23/2024,Pending,Delhi,Mumbai,260.77,NULL,NULL,NULL
SHO1454,DHL,06/16/2024,Delayed,Bangalore,Delhi,328.48,NULL,02/07/2024,NULL
SHO1456,BLUEDART,,Delivered,Bangalore,Chennai,221.54,12/28/2024,12/27/2024,0
SHO1460,FEDEX,,Accepted,Chennai,Pune,-66.85,NULL,NULL,NULL
SHO1468,DHL,05/07/2024,UNKNOWN,Mumbai,Chennai,-63.66,08/07/2024,NULL,NULL
SHO1469,BLUEDART,,In Transit,Pune,Chennai,68.73,04/13/2026,NULL,NULL
,DHL,12/06/2026,Accepted,Delhi,Bangalore,288.19,NULL,NULL,NULL
SHO1472,FEDEX,12/08/2025,In Transit,Hyderabad,Pune,253.58,08/14/2025,NULL,NULL
SHO1473,DHL,,Pending,Chennai,Hyderabad,231.22,NULL,NULL,NULL
SHO1475,FEDEX,,In Transit,Delhi,Pune,469.32,01/08/2024,NULL,NULL
SHO1477,FEDEX,,UNKNOWN,Hyderabad,Bangalore,426.54,04/27/2026,04/27/2026,NULL
SHO1479,BLUEDART,08/01/2025,In Transit,Delhi,Pune,12.55,05/08/2025,NULL,NULL
SHO1480,DHL,,Pending,Hyderabad,Mumbai,-63.67,NULL,NULL,NULL
SHO1482,BLUEDART,06/02/2024,In Transit,Chennai,Pune,97.18,02/12/2024,NULL,NULL
,DHL,08/03/2026,Delayed,Pune,Delhi,-61.56,12/03/2026,NULL,NULL
SHO1484,FEDEX,11/16/2024,Delayed,Mumbai,Bangalore,-45.24,11/21/2024,NULL,NULL
SHO1485,DHL,06/24/2024,Delayed,Bangalore,Mumbai,-25.76,NULL,07/06/2024,NULL
SHO1486,FEDEX,01/31/2026,In Transit,Delhi,Mumbai,NULL,05/02/2026,NULL,NULL
SHO1487,DHL,05/28/2024,UNKNOWN,Mumbai,Pune,50.84,06/01/2024,NULL,NULL
,BLUEDART,,Delivered,Delhi,Pune,450.04,06/01/2024,05/30/2024,0
SHO1489,BLUEDART,10/18/2025,Delivered,Hyderabad,Chennai,NULL,10/20/2025,10/21/2025,1
SHO1490,DHL,04/27/2026,Delivered,Delhi,Mumbai,128.27,03/05/2026,05/06/2026,62
SHO1493,BLUEDART,,Accepted,Pune,Bangalore,-61.13,NULL,NULL,NULL
SHO1494,DHL,01/17/2026,Delivered,Mumbai,Bangalore,-5.84,01/20/2026,NULL,NULL
SHO1495,BLUEDART,,In Transit,Chennai,Mumbai,170.38,11/25/2024,NULL,NULL
SHO1497,DHL,,Accepted,Chennai,Pune,-78.05,09/24/2025,10/04/2025,NULL
SHO1500,FEDEX,11/02/2024,Delayed,Mumbai,Hyderabad,-66.63,02/17/2024,NULL,NULL
SHO1501,DHL,,Delayed,Chennai,Pune,304.05,11/27/2024,12/03/2024,NULL
SHO1503,BLUEDART,03/18/2025,UNKNOWN,Delhi,Chennai,6.0,03/20/2025,NULL,NULL
,FEDEX,,Pending,Bangalore,Delhi,51.89,05/23/2024,NULL,NULL
SHO1507,DHL,04/27/2024,Delayed,Delhi,Chennai,-44.72,05/03/2024,NULL,NULL
SHO1510,FEDEX,,Accepted,Hyderabad,Mumbai,480.51,01/29/2025,NULL,NULL
SHO1512,FEDEX,07/02/2025,Pending,Bangalore,Hyderabad,492.38,02/13/2025,NULL,NULL
SHO1513,DHL,,Pending,Delhi,Pune,432.65,03/10/2025,NULL,NULL
SHO1516,DHL,08/11/2025,Delivered,Delhi,Mumbai,19.8,NULL,08/18/2025,NULL
SHO1518,BLUEDART,08/23/2025,UNKNOWN,Chennai,Delhi,163.47,08/25/2025,08/29/2025,NULL
SHO1521,BLUEDART,04/01/2024,Delivered,Pune,Hyderabad,80.09,03/04/2024,04/04/2024,31
SHO1522,BLUEDART,03/10/2026,Delivered,Mumbai,Pune,-19.12,03/17/2026,NULL,NULL
SHO1524,DHL,,Pending,Mumbai,Hyderabad,312.08,NULL,NULL,NULL
SHO1525,FEDEX,,Pending,Pune,Chennai,320.35,01/31/2024,NULL,NULL
SHO1526,FEDEX,05/17/2025,Delivered,Delhi,Chennai,NULL,05/20/2025,05/25/2025,5
SHO1527,BLUEDART,01/10/2025,Delivered,Pune,Bangalore,124.1,01/16/2025,NULL,NULL
,DHL,04/02/2025,Pending,Hyderabad,Pune,-57.93,NULL,NULL,NULL
,BLUEDART,11/03/2026,Delayed,Chennai,Delhi,83.6,NULL,03/16/2026,NULL
SHO1537,DHL,03/07/2024,Pending,Pune,Mumbai,-20.99,03/12/2024,NULL,NULL
SHO1538,BLUEDART,11/11/2025,Delivered,Hyderabad,Chennai,-44.5,11/13/2025,11/18/2025,5
SHO1542,FEDEX,,Delivered,Chennai,Pune,322.57,NULL,02/28/2025,NULL
SHO1544,DHL,11/29/2025,Delivered,Delhi,Hyderabad,347.96,NULL,09/12/2025,NULL
SHO1548,BLUEDART,08/21/2025,Accepted,Pune,Delhi,NULL,08/24/2025,NULL,NULL
SHO1549,FEDEX,02/10/2024,Pending,Hyderabad,Chennai,NULL,NULL,NULL,NULL
SHO1550,DHL,04/01/2025,Delivered,Mumbai,Hyderabad,-57.18,04/05/2025,03/04/2025,0
SHO1551,DHL,12/06/2024,Pending,Pune,Chennai,81.61,06/17/2024,NULL,NULL
SHO1552,FEDEX,09/06/2024,In Transit,Delhi,Pune,277.15,06/15/2024,NULL,NULL
SHO1554,BLUEDART,02/08/2025,Delivered,Mumbai,Chennai,112.05,11/02/2025,NULL,NULL
,DHL,06/01/2025,Accepted,Mumbai,Pune,NULL,05/06/2025,NULL,NULL
SHO1557,BLUEDART,,Pending,Pune,Mumbai,252.0,09/24/2024,NULL,NULL
SHO1560,DHL,08/29/2025,In Transit,Mumbai,Hyderabad,-3.29,09/04/2025,NULL,NULL
SHO1561,FEDEX,,Pending,Delhi,Pune,-46.63,06/18/2024,NULL,NULL
SHO1563,BLUEDART,,Pending,Hyderabad,Chennai,491.87,12/18/2024,NULL,NULL
SHO1564,DHL,,In Transit,Mumbai,Delhi,7.66,05/05/2025,NULL,NULL
SHO1565,FEDEX,,Pending,Hyderabad,Pune,263.99,12/01/2024,NULL,NULL
SHO1569,BLUEDART,12/02/2024,In Transit,Mumbai,Chennai,205.77,02/17/2024,NULL,NULL
SHO1570,DHL,,Delayed,Delhi,Bangalore,117.37,03/06/2024,03/15/2024,NULL
SHO1571,BLUEDART,06/24/2024,Delivered,Hyderabad,Bangalore,105.97,NULL,07/04/2024,NULL
SHO1572,FEDEX,01/24/2026,UNKNOWN,Hyderabad,Mumbai,-33.51,01/30/2026,NULL,NULL
SHO1573,BLUEDART,06/21/2024,Delivered,Bangalore,Mumbai,432.1,NULL,06/30/2024,NULL
SHO1574,DHL,,In Transit,Hyderabad,Mumbai,250.44,04/02/2024,NULL,NULL
,DHL,01/01/2024,In Transit,Mumbai,Chennai,452.77,05/01/2024,NULL,NULL
SHO1578,DHL,,Delayed,Mumbai,Chennai,146.73,NULL,06/22/2026,NULL
SHO1581,DHL,,In Transit,Mumbai,Hyderabad,270.55,03/23/2026,NULL,NULL
SHO1582,BLUEDART,,Accepted,Mumbai,Pune,410.81,04/04/2024,NULL,NULL
SHO1586,BLUEDART,,Delivered,Delhi,Hyderabad,262.18,11/26/2024,11/24/2024,0
SHO1589,BLUEDART,,Accepted,Pune,Bangalore,220.17,01/22/2025,NULL,NULL
SHO1590,BLUEDART,02/11/2024,Delivered,Delhi,Mumbai,NULL,02/17/2024,02/21/2024,4
SHO1592,DHL,06/07/2024,Delivered,Chennai,Hyderabad,26.38,NULL,07/16/2024,NULL
SHO1595,BLUEDART,12/07/2025,Accepted,Mumbai,Pune,152.85,07/19/2025,NULL,NULL
SHO1596,BLUEDART,,Delivered,Pune,Chennai,256.53,NULL,NULL,NULL
,DHL,02/04/2024,Pending,Hyderabad,Chennai,347.77,04/04/2024,NULL,NULL
SHO1598,BLUEDART,,UNKNOWN,Bangalore,Chennai,473.13,07/05/2025,07/04/2025,NULL
SHO1599,BLUEDART,,Accepted,Mumbai,Chennai,267.31,01/30/2024,NULL,NULL
SHO1600,FEDEX,06/08/2025,Delivered,Hyderabad,Bangalore,369.95,NULL,06/16/2025,NULL
SHO1601,FEDEX,,Delivered,Chennai,Pune,138.6,02/06/2025,NULL,NULL
SHO1602,DHL,,UNKNOWN,Mumbai,Delhi,256.93,NULL,06/29/2026,NULL
,FEDEX,06/18/2024,Pending,Hyderabad,Bangalore,468.6,NULL,NULL,NULL
SHO1605,DHL,12/06/2025,Pending,Mumbai,Hyderabad,302.67,06/16/2025,NULL,NULL
SHO1608,FEDEX,,Delayed,Chennai,Mumbai,NULL,NULL,01/19/2024,NULL
SHO1609,DHL,01/07/2025,In Transit,Hyderabad,Chennai,-74.81,NULL,NULL,NULL
SHO1611,BLUEDART,,In Transit,Chennai,Mumbai,371.75,03/23/2026,NULL,NULL
SHO1612,DHL,,Delivered,Pune,Mumbai,250.57,06/19/2026,06/20/2026,1
SHO1613,FEDEX,09/10/2025,Delivered,Mumbai,Chennai,282.46,NULL,09/20/2025,NULL
SHO1616,FEDEX,,In Transit,Chennai,Mumbai,242.47,09/06/2026,NULL,NULL
SHO1620,BLUEDART,,Pending,Mumbai,Hyderabad,275.48,02/08/2024,NULL,NULL
SHO1621,DHL,12/27/2025,Delivered,Delhi,Bangalore,7.77,NULL,01/02/2026,NULL
SHO1623,DHL,02/22/2025,In Transit,Mumbai,Bangalore,-21.71,NULL,NULL,NULL
SHO1624,FEDEX,09/10/2024,Delivered,Pune,Mumbai,464.84,NULL,09/17/2024,NULL
SHO1627,BLUEDART,05/22/2026,UNKNOWN,Hyderabad,Mumbai,79.54,NULL,NULL,NULL
SHO1629,FEDEX,12/12/2025,In Transit,Pune,Chennai,NULL,NULL,NULL,NULL
SHO1631,FEDEX,09/11/2024,UNKNOWN,Bangalore,Delhi,306.52,NULL,NULL,NULL
,DHL,11/22/2024,In Transit,Bangalore,Delhi,-12.01,11/26/2024,NULL,NULL
SHO1633,DHL,02/07/2025,Delivered,Chennai,Mumbai,12.98,NULL,02/12/2025,NULL
SHO1634,DHL,06/30/2025,Pending,Bangalore,Mumbai,-72.78,07/05/2025,NULL,NULL
SHO1635,DHL,12/16/2024,Delivered,Hyderabad,Delhi,162.16,NULL,12/17/2024,NULL
SHO1636,FEDEX,06/01/2025,Delivered,Mumbai,Pune,479.67,NULL,06/12/2025,NULL
SHO1637,BLUEDART,,In Transit,Bangalore,Delhi,-34.26,06/08/2026,NULL,NULL
SHO1638,FEDEX,,Delayed,Hyderabad,Chennai,301.72,05/09/2024,09/15/2024,NULL
SHO1639,BLUEDART,,Pending,Mumbai,Pune,472.14,05/06/2025,NULL,NULL
SHO1641,FEDEX,05/15/2024,Accepted,Mumbai,Chennai,NULL,NULL,NULL,NULL
SHO1642,DHL,04/11/2024,Accepted,Bangalore,Chennai,-4.75,11/09/2024,11/18/2024,NULL
SHO1643,FEDEX,03/20/2025,Accepted,Mumbai,Hyderabad,-75.15,NULL,NULL,NULL
SHO1646,DHL,03/16/2025,Delayed,Chennai,Bangalore,-2.83,03/21/2025,NULL,NULL
SHO1647,BLUEDART,,Delivered,Chennai,Bangalore,85.48,10/19/2024,10/20/2024,1
SHO1651,BLUEDART,09/03/2025,Pending,Bangalore,Pune,389.2,03/13/2025,NULL,NULL
SHO1652,DHL,,Pending,Chennai,Delhi,248.96,12/11/2024,NULL,NULL
SHO1653,FEDEX,,Delivered,Chennai,Pune,186.94,NULL,NULL,NULL
SHO1654,DHL,,Delayed,Mumbai,Delhi,NULL,04/02/2025,10/02/2025,NULL
SHO1655,DHL,02/02/2026,Delivered,Hyderabad,Delhi,NULL,02/07/2026,02/06/2026,0
SHO1656,FEDEX,,Accepted,Hyderabad,Delhi,394.08,NULL,NULL,NULL
SHO1658,DHL,,Pending,Delhi,Hyderabad,452.7,03/31/2025,NULL,NULL
SHO1659,DHL,,Delivered,Chennai,Pune,495.11,09/16/2024,09/20/2024,4
,DHL,02/10/2025,Delivered,Hyderabad,Chennai,371.87,05/10/2025,10/10/2025,153
SHO1663,FEDEX,01/17/2026,UNKNOWN,Mumbai,Delhi,-63.6,01/22/2026,NULL,NULL
SHO1664,BLUEDART,,In Transit,Delhi,Hyderabad,-30.81,09/10/2025,NULL,NULL
SHO1667,DHL,,Delivered,Chennai,Hyderabad,366.64,NULL,05/09/2025,NULL
SHO1672,BLUEDART,06/03/2024,Accepted,Bangalore,Mumbai,217.77,03/12/2024,NULL,NULL
SHO1673,BLUEDART,,In Transit,Chennai,Delhi,222.85,03/15/2024,NULL,NULL
SHO1676,FEDEX,,Delayed,Mumbai,Hyderabad,162.84,12/01/2024,NULL,NULL
SHO1680,BLUEDART,,In Transit,Pune,Chennai,156.76,01/23/2024,NULL,NULL
SHO1682,FEDEX,,Pending,Bangalore,Pune,195.87,04/28/2026,NULL,NULL
,DHL,,Delivered,Chennai,Delhi,290.71,05/28/2025,05/30/2025,2
,BLUEDART,10/03/2024,Delayed,Chennai,Delhi,297.39,10/05/2024,09/10/2024,NULL
SHO1686,DHL,11/02/2024,In Transit,Delhi,Hyderabad,-24.11,NULL,NULL,NULL
,BLUEDART,12/14/2025,Pending,Chennai,Mumbai,387.47,NULL,NULL,NULL
,BLUEDART,01/20/2025,Delivered,Delhi,Bangalore,281.17,01/24/2025,01/24/2025,0
SHO1691,FEDEX,,In Transit,Delhi,Mumbai,160.31,08/05/2025,NULL,NULL
SHO1692,DHL,05/29/2025,Pending,Mumbai,Bangalore,-64.35,06/01/2025,NULL,NULL
SHO1693,FEDEX,04/10/2025,Delivered,Delhi,Bangalore,179.85,11/10/2025,NULL,NULL
SHO1694,BLUEDART,,Accepted,Chennai,Pune,235.89,04/24/2026,NULL,NULL
SHO1695,BLUEDART,,In Transit,Pune,Bangalore,134.36,NULL,NULL,NULL
,BLUEDART,,UNKNOWN,Chennai,Hyderabad,445.07,08/23/2024,NULL,NULL
SHO1700,FEDEX,,Pending,Delhi,Chennai,159.98,06/13/2025,NULL,NULL
,DHL,,In Transit,Pune,Mumbai,434.9,NULL,NULL,NULL
SHO1704,FEDEX,,In Transit,Chennai,Mumbai,284.12,01/05/2024,NULL,NULL
,DHL,10/16/2025,In Transit,Hyderabad,Delhi,386.49,10/23/2025,NULL,NULL
SHO1706,DHL,11/01/2024,Accepted,Mumbai,Chennai,-67.44,11/06/2024,NULL,NULL
SHO1707,BLUEDART,,Delivered,Mumbai,Delhi,451.86,04/14/2025,04/14/2025,0
,FEDEX,,Pending,Bangalore,Chennai,84.39,02/01/2025,NULL,NULL
SHO1711,DHL,,Pending,Hyderabad,Delhi,305.35,NULL,NULL,NULL
SHO1712,FEDEX,,Accepted,Bangalore,Mumbai,435.83,02/06/2025,NULL,NULL
SHO1714,FEDEX,04/29/2024,Pending,Bangalore,Hyderabad,436.6,04/05/2024,NULL,NULL
SHO1716,DHL,09/03/2025,Pending,Bangalore,Mumbai,48.01,03/14/2025,NULL,NULL
SHO1718,FEDEX,04/13/2026,Delayed,Hyderabad,Chennai,-16.17,04/18/2026,04/22/2026,NULL
,BLUEDART,12/30/2024,Pending,Bangalore,Delhi,359.6,06/01/2025,NULL,NULL
SHO1721,BLUEDART,,Delayed,Mumbai,Chennai,229.4,05/30/2024,06/03/2024,NULL
SHO1723,DHL,06/14/2026,Delivered,Pune,Delhi,-75.32,06/16/2026,06/19/2026,3
SHO1725,DHL,,Delayed,Bangalore,Pune,201.81,NULL,04/07/2026,NULL
SHO1727,DHL,01/13/2024,In Transit,Bangalore,Hyderabad,-60.72,01/16/2024,NULL,NULL
SHO1729,BLUEDART,04/07/2024,Accepted,Hyderabad,Pune,NULL,NULL,NULL,NULL
SHO1730,BLUEDART,,Delayed,Hyderabad,Delhi,-52.63,11/16/2025,11/19/2025,NULL
SHO1731,BLUEDART,,Pending,Delhi,Hyderabad,-21.4,08/19/2024,NULL,NULL
SHO1734,BLUEDART,10/10/2024,Delivered,Mumbai,Hyderabad,252.25,NULL,10/20/2024,NULL
SHO1735,FEDEX,07/30/2025,Accepted,Delhi,Mumbai,-41.53,08/04/2025,NULL,NULL
SHO1737,FEDEX,,In Transit,Bangalore,Delhi,116.08,NULL,NULL,NULL
,BLUEDART,07/20/2024,Delivered,Bangalore,Mumbai,282.67,07/23/2024,NULL,NULL
SHO1740,DHL,,In Transit,Mumbai,Bangalore,247.99,06/05/2024,NULL,NULL
SHO1741,DHL,,Delayed,Bangalore,Chennai,148.32,NULL,NULL,NULL
SHO1744,FEDEX,12/18/2024,Delivered,Bangalore,Delhi,NULL,12/21/2024,NULL,NULL
SHO1745,BLUEDART,05/16/2026,Delivered,Delhi,Bangalore,-33.64,NULL,05/22/2026,NULL
SHO1746,BLUEDART,11/29/2025,Pending,Pune,Chennai,50.03,03/12/2025,NULL,NULL
SHO1749,FEDEX,08/09/2024,Delayed,Mumbai,Bangalore,-37.13,NULL,08/22/2024,NULL
SHO1750,DHL,02/09/2024,Delayed,Delhi,Hyderabad,NULL,02/14/2024,NULL,NULL
SHO1752,BLUEDART,10/07/2025,In Transit,Pune,Delhi,-45.92,07/14/2025,NULL,NULL
SHO1753,DHL,05/17/2026,Accepted,Chennai,Delhi,-70.59,05/20/2026,NULL,NULL
SHO1755,FEDEX,05/17/2025,UNKNOWN,Chennai,Delhi,90.85,NULL,NULL,NULL
SHO1758,BLUEDART,,Delayed,Delhi,Pune,287.14,01/07/2024,NULL,NULL
SHO1763,DHL,07/03/2025,Delayed,Mumbai,Hyderabad,-75.53,08/07/2025,NULL,NULL
,DHL,07/06/2024,In Transit,Hyderabad,Bangalore,-72.36,06/11/2024,NULL,NULL
SHO1765,FEDEX,01/13/2026,UNKNOWN,Pune,Hyderabad,241.46,01/18/2026,01/17/2026,NULL
SHO1767,BLUEDART,09/03/2024,Delayed,Mumbai,Bangalore,-5.98,09/09/2024,09/10/2024,NULL
SHO1768,FEDEX,02/18/2026,Delayed,Hyderabad,Bangalore,NULL,NULL,02/27/2026,NULL
SHO1769,BLUEDART,09/16/2025,UNKNOWN,Bangalore,Chennai,-66.91,09/19/2025,NULL,NULL
SHO1770,BLUEDART,,In Transit,Pune,Delhi,397.87,NULL,NULL,NULL
SHO1771,FEDEX,,In Transit,Delhi,Bangalore,450.68,NULL,NULL,NULL
SHO1772,FEDEX,08/03/2025,Delivered,Chennai,Mumbai,-51.67,07/08/2025,10/08/2025,92
SHO1774,BLUEDART,,In Transit,Chennai,Pune,47.57,05/25/2024,NULL,NULL
,FEDEX,10/25/2024,In Transit,Bangalore,Chennai,NULL,10/28/2024,NULL,NULL
,DHL,05/02/2025,Delayed,Chennai,Mumbai,444.8,02/12/2025,02/22/2025,NULL
,DHL,,Delivered,Mumbai,Chennai,22.56,07/10/2025,NULL,NULL
,DHL,08/02/2026,Delayed,Hyderabad,Mumbai,483.28,NULL,NULL,NULL
,DHL,02/19/2024,Delayed,Bangalore,Chennai,254.34,02/26/2024,01/03/2024,NULL
SHO1785,FEDEX,04/21/2025,UNKNOWN,Bangalore,Mumbai,230.0,04/23/2025,04/25/2025,NULL
SHO1787,DHL,,Pending,Hyderabad,Pune,12.87,NULL,NULL,NULL
SHO1788,DHL,,Delayed,Hyderabad,Pune,146.66,11/29/2025,12/08/2025,NULL
SHO1791,BLUEDART,12/20/2025,Delivered,Hyderabad,Delhi,-37.57,12/23/2025,NULL,NULL
SHO1792,BLUEDART,,Pending,Bangalore,Delhi,302.28,04/18/2024,NULL,NULL
SHO1793,DHL,08/03/2026,In Transit,Pune,Hyderabad,307.03,03/10/2026,NULL,NULL
SHO1796,BLUEDART,06/01/2024,In Transit,Hyderabad,Mumbai,255.58,01/12/2024,NULL,NULL
SHO1797,DHL,,Pending,Mumbai,Chennai,24.01,01/01/2026,NULL,NULL
SHO1799,BLUEDART,,In Transit,Bangalore,Pune,484.03,10/27/2024,NULL,NULL
SHO1804,BLUEDART,01/24/2024,Delivered,Chennai,Mumbai,215.52,NULL,NULL,NULL
SHO1808,FEDEX,06/05/2025,In Transit,Mumbai,Chennai,-36.01,06/08/2025,NULL,NULL
,FEDEX,07/20/2024,Delayed,Chennai,Pune,282.19,NULL,07/24/2024,NULL
SHO1810,BLUEDART,06/28/2026,Pending,Pune,Delhi,378.38,05/07/2026,NULL,NULL
SHO1811,DHL,12/06/2025,In Transit,Pune,Mumbai,166.09,06/18/2025,NULL,NULL
SHO1812,BLUEDART,,In Transit,Hyderabad,Delhi,-41.91,06/14/2024,NULL,NULL
SHO1814,BLUEDART,06/12/2024,UNKNOWN,Hyderabad,Mumbai,152.1,06/15/2024,NULL,NULL
SHO1816,FEDEX,07/27/2025,Delivered,Mumbai,Bangalore,295.46,NULL,08/03/2025,NULL
SHO1819,FEDEX,03/09/2026,Pending,Hyderabad,Pune,-44.34,03/14/2026,NULL,NULL
SHO1821,FEDEX,08/01/2025,Delivered,Pune,Chennai,273.75,12/01/2025,01/16/2025,0
SHO1822,FEDEX,09/21/2025,Delivered,Pune,Hyderabad,132.65,NULL,09/26/2025,NULL
SHO1823,DHL,,In Transit,Chennai,Pune,61.45,02/23/2026,NULL,NULL
SHO1824,FEDEX,,Delayed,Mumbai,Bangalore,NULL,NULL,05/02/2024,NULL
SHO1825,DHL,07/27/2025,Pending,Mumbai,Delhi,336.31,03/08/2025,NULL,NULL
SHO1828,FEDEX,,Delivered,Mumbai,Delhi,220.7,06/02/2024,06/06/2024,4
SHO1829,DHL,01/22/2024,Accepted,Pune,Delhi,NULL,01/24/2024,NULL,NULL
SHO1830,FEDEX,,Delayed,Hyderabad,Delhi,152.37,05/29/2025,NULL,NULL
SHO1831,FEDEX,,Delayed,Chennai,Hyderabad,-28.14,04/13/2026,NULL,NULL
SHO1832,DHL,,Delayed,Delhi,Bangalore,225.5,02/18/2024,02/24/2024,NULL
SHO1833,DHL,12/24/2025,In Transit,Pune,Mumbai,NULL,12/29/2025,NULL,NULL
SHO1834,DHL,,Delivered,Hyderabad,Delhi,168.87,11/23/2025,11/26/2025,3
SHO1835,DHL,,In Transit,Pune,Hyderabad,314.91,NULL,NULL,NULL
SHO1840,FEDEX,07/17/2025,Delivered,Hyderabad,Delhi,269.29,07/24/2025,NULL,NULL
,FEDEX,03/20/2025,In Transit,Mumbai,Hyderabad,485.23,NULL,NULL,NULL
SHO1842,DHL,07/05/2024,Delivered,Pune,Mumbai,175.67,12/05/2024,NULL,NULL
SHO1843,FEDEX,07/01/2025,Pending,Delhi,Pune,NULL,07/08/2025,NULL,NULL
SHO1844,DHL,,Delivered,Delhi,Mumbai,290.39,06/09/2025,09/11/2025,94
SHO1845,DHL,,Delayed,Pune,Hyderabad,117.14,NULL,NULL,NULL
SHO1846,BLUEDART,01/06/2024,UNKNOWN,Chennai,Delhi,13.99,06/04/2024,NULL,NULL
SHO1847,DHL,,In Transit,Pune,Delhi,375.59,NULL,NULL,NULL
SHO1848,BLUEDART,,Delivered,Bangalore,Delhi,389.2,01/31/2024,01/30/2024,0
SHO1849,FEDEX,,Pending,Pune,Chennai,377.61,07/13/2025,NULL,NULL
SHO1850,BLUEDART,,Accepted,Chennai,Mumbai,218.19,01/04/2025,NULL,NULL
SHO1853,BLUEDART,,UNKNOWN,Bangalore,Delhi,-61.63,06/08/2026,NULL,NULL
SHO1854,FEDEX,,Pending,Hyderabad,Pune,34.3,02/25/2024,NULL,NULL
SHO1855,BLUEDART,10/12/2025,Delivered,Delhi,Mumbai,454.81,NULL,10/17/2025,NULL
SHO1856,BLUEDART,03/11/2024,In Transit,Bangalore,Pune,-66.57,11/06/2024,NULL,NULL
SHO1859,DHL,,In Transit,Chennai,Delhi,226.55,NULL,NULL,NULL
SHO1862,FEDEX,09/03/2025,Delivered,Mumbai,Delhi,338.71,03/16/2025,03/16/2025,0
SHO1863,FEDEX,01/15/2024,UNKNOWN,Mumbai,Hyderabad,280.43,NULL,NULL,NULL
SHO1864,BLUEDART,03/22/2025,Delivered,Delhi,Pune,206.56,03/24/2025,NULL,NULL
,BLUEDART,03/27/2025,In Transit,Bangalore,Mumbai,312.49,03/29/2025,NULL,NULL
SHO1866,BLUEDART,11/04/2025,UNKNOWN,Delhi,Pune,297.12,11/06/2025,NULL,NULL
SHO1867,BLUEDART,09/09/2024,In Transit,Hyderabad,Pune,-3.14,09/13/2024,NULL,NULL
SHO1868,BLUEDART,,Delayed,Delhi,Mumbai,222.38,07/24/2024,07/28/2024,NULL
SHO1869,DHL,05/10/2025,Pending,Bangalore,Chennai,-11.15,NULL,NULL,NULL
SHO1872,BLUEDART,,Delayed,Chennai,Mumbai,176.4,NULL,NULL,NULL
SHO1875,BLUEDART,10/31/2024,Delivered,Mumbai,Delhi,-40.09,07/11/2024,NULL,NULL
SHO1877,DHL,,Pending,Hyderabad,Pune,349.33,03/07/2026,NULL,NULL
SHO1878,DHL,08/01/2025,Delivered,Hyderabad,Bangalore,307.19,NULL,08/08/2025,NULL
SHO1879,DHL,,UNKNOWN,Pune,Hyderabad,-4.95,NULL,NULL,NULL
SHO1882,FEDEX,,Pending,Pune,Delhi,345.93,NULL,NULL,NULL
SHO1883,DHL,,Accepted,Bangalore,Mumbai,141.38,02/27/2026,NULL,NULL
SHO1884,BLUEDART,,Delayed,Mumbai,Delhi,16.21,NULL,NULL,NULL
SHO1886,DHL,10/29/2024,Pending,Delhi,Hyderabad,NULL,04/11/2024,NULL,NULL
SHO1887,FEDEX,08/01/2025,UNKNOWN,Mumbai,Bangalore,264.03,08/06/2025,NULL,NULL
SHO1888,BLUEDART,,Delivered,Chennai,Hyderabad,51.67,02/17/2025,NULL,NULL
SHO1890,DHL,10/14/2024,Pending,Chennai,Hyderabad,-8.04,10/17/2024,NULL,NULL
SHO1891,FEDEX,,Pending,Delhi,Chennai,342.88,NULL,NULL,NULL
SHO1892,FEDEX,,Pending,Hyderabad,Delhi,-7.94,04/23/2024,NULL,NULL
SHO1893,DHL,,Pending,Pune,Chennai,42.53,03/26/2024,NULL,NULL
,DHL,10/25/2025,Accepted,Chennai,Bangalore,434.49,NULL,NULL,NULL
SHO1898,FEDEX,,In Transit,Delhi,Bangalore,212.04,10/03/2026,NULL,NULL
SHO1899,DHL,,In Transit,Hyderabad,Chennai,499.53,NULL,NULL,NULL
SHO1900,DHL,,Pending,Chennai,Hyderabad,430.74,NULL,NULL,NULL
SHO1902,BLUEDART,,Delayed,Delhi,Mumbai,102.09,08/30/2024,08/31/2024,NULL
SHO1903,BLUEDART,03/14/2025,Delivered,Pune,Bangalore,303.73,NULL,NULL,NULL
SHO1906,FEDEX,06/21/2025,Delivered,Pune,Bangalore,406.9,NULL,06/22/2025,NULL
SHO1908,FEDEX,,Delivered,Mumbai,Chennai,NULL,NULL,NULL,NULL
SHO1909,FEDEX,,Accepted,Pune,Mumbai,31.6,NULL,NULL,NULL
SHO1911,FEDEX,08/30/2025,Delayed,Hyderabad,Bangalore,-59.57,02/09/2025,NULL,NULL
SHO1912,FEDEX,07/04/2025,In Transit,Hyderabad,Delhi,NULL,07/08/2025,NULL,NULL
,BLUEDART,08/23/2024,In Transit,Chennai,Bangalore,69.27,08/28/2024,NULL,NULL
SHO1915,FEDEX,06/28/2024,In Transit,Delhi,Mumbai,64.47,04/07/2024,NULL,NULL
SHO1916,DHL,,Delivered,Chennai,Delhi,414.49,06/23/2024,06/26/2024,3
SHO1917,FEDEX,02/08/2024,In Transit,Delhi,Mumbai,NULL,NULL,NULL,NULL
,FEDEX,05/02/2025,Pending,Pune,Mumbai,400.98,NULL,NULL,NULL
SHO1922,DHL,,In Transit,Mumbai,Chennai,71.24,11/16/2025,NULL,NULL
SHO1923,BLUEDART,,In Transit,Chennai,Delhi,108.04,01/22/2024,NULL,NULL
SHO1924,DHL,,Delivered,Hyderabad,Mumbai,NULL,03/07/2024,08/07/2024,153
SHO1926,DHL,09/08/2025,In Transit,Chennai,Delhi,360.07,08/14/2025,NULL,NULL
SHO1930,DHL,,In Transit,Delhi,Chennai,-28.51,12/03/2025,NULL,NULL
SHO1932,BLUEDART,,Delivered,Mumbai,Chennai,207.56,10/02/2024,NULL,NULL
,FEDEX,03/17/2026,UNKNOWN,Bangalore,Mumbai,429.34,03/19/2026,NULL,NULL
,FEDEX,03/19/2024,In Transit,Mumbai,Chennai,343.5,03/24/2024,NULL,NULL
SHO1940,BLUEDART,,In Transit,Mumbai,Bangalore,309.3,03/02/2025,NULL,NULL
SHO1941,BLUEDART,,Delivered,Delhi,Pune,278.92,06/27/2025,NULL,NULL
SHO1942,DHL,08/05/2026,Pending,Delhi,Mumbai,314.64,05/14/2026,NULL,NULL
SHO1945,FEDEX,,In Transit,Bangalore,Hyderabad,495.43,NULL,NULL,NULL
SHO1946,DHL,07/27/2024,In Transit,Hyderabad,Pune,-35.71,08/03/2024,NULL,NULL
,BLUEDART,04/07/2025,In Transit,Hyderabad,Delhi,466.63,07/06/2025,NULL,NULL
SHO1952,DHL,,In Transit,Delhi,Chennai,NULL,04/04/2024,NULL,NULL
SHO1953,FEDEX,,Pending,Delhi,Pune,229.04,04/12/2025,NULL,NULL
SHO1954,FEDEX,,Delivered,Delhi,Chennai,406.86,02/25/2025,02/26/2025,1
,FEDEX,08/03/2026,In Transit,Chennai,Bangalore,473.67,03/10/2026,NULL,NULL
SHO1959,BLUEDART,08/11/2025,Delivered,Hyderabad,Delhi,NULL,11/15/2025,11/18/2025,3
SHO1961,DHL,,UNKNOWN,Bangalore,Pune,497.59,12/12/2024,NULL,NULL
SHO1962,DHL,03/04/2025,Delivered,Delhi,Pune,NULL,08/03/2025,03/13/2025,0
SHO1964,BLUEDART,,Pending,Chennai,Mumbai,457.51,02/07/2025,NULL,NULL
SHO1965,FEDEX,03/02/2025,Accepted,Bangalore,Pune,-5.77,03/05/2025,NULL,NULL
SHO1967,BLUEDART,10/23/2024,Accepted,Hyderabad,Bangalore,-37.42,10/30/2024,NULL,NULL
,DHL,06/22/2026,Delayed,Chennai,Delhi,475.24,NULL,07/05/2026,NULL
SHO1969,BLUEDART,,Pending,Delhi,Bangalore,154.33,NULL,NULL,NULL
SHO1971,FEDEX,,UNKNOWN,Chennai,Bangalore,230.4,12/21/2024,NULL,NULL
SHO1974,BLUEDART,,Pending,Mumbai,Hyderabad,107.47,NULL,NULL,NULL
SHO1977,FEDEX,06/20/2025,In Transit,Hyderabad,Delhi,NULL,06/27/2025,NULL,NULL
SHO1980,FEDEX,,In Transit,Pune,Bangalore,201.04,04/07/2026,NULL,NULL
SHO1981,BLUEDART,,Delayed,Delhi,Bangalore,-17.89,NULL,08/20/2025,NULL
SHO1982,DHL,,Delivered,Pune,Mumbai,433.92,12/01/2024,12/02/2024,1
,DHL,,Accepted,Mumbai,Delhi,135.05,NULL,NULL,NULL
SHO1984,FEDEX,,Delivered,Delhi,Pune,438.35,NULL,11/19/2025,NULL
SHO1987,BLUEDART,08/15/2024,UNKNOWN,Hyderabad,Mumbai,170.51,08/20/2024,08/25/2024,NULL
SHO1988,DHL,12/11/2025,In Transit,Mumbai,Chennai,NULL,12/13/2025,NULL,NULL
SHO1989,FEDEX,,Pending,Bangalore,Delhi,418.11,04/22/2025,NULL,NULL
SHO1991,BLUEDART,08/07/2024,UNKNOWN,Delhi,Chennai,305.81,08/10/2024,NULL,NULL
SHO1994,DHL,11/16/2025,Pending,Delhi,Chennai,NULL,11/23/2025,NULL,NULL
SHO1996,DHL,,Delayed,Pune,Chennai,465.27,NULL,NULL,NULL
SHO1997,DHL,,Delivered,Mumbai,Hyderabad,382.91,NULL,NULL,NULL
SHO1999,FEDEX,,Delayed,Pune,Delhi,-36.84,09/21/2025,09/22/2025,NULL
,DHL,12/30/2025,Delivered,Delhi,Chennai,341.76,NULL,NULL,NULL
SHO2002,BLUEDART,,Pending,Mumbai,Hyderabad,389.67,01/20/2026,NULL,NULL
SHO2003,DHL,,Delivered,Bangalore,Hyderabad,385.32,NULL,07/23/2024,NULL
SHO2005,FEDEX,,In Transit,Bangalore,Delhi,456.23,10/15/2024,NULL,NULL
,DHL,11/01/2024,In Transit,Bangalore,Chennai,303.61,01/16/2024,NULL,NULL
,FEDEX,12/06/2025,Accepted,Bangalore,Mumbai,-41.91,12/11/2025,NULL,NULL
SHO2012,FEDEX,,Delayed,Pune,Bangalore,152.74,NULL,09/27/2025,NULL
SHO2013,FEDEX,08/22/2024,In Transit,Bangalore,Pune,-4.2,NULL,NULL,NULL
SHO2014,BLUEDART,10/02/2025,Pending,Pune,Delhi,2.48,02/15/2025,NULL,NULL
SHO2015,FEDEX,10/03/2026,Accepted,Bangalore,Hyderabad,NULL,03/13/2026,NULL,NULL
SHO2017,FEDEX,09/02/2024,Delivered,Delhi,Chennai,NULL,09/04/2024,09/09/2024,5
,DHL,04/07/2026,Delivered,Delhi,Pune,-28.71,04/13/2026,NULL,NULL
SHO2019,DHL,09/04/2025,Delayed,Delhi,Bangalore,205.81,NULL,04/16/2025,NULL
SHO2020,DHL,01/05/2024,In Transit,Delhi,Chennai,-25.93,10/01/2024,NULL,NULL
SHO2022,BLUEDART,03/29/2026,Delivered,Bangalore,Chennai,183.93,NULL,NULL,NULL
SHO2025,BLUEDART,02/27/2025,Accepted,Delhi,Chennai,-11.93,01/03/2025,NULL,NULL
SHO2030,BLUEDART,03/24/2025,Delivered,Pune,Hyderabad,58.25,NULL,NULL,NULL
SHO2031,DHL,06/16/2024,In Transit,Delhi,Hyderabad,NULL,06/19/2024,NULL,NULL
SHO2033,DHL,,Delayed,Chennai,Delhi,213.39,04/05/2024,04/13/2024,NULL
SHO2034,BLUEDART,09/08/2024,Delayed,Mumbai,Delhi,NULL,09/14/2024,09/23/2024,NULL
SHO2036,BLUEDART,08/22/2024,Delivered,Hyderabad,Pune,262.25,08/25/2024,NULL,NULL
SHO2037,FEDEX,,Delivered,Mumbai,Hyderabad,254.48,01/09/2025,06/09/2025,151
SHO2038,DHL,05/01/2025,Delivered,Delhi,Bangalore,157.04,NULL,10/01/2025,NULL
SHO2039,BLUEDART,01/05/2024,UNKNOWN,Pune,Chennai,108.03,12/01/2024,01/13/2024,NULL
SHO2041,FEDEX,,Accepted,Mumbai,Chennai,190.55,05/21/2024,NULL,NULL
SHO2042,DHL,02/26/2024,UNKNOWN,Hyderabad,Chennai,230.04,NULL,NULL,NULL
SHO2043,FEDEX,,Pending,Hyderabad,Delhi,45.38,NULL,NULL,NULL
SHO2045,FEDEX,11/16/2025,Delayed,Chennai,Mumbai,-63.93,NULL,11/25/2025,NULL
SHO2046,BLUEDART,05/04/2025,Accepted,Hyderabad,Bangalore,-77.82,NULL,NULL,NULL
SHO2047,BLUEDART,,Delivered,Bangalore,Delhi,-7.56,NULL,02/12/2024,NULL
SHO2048,FEDEX,,In Transit,Delhi,Pune,450.55,03/25/2026,NULL,NULL
SHO2049,BLUEDART,,In Transit,Hyderabad,Pune,298.82,06/07/2024,NULL,NULL
SHO2054,DHL,,Delayed,Mumbai,Bangalore,265.35,08/26/2024,08/31/2024,NULL
SHO2058,DHL,04/21/2025,UNKNOWN,Bangalore,Delhi,372.04,04/26/2025,NULL,NULL
SHO2060,DHL,,Delivered,Bangalore,Delhi,64.18,07/04/2024,NULL,NULL
SHO2061,BLUEDART,,In Transit,Hyderabad,Bangalore,474.46,07/27/2024,NULL,NULL
,BLUEDART,06/09/2025,Pending,Delhi,Hyderabad,243.6,12/06/2025,NULL,NULL
SHO2064,FEDEX,07/05/2025,In Transit,Pune,Bangalore,NULL,07/10/2025,NULL,NULL
SHO2067,FEDEX,,Accepted,Hyderabad,Bangalore,-59.36,04/05/2026,NULL,NULL
SHO2068,FEDEX,,Delivered,Bangalore,Hyderabad,99.84,NULL,01/19/2026,NULL
SHO2071,FEDEX,,Pending,Hyderabad,Pune,246.18,11/22/2024,NULL,NULL
SHO2073,DHL,,Pending,Mumbai,Bangalore,243.22,NULL,NULL,NULL
SHO2074,BLUEDART,06/04/2025,Pending,Pune,Chennai,NULL,06/11/2025,NULL,NULL
SHO2075,DHL,,Accepted,Bangalore,Chennai,496.09,01/31/2025,NULL,NULL
SHO2076,DHL,04/24/2024,Delivered,Bangalore,Chennai,307.88,NULL,05/03/2024,NULL
SHO2077,DHL,02/20/2024,Delivered,Chennai,Hyderabad,152.2,NULL,02/28/2024,NULL
SHO2078,FEDEX,,In Transit,Delhi,Bangalore,139.77,12/02/2024,NULL,NULL
SHO2080,DHL,01/17/2024,Delivered,Chennai,Hyderabad,NULL,01/21/2024,01/24/2024,3
SHO2082,FEDEX,,Delayed,Delhi,Mumbai,301.75,11/28/2024,03/12/2024,NULL
SHO2083,FEDEX,08/30/2024,Pending,Mumbai,Chennai,215.8,02/09/2024,NULL,NULL
SHO2084,BLUEDART,01/31/2024,UNKNOWN,Pune,Hyderabad,-33.91,02/03/2024,NULL,NULL
SHO2086,FEDEX,03/07/2026,In Transit,Hyderabad,Chennai,NULL,03/09/2026,NULL,NULL
SHO2087,FEDEX,07/07/2024,In Transit,Mumbai,Pune,-34.29,11/07/2024,NULL,NULL
SHO2088,BLUEDART,,In Transit,Pune,Mumbai,153.48,NULL,NULL,NULL
SHO2089,FEDEX,04/02/2024,Pending,Mumbai,Bangalore,242.99,02/07/2024,NULL,NULL
SHO2092,DHL,02/22/2025,Delayed,Bangalore,Chennai,142.28,02/24/2025,01/03/2025,NULL
SHO2093,BLUEDART,04/11/2025,UNKNOWN,Delhi,Chennai,267.56,08/11/2025,NULL,NULL
SHO2095,BLUEDART,11/15/2024,Accepted,Pune,Mumbai,-57.64,11/19/2024,NULL,NULL
SHO2096,BLUEDART,06/23/2025,In Transit,Chennai,Mumbai,-39.86,06/26/2025,NULL,NULL
SHO2098,BLUEDART,05/04/2025,Delayed,Chennai,Bangalore,270.48,04/08/2025,NULL,NULL
SHO2099,FEDEX,03/05/2026,In Transit,Pune,Hyderabad,-70.19,06/05/2026,NULL,NULL
SHO2100,FEDEX,02/12/2025,Accepted,Hyderabad,Pune,-59.0,04/12/2025,NULL,NULL
SHO2107,BLUEDART,,Delivered,Mumbai,Delhi,143.83,09/08/2024,08/14/2024,0
SHO2108,DHL,,Delivered,Delhi,Bangalore,339.21,05/25/2025,05/28/2025,3
,FEDEX,,Delivered,Bangalore,Pune,NULL,09/27/2024,09/29/2024,2
SHO2110,FEDEX,04/05/2025,Accepted,Chennai,Pune,NULL,08/05/2025,NULL,NULL
SHO2112,BLUEDART,04/01/2025,Pending,Bangalore,Delhi,-77.16,NULL,NULL,NULL
SHO2113,FEDEX,,In Transit,Mumbai,Bangalore,NULL,06/09/2024,NULL,NULL
SHO2115,BLUEDART,,Delayed,Chennai,Pune,416.14,NULL,NULL,NULL
SHO2118,DHL,08/06/2024,Delivered,Pune,Chennai,-32.67,08/13/2024,08/17/2024,4
,FEDEX,07/12/2025,Delivered,Delhi,Pune,173.09,12/10/2025,12/14/2025,4
SHO2124,BLUEDART,,Delivered,Delhi,Bangalore,373.41,11/24/2025,11/28/2025,4
SHO2125,DHL,03/02/2025,UNKNOWN,Bangalore,Delhi,191.42,02/05/2025,NULL,NULL
SHO2126,FEDEX,,Delayed,Pune,Bangalore,21.62,NULL,05/04/2026,NULL
SHO2128,FEDEX,04/02/2025,Pending,Bangalore,Hyderabad,-73.13,11/02/2025,NULL,NULL
SHO2129,FEDEX,01/17/2026,UNKNOWN,Chennai,Delhi,13.01,01/20/2026,NULL,NULL
,BLUEDART,03/01/2026,In Transit,Mumbai,Hyderabad,489.32,01/07/2026,NULL,NULL
SHO2133,DHL,,Delivered,Hyderabad,Bangalore,109.8,NULL,01/21/2026,NULL
,FEDEX,,In Transit,Bangalore,Hyderabad,428.73,NULL,NULL,NULL
SHO2135,BLUEDART,,Delayed,Bangalore,Chennai,329.13,08/27/2024,NULL,NULL
SHO2136,BLUEDART,,Accepted,Hyderabad,Bangalore,271.56,05/02/2024,NULL,NULL
SHO2143,BLUEDART,,Pending,Mumbai,Hyderabad,328.39,04/25/2025,NULL,NULL
SHO2145,FEDEX,09/15/2025,In Transit,Hyderabad,Delhi,NULL,NULL,NULL,NULL
,FEDEX,,In Transit,Chennai,Mumbai,178.05,04/04/2025,NULL,NULL
SHO2147,FEDEX,,Delayed,Delhi,Chennai,176.45,03/01/2025,NULL,NULL
,FEDEX,06/18/2026,In Transit,Pune,Hyderabad,302.39,06/21/2026,NULL,NULL
SHO2150,FEDEX,,Delivered,Delhi,Chennai,-12.24,NULL,04/26/2024,NULL
SHO2151,DHL,,Pending,Hyderabad,Bangalore,353.94,11/30/2025,NULL,NULL
SHO2152,BLUEDART,,Delayed,Mumbai,Bangalore,236.74,02/11/2025,06/11/2025,NULL
SHO2153,FEDEX,,Pending,Chennai,Delhi,488.53,09/29/2025,NULL,NULL
SHO2154,FEDEX,,In Transit,Pune,Hyderabad,257.29,10/04/2025,NULL,NULL
SHO2155,FEDEX,12/06/2025,In Transit,Chennai,Pune,-62.02,12/13/2025,NULL,NULL
SHO2159,DHL,11/25/2024,In Transit,Bangalore,Chennai,-72.08,NULL,NULL,NULL
SHO2161,BLUEDART,11/07/2024,UNKNOWN,Bangalore,Pune,481.78,07/14/2024,07/19/2024,NULL
SHO2162,FEDEX,12/02/2024,Delayed,Delhi,Chennai,-58.69,02/17/2024,02/19/2024,NULL
SHO2163,FEDEX,,Delayed,Mumbai,Pune,NULL,01/03/2026,03/05/2026,NULL
SHO2164,DHL,,Delayed,Mumbai,Chennai,17.94,04/18/2024,NULL,NULL
SHO2165,BLUEDART,,In Transit,Pune,Mumbai,NULL,01/18/2025,NULL,NULL
SHO2167,DHL,,UNKNOWN,Chennai,Hyderabad,398.39,NULL,12/20/2025,NULL
SHO2168,DHL,01/18/2025,In Transit,Chennai,Mumbai,NULL,01/23/2025,NULL,NULL
SHO2169,FEDEX,06/25/2024,Delayed,Bangalore,Pune,-47.63,NULL,05/07/2024,NULL
SHO2171,BLUEDART,03/01/2024,Accepted,Hyderabad,Pune,115.56,01/05/2024,NULL,NULL
SHO2172,BLUEDART,03/31/2025,Delivered,Hyderabad,Chennai,82.24,04/05/2025,03/04/2025,0
SHO2173,DHL,,Delayed,Pune,Chennai,12.09,NULL,NULL,NULL
SHO2179,BLUEDART,07/09/2025,Pending,Bangalore,Mumbai,-73.87,NULL,NULL,NULL
,BLUEDART,08/05/2026,In Transit,Delhi,Pune,379.25,10/05/2026,NULL,NULL
SHO2182,BLUEDART,02/01/2024,Delivered,Pune,Chennai,218.37,01/09/2024,01/13/2024,4
,DHL,04/03/2024,Delayed,Delhi,Pune,457.3,NULL,10/04/2024,NULL
SHO2185,DHL,,In Transit,Hyderabad,Mumbai,247.9,NULL,NULL,NULL
SHO2189,FEDEX,,Pending,Chennai,Hyderabad,377.86,NULL,NULL,NULL
SHO2191,FEDEX,,Delayed,Delhi,Bangalore,218.99,09/21/2025,NULL,NULL
SHO2192,BLUEDART,08/02/2024,Delayed,Chennai,Mumbai,69.89,05/08/2024,NULL,NULL
SHO2194,BLUEDART,,UNKNOWN,Mumbai,Pune,41.59,NULL,06/08/2025,NULL
SHO2196,BLUEDART,,UNKNOWN,Pune,Bangalore,415.24,05/28/2024,05/06/2024,NULL
SHO2197,FEDEX,08/01/2026,Pending,Pune,Chennai,452.93,01/15/2026,NULL,NULL
SHO2202,FEDEX,,In Transit,Mumbai,Bangalore,-1.06,04/05/2026,NULL,NULL
SHO2204,FEDEX,07/04/2026,Delivered,Bangalore,Hyderabad,334.97,12/04/2026,NULL,NULL
SHO2205,DHL,02/08/2024,UNKNOWN,Hyderabad,Pune,325.15,08/07/2024,NULL,NULL
,BLUEDART,09/29/2025,Accepted,Delhi,Mumbai,216.18,05/10/2025,NULL,NULL
SHO2207,BLUEDART,,In Transit,Chennai,Bangalore,0.92,02/07/2024,NULL,NULL
SHO2213,FEDEX,,Delivered,Mumbai,Hyderabad,-5.14,NULL,07/26/2024,NULL
SHO2214,DHL,02/02/2026,Delivered,Mumbai,Hyderabad,NULL,02/05/2026,NULL,NULL
SHO2216,BLUEDART,04/16/2024,Delayed,Pune,Mumbai,161.03,04/22/2024,01/05/2024,NULL
SHO2220,DHL,,Accepted,Bangalore,Pune,474.02,08/24/2024,NULL,NULL
SHO2221,BLUEDART,12/30/2024,UNKNOWN,Hyderabad,Delhi,238.84,01/01/2025,NULL,NULL
SHO2222,DHL,05/07/2026,Delivered,Mumbai,Delhi,34.68,05/12/2026,NULL,NULL
SHO2224,FEDEX,11/27/2024,Delivered,Pune,Mumbai,59.19,04/12/2024,NULL,NULL
SHO2226,BLUEDART,06/16/2024,Delivered,Chennai,Bangalore,360.4,06/21/2024,NULL,NULL
SHO2227,FEDEX,04/03/2026,In Transit,Hyderabad,Pune,NULL,10/04/2026,NULL,NULL
SHO2228,BLUEDART,,In Transit,Hyderabad,Mumbai,397.07,03/03/2024,NULL,NULL
SHO2231,FEDEX,03/30/2026,Delivered,Pune,Delhi,57.27,02/04/2026,04/05/2026,60
SHO2235,FEDEX,05/11/2024,Delivered,Bangalore,Mumbai,129.07,11/08/2024,NULL,NULL
SHO2237,FEDEX,,Accepted,Pune,Hyderabad,NULL,06/03/2026,02/06/2026,NULL
SHO2238,DHL,,In Transit,Hyderabad,Pune,78.01,02/24/2026,NULL,NULL
SHO2240,FEDEX,,Pending,Pune,Delhi,476.61,11/15/2025,NULL,NULL
,FEDEX,09/08/2024,Accepted,Mumbai,Bangalore,335.11,NULL,NULL,NULL
SHO2244,FEDEX,,Delivered,Delhi,Mumbai,234.19,NULL,06/28/2026,NULL
SHO2245,FEDEX,,In Transit,Chennai,Hyderabad,239.24,12/07/2025,NULL,NULL
SHO2247,BLUEDART,,Pending,Hyderabad,Delhi,-70.14,09/07/2024,NULL,NULL
SHO2248,FEDEX,12/29/2025,In Transit,Bangalore,Mumbai,-23.01,01/01/2026,NULL,NULL
SHO2252,DHL,10/02/2026,Accepted,Mumbai,Bangalore,456.44,02/13/2026,NULL,NULL
SHO2254,DHL,05/03/2026,Delayed,Hyderabad,Chennai,474.75,11/03/2026,03/18/2026,NULL
,DHL,,Accepted,Mumbai,Bangalore,133.24,08/27/2024,NULL,NULL
SHO2256,BLUEDART,03/28/2024,In Transit,Chennai,Bangalore,316.12,01/04/2024,NULL,NULL
SHO2257,DHL,04/15/2026,UNKNOWN,Hyderabad,Mumbai,284.45,04/21/2026,NULL,NULL
SHO2260,BLUEDART,,In Transit,Pune,Chennai,97.5,08/03/2024,NULL,NULL
SHO2261,DHL,,Delayed,Chennai,Hyderabad,165.09,04/30/2026,NULL,NULL
SHO2262,DHL,10/17/2024,Delivered,Hyderabad,Bangalore,300.55,NULL,NULL,NULL
SHO2263,FEDEX,06/26/2024,Delivered,Pune,Mumbai,329.26,NULL,07/04/2024,NULL
SHO2264,DHL,,UNKNOWN,Bangalore,Chennai,333.51,04/14/2026,NULL,NULL
SHO2265,FEDEX,12/29/2025,Pending,Delhi,Chennai,-24.4,NULL,NULL,NULL
SHO2268,BLUEDART,,Accepted,Bangalore,Chennai,297.89,07/17/2025,NULL,NULL
SHO2269,BLUEDART,,Delayed,Mumbai,Chennai,191.88,01/11/2024,01/13/2024,NULL
SHO2273,BLUEDART,,Delayed,Mumbai,Bangalore,-58.78,NULL,08/26/2024,NULL
SHO2277,FEDEX,,Pending,Delhi,Hyderabad,49.15,NULL,NULL,NULL
SHO2278,BLUEDART,,Delayed,Mumbai,Hyderabad,170.95,12/13/2024,12/16/2024,NULL
SHO2282,FEDEX,01/30/2026,Pending,Pune,Delhi,-73.54,02/02/2026,NULL,NULL
SHO2284,BLUEDART,09/02/2026,Delivered,Bangalore,Delhi,312.97,NULL,02/18/2026,NULL
SHO2285,FEDEX,08/04/2024,UNKNOWN,Delhi,Hyderabad,203.89,04/15/2024,NULL,NULL
,FEDEX,03/14/2025,Pending,Hyderabad,Bangalore,227.01,03/20/2025,NULL,NULL
SHO2287,BLUEDART,,Pending,Mumbai,Bangalore,449.95,NULL,NULL,NULL
SHO2290,FEDEX,04/01/2024,Delivered,Bangalore,Chennai,-79.44,04/07/2024,04/10/2024,3
SHO2291,BLUEDART,07/29/2024,Pending,Mumbai,Delhi,312.47,03/08/2024,NULL,NULL
SHO2292,FEDEX,,In Transit,Bangalore,Delhi,172.58,03/07/2025,NULL,NULL
SHO2293,DHL,,Delivered,Pune,Delhi,468.05,01/26/2026,01/30/2026,4
SHO2294,BLUEDART,01/17/2026,In Transit,Hyderabad,Delhi,NULL,01/23/2026,NULL,NULL
SHO2296,FEDEX,,Pending,Mumbai,Bangalore,284.21,06/29/2026,NULL,NULL
SHO2299,BLUEDART,,Pending,Bangalore,Delhi,467.16,05/15/2024,NULL,NULL
SHO2301,BLUEDART,06/10/2024,Delivered,Pune,Chennai,107.55,NULL,NULL,NULL
,FEDEX,10/09/2024,Pending,Delhi,Chennai,169.58,NULL,NULL,NULL
,DHL,,Delivered,Bangalore,Chennai,154.94,04/19/2026,NULL,NULL
SHO2307,FEDEX,02/23/2026,Accepted,Delhi,Pune,NULL,01/03/2026,NULL,NULL
SHO2308,FEDEX,06/04/2024,Pending,Delhi,Chennai,-26.27,04/10/2024,NULL,NULL
SHO2309,DHL,10/02/2025,Delivered,Hyderabad,Chennai,339.93,10/04/2025,07/10/2025,0
SHO2310,FEDEX,03/19/2025,Delivered,Pune,Bangalore,302.95,NULL,03/26/2025,NULL
SHO2312,FEDEX,,Delayed,Chennai,Delhi,-55.59,06/20/2024,06/21/2024,NULL
SHO2313,FEDEX,09/18/2024,Pending,Hyderabad,Chennai,-76.0,09/23/2024,NULL,NULL
SHO2315,DHL,,Delivered,Chennai,Pune,343.32,11/05/2024,12/05/2024,30
SHO2318,DHL,,Delayed,Mumbai,Pune,154.87,NULL,06/21/2025,NULL
SHO2319,BLUEDART,04/14/2024,In Transit,Chennai,Mumbai,NULL,04/20/2024,NULL,NULL
SHO2320,BLUEDART,,Pending,Bangalore,Delhi,-59.86,01/05/2026,NULL,NULL
SHO2322,BLUEDART,,In Transit,Mumbai,Chennai,411.82,09/07/2024,NULL,NULL
SHO2323,DHL,,In Transit,Pune,Chennai,207.31,02/06/2026,NULL,NULL
SHO2325,FEDEX,10/05/2024,In Transit,Chennai,Bangalore,NULL,NULL,NULL,NULL
SHO2330,BLUEDART,,Delivered,Delhi,Mumbai,51.21,NULL,NULL,NULL
SHO2332,DHL,,UNKNOWN,Pune,Delhi,465.39,NULL,NULL,NULL
SHO2334,DHL,02/24/2026,Delivered,Mumbai,Hyderabad,94.29,NULL,02/03/2026,NULL
SHO2335,FEDEX,,Pending,Pune,Hyderabad,314.15,04/25/2025,NULL,NULL
SHO2336,BLUEDART,08/01/2024,In Transit,Mumbai,Hyderabad,176.0,01/13/2024,NULL,NULL
SHO2337,BLUEDART,,Delayed,Bangalore,Chennai,339.32,05/04/2025,04/06/2025,NULL
SHO2338,DHL,03/06/2026,Delivered,Pune,Mumbai,331.42,NULL,NULL,NULL
SHO2339,DHL,01/16/2024,Delivered,Pune,Hyderabad,144.86,01/20/2024,NULL,NULL
SHO2340,DHL,09/01/2025,Delivered,Hyderabad,Pune,275.15,NULL,09/05/2025,NULL
SHO2341,FEDEX,,Delayed,Chennai,Mumbai,-65.41,02/01/2024,02/05/2024,NULL
SHO2342,BLUEDART,10/03/2025,Delayed,Bangalore,Mumbai,345.52,09/10/2025,NULL,NULL
SHO2343,BLUEDART,09/13/2025,UNKNOWN,Hyderabad,Chennai,46.06,NULL,NULL,NULL
SHO2344,DHL,,Accepted,Hyderabad,Delhi,269.21,08/26/2024,NULL,NULL
SHO2345,BLUEDART,03/27/2026,UNKNOWN,Chennai,Hyderabad,242.23,03/31/2026,NULL,NULL
,DHL,06/04/2026,Pending,Chennai,Mumbai,15.72,10/06/2026,NULL,NULL
SHO2348,FEDEX,,Pending,Bangalore,Delhi,499.01,10/26/2025,NULL,NULL
SHO2350,FEDEX,04/10/2024,Delayed,Mumbai,Delhi,NULL,04/13/2024,NULL,NULL
SHO2351,BLUEDART,,Delivered,Hyderabad,Chennai,470.82,09/17/2024,NULL,NULL
SHO2353,FEDEX,,Pending,Mumbai,Chennai,196.22,06/20/2025,NULL,NULL
,BLUEDART,11/26/2025,Delivered,Chennai,Pune,204.2,12/01/2025,11/30/2025,0
SHO2357,FEDEX,,Pending,Delhi,Chennai,-69.24,NULL,NULL,NULL
SHO2359,FEDEX,11/08/2024,In Transit,Hyderabad,Chennai,311.28,10/11/2024,NULL,NULL
SHO2360,FEDEX,05/01/2025,Delivered,Pune,Mumbai,177.48,08/01/2025,01/08/2025,0
SHO2361,FEDEX,,Accepted,Hyderabad,Delhi,413.03,01/19/2026,NULL,NULL
SHO2362,DHL,,Delivered,Pune,Bangalore,270.87,12/20/2024,12/23/2024,3
SHO2363,DHL,10/05/2024,Pending,Mumbai,Delhi,-50.38,10/10/2024,NULL,NULL
,BLUEDART,01/28/2026,Pending,Mumbai,Delhi,-55.12,01/02/2026,NULL,NULL
SHO2369,FEDEX,04/10/2026,Delivered,Hyderabad,Delhi,69.39,04/12/2026,NULL,NULL
SHO2371,DHL,04/21/2026,Delivered,Mumbai,Hyderabad,250.82,04/26/2026,NULL,NULL
,BLUEDART,08/27/2025,UNKNOWN,Mumbai,Bangalore,415.91,NULL,NULL,NULL
SHO2377,DHL,11/09/2024,UNKNOWN,Bangalore,Hyderabad,158.51,09/17/2024,NULL,NULL
SHO2379,DHL,09/17/2024,Pending,Pune,Delhi,NULL,09/21/2024,NULL,NULL
SHO2381,DHL,,Pending,Bangalore,Pune,NULL,NULL,NULL,NULL
SHO2385,DHL,08/01/2024,Accepted,Bangalore,Mumbai,-65.06,08/04/2024,08/14/2024,NULL
SHO2387,FEDEX,10/21/2024,Delivered,Delhi,Bangalore,180.01,10/27/2024,NULL,NULL
SHO2388,FEDEX,08/30/2024,Pending,Bangalore,Delhi,401.32,03/09/2024,NULL,NULL
SHO2390,BLUEDART,12/12/2024,Pending,Pune,Mumbai,-56.21,12/14/2024,NULL,NULL
SHO2391,BLUEDART,,Delivered,Mumbai,Chennai,NULL,NULL,04/19/2024,NULL
SHO2393,FEDEX,,Delayed,Delhi,Bangalore,418.11,06/13/2025,06/16/2025,NULL
SHO2395,BLUEDART,,Delayed,Pune,Hyderabad,332.2,05/24/2025,NULL,NULL
,DHL,05/15/2024,In Transit,Mumbai,Chennai,313.09,NULL,NULL,NULL
SHO2398,FEDEX,,Accepted,Hyderabad,Pune,NULL,NULL,NULL,NULL
SHO2399,FEDEX,09/03/2024,Delivered,Delhi,Bangalore,88.08,07/09/2024,09/10/2024,63
SHO2400,BLUEDART,02/28/2025,UNKNOWN,Mumbai,Chennai,-48.7,03/06/2025,NULL,NULL
SHO2401,FEDEX,,Delayed,Hyderabad,Pune,134.92,05/04/2025,05/12/2025,NULL
SHO2402,DHL,10/06/2026,UNKNOWN,Chennai,Hyderabad,307.57,NULL,NULL,NULL
SHO2403,BLUEDART,03/21/2024,Delayed,Hyderabad,Bangalore,-17.34,03/24/2024,NULL,NULL
SHO2404,BLUEDART,,Pending,Mumbai,Hyderabad,-55.31,NULL,NULL,NULL
SHO2408,BLUEDART,04/30/2025,Pending,Pune,Bangalore,398.38,04/05/2025,NULL,NULL
SHO2410,DHL,03/22/2026,Delivered,Hyderabad,Chennai,258.33,NULL,03/28/2026,NULL
SHO2411,BLUEDART,08/13/2025,Delivered,Hyderabad,Delhi,378.59,08/16/2025,NULL,NULL
SHO2412,FEDEX,11/22/2025,Delivered,Pune,Chennai,-42.69,11/28/2025,NULL,NULL
SHO2413,FEDEX,,Delivered,Delhi,Bangalore,384.05,02/02/2025,NULL,NULL
SHO2414,BLUEDART,06/26/2026,In Transit,Pune,Hyderabad,115.65,03/07/2026,NULL,NULL
SHO2419,DHL,,Delayed,Hyderabad,Delhi,-79.09,07/17/2025,NULL,NULL
SHO2420,FEDEX,,Accepted,Bangalore,Delhi,364.64,NULL,NULL,NULL
SHO2422,DHL,03/14/2025,Delayed,Hyderabad,Pune,-73.71,03/17/2025,NULL,NULL
SHO2424,DHL,,Delayed,Hyderabad,Delhi,444.51,02/19/2025,02/25/2025,NULL
SHO2425,DHL,02/18/2025,Delivered,Bangalore,Hyderabad,437.16,02/25/2025,NULL,NULL
SHO2427,DHL,,Delivered,Hyderabad,Delhi,381.53,01/14/2025,01/15/2025,1
SHO2431,FEDEX,,Accepted,Hyderabad,Chennai,-49.3,12/24/2025,NULL,NULL
SHO2432,DHL,11/01/2024,Accepted,Pune,Chennai,480.66,01/15/2024,NULL,NULL
SHO2433,DHL,01/02/2026,Pending,Hyderabad,Bangalore,NULL,02/08/2026,NULL,NULL
SHO2434,FEDEX,12/06/2025,Delivered,Bangalore,Hyderabad,246.43,NULL,12/07/2025,NULL
SHO2438,BLUEDART,,Delivered,Hyderabad,Chennai,NULL,02/03/2024,02/07/2024,4
SHO2439,DHL,,Delivered,Mumbai,Pune,-40.56,08/28/2025,NULL,NULL
SHO2445,BLUEDART,,Pending,Hyderabad,Mumbai,458.53,06/10/2026,NULL,NULL
SHO2446,DHL,05/28/2024,Delivered,Hyderabad,Mumbai,-59.06,NULL,05/31/2024,NULL
,DHL,08/22/2025,Pending,Chennai,Mumbai,29.71,NULL,NULL,NULL
SHO2450,FEDEX,06/18/2024,UNKNOWN,Hyderabad,Bangalore,-6.03,06/24/2024,NULL,NULL
SHO2452,FEDEX,,Delayed,Delhi,Hyderabad,308.2,03/19/2024,03/24/2024,NULL
SHO2453,BLUEDART,,Delayed,Hyderabad,Chennai,278.96,06/16/2024,06/17/2024,NULL
SHO2455,FEDEX,03/02/2024,Delivered,Delhi,Pune,335.78,04/03/2024,NULL,NULL
SHO2459,DHL,12/15/2024,Delivered,Pune,Delhi,65.38,NULL,NULL,NULL
SHO2462,BLUEDART,12/12/2024,In Transit,Pune,Chennai,-40.92,NULL,NULL,NULL
SHO2463,DHL,,In Transit,Hyderabad,Delhi,172.16,11/25/2025,NULL,NULL
SHO2464,BLUEDART,,Pending,Delhi,Bangalore,295.14,05/01/2024,NULL,NULL
SHO2465,BLUEDART,,Accepted,Hyderabad,Delhi,259.24,NULL,NULL,NULL
SHO2466,DHL,,Delayed,Delhi,Pune,45.51,NULL,02/20/2026,NULL
SHO2467,DHL,04/20/2026,Delivered,Pune,Delhi,-62.29,04/25/2026,04/27/2026,2
SHO2468,BLUEDART,,Pending,Mumbai,Chennai,92.43,09/01/2025,NULL,NULL
SHO2469,BLUEDART,,In Transit,Delhi,Bangalore,101.06,NULL,NULL,NULL
SHO2470,BLUEDART,04/10/2024,In Transit,Pune,Hyderabad,-44.25,04/14/2024,NULL,NULL
SHO2471,DHL,02/01/2026,Delayed,Chennai,Delhi,NULL,01/05/2026,10/01/2026,NULL
SHO2474,FEDEX,02/10/2024,UNKNOWN,Hyderabad,Pune,297.17,NULL,NULL,NULL
SHO2476,BLUEDART,08/29/2025,Delivered,Bangalore,Chennai,40.27,NULL,NULL,NULL
SHO2478,BLUEDART,,Delivered,Pune,Mumbai,428.31,07/07/2024,07/12/2024,5
,BLUEDART,11/21/2025,Delayed,Chennai,Hyderabad,297.46,NULL,11/29/2025,NULL
SHO2480,FEDEX,10/01/2026,Pending,Delhi,Pune,239.92,01/14/2026,NULL,NULL
SHO2481,BLUEDART,05/08/2024,Delivered,Mumbai,Chennai,-39.0,NULL,05/12/2024,NULL
SHO2482,DHL,,In Transit,Delhi,Bangalore,-21.52,12/09/2024,NULL,NULL
SHO2485,DHL,,Accepted,Bangalore,Hyderabad,313.49,NULL,NULL,NULL
SHO2486,BLUEDART,,In Transit,Bangalore,Chennai,124.92,11/02/2026,NULL,NULL
SHO2488,BLUEDART,,In Transit,Chennai,Mumbai,NULL,06/19/2024,NULL,NULL
SHO2489,BLUEDART,,Accepted,Pune,Bangalore,61.2,04/05/2026,NULL,NULL
SHO2490,FEDEX,03/30/2024,Pending,Pune,Bangalore,-53.59,05/04/2024,NULL,NULL
SHO2492,DHL,05/12/2024,Accepted,Delhi,Mumbai,-54.84,05/16/2024,NULL,NULL
SHO2493,FEDEX,07/08/2025,In Transit,Delhi,Chennai,-2.77,08/14/2025,NULL,NULL
SHO2497,DHL,04/28/2026,Delivered,Bangalore,Mumbai,49.54,NULL,NULL,NULL
SHO2498,FEDEX,12/05/2024,Pending,Delhi,Bangalore,31.77,11/12/2024,NULL,NULL
SHO2500,FEDEX,02/25/2024,Delivered,Pune,Delhi,191.59,03/03/2024,02/03/2024,0
,DHL,10/29/2024,In Transit,Pune,Delhi,-18.72,NULL,NULL,NULL
SHO2505,FEDEX,07/30/2025,UNKNOWN,Pune,Mumbai,160.37,08/01/2025,NULL,NULL
SHO2507,FEDEX,,Delivered,Bangalore,Delhi,390.31,09/09/2025,09/10/2025,1
SHO2509,FEDEX,05/19/2024,In Transit,Delhi,Hyderabad,-31.43,NULL,NULL,NULL
,FEDEX,09/08/2024,In Transit,Pune,Hyderabad,60.38,09/13/2024,NULL,NULL
SHO2512,BLUEDART,,Delayed,Hyderabad,Pune,203.5,NULL,NULL,NULL
SHO2513,DHL,,Pending,Bangalore,Mumbai,299.31,03/16/2026,NULL,NULL
SHO2514,FEDEX,11/15/2025,Delivered,Pune,Mumbai,280.28,NULL,11/24/2025,NULL
SHO2515,FEDEX,,Pending,Chennai,Hyderabad,-6.19,02/22/2025,NULL,NULL
SHO2516,DHL,,In Transit,Hyderabad,Delhi,121.46,05/20/2024,NULL,NULL
SHO2518,FEDEX,,In Transit,Delhi,Mumbai,24.88,05/21/2024,NULL,NULL
SHO2520,DHL,07/01/2025,Delivered,Bangalore,Mumbai,131.7,10/01/2025,01/15/2025,0
SHO2521,FEDEX,04/13/2024,Delayed,Pune,Bangalore,NULL,04/17/2024,04/18/2024,NULL
SHO2522,DHL,,Accepted,Chennai,Bangalore,49.08,05/31/2026,NULL,NULL
SHO2523,DHL,10/30/2024,In Transit,Bangalore,Mumbai,-7.86,11/04/2024,NULL,NULL
SHO2525,BLUEDART,,Delivered,Delhi,Bangalore,72.29,04/03/2025,03/07/2025,0
SHO2526,FEDEX,,Delivered,Bangalore,Delhi,NULL,12/01/2025,06/12/2025,0
SHO2527,DHL,05/02/2025,In Transit,Mumbai,Hyderabad,-20.63,NULL,NULL,NULL
SHO2531,BLUEDART,,UNKNOWN,Hyderabad,Chennai,272.59,06/23/2025,NULL,NULL
SHO2532,DHL,,Delivered,Pune,Mumbai,283.45,NULL,07/28/2024,NULL
SHO2533,FEDEX,,In Transit,Hyderabad,Pune,25.28,02/02/2024,NULL,NULL
SHO2535,FEDEX,01/12/2025,Delivered,Pune,Delhi,183.24,12/05/2025,NULL,NULL
,BLUEDART,11/06/2026,Delayed,Mumbai,Pune,467.39,06/13/2026,06/22/2026,NULL
SHO2538,DHL,06/22/2025,Pending,Pune,Bangalore,-47.12,NULL,NULL,NULL
SHO2540,DHL,08/11/2025,Delivered,Chennai,Delhi,-23.76,NULL,08/13/2025,NULL
SHO2541,BLUEDART,,Pending,Mumbai,Delhi,448.54,NULL,NULL,NULL
SHO2542,DHL,,Delayed,Bangalore,Delhi,-18.49,02/19/2025,02/24/2025,NULL
SHO2543,BLUEDART,,Delayed,Mumbai,Chennai,176.14,NULL,05/10/2024,NULL
SHO2547,BLUEDART,02/07/2025,Delivered,Mumbai,Delhi,256.34,02/12/2025,NULL,NULL
SHO2550,BLUEDART,10/31/2025,Pending,Hyderabad,Chennai,-53.22,11/03/2025,NULL,NULL
SHO2551,BLUEDART,,Pending,Hyderabad,Delhi,107.44,09/01/2025,NULL,NULL
SHO2552,DHL,03/31/2026,Delayed,Bangalore,Mumbai,167.19,02/04/2026,04/10/2026,NULL
SHO2554,BLUEDART,,Delayed,Bangalore,Mumbai,427.49,03/27/2025,04/04/2025,NULL
SHO2556,BLUEDART,,Delayed,Chennai,Bangalore,162.59,03/05/2025,05/08/2025,NULL
SHO2557,BLUEDART,11/17/2024,Pending,Hyderabad,Pune,NULL,NULL,NULL,NULL
SHO2566,FEDEX,08/06/2025,In Transit,Delhi,Hyderabad,-19.48,08/08/2025,NULL,NULL
SHO2569,FEDEX,,Delivered,Bangalore,Mumbai,-8.85,02/23/2024,02/22/2024,0
SHO2571,BLUEDART,12/04/2026,Delayed,Pune,Hyderabad,-3.95,04/17/2026,NULL,NULL
SHO2572,DHL,,Delayed,Chennai,Mumbai,450.76,NULL,NULL,NULL
SHO2573,BLUEDART,12/06/2025,Delayed,Delhi,Chennai,7.29,08/12/2025,12/15/2025,NULL
,DHL,,Accepted,Hyderabad,Bangalore,258.87,NULL,NULL,NULL
SHO2577,BLUEDART,,Delayed,Pune,Chennai,308.18,05/13/2025,NULL,NULL
SHO2579,FEDEX,,In Transit,Pune,Delhi,168.23,02/06/2025,NULL,NULL
SHO2580,BLUEDART,03/11/2024,In Transit,Pune,Delhi,-45.86,03/18/2024,NULL,NULL
SHO2582,DHL,04/24/2024,Delivered,Hyderabad,Chennai,268.3,NULL,05/02/2024,NULL
SHO2583,DHL,,UNKNOWN,Pune,Hyderabad,28.44,10/03/2025,NULL,NULL
SHO2585,BLUEDART,,Accepted,Pune,Hyderabad,7.14,NULL,04/28/2025,NULL
SHO2586,BLUEDART,,Accepted,Delhi,Chennai,268.92,NULL,NULL,NULL
SHO2588,FEDEX,,In Transit,Bangalore,Pune,79.05,09/09/2024,NULL,NULL
SHO2589,FEDEX,,Delivered,Chennai,Delhi,-42.27,04/26/2026,04/30/2026,4
SHO2590,BLUEDART,,Delivered,Delhi,Pune,409.02,NULL,03/26/2026,NULL
,DHL,12/23/2025,In Transit,Bangalore,Hyderabad,179.67,12/27/2025,NULL,NULL
SHO2592,DHL,11/29/2024,Delayed,Hyderabad,Delhi,344.76,03/12/2024,NULL,NULL
SHO2594,DHL,09/26/2025,UNKNOWN,Pune,Hyderabad,36.18,NULL,10/03/2025,NULL
SHO2596,DHL,08/02/2026,Pending,Bangalore,Delhi,153.67,02/15/2026,NULL,NULL
SHO2599,DHL,,Delivered,Hyderabad,Mumbai,392.48,04/08/2025,NULL,NULL
SHO2601,FEDEX,,Pending,Chennai,Mumbai,-52.05,04/04/2024,NULL,NULL
SHO2603,FEDEX,03/03/2025,Delivered,Chennai,Delhi,-29.73,03/10/2025,12/03/2025,268
SHO2604,DHL,,In Transit,Mumbai,Bangalore,75.36,02/02/2026,NULL,NULL
SHO2605,DHL,07/18/2025,Delivered,Bangalore,Chennai,NULL,07/25/2025,07/25/2025,0
SHO2606,BLUEDART,06/04/2024,In Transit,Pune,Mumbai,NULL,07/06/2024,NULL,NULL
SHO2608,DHL,05/12/2025,Delivered,Bangalore,Mumbai,105.72,NULL,05/16/2025,NULL
SHO2610,BLUEDART,,Pending,Mumbai,Delhi,-13.14,03/26/2025,NULL,NULL
SHO2611,DHL,,Pending,Delhi,Pune,57.7,NULL,NULL,NULL
SHO2616,DHL,,Pending,Hyderabad,Pune,93.34,09/26/2025,NULL,NULL
SHO2617,BLUEDART,09/03/2026,Delayed,Chennai,Delhi,-44.82,NULL,03/14/2026,NULL
SHO2619,BLUEDART,,Pending,Delhi,Pune,54.73,12/17/2024,NULL,NULL
SHO2620,BLUEDART,10/07/2024,Pending,Hyderabad,Bangalore,-65.04,07/17/2024,NULL,NULL
SHO2621,FEDEX,06/30/2025,Delayed,Hyderabad,Chennai,-37.66,07/06/2025,NULL,NULL
SHO2623,BLUEDART,,Delivered,Bangalore,Pune,380.04,NULL,NULL,NULL
SHO2624,BLUEDART,,Delayed,Pune,Bangalore,-22.12,08/03/2024,03/14/2024,NULL
SHO2625,FEDEX,01/25/2026,Delayed,Chennai,Mumbai,-24.07,01/27/2026,06/02/2026,NULL
SHO2626,DHL,,In Transit,Hyderabad,Delhi,241.97,11/16/2025,NULL,NULL
,BLUEDART,,Delayed,Mumbai,Hyderabad,279.25,NULL,04/21/2025,NULL
SHO2629,BLUEDART,,In Transit,Hyderabad,Bangalore,306.27,02/06/2025,NULL,NULL
SHO2630,DHL,,In Transit,Chennai,Bangalore,339.25,08/31/2024,NULL,NULL
SHO2635,BLUEDART,,Accepted,Delhi,Hyderabad,-32.99,NULL,NULL,NULL
SHO2636,DHL,04/23/2024,Delayed,Hyderabad,Bangalore,487.65,NULL,03/05/2024,NULL
SHO2637,FEDEX,03/27/2025,Delivered,Hyderabad,Mumbai,38.49,NULL,04/04/2025,NULL
SHO2639,DHL,,In Transit,Delhi,Mumbai,498.63,NULL,NULL,NULL
SHO2640,BLUEDART,,Accepted,Bangalore,Mumbai,39.24,06/23/2024,NULL,NULL
,BLUEDART,12/17/2025,Accepted,Mumbai,Bangalore,-58.56,12/21/2025,12/19/2025,NULL
SHO2643,BLUEDART,03/01/2025,Delayed,Hyderabad,Pune,-79.04,05/03/2025,03/06/2025,NULL
SHO2644,DHL,04/25/2024,Delayed,Bangalore,Hyderabad,-45.15,NULL,NULL,NULL
SHO2645,BLUEDART,,In Transit,Chennai,Mumbai,NULL,06/03/2025,NULL,NULL
SHO2647,BLUEDART,12/04/2025,In Transit,Chennai,Delhi,302.62,04/19/2025,NULL,NULL
SHO2648,FEDEX,,UNKNOWN,Delhi,Chennai,192.15,10/05/2025,NULL,NULL
SHO2649,DHL,11/08/2024,Pending,Delhi,Bangalore,78.1,08/18/2024,NULL,NULL
SHO2650,FEDEX,,Delayed,Bangalore,Pune,227.83,NULL,NULL,NULL
SHO2651,FEDEX,11/30/2024,Accepted,Pune,Chennai,-32.51,12/03/2024,NULL,NULL
SHO2652,FEDEX,,Delivered,Pune,Bangalore,-4.22,01/28/2024,01/31/2024,3
SHO2653,DHL,04/26/2025,Delivered,Delhi,Hyderabad,182.83,03/05/2025,NULL,NULL
SHO2655,BLUEDART,03/25/2024,Delivered,Bangalore,Pune,205.23,03/29/2024,NULL,NULL
SHO2656,FEDEX,,Pending,Hyderabad,Delhi,150.5,NULL,NULL,NULL
SHO2658,BLUEDART,11/03/2024,Delivered,Chennai,Delhi,496.05,NULL,03/23/2024,NULL
SHO2667,FEDEX,11/23/2024,Delivered,Bangalore,Pune,499.46,NULL,02/12/2024,NULL
,DHL,,Pending,Bangalore,Delhi,464.55,NULL,NULL,NULL
SHO2674,DHL,02/28/2024,Delivered,Chennai,Pune,320.89,NULL,NULL,NULL
SHO2675,DHL,,Delivered,Mumbai,Pune,92.88,NULL,08/26/2024,NULL
SHO2676,FEDEX,10/25/2025,Delayed,Delhi,Mumbai,336.18,01/11/2025,05/11/2025,NULL
SHO2680,BLUEDART,,Delivered,Hyderabad,Pune,331.23,06/03/2024,08/06/2024,64
,FEDEX,06/19/2024,Delivered,Chennai,Delhi,272.63,06/23/2024,06/22/2024,0
SHO2686,DHL,06/27/2024,Delivered,Delhi,Bangalore,177.8,NULL,07/08/2024,NULL
SHO2687,BLUEDART,,Accepted,Hyderabad,Pune,485.85,07/09/2024,NULL,NULL
SHO2688,DHL,,In Transit,Bangalore,Pune,35.93,08/05/2025,NULL,NULL
SHO2691,DHL,,In Transit,Mumbai,Delhi,287.11,NULL,NULL,NULL
SHO2692,BLUEDART,04/07/2025,Accepted,Delhi,Chennai,-23.08,04/14/2025,NULL,NULL
SHO2693,DHL,05/08/2024,Delivered,Mumbai,Pune,417.71,05/13/2024,NULL,NULL
SHO2696,BLUEDART,06/29/2026,Accepted,Chennai,Pune,475.05,05/07/2026,NULL,NULL
SHO2697,FEDEX,,UNKNOWN,Mumbai,Chennai,492.32,05/08/2026,07/05/2026,NULL
SHO2698,DHL,,Delayed,Bangalore,Chennai,324.51,05/27/2026,NULL,NULL
SHO2699,FEDEX,01/27/2025,Delivered,Chennai,Hyderabad,-71.15,01/29/2025,NULL,NULL
SHO2701,DHL,12/01/2024,Delivered,Pune,Delhi,449.51,01/18/2024,01/22/2024,4
,FEDEX,02/21/2025,Pending,Hyderabad,Bangalore,197.42,02/25/2025,NULL,NULL
SHO2704,BLUEDART,,Pending,Delhi,Mumbai,299.21,03/16/2025,NULL,NULL
SHO2705,DHL,06/04/2024,UNKNOWN,Delhi,Hyderabad,NULL,04/09/2024,04/16/2024,NULL
SHO2709,DHL,05/08/2024,UNKNOWN,Delhi,Mumbai,234.11,NULL,05/12/2024,NULL
SHO2710,BLUEDART,10/27/2024,UNKNOWN,Pune,Bangalore,303.86,10/31/2024,02/11/2024,NULL
SHO2711,DHL,09/07/2025,Delivered,Hyderabad,Bangalore,179.64,07/14/2025,07/19/2025,5
SHO2712,DHL,,Delivered,Hyderabad,Mumbai,43.22,01/24/2024,NULL,NULL
SHO2713,FEDEX,,Delivered,Hyderabad,Delhi,249.72,12/11/2025,12/16/2025,5
SHO2714,FEDEX,07/18/2025,In Transit,Chennai,Pune,-12.01,07/21/2025,NULL,NULL
SHO2716,FEDEX,09/02/2026,Delayed,Chennai,Bangalore,58.17,02/11/2026,02/15/2026,NULL
SHO2725,DHL,,In Transit,Bangalore,Chennai,256.4,10/14/2025,NULL,NULL
SHO2726,DHL,,Delivered,Bangalore,Chennai,496.27,12/23/2024,12/28/2024,5
SHO2727,BLUEDART,04/02/2024,Delivered,Chennai,Delhi,380.63,NULL,NULL,NULL
SHO2733,DHL,07/26/2024,In Transit,Pune,Chennai,-70.46,NULL,NULL,NULL
SHO2734,DHL,,Pending,Hyderabad,Chennai,-51.52,11/19/2024,NULL,NULL
SHO2735,BLUEDART,08/22/2024,Delayed,Hyderabad,Pune,-44.58,08/29/2024,08/31/2024,NULL
,FEDEX,10/24/2024,Delivered,Delhi,Pune,-78.46,NULL,03/11/2024,NULL
SHO2737,FEDEX,,Accepted,Chennai,Mumbai,NULL,NULL,03/28/2024,NULL
SHO2742,DHL,08/11/2025,Delivered,Delhi,Chennai,NULL,NULL,NULL,NULL
SHO2745,DHL,10/29/2024,In Transit,Hyderabad,Bangalore,-48.58,NULL,NULL,NULL
SHO2747,BLUEDART,,In Transit,Delhi,Bangalore,50.36,01/22/2024,NULL,NULL
SHO2748,BLUEDART,,Accepted,Pune,Bangalore,-68.19,NULL,11/26/2024,NULL
SHO2750,BLUEDART,,Delivered,Pune,Hyderabad,68.6,07/29/2024,07/31/2024,2
SHO2756,FEDEX,10/31/2025,Pending,Pune,Bangalore,489.38,03/11/2025,NULL,NULL
SHO2758,BLUEDART,12/08/2025,In Transit,Chennai,Pune,186.12,08/14/2025,NULL,NULL
SHO2760,BLUEDART,10/27/2024,Accepted,Bangalore,Pune,-16.49,03/11/2024,08/11/2024,NULL
SHO2761,BLUEDART,12/04/2025,Delivered,Chennai,Bangalore,183.28,NULL,04/18/2025,NULL
SHO2762,DHL,,In Transit,Delhi,Bangalore,175.0,04/06/2026,NULL,NULL
SHO2764,BLUEDART,,Pending,Bangalore,Chennai,429.93,08/03/2024,NULL,NULL
SHO2765,DHL,04/03/2024,Delivered,Mumbai,Hyderabad,380.98,03/07/2024,03/12/2024,5
,BLUEDART,,Delivered,Delhi,Mumbai,454.74,NULL,07/18/2025,NULL
SHO2769,DHL,,Delivered,Bangalore,Chennai,33.05,05/11/2025,05/15/2025,4
SHO2770,BLUEDART,,Pending,Bangalore,Hyderabad,447.68,11/15/2025,NULL,NULL
SHO2772,FEDEX,,UNKNOWN,Pune,Hyderabad,36.57,10/29/2024,05/11/2024,NULL
,BLUEDART,03/08/2024,Pending,Pune,Mumbai,237.7,NULL,NULL,NULL
SHO2776,FEDEX,10/06/2024,Delivered,Mumbai,Bangalore,NULL,06/13/2024,06/17/2024,4
SHO2779,DHL,,Delivered,Bangalore,Hyderabad,NULL,NULL,06/03/2025,NULL
SHO2780,DHL,,In Transit,Hyderabad,Pune,369.94,NULL,NULL,NULL
SHO2781,DHL,01/22/2026,UNKNOWN,Mumbai,Pune,306.04,01/27/2026,NULL,NULL
,FEDEX,,Delivered,Delhi,Pune,30.75,05/16/2024,05/20/2024,4
SHO2783,BLUEDART,12/11/2025,In Transit,Hyderabad,Mumbai,-43.51,NULL,NULL,NULL
SHO2784,BLUEDART,08/12/2024,In Transit,Delhi,Bangalore,-41.19,12/11/2024,NULL,NULL
SHO2785,BLUEDART,12/05/2025,Delayed,Mumbai,Chennai,-15.04,09/12/2025,12/16/2025,NULL
SHO2786,DHL,10/05/2024,UNKNOWN,Hyderabad,Delhi,311.59,05/14/2024,NULL,NULL
SHO2789,DHL,02/12/2024,UNKNOWN,Delhi,Bangalore,-9.97,02/14/2024,NULL,NULL
SHO2790,BLUEDART,,Delivered,Pune,Mumbai,48.39,NULL,01/31/2025,NULL
SHO2794,FEDEX,,In Transit,Mumbai,Pune,146.63,NULL,NULL,NULL
SHO2795,BLUEDART,10/24/2024,Delivered,Chennai,Mumbai,-21.75,NULL,10/31/2024,NULL
,FEDEX,,Pending,Mumbai,Delhi,150.18,11/30/2024,NULL,NULL
SHO2798,DHL,,Accepted,Delhi,Mumbai,456.8,NULL,NULL,NULL
SHO2800,FEDEX,03/25/2024,Delivered,Chennai,Hyderabad,20.93,03/29/2024,NULL,NULL
SHO2802,DHL,11/07/2025,Delivered,Bangalore,Mumbai,251.41,11/11/2025,NULL,NULL
,FEDEX,,In Transit,Bangalore,Mumbai,193.0,02/08/2026,NULL,NULL
SHO2806,DHL,,Delayed,Bangalore,Delhi,108.21,05/31/2024,06/04/2024,NULL
SHO2807,FEDEX,,In Transit,Delhi,Chennai,-52.22,NULL,NULL,NULL
SHO2808,DHL,,Pending,Hyderabad,Chennai,53.57,NULL,NULL,NULL
SHO2809,BLUEDART,12/05/2024,Delivered,Delhi,Chennai,283.0,NULL,12/12/2024,NULL
SHO2810,BLUEDART,,Pending,Hyderabad,Bangalore,117.39,NULL,NULL,NULL
SHO2811,BLUEDART,,In Transit,Bangalore,Mumbai,158.68,03/09/2025,NULL,NULL
SHO2812,BLUEDART,,In Transit,Mumbai,Pune,424.44,NULL,NULL,NULL
SHO2817,BLUEDART,09/01/2024,Delayed,Pune,Bangalore,333.64,NULL,01/22/2024,NULL
SHO2819,BLUEDART,01/30/2026,In Transit,Mumbai,Hyderabad,-42.91,02/06/2026,NULL,NULL
SHO2820,BLUEDART,03/30/2025,In Transit,Mumbai,Chennai,NULL,06/04/2025,NULL,NULL
SHO2821,DHL,03/24/2025,Pending,Delhi,Bangalore,NULL,03/26/2025,NULL,NULL
SHO2824,DHL,,Delivered,Mumbai,Bangalore,3.76,01/19/2025,NULL,NULL
SHO2826,DHL,,In Transit,Hyderabad,Chennai,273.45,04/07/2024,NULL,NULL
SHO2832,BLUEDART,10/26/2024,Delivered,Pune,Mumbai,238.47,NULL,10/29/2024,NULL
SHO2834,DHL,,Pending,Bangalore,Chennai,74.23,NULL,NULL,NULL
,BLUEDART,03/11/2024,Pending,Bangalore,Mumbai,467.07,NULL,NULL,NULL
SHO2840,FEDEX,,Delayed,Delhi,Chennai,261.2,NULL,04/04/2025,NULL
SHO2841,DHL,,Pending,Hyderabad,Mumbai,176.76,04/23/2026,NULL,NULL
SHO2843,FEDEX,09/06/2025,Accepted,Hyderabad,Pune,-74.97,09/13/2025,NULL,NULL
SHO2845,DHL,,Pending,Chennai,Bangalore,355.8,04/10/2024,NULL,NULL
SHO2849,BLUEDART,,Delivered,Chennai,Hyderabad,28.69,05/15/2024,NULL,NULL
SHO2850,BLUEDART,03/02/2024,In Transit,Delhi,Mumbai,343.03,02/05/2024,NULL,NULL
SHO2852,FEDEX,,UNKNOWN,Chennai,Bangalore,149.65,01/24/2024,NULL,NULL
SHO2853,BLUEDART,05/31/2025,Delivered,Delhi,Chennai,418.55,03/06/2025,08/06/2025,153
SHO2855,FEDEX,,Delivered,Bangalore,Pune,1.49,NULL,NULL,NULL
SHO2856,DHL,05/31/2024,Pending,Mumbai,Delhi,219.74,04/06/2024,NULL,NULL
SHO2858,BLUEDART,06/02/2025,Delivered,Mumbai,Pune,210.47,NULL,06/09/2025,NULL
SHO2860,FEDEX,04/04/2025,Delayed,Chennai,Mumbai,-42.4,04/07/2025,04/16/2025,NULL
SHO2865,BLUEDART,07/15/2025,Delayed,Chennai,Bangalore,-65.04,NULL,07/27/2025,NULL
SHO2867,FEDEX,06/19/2025,Delivered,Mumbai,Pune,-11.05,06/26/2025,NULL,NULL
SHO2868,FEDEX,,Delayed,Bangalore,Delhi,NULL,02/20/2024,02/26/2024,NULL
SHO2869,BLUEDART,,In Transit,Chennai,Pune,99.9,11/01/2025,NULL,NULL
SHO2871,DHL,,In Transit,Chennai,Hyderabad,-42.52,NULL,NULL,NULL
SHO2872,FEDEX,,Pending,Bangalore,Hyderabad,NULL,11/20/2025,NULL,NULL
SHO2873,BLUEDART,03/29/2026,Delivered,Chennai,Bangalore,161.93,NULL,04/05/2026,NULL
SHO2874,FEDEX,,Accepted,Hyderabad,Pune,-71.93,05/30/2025,NULL,NULL
SHO2875,DHL,10/28/2024,In Transit,Bangalore,Chennai,269.59,04/11/2024,NULL,NULL
,FEDEX,,Delivered,Bangalore,Chennai,491.89,NULL,NULL,NULL
SHO2881,BLUEDART,04/28/2026,In Transit,Chennai,Mumbai,-1.68,04/05/2026,NULL,NULL
SHO2883,DHL,,In Transit,Delhi,Hyderabad,118.06,12/01/2024,NULL,NULL
SHO2884,DHL,12/18/2024,UNKNOWN,Bangalore,Delhi,408.63,12/24/2024,NULL,NULL
SHO2885,BLUEDART,07/10/2024,UNKNOWN,Pune,Bangalore,428.55,10/10/2024,08/10/2024,NULL
SHO2889,FEDEX,09/23/2024,Delivered,Mumbai,Bangalore,NULL,09/25/2024,NULL,NULL
SHO2891,BLUEDART,08/06/2025,Delayed,Bangalore,Pune,-18.87,06/13/2025,06/18/2025,NULL
SHO2893,FEDEX,09/23/2024,Delivered,Mumbai,Hyderabad,-29.78,NULL,NULL,NULL
SHO2896,BLUEDART,,Delayed,Chennai,Mumbai,148.92,11/05/2025,11/15/2025,NULL
SHO2897,FEDEX,06/30/2025,In Transit,Delhi,Pune,162.87,02/07/2025,NULL,NULL
SHO2898,DHL,12/03/2025,Pending,Pune,Bangalore,NULL,NULL,NULL,NULL
SHO2902,FEDEX,,In Transit,Mumbai,Delhi,291.71,10/31/2024,NULL,NULL
,BLUEDART,10/02/2026,In Transit,Hyderabad,Mumbai,45.68,NULL,NULL,NULL
SHO2904,FEDEX,,Pending,Chennai,Hyderabad,129.3,08/07/2025,NULL,NULL
SHO2905,DHL,,In Transit,Pune,Hyderabad,364.21,NULL,NULL,NULL
SHO2906,FEDEX,04/28/2024,Delayed,Delhi,Pune,-31.63,03/05/2024,NULL,NULL
SHO2907,DHL,,Pending,Mumbai,Pune,40.1,12/09/2025,NULL,NULL
SHO2908,DHL,,Delayed,Chennai,Hyderabad,-75.48,07/18/2024,07/20/2024,NULL
SHO2912,FEDEX,01/11/2025,Pending,Chennai,Pune,-30.44,01/15/2025,NULL,NULL
SHO2916,FEDEX,,In Transit,Mumbai,Pune,-75.68,07/17/2024,NULL,NULL
SHO2917,DHL,11/19/2025,UNKNOWN,Pune,Hyderabad,182.12,NULL,NULL,NULL
SHO2920,BLUEDART,,Pending,Pune,Hyderabad,103.92,09/20/2024,NULL,NULL
SHO2921,DHL,06/22/2026,In Transit,Bangalore,Mumbai,-6.75,06/24/2026,NULL,NULL
SHO2923,DHL,08/17/2025,Delivered,Mumbai,Delhi,102.39,NULL,08/20/2025,NULL
SHO2924,DHL,,In Transit,Bangalore,Delhi,350.84,10/21/2025,NULL,NULL
SHO2925,BLUEDART,05/05/2026,Delivered,Mumbai,Bangalore,354.66,05/10/2026,NULL,NULL
SHO2927,BLUEDART,04/06/2024,Delivered,Mumbai,Pune,NULL,04/10/2024,04/10/2024,0
SHO2928,BLUEDART,01/19/2024,UNKNOWN,Hyderabad,Chennai,448.92,NULL,01/30/2024,NULL
SHO2930,DHL,12/09/2025,Delivered,Bangalore,Chennai,437.21,NULL,09/15/2025,NULL
SHO2932,DHL,,Pending,Hyderabad,Pune,112.7,04/19/2025,NULL,NULL
SHO2933,FEDEX,03/01/2024,Accepted,Hyderabad,Mumbai,320.28,01/06/2024,NULL,NULL
SHO2936,BLUEDART,,Delayed,Delhi,Hyderabad,486.97,12/23/2024,NULL,NULL
SHO2938,DHL,,Pending,Mumbai,Bangalore,6.4,NULL,NULL,NULL
SHO2939,FEDEX,11/06/2025,Delivered,Pune,Hyderabad,-37.28,11/13/2025,11/14/2025,1
SHO2940,BLUEDART,05/02/2026,Delivered,Delhi,Bangalore,NULL,05/09/2026,05/08/2026,0
SHO2941,DHL,,Delivered,Chennai,Delhi,418.86,01/07/2026,06/29/2026,173
SHO2944,DHL,,Pending,Mumbai,Delhi,434.98,10/30/2025,NULL,NULL
SHO2947,FEDEX,,Pending,Mumbai,Chennai,362.98,01/09/2025,NULL,NULL
SHO2948,DHL,,Delivered,Hyderabad,Pune,-70.64,06/04/2025,04/10/2025,0
SHO2950,DHL,09/29/2025,Delayed,Mumbai,Chennai,484.07,01/10/2025,NULL,NULL
SHO2951,DHL,06/13/2025,Delayed,Delhi,Mumbai,-53.85,06/16/2025,06/18/2025,NULL
SHO2952,DHL,03/03/2024,Delivered,Delhi,Mumbai,166.27,NULL,07/03/2024,NULL
SHO2953,DHL,,Pending,Hyderabad,Pune,NULL,04/20/2026,NULL,NULL
SHO2954,BLUEDART,12/01/2024,Pending,Bangalore,Delhi,-22.74,NULL,NULL,NULL
SHO2957,BLUEDART,02/06/2024,Delayed,Bangalore,Hyderabad,-38.5,02/10/2024,02/12/2024,NULL
SHO2961,DHL,,Accepted,Bangalore,Pune,142.75,NULL,NULL,NULL
SHO2963,BLUEDART,,In Transit,Bangalore,Mumbai,394.76,06/20/2026,NULL,NULL
SHO2965,BLUEDART,,Delayed,Chennai,Bangalore,65.75,NULL,02/22/2026,NULL
SHO2966,FEDEX,,Delivered,Bangalore,Hyderabad,316.05,09/10/2024,NULL,NULL
SHO2967,FEDEX,12/08/2025,In Transit,Delhi,Bangalore,-68.39,NULL,NULL,NULL
SHO2968,BLUEDART,,Delivered,Hyderabad,Mumbai,408.94,08/02/2025,NULL,NULL
SHO2971,FEDEX,,In Transit,Hyderabad,Chennai,-6.82,NULL,NULL,NULL
SHO2973,BLUEDART,11/05/2025,Delayed,Bangalore,Mumbai,303.71,05/15/2025,05/23/2025,NULL
SHO2974,FEDEX,,Delayed,Bangalore,Pune,128.79,12/18/2025,12/23/2025,NULL
SHO2975,DHL,,In Transit,Delhi,Chennai,204.55,11/10/2025,NULL,NULL
SHO2978,BLUEDART,01/04/2026,UNKNOWN,Mumbai,Pune,257.02,NULL,NULL,NULL
SHO2979,BLUEDART,,Delivered,Chennai,Pune,28.69,03/22/2026,03/26/2026,4
SHO2981,FEDEX,10/21/2024,UNKNOWN,Pune,Chennai,497.09,10/27/2024,NULL,NULL
SHO2982,DHL,,In Transit,Delhi,Bangalore,-59.08,07/04/2024,NULL,NULL
SHO2983,FEDEX,,Pending,Bangalore,Pune,-43.28,01/25/2024,NULL,NULL
SHO2984,FEDEX,,Delivered,Chennai,Hyderabad,81.65,02/19/2026,02/18/2026,0
SHO2987,FEDEX,,Pending,Bangalore,Mumbai,67.21,10/26/2025,NULL,NULL
,FEDEX,,In Transit,Hyderabad,Bangalore,143.25,01/06/2025,NULL,NULL
SHO2989,BLUEDART,01/05/2025,Delivered,Hyderabad,Chennai,-0.75,05/03/2025,05/08/2025,5
SHO2991,BLUEDART,,In Transit,Mumbai,Bangalore,345.61,02/07/2026,NULL,NULL
SHO2993,FEDEX,,UNKNOWN,Chennai,Mumbai,NULL,11/21/2024,11/23/2024,NULL
SHO2994,DHL,,Delayed,Mumbai,Pune,-1.9,08/07/2025,11/08/2025,NULL
SHO2995,FEDEX,11/21/2024,Delayed,Hyderabad,Mumbai,-34.21,11/24/2024,NULL,NULL
,DHL,,Delayed,Pune,Delhi,322.76,NULL,12/05/2025,NULL
SHO2999,FEDEX,05/16/2026,Delivered,Delhi,Mumbai,264.27,NULL,05/19/2026,NULL
SHO3003,DHL,,In Transit,Mumbai,Bangalore,304.5,06/23/2026,NULL,NULL
SHO3004,BLUEDART,03/06/2026,Pending,Hyderabad,Chennai,-16.57,08/03/2026,NULL,NULL
SHO3005,BLUEDART,12/28/2024,Pending,Mumbai,Delhi,-55.62,12/31/2024,NULL,NULL
SHO3006,DHL,,Delayed,Delhi,Mumbai,282.0,07/02/2026,NULL,NULL
SHO3007,DHL,11/16/2025,UNKNOWN,Hyderabad,Chennai,301.6,NULL,NULL,NULL
SHO3008,BLUEDART,04/29/2024,UNKNOWN,Chennai,Bangalore,6.92,01/05/2024,NULL,NULL
SHO3009,DHL,,Pending,Mumbai,Delhi,NULL,NULL,NULL,NULL
SHO3010,FEDEX,02/08/2024,Delayed,Pune,Mumbai,NULL,NULL,02/14/2024,NULL
SHO3011,FEDEX,07/02/2024,Pending,Chennai,Delhi,84.69,06/07/2024,NULL,NULL
SHO3012,FEDEX,09/10/2025,Delivered,Hyderabad,Pune,12.41,NULL,NULL,NULL
SHO3013,DHL,09/29/2025,Pending,Bangalore,Delhi,230.15,02/10/2025,NULL,NULL
SHO3014,BLUEDART,,Pending,Pune,Mumbai,388.88,03/09/2025,NULL,NULL
SHO3015,DHL,,UNKNOWN,Hyderabad,Delhi,154.9,12/19/2024,NULL,NULL
SHO3016,DHL,,Delivered,Pune,Chennai,17.67,06/16/2026,06/20/2026,4
SHO3017,FEDEX,,In Transit,Pune,Chennai,356.9,03/29/2025,NULL,NULL
SHO3018,BLUEDART,05/26/2026,Delayed,Hyderabad,Chennai,-3.0,NULL,03/06/2026,NULL
SHO3021,DHL,08/24/2024,UNKNOWN,Bangalore,Chennai,358.75,08/28/2024,NULL,NULL
SHO3023,FEDEX,04/21/2026,Accepted,Bangalore,Chennai,-46.54,04/26/2026,NULL,NULL
SHO3024,DHL,11/24/2024,UNKNOWN,Pune,Hyderabad,381.14,11/26/2024,11/29/2024,NULL
,FEDEX,07/12/2024,In Transit,Pune,Hyderabad,11.06,07/17/2024,NULL,NULL
SHO3029,BLUEDART,07/29/2025,UNKNOWN,Hyderabad,Chennai,438.11,04/08/2025,NULL,NULL
SHO3031,FEDEX,,In Transit,Hyderabad,Bangalore,277.08,05/18/2026,NULL,NULL
SHO3035,BLUEDART,04/16/2024,Delivered,Bangalore,Hyderabad,NULL,04/18/2024,NULL,NULL
SHO3037,FEDEX,,Delayed,Hyderabad,Chennai,127.02,06/04/2025,08/06/2025,NULL
SHO3040,BLUEDART,,In Transit,Mumbai,Pune,NULL,NULL,NULL,NULL
SHO3041,DHL,11/07/2025,Delivered,Delhi,Hyderabad,74.43,NULL,07/13/2025,NULL
SHO3042,FEDEX,01/09/2024,Accepted,Chennai,Mumbai,-8.48,NULL,NULL,NULL
SHO3043,FEDEX,11/04/2025,Pending,Delhi,Bangalore,252.64,04/15/2025,NULL,NULL
SHO3044,BLUEDART,,Delayed,Bangalore,Hyderabad,26.02,NULL,NULL,NULL
SHO3045,BLUEDART,12/10/2025,Delivered,Chennai,Mumbai,96.14,10/19/2025,NULL,NULL
SHO3046,FEDEX,,Delayed,Bangalore,Hyderabad,-6.5,01/04/2025,04/10/2025,NULL
SHO3047,DHL,07/24/2024,Delivered,Hyderabad,Chennai,-34.86,NULL,07/26/2024,NULL
SHO3048,DHL,07/11/2025,Accepted,Pune,Chennai,NULL,NULL,NULL,NULL
SHO3052,BLUEDART,,Delivered,Hyderabad,Bangalore,231.78,02/23/2025,02/24/2025,1
SHO3054,FEDEX,10/29/2025,UNKNOWN,Hyderabad,Chennai,329.5,11/04/2025,07/11/2025,NULL
,FEDEX,,Accepted,Mumbai,Delhi,289.28,05/27/2026,NULL,NULL
SHO3057,FEDEX,,Delivered,Mumbai,Hyderabad,424.13,NULL,NULL,NULL
SHO3058,BLUEDART,06/02/2025,Pending,Chennai,Bangalore,318.18,05/06/2025,NULL,NULL
SHO3063,BLUEDART,09/23/2024,UNKNOWN,Hyderabad,Pune,-39.54,NULL,NULL,NULL
SHO3064,FEDEX,01/21/2024,Delivered,Bangalore,Hyderabad,62.74,NULL,01/29/2024,NULL
SHO3065,FEDEX,,In Transit,Delhi,Chennai,470.25,NULL,NULL,NULL
SHO3068,DHL,09/03/2025,In Transit,Chennai,Hyderabad,213.43,03/15/2025,NULL,NULL
SHO3069,FEDEX,,Pending,Mumbai,Bangalore,-28.62,08/15/2025,NULL,NULL
SHO3070,DHL,,In Transit,Delhi,Hyderabad,-47.59,10/03/2024,NULL,NULL
SHO3071,FEDEX,,In Transit,Chennai,Delhi,461.12,NULL,NULL,NULL
SHO3073,BLUEDART,10/08/2024,Delivered,Chennai,Bangalore,189.35,08/15/2024,08/13/2024,0
,DHL,,Pending,Mumbai,Hyderabad,154.71,NULL,NULL,NULL
SHO3076,FEDEX,06/15/2024,Delivered,Bangalore,Delhi,482.9,06/18/2024,NULL,NULL
SHO3078,FEDEX,09/09/2025,Delivered,Pune,Mumbai,254.83,12/09/2025,NULL,NULL
SHO3079,DHL,,Delivered,Pune,Chennai,52.08,08/17/2025,08/18/2025,1
SHO3081,FEDEX,,Delayed,Pune,Hyderabad,NULL,NULL,01/02/2025,NULL
SHO3082,FEDEX,,Delayed,Mumbai,Bangalore,343.51,08/06/2024,NULL,NULL
SHO3083,FEDEX,,In Transit,Chennai,Bangalore,32.77,05/04/2025,NULL,NULL
SHO3084,FEDEX,,In Transit,Delhi,Chennai,345.08,09/13/2025,NULL,NULL
SHO3085,BLUEDART,11/25/2025,UNKNOWN,Delhi,Mumbai,483.29,12/02/2025,NULL,NULL
SHO3086,DHL,,Delayed,Mumbai,Chennai,409.4,NULL,NULL,NULL
,FEDEX,02/21/2025,Delivered,Pune,Bangalore,153.41,02/26/2025,NULL,NULL
SHO3093,DHL,,Pending,Bangalore,Mumbai,37.39,07/06/2024,NULL,NULL
SHO3097,BLUEDART,,Delivered,Chennai,Hyderabad,45.74,NULL,09/27/2024,NULL
SHO3098,BLUEDART,06/12/2026,UNKNOWN,Hyderabad,Pune,468.12,06/18/2026,06/23/2026,NULL
SHO3099,DHL,05/28/2026,UNKNOWN,Mumbai,Chennai,341.56,05/30/2026,01/06/2026,NULL
SHO3102,DHL,01/25/2025,Delivered,Bangalore,Hyderabad,256.52,NULL,NULL,NULL
SHO3104,BLUEDART,03/19/2026,UNKNOWN,Hyderabad,Chennai,230.24,NULL,NULL,NULL
SHO3105,DHL,,Delayed,Delhi,Mumbai,168.76,06/06/2026,06/13/2026,NULL
SHO3106,FEDEX,,Delayed,Mumbai,Pune,118.53,07/30/2025,NULL,NULL
SHO3108,BLUEDART,,Delayed,Chennai,Bangalore,368.44,03/28/2025,NULL,NULL
SHO3109,FEDEX,07/04/2024,In Transit,Chennai,Hyderabad,-36.34,NULL,NULL,NULL
SHO3111,BLUEDART,,Accepted,Delhi,Mumbai,322.59,10/01/2024,NULL,NULL
SHO3113,FEDEX,05/31/2025,Delivered,Delhi,Pune,45.11,05/06/2025,06/06/2025,31
,FEDEX,08/04/2024,Accepted,Bangalore,Hyderabad,38.62,12/04/2024,04/17/2024,NULL
SHO3115,FEDEX,05/27/2026,Delivered,Bangalore,Delhi,108.9,NULL,05/29/2026,NULL
SHO3117,BLUEDART,,Delayed,Mumbai,Hyderabad,223.67,01/28/2025,NULL,NULL
SHO3118,FEDEX,,Delayed,Delhi,Pune,134.65,03/09/2024,03/17/2024,NULL
SHO3120,FEDEX,,Pending,Hyderabad,Bangalore,462.32,07/13/2024,NULL,NULL
SHO3122,BLUEDART,,In Transit,Bangalore,Hyderabad,367.53,03/18/2026,NULL,NULL
SHO3123,FEDEX,11/25/2025,In Transit,Pune,Bangalore,-54.27,02/12/2025,NULL,NULL
SHO3127,BLUEDART,01/27/2025,Delivered,Chennai,Bangalore,-61.99,01/29/2025,01/28/2025,0
,FEDEX,02/17/2024,Delivered,Bangalore,Hyderabad,262.94,02/22/2024,NULL,NULL
SHO3131,BLUEDART,,Pending,Bangalore,Mumbai,16.36,NULL,NULL,NULL
SHO3132,FEDEX,02/28/2024,Accepted,Pune,Delhi,317.9,01/03/2024,04/03/2024,NULL
SHO3133,FEDEX,,Delayed,Chennai,Bangalore,426.27,07/24/2025,NULL,NULL
SHO3134,FEDEX,06/28/2026,Pending,Pune,Bangalore,-20.31,07/04/2026,NULL,NULL
,DHL,08/18/2024,In Transit,Delhi,Pune,NULL,08/21/2024,NULL,NULL
SHO3136,BLUEDART,06/27/2026,Accepted,Bangalore,Chennai,-27.24,07/03/2026,NULL,NULL
SHO3137,FEDEX,,Delayed,Pune,Chennai,438.8,NULL,05/26/2025,NULL
SHO3139,BLUEDART,,Pending,Delhi,Chennai,61.67,05/06/2024,NULL,NULL
,FEDEX,,Delayed,Hyderabad,Delhi,48.93,04/08/2025,08/08/2025,NULL
SHO3143,DHL,,Delivered,Hyderabad,Bangalore,287.21,NULL,NULL,NULL
SHO3144,BLUEDART,01/22/2024,Delayed,Pune,Bangalore,NULL,01/24/2024,01/26/2024,NULL
SHO3145,FEDEX,12/04/2025,In Transit,Delhi,Pune,NULL,04/19/2025,NULL,NULL
SHO3147,BLUEDART,11/01/2024,Delayed,Mumbai,Hyderabad,435.19,01/15/2024,01/24/2024,NULL
SHO3152,DHL,,In Transit,Hyderabad,Mumbai,107.34,NULL,NULL,NULL
SHO3153,BLUEDART,03/11/2024,UNKNOWN,Delhi,Mumbai,134.59,03/18/2024,NULL,NULL
SHO3157,FEDEX,08/17/2025,UNKNOWN,Hyderabad,Bangalore,10.04,NULL,NULL,NULL
SHO3160,FEDEX,,Pending,Hyderabad,Pune,47.2,NULL,NULL,NULL
,FEDEX,,Delivered,Bangalore,Mumbai,153.07,NULL,04/22/2025,NULL
SHO3163,FEDEX,,Delivered,Mumbai,Hyderabad,97.01,07/21/2025,07/24/2025,3
SHO3165,FEDEX,09/28/2024,Delayed,Delhi,Pune,317.43,02/10/2024,06/10/2024,NULL
SHO3166,BLUEDART,,Accepted,Chennai,Pune,354.15,NULL,10/23/2025,NULL
SHO3167,BLUEDART,,Delivered,Hyderabad,Chennai,303.72,09/18/2024,09/19/2024,1
,BLUEDART,04/04/2026,In Transit,Mumbai,Pune,354.77,04/07/2026,NULL,NULL
SHO3169,DHL,,Pending,Delhi,Chennai,433.78,07/08/2025,NULL,NULL
SHO3170,FEDEX,06/03/2024,UNKNOWN,Mumbai,Hyderabad,-23.33,03/11/2024,03/14/2024,NULL
SHO3171,BLUEDART,,In Transit,Delhi,Hyderabad,-53.7,NULL,NULL,NULL
SHO3172,BLUEDART,,Delivered,Chennai,Pune,379.48,NULL,03/07/2026,NULL
SHO3175,DHL,04/24/2024,Delivered,Delhi,Bangalore,-33.07,04/28/2024,03/05/2024,0
SHO3176,DHL,,Delayed,Bangalore,Mumbai,435.07,NULL,11/06/2025,NULL
SHO3178,DHL,05/19/2025,In Transit,Hyderabad,Bangalore,NULL,05/21/2025,NULL,NULL
SHO3182,BLUEDART,,UNKNOWN,Hyderabad,Delhi,323.11,02/28/2024,NULL,NULL
SHO3183,DHL,06/27/2026,Delayed,Hyderabad,Bangalore,68.09,07/02/2026,04/07/2026,NULL
SHO3184,DHL,10/24/2025,Pending,Mumbai,Bangalore,NULL,10/26/2025,NULL,NULL
SHO3185,DHL,,Delayed,Chennai,Delhi,329.42,NULL,10/31/2025,NULL
SHO3186,DHL,,In Transit,Mumbai,Chennai,311.76,12/31/2025,NULL,NULL
SHO3187,FEDEX,,Pending,Bangalore,Mumbai,130.07,02/07/2026,NULL,NULL
SHO3189,DHL,,Delivered,Delhi,Chennai,-43.9,05/25/2025,NULL,NULL
,FEDEX,06/27/2026,In Transit,Pune,Hyderabad,136.62,07/01/2026,NULL,NULL
SHO3195,DHL,01/23/2025,Accepted,Pune,Chennai,-12.47,NULL,NULL,NULL
SHO3197,FEDEX,06/12/2024,Accepted,Delhi,Chennai,NULL,12/10/2024,NULL,NULL
SHO3198,BLUEDART,12/04/2026,Delivered,Chennai,Hyderabad,99.97,04/19/2026,04/23/2026,4
SHO3200,BLUEDART,09/19/2025,Delayed,Hyderabad,Chennai,422.25,09/22/2025,02/10/2025,NULL
SHO3203,DHL,08/29/2024,In Transit,Delhi,Pune,201.7,03/09/2024,NULL,NULL
,DHL,,Pending,Delhi,Bangalore,46.51,01/29/2025,NULL,NULL
SHO3205,BLUEDART,09/27/2024,Delivered,Delhi,Mumbai,-66.13,09/30/2024,02/10/2024,0
SHO3206,DHL,,Pending,Hyderabad,Chennai,NULL,06/02/2025,NULL,NULL
SHO3210,BLUEDART,,Delayed,Hyderabad,Bangalore,52.46,NULL,NULL,NULL
SHO3211,DHL,01/01/2025,Delayed,Bangalore,Mumbai,-18.34,07/01/2025,NULL,NULL
SHO3218,DHL,,Delivered,Delhi,Pune,184.58,11/22/2024,11/24/2024,2
SHO3225,BLUEDART,,In Transit,Delhi,Chennai,411.15,03/28/2026,NULL,NULL
SHO3226,FEDEX,,Delayed,Bangalore,Chennai,NULL,06/26/2026,07/02/2026,NULL
SHO3232,BLUEDART,,Delayed,Delhi,Hyderabad,255.44,NULL,NULL,NULL
SHO3234,FEDEX,,Delivered,Bangalore,Chennai,314.64,NULL,NULL,NULL
SHO3236,BLUEDART,02/05/2024,UNKNOWN,Pune,Delhi,118.01,02/12/2024,NULL,NULL
SHO3238,FEDEX,,Delivered,Pune,Chennai,-21.28,NULL,NULL,NULL
SHO3243,FEDEX,10/14/2024,Pending,Mumbai,Delhi,-12.9,10/19/2024,NULL,NULL
,DHL,,Delivered,Bangalore,Hyderabad,187.48,NULL,NULL,NULL
SHO3248,FEDEX,07/17/2024,In Transit,Delhi,Hyderabad,NULL,NULL,NULL,NULL
SHO3249,FEDEX,,Pending,Delhi,Mumbai,121.39,02/10/2024,NULL,NULL
SHO3250,DHL,,Delivered,Mumbai,Hyderabad,37.35,04/22/2026,04/25/2026,3
SHO3252,BLUEDART,11/07/2024,Delivered,Pune,Mumbai,430.25,NULL,11/13/2024,NULL
SHO3254,BLUEDART,,Delayed,Mumbai,Pune,182.16,03/17/2024,NULL,NULL
SHO3256,BLUEDART,,Delivered,Chennai,Bangalore,204.96,NULL,10/23/2025,NULL
SHO3257,DHL,,Accepted,Bangalore,Mumbai,-62.52,NULL,NULL,NULL
SHO3258,DHL,,Pending,Delhi,Pune,468.67,NULL,NULL,NULL
SHO3259,BLUEDART,,Delivered,Chennai,Mumbai,-26.95,NULL,NULL,NULL
SHO3263,DHL,,Pending,Chennai,Mumbai,NULL,10/25/2024,NULL,NULL
SHO3264,BLUEDART,05/18/2026,In Transit,Hyderabad,Bangalore,-19.54,NULL,NULL,NULL
SHO3265,FEDEX,,Delayed,Mumbai,Hyderabad,419.7,08/19/2024,08/25/2024,NULL
SHO3268,BLUEDART,,Accepted,Chennai,Delhi,292.59,NULL,NULL,NULL
,BLUEDART,11/05/2025,In Transit,Chennai,Pune,163.31,NULL,NULL,NULL
SHO3270,BLUEDART,,Pending,Hyderabad,Delhi,85.97,12/27/2024,NULL,NULL
SHO3272,BLUEDART,02/03/2024,Delivered,Bangalore,Pune,-22.11,10/02/2024,NULL,NULL
,FEDEX,12/12/2024,In Transit,Mumbai,Bangalore,400.0,NULL,NULL,NULL
SHO3275,BLUEDART,01/30/2024,Delivered,Pune,Delhi,385.23,NULL,NULL,NULL
SHO3278,BLUEDART,01/08/2024,Delivered,Chennai,Pune,63.51,10/01/2024,NULL,NULL
SHO3279,BLUEDART,02/22/2024,Delivered,Bangalore,Hyderabad,499.17,02/24/2024,NULL,NULL
SHO3282,FEDEX,,Delivered,Hyderabad,Bangalore,439.48,NULL,08/30/2025,NULL
SHO3285,BLUEDART,,Delayed,Pune,Bangalore,168.59,NULL,11/12/2024,NULL
SHO3288,DHL,,Accepted,Mumbai,Hyderabad,-47.63,01/29/2024,NULL,NULL
,FEDEX,10/27/2024,Pending,Bangalore,Hyderabad,294.4,03/11/2024,NULL,NULL
SHO3293,DHL,05/08/2024,In Transit,Pune,Bangalore,NULL,NULL,NULL,NULL
SHO3294,FEDEX,10/18/2025,UNKNOWN,Hyderabad,Mumbai,98.29,NULL,NULL,NULL
SHO3298,DHL,,Pending,Hyderabad,Mumbai,215.63,04/03/2025,NULL,NULL
SHO3300,BLUEDART,,Pending,Mumbai,Pune,294.06,NULL,NULL,NULL
SHO3303,FEDEX,10/09/2025,In Transit,Mumbai,Delhi,482.19,09/14/2025,NULL,NULL
,FEDEX,12/11/2025,Pending,Hyderabad,Pune,405.59,NULL,NULL,NULL
SHO3307,DHL,01/03/2025,Pending,Bangalore,Hyderabad,-27.53,03/03/2025,NULL,NULL
SHO3309,FEDEX,06/05/2026,Pending,Delhi,Mumbai,-35.01,05/08/2026,NULL,NULL
SHO3312,DHL,,UNKNOWN,Hyderabad,Mumbai,-37.17,02/16/2025,NULL,NULL
SHO3313,FEDEX,10/02/2024,Delivered,Bangalore,Pune,NULL,10/09/2024,10/10/2024,1
SHO3314,BLUEDART,,Delayed,Delhi,Bangalore,145.31,01/14/2025,01/17/2025,NULL
SHO3317,DHL,,UNKNOWN,Chennai,Hyderabad,432.12,07/29/2025,NULL,NULL
SHO3318,FEDEX,04/25/2026,Accepted,Bangalore,Hyderabad,NULL,01/05/2026,NULL,NULL
SHO3319,DHL,04/11/2025,In Transit,Delhi,Mumbai,-64.79,04/16/2025,NULL,NULL
SHO3320,BLUEDART,,In Transit,Bangalore,Pune,107.38,10/28/2025,NULL,NULL
SHO3322,DHL,12/14/2024,Accepted,Mumbai,Hyderabad,-34.45,12/21/2024,NULL,NULL
SHO3324,BLUEDART,,Accepted,Hyderabad,Delhi,-67.03,10/24/2024,NULL,NULL
SHO3325,DHL,,Delivered,Chennai,Hyderabad,56.76,09/30/2024,NULL,NULL
SHO3326,FEDEX,,In Transit,Mumbai,Hyderabad,438.68,09/01/2025,NULL,NULL
SHO3328,DHL,,Pending,Mumbai,Pune,470.08,05/13/2024,NULL,NULL
SHO3329,DHL,,Delayed,Mumbai,Hyderabad,89.06,08/30/2025,NULL,NULL
SHO3331,BLUEDART,09/01/2026,Delayed,Delhi,Hyderabad,46.13,01/15/2026,01/16/2026,NULL
,BLUEDART,10/11/2024,In Transit,Bangalore,Pune,-36.84,10/15/2024,NULL,NULL
SHO3333,BLUEDART,,Pending,Bangalore,Chennai,329.61,NULL,NULL,NULL
SHO3334,FEDEX,,In Transit,Delhi,Pune,418.26,01/01/2025,NULL,NULL
SHO3335,BLUEDART,,In Transit,Chennai,Pune,362.22,NULL,NULL,NULL
SHO3338,DHL,,Delayed,Chennai,Mumbai,305.45,08/11/2025,NULL,NULL
SHO3339,FEDEX,03/26/2026,Delayed,Bangalore,Pune,352.68,NULL,03/04/2026,NULL
SHO3340,BLUEDART,,Delivered,Chennai,Pune,461.49,03/19/2026,NULL,NULL
SHO3341,FEDEX,,In Transit,Hyderabad,Delhi,105.7,02/01/2024,NULL,NULL
SHO3343,BLUEDART,,In Transit,Pune,Bangalore,59.65,01/26/2026,NULL,NULL
SHO3344,FEDEX,,In Transit,Chennai,Mumbai,174.22,11/03/2024,NULL,NULL
SHO3345,BLUEDART,,Pending,Bangalore,Pune,-33.99,04/18/2025,NULL,NULL
SHO3346,FEDEX,10/17/2025,UNKNOWN,Mumbai,Bangalore,466.62,NULL,NULL,NULL
SHO3347,DHL,,Delayed,Bangalore,Pune,325.21,04/01/2025,NULL,NULL
SHO3348,DHL,,Delayed,Delhi,Pune,-45.78,NULL,05/20/2024,NULL
SHO3349,FEDEX,09/02/2024,In Transit,Chennai,Delhi,160.85,02/14/2024,NULL,NULL
SHO3351,DHL,12/27/2025,In Transit,Pune,Hyderabad,NULL,01/03/2026,NULL,NULL
SHO3353,DHL,,In Transit,Pune,Chennai,345.52,06/03/2024,NULL,NULL
SHO3354,DHL,03/14/2025,Delivered,Bangalore,Chennai,263.93,03/18/2025,NULL,NULL
SHO3355,DHL,02/03/2026,Delivered,Chennai,Pune,405.65,04/03/2026,NULL,NULL
SHO3356,BLUEDART,,Pending,Hyderabad,Delhi,179.53,06/16/2025,NULL,NULL
SHO3357,DHL,,Delayed,Delhi,Mumbai,6.22,04/25/2026,04/30/2026,NULL
SHO3358,FEDEX,,Delayed,Chennai,Pune,NULL,NULL,NULL,NULL
SHO3360,BLUEDART,,Delivered,Hyderabad,Mumbai,322.88,03/29/2024,03/30/2024,1
,FEDEX,02/14/2026,In Transit,Mumbai,Hyderabad,-68.03,02/20/2026,NULL,NULL
SHO3365,DHL,02/14/2024,UNKNOWN,Chennai,Hyderabad,282.93,02/17/2024,NULL,NULL
SHO3366,FEDEX,03/30/2026,UNKNOWN,Delhi,Mumbai,259.32,04/06/2026,04/11/2026,NULL
SHO3367,BLUEDART,,In Transit,Chennai,Pune,-26.52,NULL,NULL,NULL
SHO3369,DHL,,In Transit,Bangalore,Pune,398.92,10/16/2024,NULL,NULL
,FEDEX,03/01/2026,Delivered,Delhi,Hyderabad,108.49,03/03/2026,NULL,NULL
SHO3372,DHL,04/14/2025,UNKNOWN,Hyderabad,Pune,-54.04,04/21/2025,NULL,NULL
SHO3375,FEDEX,03/20/2025,Delivered,Bangalore,Pune,1.96,NULL,03/27/2025,NULL
SHO3376,DHL,01/20/2024,Delivered,Bangalore,Mumbai,412.61,01/26/2024,NULL,NULL
SHO3377,FEDEX,12/08/2025,In Transit,Delhi,Bangalore,412.89,08/19/2025,NULL,NULL
SHO3378,BLUEDART,03/27/2025,In Transit,Delhi,Bangalore,-31.13,04/03/2025,NULL,NULL
SHO3379,FEDEX,09/27/2025,Accepted,Bangalore,Pune,-44.08,10/01/2025,NULL,NULL
SHO3380,BLUEDART,07/03/2024,Delivered,Hyderabad,Mumbai,252.01,05/07/2024,07/05/2024,59
SHO3381,BLUEDART,12/03/2024,Delivered,Pune,Mumbai,486.37,03/15/2024,03/14/2024,0
SHO3383,BLUEDART,,Delivered,Delhi,Mumbai,451.6,12/27/2025,NULL,NULL
SHO3384,DHL,,In Transit,Bangalore,Delhi,269.55,01/23/2025,NULL,NULL
SHO3387,FEDEX,,Pending,Delhi,Pune,226.13,NULL,NULL,NULL
SHO3388,DHL,09/02/2026,Delivered,Delhi,Chennai,98.39,02/13/2026,02/11/2026,0
SHO3391,DHL,,Pending,Mumbai,Hyderabad,103.27,06/07/2024,NULL,NULL
SHO3393,FEDEX,,Pending,Mumbai,Pune,308.43,03/24/2024,NULL,NULL
SHO3394,BLUEDART,05/19/2026,Delivered,Chennai,Hyderabad,111.43,05/25/2026,NULL,NULL
SHO3395,DHL,04/27/2025,Delivered,Hyderabad,Mumbai,-9.58,01/05/2025,NULL,NULL
,FEDEX,07/16/2025,In Transit,Bangalore,Hyderabad,100.22,07/19/2025,NULL,NULL
SHO3402,BLUEDART,,Accepted,Mumbai,Bangalore,327.51,NULL,NULL,NULL
SHO3407,FEDEX,09/03/2025,Pending,Bangalore,Chennai,-55.4,03/16/2025,NULL,NULL
SHO3412,BLUEDART,04/14/2026,Delivered,Bangalore,Hyderabad,-28.64,04/16/2026,NULL,NULL
SHO3413,FEDEX,04/27/2025,Delayed,Chennai,Mumbai,NULL,05/04/2025,12/05/2025,NULL
SHO3415,FEDEX,,In Transit,Bangalore,Delhi,337.23,NULL,NULL,NULL
SHO3417,FEDEX,08/05/2024,Delivered,Mumbai,Delhi,361.5,12/08/2024,NULL,NULL
SHO3418,DHL,,Delayed,Pune,Hyderabad,NULL,NULL,06/03/2024,NULL
,DHL,09/28/2025,In Transit,Bangalore,Delhi,465.34,10/03/2025,NULL,NULL
SHO3420,DHL,,Accepted,Pune,Mumbai,-62.13,NULL,NULL,NULL
SHO3422,BLUEDART,05/13/2024,Pending,Bangalore,Chennai,-32.44,NULL,NULL,NULL
SHO3423,DHL,,In Transit,Chennai,Pune,89.82,02/09/2024,NULL,NULL
SHO3424,FEDEX,03/16/2026,In Transit,Chennai,Hyderabad,-65.47,03/22/2026,NULL,NULL
SHO3425,DHL,,Pending,Bangalore,Mumbai,143.3,01/22/2024,NULL,NULL
,BLUEDART,,Pending,Hyderabad,Mumbai,237.14,NULL,NULL,NULL
SHO3428,FEDEX,,Delivered,Delhi,Bangalore,111.67,06/27/2026,NULL,NULL
,BLUEDART,,Delivered,Mumbai,Bangalore,97.4,10/23/2025,10/24/2025,1
SHO3434,BLUEDART,07/10/2024,Delayed,Delhi,Pune,NULL,10/14/2024,10/16/2024,NULL
SHO3435,BLUEDART,,Accepted,Delhi,Mumbai,-16.69,01/22/2026,NULL,NULL
SHO3437,BLUEDART,04/01/2025,Delayed,Chennai,Bangalore,-43.66,NULL,04/13/2025,NULL
SHO3439,FEDEX,,Pending,Mumbai,Bangalore,-28.94,NULL,NULL,NULL
SHO3440,FEDEX,,In Transit,Chennai,Mumbai,282.87,12/16/2024,NULL,NULL
SHO3442,DHL,03/08/2026,Delivered,Chennai,Bangalore,-72.11,NULL,NULL,NULL
SHO3446,BLUEDART,11/10/2025,Delayed,Chennai,Pune,-66.95,NULL,11/23/2025,NULL
SHO3450,FEDEX,,Pending,Chennai,Mumbai,462.32,NULL,NULL,NULL
SHO3451,BLUEDART,,In Transit,Delhi,Pune,121.64,11/03/2024,NULL,NULL
,DHL,06/02/2025,Delayed,Chennai,Mumbai,468.43,07/06/2025,NULL,NULL
SHO3453,DHL,04/14/2026,Delivered,Hyderabad,Chennai,484.36,04/21/2026,NULL,NULL
SHO3454,BLUEDART,08/25/2024,In Transit,Pune,Mumbai,-15.21,08/27/2024,NULL,NULL
SHO3455,BLUEDART,05/14/2025,Delayed,Mumbai,Pune,-15.04,05/20/2025,05/30/2025,NULL
SHO3457,BLUEDART,12/29/2025,In Transit,Chennai,Delhi,NULL,01/01/2026,NULL,NULL
SHO3458,FEDEX,10/04/2025,Delayed,Bangalore,Mumbai,-40.85,NULL,10/18/2025,NULL
SHO3460,DHL,,Delayed,Pune,Bangalore,156.13,06/26/2025,NULL,NULL
SHO3461,BLUEDART,,Delivered,Bangalore,Delhi,-7.25,NULL,NULL,NULL
SHO3462,FEDEX,03/21/2026,UNKNOWN,Pune,Delhi,80.83,03/28/2026,NULL,NULL
SHO3464,DHL,06/28/2024,Delayed,Delhi,Bangalore,290.22,04/07/2024,07/13/2024,NULL
SHO3466,FEDEX,06/01/2025,Delivered,Delhi,Hyderabad,NULL,06/04/2025,NULL,NULL
SHO3467,FEDEX,04/28/2026,Delivered,Hyderabad,Pune,-18.02,05/02/2026,07/05/2026,64
,BLUEDART,07/07/2025,Pending,Pune,Mumbai,66.98,07/14/2025,NULL,NULL
SHO3471,FEDEX,11/18/2024,Delayed,Pune,Chennai,269.33,NULL,03/12/2024,NULL
SHO3477,FEDEX,,In Transit,Hyderabad,Chennai,33.9,08/28/2025,NULL,NULL
,BLUEDART,,Delivered,Pune,Mumbai,140.43,01/05/2025,NULL,NULL
SHO3479,FEDEX,,Accepted,Hyderabad,Chennai,-60.79,04/27/2025,NULL,NULL
SHO3480,DHL,,Accepted,Hyderabad,Chennai,488.61,04/21/2026,04/28/2026,NULL
SHO3481,DHL,,Delayed,Pune,Bangalore,448.62,09/03/2025,09/10/2025,NULL
SHO3482,BLUEDART,,In Transit,Delhi,Pune,269.61,06/07/2024,NULL,NULL
SHO3483,DHL,,In Transit,Chennai,Hyderabad,236.84,12/24/2024,NULL,NULL
SHO3484,FEDEX,,UNKNOWN,Hyderabad,Delhi,420.44,NULL,NULL,NULL
SHO3486,FEDEX,01/26/2025,Accepted,Chennai,Mumbai,220.25,01/02/2025,01/30/2025,NULL
SHO3487,DHL,12/09/2025,In Transit,Chennai,Hyderabad,302.23,11/12/2025,NULL,NULL
SHO3488,FEDEX,09/08/2024,Delivered,Hyderabad,Pune,193.92,NULL,08/14/2024,NULL
,DHL,,Delivered,Hyderabad,Mumbai,193.37,02/06/2024,05/02/2024,86
SHO3491,BLUEDART,07/01/2025,Pending,Pune,Bangalore,339.82,05/07/2025,NULL,NULL
SHO3492,DHL,03/01/2025,Pending,Hyderabad,Chennai,70.22,01/08/2025,NULL,NULL
SHO3493,FEDEX,05/29/2024,In Transit,Delhi,Hyderabad,-50.89,NULL,NULL,NULL
SHO3495,DHL,,In Transit,Hyderabad,Bangalore,391.74,03/13/2025,NULL,NULL
SHO3496,FEDEX,08/06/2025,Delayed,Pune,Hyderabad,43.07,06/11/2025,06/12/2025,NULL
SHO3497,FEDEX,10/08/2024,In Transit,Pune,Chennai,256.57,08/17/2024,NULL,NULL
SHO3498,FEDEX,09/25/2025,Delivered,Delhi,Bangalore,256.67,01/10/2025,05/10/2025,120
SHO3500,DHL,,Pending,Mumbai,Hyderabad,191.39,05/06/2024,NULL,NULL
,BLUEDART,,Pending,Chennai,Mumbai,-26.27,NULL,NULL,NULL
SHO3502,DHL,07/07/2025,UNKNOWN,Chennai,Delhi,342.67,11/07/2025,NULL,NULL
SHO3503,FEDEX,11/21/2024,Delivered,Pune,Delhi,167.36,11/24/2024,NULL,NULL
SHO3505,FEDEX,,In Transit,Pune,Chennai,235.82,NULL,NULL,NULL
SHO3506,FEDEX,12/05/2025,Delayed,Delhi,Bangalore,20.76,11/12/2025,12/16/2025,NULL
SHO3507,BLUEDART,,Delayed,Pune,Chennai,134.11,02/04/2026,02/14/2026,NULL
,FEDEX,02/28/2025,Pending,Pune,Delhi,321.55,05/03/2025,NULL,NULL
SHO3509,BLUEDART,,Pending,Bangalore,Hyderabad,-34.63,01/31/2025,NULL,NULL
SHO3513,FEDEX,,Delayed,Mumbai,Pune,91.08,03/23/2025,04/01/2025,NULL
SHO3514,FEDEX,08/18/2025,In Transit,Chennai,Pune,-28.37,NULL,NULL,NULL
SHO3518,DHL,09/03/2025,Delivered,Bangalore,Delhi,113.05,09/06/2025,08/09/2025,0
,BLUEDART,03/28/2024,In Transit,Delhi,Hyderabad,440.32,04/04/2024,NULL,NULL
SHO3521,FEDEX,05/30/2024,In Transit,Mumbai,Chennai,447.67,05/06/2024,NULL,NULL
SHO3524,FEDEX,10/05/2024,Delayed,Bangalore,Pune,333.04,07/10/2024,10/15/2024,NULL
SHO3526,DHL,,In Transit,Bangalore,Delhi,-6.6,01/19/2025,NULL,NULL
SHO3528,BLUEDART,,Pending,Mumbai,Delhi,452.97,03/11/2024,NULL,NULL
SHO3530,FEDEX,,Delivered,Bangalore,Mumbai,488.86,NULL,NULL,NULL
SHO3531,FEDEX,,Accepted,Pune,Bangalore,8.08,08/01/2026,NULL,NULL
SHO3532,DHL,,Pending,Pune,Bangalore,495.01,01/27/2025,NULL,NULL
SHO3534,DHL,,In Transit,Delhi,Chennai,302.43,NULL,NULL,NULL
SHO3536,BLUEDART,,Delayed,Pune,Mumbai,272.18,11/30/2024,01/12/2024,NULL
SHO3538,FEDEX,05/29/2026,Delayed,Chennai,Pune,321.51,04/06/2026,11/06/2026,NULL
SHO3539,DHL,,Delivered,Pune,Hyderabad,NULL,01/09/2024,01/12/2024,3
SHO3540,FEDEX,,Pending,Pune,Bangalore,-71.93,05/29/2026,NULL,NULL
SHO3543,DHL,03/12/2025,Delivered,Mumbai,Bangalore,457.64,NULL,03/20/2025,NULL
SHO3545,FEDEX,,Delayed,Mumbai,Delhi,-42.92,NULL,NULL,NULL
SHO3546,FEDEX,,Accepted,Hyderabad,Chennai,33.66,NULL,NULL,NULL
SHO3550,FEDEX,10/12/2025,Delivered,Mumbai,Pune,NULL,12/16/2025,12/16/2025,0
SHO3551,BLUEDART,10/16/2025,UNKNOWN,Hyderabad,Pune,11.58,10/20/2025,NULL,NULL
SHO3552,FEDEX,06/18/2026,Accepted,Delhi,Chennai,-2.04,06/23/2026,NULL,NULL
SHO3553,FEDEX,11/18/2024,Delivered,Bangalore,Pune,-23.42,11/25/2024,NULL,NULL
SHO3554,FEDEX,,Pending,Chennai,Delhi,283.84,NULL,NULL,NULL
SHO3557,BLUEDART,,Delivered,Pune,Mumbai,106.89,NULL,11/23/2025,NULL
SHO3560,DHL,10/08/2025,In Transit,Chennai,Pune,185.64,08/15/2025,NULL,NULL
,BLUEDART,01/02/2025,Pending,Pune,Mumbai,310.24,02/05/2025,NULL,NULL
SHO3564,DHL,12/28/2024,Accepted,Bangalore,Hyderabad,-35.36,NULL,NULL,NULL
SHO3566,BLUEDART,09/05/2024,Delivered,Bangalore,Pune,233.55,09/10/2024,NULL,NULL
SHO3569,DHL,06/25/2024,Delivered,Bangalore,Hyderabad,-50.7,07/01/2024,07/01/2024,0
,BLUEDART,03/01/2025,In Transit,Chennai,Pune,259.95,03/06/2025,NULL,NULL
SHO3573,FEDEX,,UNKNOWN,Bangalore,Pune,49.32,05/28/2025,NULL,NULL
,DHL,09/23/2025,In Transit,Chennai,Mumbai,240.76,09/27/2025,NULL,NULL
,BLUEDART,02/14/2024,Delivered,Hyderabad,Mumbai,415.13,02/16/2024,NULL,NULL
SHO3578,FEDEX,12/05/2026,Delayed,Delhi,Chennai,302.05,05/14/2026,05/19/2026,NULL
SHO3579,DHL,11/29/2024,Delayed,Delhi,Chennai,426.34,03/12/2024,NULL,NULL
SHO3580,DHL,02/13/2026,Pending,Bangalore,Chennai,NULL,02/18/2026,NULL,NULL
SHO3581,DHL,10/27/2024,Delayed,Mumbai,Bangalore,-35.66,02/11/2024,NULL,NULL
SHO3584,FEDEX,,In Transit,Pune,Hyderabad,57.0,NULL,NULL,NULL
SHO3585,DHL,,In Transit,Pune,Hyderabad,451.32,06/30/2025,NULL,NULL
SHO3589,BLUEDART,,Accepted,Pune,Mumbai,456.84,02/27/2024,NULL,NULL
SHO3591,DHL,,Pending,Delhi,Mumbai,58.69,05/12/2025,NULL,NULL
SHO3592,BLUEDART,06/09/2025,Delayed,Chennai,Mumbai,-51.09,10/09/2025,NULL,NULL
SHO3594,BLUEDART,03/12/2025,UNKNOWN,Delhi,Pune,127.8,NULL,NULL,NULL
SHO3596,FEDEX,08/03/2026,Pending,Hyderabad,Bangalore,496.36,03/11/2026,NULL,NULL
SHO3598,DHL,,Delayed,Delhi,Pune,265.54,04/11/2024,NULL,NULL
SHO3599,FEDEX,07/24/2025,Delivered,Bangalore,Delhi,460.96,07/31/2025,03/08/2025,0
SHO3600,BLUEDART,,In Transit,Delhi,Chennai,390.81,01/25/2025,NULL,NULL
SHO3605,FEDEX,04/08/2024,Delivered,Hyderabad,Pune,350.45,NULL,04/18/2024,NULL
SHO3611,FEDEX,10/23/2025,UNKNOWN,Mumbai,Pune,292.66,10/29/2025,10/29/2025,NULL
SHO3612,FEDEX,07/14/2024,UNKNOWN,Chennai,Mumbai,-37.23,07/20/2024,NULL,NULL
SHO3615,FEDEX,04/03/2024,Pending,Pune,Hyderabad,-34.98,04/06/2024,NULL,NULL
SHO3617,DHL,,Delayed,Mumbai,Delhi,-31.09,01/03/2025,NULL,NULL
SHO3618,DHL,,Delivered,Hyderabad,Mumbai,319.66,NULL,NULL,NULL
,DHL,04/29/2026,Delayed,Mumbai,Pune,-21.86,NULL,05/05/2026,NULL
SHO3620,DHL,05/04/2024,Accepted,Bangalore,Pune,NULL,NULL,NULL,NULL
SHO3623,FEDEX,12/04/2026,In Transit,Pune,Delhi,66.85,04/16/2026,NULL,NULL
SHO3624,DHL,,Accepted,Chennai,Hyderabad,383.71,12/06/2024,NULL,NULL
SHO3626,BLUEDART,03/01/2024,Delayed,Hyderabad,Delhi,-70.35,NULL,01/09/2024,NULL
SHO3627,FEDEX,,Accepted,Delhi,Mumbai,23.17,06/21/2025,06/29/2025,NULL
SHO3631,DHL,,Pending,Delhi,Hyderabad,352.9,04/24/2025,NULL,NULL
SHO3632,FEDEX,,In Transit,Mumbai,Chennai,358.59,11/30/2024,NULL,NULL
SHO3633,FEDEX,,Delayed,Delhi,Mumbai,29.68,11/01/2025,11/02/2025,NULL
SHO3635,BLUEDART,03/03/2026,Delivered,Hyderabad,Delhi,223.84,10/03/2026,NULL,NULL
SHO3636,BLUEDART,,Delayed,Chennai,Bangalore,37.06,08/01/2024,01/16/2024,NULL
SHO3638,DHL,,Delivered,Delhi,Bangalore,453.28,04/22/2025,04/20/2025,0
SHO3639,BLUEDART,05/03/2024,UNKNOWN,Chennai,Hyderabad,385.44,NULL,NULL,NULL
SHO3643,DHL,11/17/2025,Delivered,Pune,Chennai,69.22,11/22/2025,NULL,NULL
SHO3645,FEDEX,,Pending,Hyderabad,Bangalore,384.65,08/29/2025,NULL,NULL
SHO3646,FEDEX,12/09/2025,In Transit,Delhi,Mumbai,-64.7,12/16/2025,NULL,NULL
SHO3647,FEDEX,,Delivered,Mumbai,Bangalore,82.26,11/28/2024,11/26/2024,0
SHO3648,DHL,12/12/2024,Delivered,Hyderabad,Bangalore,59.92,NULL,NULL,NULL
SHO3649,BLUEDART,02/13/2025,Delivered,Hyderabad,Mumbai,NULL,02/18/2025,02/19/2025,1
SHO3654,BLUEDART,07/25/2025,In Transit,Bangalore,Mumbai,8.84,01/08/2025,NULL,NULL
SHO3655,FEDEX,06/02/2024,Accepted,Bangalore,Delhi,142.62,02/12/2024,NULL,NULL
SHO3656,BLUEDART,05/31/2026,In Transit,Delhi,Bangalore,88.96,05/06/2026,NULL,NULL
SHO3657,BLUEDART,,Accepted,Delhi,Mumbai,144.37,02/02/2024,04/02/2024,NULL
SHO3658,DHL,,Delayed,Bangalore,Delhi,238.92,NULL,02/02/2026,NULL
SHO3659,DHL,03/24/2025,UNKNOWN,Chennai,Bangalore,295.83,NULL,04/06/2025,NULL
SHO3661,BLUEDART,02/15/2025,In Transit,Hyderabad,Pune,NULL,02/18/2025,NULL,NULL
SHO3663,DHL,,Delivered,Mumbai,Bangalore,127.13,10/24/2025,NULL,NULL
SHO3664,DHL,,In Transit,Hyderabad,Chennai,207.94,NULL,NULL,NULL
SHO3665,FEDEX,11/06/2025,Accepted,Chennai,Delhi,NULL,NULL,NULL,NULL
SHO3666,DHL,,Pending,Mumbai,Hyderabad,-9.38,NULL,NULL,NULL
SHO3668,FEDEX,04/15/2024,Pending,Bangalore,Pune,-61.45,NULL,NULL,NULL
SHO3670,FEDEX,,Delayed,Hyderabad,Pune,410.53,08/04/2024,08/09/2024,NULL
SHO3671,DHL,,In Transit,Delhi,Mumbai,472.42,09/28/2025,NULL,NULL
SHO3672,FEDEX,07/08/2024,Pending,Pune,Chennai,-16.37,08/10/2024,NULL,NULL
SHO3674,FEDEX,,Delivered,Delhi,Mumbai,102.88,03/21/2025,03/23/2025,2
SHO3677,FEDEX,,In Transit,Mumbai,Pune,-29.67,08/25/2024,NULL,NULL
SHO3678,DHL,12/01/2025,UNKNOWN,Pune,Chennai,186.06,01/15/2025,01/20/2025,NULL
SHO3679,DHL,,In Transit,Hyderabad,Bangalore,487.8,08/31/2024,NULL,NULL
SHO3681,BLUEDART,,Delivered,Chennai,Hyderabad,316.82,NULL,05/09/2025,NULL
SHO3683,FEDEX,02/10/2025,Delivered,Delhi,Bangalore,340.69,NULL,11/10/2025,NULL
SHO3684,FEDEX,,Accepted,Mumbai,Pune,275.04,NULL,NULL,NULL
,BLUEDART,05/16/2024,Delivered,Bangalore,Hyderabad,206.04,NULL,05/26/2024,NULL
SHO3689,FEDEX,01/20/2025,Delayed,Mumbai,Chennai,-14.15,01/27/2025,NULL,NULL
,DHL,02/23/2026,In Transit,Pune,Bangalore,254.65,02/25/2026,NULL,NULL
SHO3694,BLUEDART,06/30/2024,Delayed,Hyderabad,Bangalore,-59.66,02/07/2024,07/10/2024,NULL
SHO3699,DHL,,Delivered,Pune,Delhi,174.36,06/29/2024,06/29/2024,0
SHO3700,DHL,12/07/2025,Pending,Hyderabad,Bangalore,210.41,07/14/2025,NULL,NULL
SHO3701,BLUEDART,,Accepted,Mumbai,Bangalore,397.75,10/27/2025,01/11/2025,NULL
SHO3702,FEDEX,01/27/2024,Delivered,Chennai,Mumbai,317.33,NULL,04/02/2024,NULL
SHO3705,FEDEX,10/20/2024,UNKNOWN,Hyderabad,Pune,250.66,10/27/2024,10/31/2024,NULL
SHO3706,BLUEDART,05/07/2025,Delayed,Chennai,Pune,-44.7,10/05/2025,NULL,NULL
SHO3709,FEDEX,,Delayed,Delhi,Hyderabad,64.7,01/02/2026,NULL,NULL
SHO3710,DHL,,Delayed,Chennai,Bangalore,138.6,06/25/2025,06/30/2025,NULL
SHO3712,BLUEDART,,In Transit,Mumbai,Bangalore,477.86,05/30/2026,NULL,NULL
SHO3713,BLUEDART,,Pending,Mumbai,Delhi,470.78,03/22/2025,NULL,NULL
SHO3714,FEDEX,04/30/2024,Delayed,Hyderabad,Chennai,331.33,03/05/2024,NULL,NULL
SHO3715,BLUEDART,11/02/2026,In Transit,Chennai,Mumbai,-32.98,NULL,NULL,NULL
SHO3716,DHL,,Pending,Chennai,Bangalore,363.98,NULL,NULL,NULL
SHO3717,DHL,,Delivered,Chennai,Delhi,426.38,NULL,NULL,NULL
SHO3720,DHL,,In Transit,Hyderabad,Delhi,NULL,NULL,NULL,NULL
SHO3722,FEDEX,,In Transit,Pune,Mumbai,425.09,06/01/2025,NULL,NULL
SHO3723,DHL,12/06/2026,Delayed,Mumbai,Delhi,-48.3,NULL,06/27/2026,NULL
SHO3725,FEDEX,,Delivered,Pune,Delhi,368.7,10/04/2025,07/10/2025,0
SHO3726,BLUEDART,,UNKNOWN,Delhi,Bangalore,-72.31,NULL,NULL,NULL
SHO3729,DHL,07/19/2025,In Transit,Bangalore,Hyderabad,-47.28,NULL,NULL,NULL
SHO3732,FEDEX,04/13/2025,In Transit,Delhi,Bangalore,NULL,04/15/2025,NULL,NULL
,BLUEDART,12/22/2025,In Transit,Chennai,Pune,108.85,NULL,NULL,NULL
SHO3737,DHL,11/04/2025,In Transit,Pune,Delhi,445.78,04/15/2025,NULL,NULL
SHO3740,DHL,09/27/2024,Accepted,Chennai,Mumbai,8.98,01/10/2024,05/10/2024,NULL
SHO3742,FEDEX,05/12/2025,Delivered,Hyderabad,Bangalore,386.76,12/09/2025,NULL,NULL
SHO3744,DHL,12/15/2024,In Transit,Chennai,Bangalore,-15.9,12/17/2024,NULL,NULL
SHO3748,DHL,,In Transit,Mumbai,Hyderabad,231.75,01/01/2026,NULL,NULL
SHO3749,DHL,04/26/2024,Accepted,Delhi,Chennai,-16.62,05/01/2024,NULL,NULL
SHO3750,DHL,05/02/2026,Delayed,Mumbai,Hyderabad,51.46,11/02/2026,02/13/2026,NULL
SHO3751,FEDEX,04/13/2026,In Transit,Bangalore,Chennai,NULL,NULL,NULL,NULL
SHO3757,BLUEDART,01/11/2026,Pending,Delhi,Pune,-28.59,NULL,NULL,NULL
SHO3760,BLUEDART,,Delayed,Hyderabad,Chennai,487.84,07/01/2026,NULL,NULL
SHO3761,DHL,,Delivered,Pune,Hyderabad,-78.5,NULL,NULL,NULL
SHO3763,BLUEDART,12/05/2024,Pending,Mumbai,Pune,-52.12,12/10/2024,NULL,NULL
SHO3764,BLUEDART,,Accepted,Hyderabad,Pune,361.65,03/26/2026,NULL,NULL
,DHL,04/27/2024,Accepted,Delhi,Hyderabad,144.32,NULL,NULL,NULL
SHO3770,BLUEDART,03/22/2025,In Transit,Bangalore,Delhi,NULL,03/27/2025,NULL,NULL
SHO3771,BLUEDART,08/17/2024,Delivered,Pune,Delhi,360.89,08/24/2024,NULL,NULL
SHO3772,FEDEX,11/02/2026,Delivered,Delhi,Mumbai,183.36,02/17/2026,NULL,NULL
SHO3774,DHL,,Pending,Mumbai,Bangalore,291.39,01/18/2026,NULL,NULL
SHO3778,FEDEX,,Delayed,Chennai,Bangalore,364.15,04/11/2026,NULL,NULL
SHO3779,FEDEX,12/29/2024,Delivered,Hyderabad,Mumbai,75.86,01/04/2025,NULL,NULL
SHO3780,FEDEX,10/04/2025,In Transit,Pune,Bangalore,22.07,04/17/2025,NULL,NULL
SHO3781,FEDEX,10/07/2025,In Transit,Bangalore,Hyderabad,-76.17,10/10/2025,NULL,NULL
SHO3784,DHL,10/23/2024,Delayed,Pune,Delhi,130.13,NULL,02/11/2024,NULL
SHO3786,DHL,06/14/2024,Delayed,Pune,Chennai,-45.56,06/21/2024,06/28/2024,NULL
SHO3788,DHL,,Delivered,Chennai,Bangalore,111.79,08/20/2025,08/25/2025,5
SHO3792,BLUEDART,01/27/2026,Accepted,Hyderabad,Bangalore,NULL,NULL,NULL,NULL
SHO3793,FEDEX,,In Transit,Delhi,Mumbai,310.16,NULL,NULL,NULL
SHO3794,FEDEX,,Pending,Chennai,Hyderabad,-23.22,01/27/2024,NULL,NULL
SHO3795,DHL,11/09/2025,Delivered,Chennai,Pune,203.17,09/14/2025,12/09/2025,86
SHO3799,DHL,,Delayed,Pune,Hyderabad,265.01,01/06/2025,10/01/2025,NULL
SHO3800,FEDEX,,Accepted,Hyderabad,Pune,276.64,NULL,NULL,NULL
SHO3801,DHL,03/18/2025,Pending,Bangalore,Mumbai,-28.98,03/23/2025,NULL,NULL
SHO3808,BLUEDART,,In Transit,Chennai,Mumbai,-77.24,12/29/2025,NULL,NULL
SHO3810,FEDEX,,In Transit,Bangalore,Mumbai,471.51,01/03/2025,NULL,NULL
SHO3812,FEDEX,09/27/2025,In Transit,Chennai,Hyderabad,NULL,01/10/2025,NULL,NULL
SHO3814,BLUEDART,,UNKNOWN,Delhi,Bangalore,327.29,NULL,NULL,NULL
SHO3815,DHL,,Pending,Hyderabad,Mumbai,7.06,NULL,NULL,NULL
SHO3816,BLUEDART,,Delivered,Chennai,Mumbai,192.37,02/23/2026,02/28/2026,5
SHO3818,DHL,06/07/2024,Accepted,Pune,Chennai,-66.53,06/13/2024,NULL,NULL
,FEDEX,,UNKNOWN,Pune,Bangalore,-12.61,NULL,NULL,NULL
SHO3822,BLUEDART,,Delayed,Delhi,Mumbai,381.79,02/24/2026,NULL,NULL
SHO3824,DHL,11/06/2024,Delayed,Mumbai,Chennai,160.35,06/18/2024,06/24/2024,NULL
SHO3825,FEDEX,05/19/2025,Pending,Hyderabad,Mumbai,-37.5,05/21/2025,NULL,NULL
SHO3826,DHL,01/03/2024,Delivered,Hyderabad,Bangalore,442.99,NULL,03/03/2024,NULL
SHO3828,FEDEX,06/06/2025,Pending,Chennai,Hyderabad,-71.45,10/06/2025,NULL,NULL
SHO3829,FEDEX,,Pending,Mumbai,Pune,-24.85,06/01/2024,NULL,NULL
SHO3831,BLUEDART,,In Transit,Bangalore,Delhi,495.0,05/07/2025,NULL,NULL
SHO3832,BLUEDART,10/06/2025,Accepted,Hyderabad,Mumbai,-26.43,NULL,NULL,NULL
SHO3835,DHL,,Delivered,Mumbai,Chennai,75.23,NULL,NULL,NULL
SHO3836,FEDEX,08/06/2025,Delayed,Chennai,Pune,230.04,06/14/2025,06/21/2025,NULL
SHO3839,BLUEDART,,Pending,Mumbai,Hyderabad,-2.18,04/24/2026,NULL,NULL
SHO3841,FEDEX,03/05/2025,UNKNOWN,Mumbai,Chennai,-24.83,03/10/2025,NULL,NULL
SHO3842,BLUEDART,,Pending,Delhi,Bangalore,31.22,01/03/2026,NULL,NULL
SHO3843,FEDEX,,In Transit,Hyderabad,Mumbai,-34.65,NULL,NULL,NULL
SHO3845,DHL,06/13/2024,Pending,Delhi,Hyderabad,NULL,NULL,NULL,NULL
,BLUEDART,11/08/2025,Accepted,Bangalore,Chennai,-70.78,11/12/2025,NULL,NULL
SHO3848,BLUEDART,,In Transit,Chennai,Pune,274.14,09/20/2025,NULL,NULL
SHO3849,BLUEDART,06/12/2025,Delivered,Chennai,Pune,31.88,NULL,NULL,NULL
SHO3851,FEDEX,,Accepted,Chennai,Pune,77.8,07/01/2025,NULL,NULL
SHO3853,DHL,,Accepted,Delhi,Mumbai,229.88,NULL,NULL,NULL
SHO3854,BLUEDART,03/06/2026,Delayed,Bangalore,Delhi,-21.18,06/09/2026,11/06/2026,NULL
SHO3856,FEDEX,,Delayed,Pune,Mumbai,100.94,NULL,02/16/2025,NULL
SHO3858,BLUEDART,,In Transit,Pune,Bangalore,475.82,11/30/2024,NULL,NULL
SHO3859,DHL,03/18/2024,Delivered,Chennai,Bangalore,424.82,03/24/2024,NULL,NULL
SHO3860,FEDEX,11/22/2024,Pending,Mumbai,Hyderabad,NULL,11/25/2024,NULL,NULL
SHO3861,BLUEDART,01/17/2025,Delayed,Bangalore,Delhi,-66.1,01/19/2025,01/24/2025,NULL
SHO3863,BLUEDART,07/17/2024,Pending,Pune,Mumbai,-63.04,NULL,NULL,NULL
SHO3866,BLUEDART,,Pending,Bangalore,Pune,175.96,07/02/2026,NULL,NULL
SHO3867,FEDEX,05/03/2026,Delivered,Delhi,Pune,257.43,09/03/2026,03/09/2026,0
SHO3869,BLUEDART,03/27/2025,In Transit,Mumbai,Chennai,178.07,01/04/2025,NULL,NULL
SHO3873,BLUEDART,,Delayed,Chennai,Mumbai,228.36,07/10/2025,10/14/2025,NULL
SHO3874,DHL,,Delivered,Mumbai,Pune,348.02,NULL,06/04/2026,NULL
SHO3877,DHL,07/09/2025,Pending,Pune,Mumbai,-50.13,09/14/2025,NULL,NULL
SHO3879,FEDEX,,Pending,Chennai,Delhi,64.4,NULL,NULL,NULL
SHO3880,FEDEX,10/06/2024,Delivered,Delhi,Bangalore,114.24,NULL,10/14/2024,NULL
SHO3881,FEDEX,09/21/2025,Delivered,Chennai,Bangalore,-63.12,09/23/2025,NULL,NULL
SHO3882,FEDEX,,Pending,Mumbai,Delhi,454.76,04/06/2025,NULL,NULL
SHO3883,DHL,12/01/2025,In Transit,Bangalore,Chennai,382.08,08/12/2025,NULL,NULL
SHO3884,DHL,,Delayed,Bangalore,Pune,-57.92,05/28/2024,06/03/2024,NULL
SHO3886,DHL,06/11/2024,Delivered,Hyderabad,Delhi,169.93,06/16/2024,NULL,NULL
SHO3887,FEDEX,03/20/2024,Delivered,Bangalore,Hyderabad,-44.12,03/23/2024,NULL,NULL
SHO3890,FEDEX,09/30/2024,Delayed,Chennai,Pune,-5.99,NULL,12/10/2024,NULL
SHO3894,BLUEDART,,In Transit,Bangalore,Mumbai,30.43,05/21/2024,NULL,NULL
SHO3895,DHL,06/26/2024,In Transit,Bangalore,Pune,238.88,01/07/2024,NULL,NULL
SHO3896,BLUEDART,05/08/2025,Pending,Bangalore,Delhi,-55.72,08/12/2025,NULL,NULL
SHO3899,BLUEDART,02/23/2026,UNKNOWN,Delhi,Chennai,226.9,01/03/2026,02/03/2026,NULL
SHO3903,FEDEX,,Accepted,Pune,Chennai,69.15,09/22/2025,NULL,NULL
SHO3907,FEDEX,05/20/2025,UNKNOWN,Pune,Chennai,134.07,05/26/2025,NULL,NULL
SHO3908,DHL,,Delivered,Chennai,Mumbai,344.4,06/20/2024,NULL,NULL
SHO3909,BLUEDART,,Delayed,Bangalore,Mumbai,476.28,08/25/2024,NULL,NULL
SHO3910,DHL,,Pending,Bangalore,Hyderabad,458.81,NULL,NULL,NULL
SHO3915,FEDEX,11/03/2024,Delayed,Bangalore,Pune,213.15,09/11/2024,11/16/2024,NULL
SHO3917,FEDEX,,Pending,Hyderabad,Pune,421.62,NULL,NULL,NULL
,BLUEDART,,In Transit,Mumbai,Bangalore,65.2,03/22/2025,NULL,NULL
SHO3920,DHL,,Delayed,Delhi,Mumbai,337.04,09/25/2025,10/04/2025,NULL
SHO3921,DHL,08/04/2025,Accepted,Mumbai,Hyderabad,465.61,04/13/2025,NULL,NULL
SHO3922,BLUEDART,01/04/2024,UNKNOWN,Pune,Bangalore,304.05,03/04/2024,NULL,NULL
SHO3923,DHL,05/25/2025,In Transit,Mumbai,Pune,NULL,05/29/2025,NULL,NULL
SHO3924,DHL,,UNKNOWN,Pune,Delhi,403.44,09/08/2024,09/11/2024,NULL
SHO3925,DHL,,Delayed,Bangalore,Chennai,126.03,06/21/2024,NULL,NULL
SHO3927,FEDEX,,Pending,Delhi,Bangalore,99.55,NULL,NULL,NULL
SHO3929,BLUEDART,,In Transit,Pune,Delhi,158.63,01/27/2025,NULL,NULL
SHO3931,FEDEX,03/28/2025,Delivered,Chennai,Mumbai,NULL,03/04/2025,08/04/2025,153
,FEDEX,05/27/2025,In Transit,Mumbai,Bangalore,393.23,01/06/2025,NULL,NULL
SHO3935,BLUEDART,,Delayed,Chennai,Bangalore,490.22,NULL,07/07/2026,NULL
SHO3936,BLUEDART,,Accepted,Chennai,Hyderabad,316.53,NULL,NULL,NULL
SHO3937,DHL,,UNKNOWN,Bangalore,Pune,83.58,12/24/2024,NULL,NULL
SHO3938,BLUEDART,05/14/2025,Delayed,Bangalore,Mumbai,-15.15,NULL,NULL,NULL
,DHL,01/16/2025,Accepted,Hyderabad,Pune,414.76,01/21/2025,NULL,NULL
SHO3941,FEDEX,09/08/2025,UNKNOWN,Bangalore,Chennai,267.18,08/16/2025,NULL,NULL
SHO3942,BLUEDART,03/02/2024,In Transit,Chennai,Mumbai,-59.73,02/07/2024,NULL,NULL
SHO3944,FEDEX,02/28/2025,Delivered,Chennai,Pune,492.85,NULL,NULL,NULL
SHO3946,DHL,,Delayed,Mumbai,Delhi,388.1,04/24/2025,NULL,NULL
SHO3952,DHL,06/21/2024,Delivered,Bangalore,Chennai,89.99,NULL,NULL,NULL
SHO3953,DHL,11/02/2025,Pending,Chennai,Hyderabad,18.58,06/11/2025,NULL,NULL
SHO3955,FEDEX,,UNKNOWN,Hyderabad,Mumbai,332.87,03/24/2025,NULL,NULL
SHO3957,FEDEX,12/04/2026,Delayed,Chennai,Hyderabad,152.1,04/17/2026,04/20/2026,NULL
SHO3960,FEDEX,,UNKNOWN,Mumbai,Delhi,80.96,09/22/2025,09/27/2025,NULL
SHO3965,BLUEDART,01/06/2024,In Transit,Bangalore,Hyderabad,NULL,NULL,NULL,NULL
SHO3966,BLUEDART,05/28/2025,UNKNOWN,Pune,Bangalore,440.63,NULL,NULL,NULL
SHO3972,BLUEDART,,Delayed,Mumbai,Chennai,478.96,02/22/2024,NULL,NULL
SHO3974,DHL,,In Transit,Delhi,Bangalore,213.56,08/18/2025,NULL,NULL
SHO3976,FEDEX,,Pending,Mumbai,Pune,95.17,03/24/2026,NULL,NULL
SHO3977,DHL,07/12/2024,In Transit,Hyderabad,Mumbai,NULL,NULL,NULL,NULL
SHO3978,BLUEDART,,Pending,Pune,Mumbai,478.13,11/30/2024,NULL,NULL
SHO3980,DHL,11/29/2024,Delivered,Bangalore,Mumbai,256.78,12/01/2024,06/12/2024,0
SHO3982,FEDEX,,Delivered,Chennai,Delhi,218.03,NULL,03/29/2024,NULL
SHO3983,FEDEX,,Pending,Hyderabad,Chennai,443.74,08/18/2025,NULL,NULL
SHO3984,FEDEX,02/20/2024,Pending,Chennai,Delhi,-52.92,02/22/2024,NULL,NULL
SHO3985,DHL,04/26/2025,Pending,Pune,Chennai,NULL,04/29/2025,NULL,NULL
SHO3989,BLUEDART,,In Transit,Pune,Delhi,219.98,NULL,NULL,NULL
SHO3990,BLUEDART,,Delayed,Bangalore,Hyderabad,-33.06,07/04/2024,07/05/2024,NULL
SHO3991,DHL,,Pending,Delhi,Mumbai,-13.9,NULL,NULL,NULL
SHO3994,FEDEX,02/04/2025,UNKNOWN,Pune,Bangalore,67.47,NULL,NULL,NULL
SHO3997,FEDEX,,Pending,Mumbai,Bangalore,-74.75,09/03/2025,NULL,NULL
SHO3998,FEDEX,02/13/2024,Delivered,Hyderabad,Mumbai,382.51,NULL,02/16/2024,NULL
SHO4000,FEDEX,12/09/2024,Delivered,Pune,Delhi,380.63,12/12/2024,NULL,NULL
SHO4002,BLUEDART,08/26/2024,Delayed,Delhi,Hyderabad,360.9,NULL,06/09/2024,NULL
SHO4004,FEDEX,,Delivered,Delhi,Bangalore,-43.38,NULL,04/29/2025,NULL
SHO4007,BLUEDART,,In Transit,Bangalore,Delhi,432.01,11/10/2025,NULL,NULL
SHO4008,DHL,,Delayed,Mumbai,Pune,-54.94,10/02/2026,NULL,NULL
SHO4009,BLUEDART,08/01/2024,Delayed,Bangalore,Hyderabad,-52.56,08/04/2024,08/07/2024,NULL
SHO4010,BLUEDART,01/23/2026,Delivered,Bangalore,Hyderabad,414.47,NULL,02/02/2026,NULL
,BLUEDART,,Accepted,Hyderabad,Chennai,-74.94,NULL,NULL,NULL
,BLUEDART,01/15/2026,Accepted,Bangalore,Pune,-25.81,NULL,01/23/2026,NULL
SHO4015,BLUEDART,,Delayed,Chennai,Bangalore,205.2,NULL,06/21/2026,NULL
SHO4017,DHL,04/02/2024,Delivered,Pune,Chennai,215.38,NULL,02/16/2024,NULL
SHO4018,FEDEX,,Delivered,Delhi,Chennai,307.24,03/22/2026,NULL,NULL
SHO4019,FEDEX,,In Transit,Hyderabad,Pune,188.81,12/10/2025,NULL,NULL
SHO4022,DHL,09/18/2025,Delivered,Hyderabad,Bangalore,44.04,09/23/2025,NULL,NULL
,BLUEDART,,Pending,Bangalore,Chennai,460.92,NULL,NULL,NULL
SHO4025,FEDEX,02/08/2025,Delivered,Chennai,Delhi,488.56,02/13/2025,NULL,NULL
SHO4028,BLUEDART,10/31/2024,Pending,Bangalore,Chennai,-21.92,11/02/2024,NULL,NULL
SHO4029,DHL,,Delayed,Chennai,Hyderabad,NULL,11/02/2025,11/05/2025,NULL
SHO4030,BLUEDART,07/25/2024,Delivered,Mumbai,Bangalore,237.54,NULL,07/31/2024,NULL
SHO4033,FEDEX,,In Transit,Delhi,Mumbai,285.3,01/28/2024,NULL,NULL
SHO4037,BLUEDART,,UNKNOWN,Chennai,Pune,151.95,04/17/2024,NULL,NULL
SHO4038,FEDEX,06/07/2026,Delivered,Pune,Mumbai,NULL,10/06/2026,NULL,NULL
SHO4040,BLUEDART,,In Transit,Delhi,Bangalore,367.93,04/14/2024,NULL,NULL
SHO4042,FEDEX,12/15/2025,In Transit,Pune,Mumbai,NULL,NULL,NULL,NULL
SHO4043,BLUEDART,,Delayed,Chennai,Delhi,98.73,NULL,12/03/2025,NULL
SHO4044,DHL,,Delivered,Delhi,Pune,496.58,11/23/2024,11/23/2024,0
SHO4045,FEDEX,,In Transit,Hyderabad,Chennai,346.29,10/18/2024,NULL,NULL
SHO4047,BLUEDART,01/19/2026,Delivered,Hyderabad,Mumbai,38.33,NULL,01/22/2026,NULL
SHO4048,FEDEX,10/03/2024,Delayed,Chennai,Pune,-49.13,10/05/2024,NULL,NULL
SHO4051,FEDEX,11/26/2025,Pending,Hyderabad,Mumbai,-44.76,NULL,NULL,NULL
SHO4052,BLUEDART,05/10/2025,Delivered,Hyderabad,Pune,NULL,05/16/2025,05/21/2025,5
SHO4053,BLUEDART,04/27/2026,UNKNOWN,Hyderabad,Delhi,357.85,05/01/2026,NULL,NULL
SHO4054,DHL,06/09/2025,Delivered,Bangalore,Hyderabad,498.44,NULL,06/12/2025,NULL
SHO4055,FEDEX,09/24/2025,In Transit,Chennai,Delhi,-16.9,01/10/2025,NULL,NULL
SHO4056,BLUEDART,,UNKNOWN,Hyderabad,Chennai,405.17,10/20/2025,10/21/2025,NULL
SHO4057,FEDEX,,Accepted,Chennai,Pune,199.4,03/13/2025,03/13/2025,NULL
SHO4059,DHL,,Delayed,Hyderabad,Mumbai,75.4,09/27/2024,NULL,NULL
SHO4063,BLUEDART,05/19/2025,Delivered,Bangalore,Chennai,72.75,NULL,05/23/2025,NULL
SHO4065,BLUEDART,03/01/2024,Delivered,Chennai,Hyderabad,471.53,NULL,NULL,NULL
SHO4067,BLUEDART,,Delivered,Chennai,Delhi,-47.51,03/16/2026,03/18/2026,2
SHO4069,FEDEX,04/28/2024,Accepted,Delhi,Chennai,NULL,05/01/2024,NULL,NULL
SHO4071,BLUEDART,02/13/2024,Delivered,Chennai,Bangalore,NULL,NULL,02/19/2024,NULL
SHO4072,FEDEX,12/08/2024,Delivered,Chennai,Hyderabad,312.3,08/14/2024,08/12/2024,0
SHO4074,BLUEDART,,Delivered,Delhi,Pune,76.93,NULL,03/29/2026,NULL
SHO4077,FEDEX,,In Transit,Pune,Chennai,325.14,01/11/2025,NULL,NULL
,DHL,12/17/2024,Accepted,Pune,Hyderabad,307.96,12/22/2024,NULL,NULL
SHO4083,DHL,03/23/2025,Delivered,Delhi,Bangalore,282.91,03/29/2025,NULL,NULL
SHO4084,FEDEX,,Delayed,Hyderabad,Chennai,108.87,03/03/2026,NULL,NULL
SHO4088,DHL,,In Transit,Mumbai,Chennai,180.63,07/31/2025,NULL,NULL
SHO4089,BLUEDART,04/08/2025,In Transit,Hyderabad,Delhi,-30.47,04/14/2025,NULL,NULL
SHO4090,BLUEDART,01/30/2024,Pending,Mumbai,Bangalore,-39.41,02/05/2024,NULL,NULL
SHO4091,BLUEDART,03/20/2025,Pending,Pune,Mumbai,-36.52,03/23/2025,NULL,NULL
SHO4092,DHL,,Accepted,Chennai,Delhi,202.62,10/27/2024,NULL,NULL
SHO4093,BLUEDART,,In Transit,Hyderabad,Pune,62.43,02/16/2024,NULL,NULL
SHO4095,DHL,03/01/2025,Delivered,Hyderabad,Chennai,230.32,NULL,NULL,NULL
SHO4096,BLUEDART,,Pending,Delhi,Mumbai,8.95,03/16/2024,NULL,NULL
SHO4098,FEDEX,,Pending,Delhi,Hyderabad,330.54,07/21/2025,NULL,NULL
SHO4107,BLUEDART,,Delayed,Hyderabad,Pune,164.81,NULL,03/27/2025,NULL
SHO4108,FEDEX,,In Transit,Pune,Delhi,-50.92,NULL,NULL,NULL
SHO4109,BLUEDART,,Pending,Bangalore,Mumbai,406.7,10/07/2025,NULL,NULL
SHO4111,BLUEDART,,Delayed,Mumbai,Pune,222.13,02/17/2025,NULL,NULL
SHO4113,BLUEDART,,In Transit,Delhi,Chennai,152.55,NULL,NULL,NULL
SHO4115,BLUEDART,08/03/2026,In Transit,Delhi,Bangalore,420.01,03/11/2026,NULL,NULL
SHO4117,DHL,,UNKNOWN,Mumbai,Chennai,40.43,03/26/2025,NULL,NULL
SHO4126,DHL,12/13/2025,UNKNOWN,Chennai,Delhi,464.54,12/18/2025,NULL,NULL
SHO4128,FEDEX,01/17/2026,Pending,Delhi,Bangalore,-46.31,01/23/2026,NULL,NULL
SHO4129,DHL,10/17/2025,UNKNOWN,Hyderabad,Pune,38.8,NULL,10/28/2025,NULL
SHO4133,DHL,,In Transit,Mumbai,Pune,65.69,09/05/2026,NULL,NULL
,DHL,11/13/2025,Accepted,Chennai,Bangalore,433.51,NULL,11/20/2025,NULL
,FEDEX,11/12/2024,Delayed,Hyderabad,Delhi,166.86,12/14/2024,12/19/2024,NULL
,BLUEDART,08/05/2024,Pending,Hyderabad,Pune,207.1,NULL,NULL,NULL
SHO4139,BLUEDART,,Delivered,Pune,Bangalore,60.02,NULL,08/26/2025,NULL
SHO4143,BLUEDART,,In Transit,Mumbai,Pune,25.34,NULL,NULL,NULL
SHO4147,BLUEDART,,In Transit,Delhi,Bangalore,308.22,NULL,NULL,NULL
SHO4150,DHL,09/01/2024,Accepted,Chennai,Mumbai,-34.07,12/01/2024,NULL,NULL
SHO4152,DHL,11/09/2025,Accepted,Bangalore,Pune,433.54,09/18/2025,NULL,NULL
SHO4153,BLUEDART,09/05/2024,In Transit,Mumbai,Hyderabad,471.06,05/13/2024,NULL,NULL
SHO4154,BLUEDART,11/28/2024,In Transit,Chennai,Pune,333.44,01/12/2024,NULL,NULL
SHO4155,DHL,06/21/2025,Delivered,Pune,Hyderabad,NULL,NULL,07/03/2025,NULL
SHO4160,DHL,01/22/2025,Delivered,Mumbai,Chennai,-76.64,01/24/2025,01/22/2025,0
,FEDEX,12/30/2025,Accepted,Delhi,Pune,261.47,01/04/2026,NULL,NULL
SHO4164,BLUEDART,06/18/2024,Delayed,Bangalore,Hyderabad,NULL,06/21/2024,06/27/2024,NULL
SHO4165,FEDEX,12/08/2024,Pending,Mumbai,Pune,434.38,08/16/2024,NULL,NULL
SHO4166,BLUEDART,,Delayed,Bangalore,Hyderabad,-60.54,01/14/2026,01/15/2026,NULL
SHO4168,FEDEX,,Delivered,Mumbai,Bangalore,358.17,10/18/2024,NULL,NULL
SHO4169,BLUEDART,,Delivered,Pune,Delhi,439.78,12/31/2025,01/03/2026,3
SHO4170,DHL,,Pending,Chennai,Hyderabad,295.45,06/04/2024,NULL,NULL
SHO4171,DHL,09/04/2024,UNKNOWN,Chennai,Pune,70.56,11/04/2024,NULL,NULL
SHO4172,BLUEDART,03/13/2024,Delivered,Chennai,Pune,460.58,03/17/2024,NULL,NULL
SHO4174,BLUEDART,,In Transit,Delhi,Chennai,-17.02,05/23/2026,NULL,NULL
SHO4177,DHL,,Pending,Delhi,Bangalore,474.3,NULL,NULL,NULL
SHO4178,FEDEX,07/03/2025,Pending,Bangalore,Chennai,NULL,11/03/2025,NULL,NULL
SHO4179,DHL,,In Transit,Pune,Chennai,65.59,NULL,NULL,NULL
SHO4180,FEDEX,,Delayed,Bangalore,Pune,118.84,NULL,01/17/2026,NULL
SHO4181,BLUEDART,,Delivered,Chennai,Delhi,268.91,01/12/2026,01/15/2026,3
SHO4182,DHL,,Delayed,Delhi,Mumbai,NULL,NULL,NULL,NULL
SHO4183,FEDEX,08/17/2024,UNKNOWN,Bangalore,Delhi,242.81,08/19/2024,NULL,NULL
SHO4184,DHL,09/22/2024,UNKNOWN,Chennai,Delhi,299.77,09/28/2024,10/03/2024,NULL
SHO4185,DHL,01/25/2026,UNKNOWN,Delhi,Hyderabad,128.24,NULL,NULL,NULL
SHO4186,BLUEDART,11/06/2024,In Transit,Bangalore,Chennai,414.31,06/17/2024,NULL,NULL
SHO4187,FEDEX,12/11/2025,Accepted,Delhi,Bangalore,-36.0,12/14/2025,NULL,NULL
SHO4188,DHL,05/29/2024,Pending,Bangalore,Mumbai,3.05,02/06/2024,NULL,NULL
SHO4189,BLUEDART,02/29/2024,Delivered,Chennai,Mumbai,105.79,02/03/2024,06/03/2024,121
SHO4190,DHL,,In Transit,Chennai,Mumbai,-11.64,NULL,NULL,NULL
SHO4191,BLUEDART,03/21/2025,Delivered,Pune,Hyderabad,165.18,03/25/2025,NULL,NULL
SHO4192,BLUEDART,08/20/2024,Delivered,Hyderabad,Pune,146.63,NULL,NULL,NULL
SHO4193,FEDEX,,Delivered,Bangalore,Mumbai,380.41,06/23/2026,06/23/2026,0
SHO4194,BLUEDART,05/07/2025,Pending,Mumbai,Delhi,-67.62,07/09/2025,NULL,NULL
SHO4196,DHL,,Pending,Pune,Hyderabad,264.79,08/30/2024,NULL,NULL
SHO4197,BLUEDART,,In Transit,Pune,Hyderabad,36.51,02/07/2024,NULL,NULL
SHO4198,DHL,09/06/2025,UNKNOWN,Pune,Delhi,262.0,NULL,09/23/2025,NULL
SHO4199,FEDEX,,Pending,Bangalore,Pune,435.57,10/11/2025,NULL,NULL
SHO4202,DHL,11/20/2025,In Transit,Delhi,Chennai,-35.6,11/24/2025,NULL,NULL
SHO4205,DHL,08/23/2024,Delayed,Mumbai,Hyderabad,341.85,NULL,03/09/2024,NULL
SHO4207,FEDEX,,Delayed,Mumbai,Chennai,44.78,NULL,02/26/2024,NULL
SHO4208,FEDEX,,Pending,Bangalore,Hyderabad,177.89,02/01/2026,NULL,NULL
SHO4210,BLUEDART,,In Transit,Mumbai,Chennai,403.68,03/23/2026,NULL,NULL
SHO4211,FEDEX,,Delayed,Hyderabad,Pune,365.67,09/11/2024,NULL,NULL
SHO4213,FEDEX,10/06/2025,UNKNOWN,Hyderabad,Bangalore,491.44,06/14/2025,06/24/2025,NULL
SHO4214,BLUEDART,05/01/2025,Delivered,Delhi,Pune,451.57,05/05/2025,NULL,NULL
SHO4216,DHL,02/05/2026,Pending,Hyderabad,Chennai,NULL,02/08/2026,NULL,NULL
SHO4217,FEDEX,01/29/2026,UNKNOWN,Bangalore,Pune,402.84,02/02/2026,07/02/2026,NULL
SHO4218,DHL,,Delivered,Delhi,Mumbai,333.71,NULL,NULL,NULL
,BLUEDART,01/25/2025,Delivered,Hyderabad,Bangalore,418.73,NULL,02/01/2025,NULL
SHO4223,DHL,,Pending,Chennai,Delhi,473.11,NULL,NULL,NULL
SHO4224,BLUEDART,,Accepted,Delhi,Chennai,NULL,12/06/2024,12/12/2024,NULL
SHO4225,BLUEDART,,Accepted,Hyderabad,Mumbai,180.83,NULL,01/26/2024,NULL
SHO4227,FEDEX,05/21/2025,In Transit,Hyderabad,Pune,-3.86,05/27/2025,NULL,NULL
SHO4228,DHL,11/16/2024,UNKNOWN,Pune,Delhi,34.45,NULL,NULL,NULL
SHO4229,BLUEDART,,Pending,Delhi,Pune,262.95,11/22/2025,NULL,NULL
SHO4231,BLUEDART,,In Transit,Hyderabad,Mumbai,204.9,06/22/2026,NULL,NULL
SHO4232,BLUEDART,,In Transit,Hyderabad,Pune,400.64,NULL,NULL,NULL
SHO4234,DHL,07/30/2024,Delayed,Bangalore,Mumbai,485.3,06/08/2024,NULL,NULL
SHO4235,DHL,10/20/2025,In Transit,Pune,Hyderabad,-72.77,NULL,NULL,NULL
SHO4236,FEDEX,,Delayed,Bangalore,Delhi,113.48,08/31/2024,NULL,NULL
SHO4237,BLUEDART,07/02/2025,Accepted,Chennai,Pune,55.14,02/12/2025,NULL,NULL
SHO4241,BLUEDART,12/28/2024,Delivered,Pune,Bangalore,82.05,NULL,NULL,NULL
SHO4243,BLUEDART,,Delivered,Hyderabad,Delhi,-57.85,11/02/2024,01/11/2024,0
SHO4244,DHL,12/21/2024,Delivered,Delhi,Mumbai,396.69,12/28/2024,NULL,NULL
SHO4245,BLUEDART,02/27/2024,Delivered,Pune,Bangalore,181.05,NULL,NULL,NULL
SHO4246,FEDEX,,In Transit,Bangalore,Pune,-18.33,10/18/2025,NULL,NULL
SHO4247,BLUEDART,06/02/2024,In Transit,Bangalore,Chennai,-69.68,06/07/2024,NULL,NULL
SHO4248,DHL,04/07/2024,Delayed,Mumbai,Pune,NULL,07/07/2024,NULL,NULL
SHO4249,BLUEDART,01/06/2024,In Transit,Mumbai,Hyderabad,-41.58,06/04/2024,NULL,NULL
SHO4252,DHL,,In Transit,Chennai,Delhi,15.02,06/09/2026,NULL,NULL
SHO4255,FEDEX,,Delivered,Bangalore,Mumbai,469.43,08/31/2025,08/30/2025,0
SHO4259,FEDEX,04/04/2026,Delayed,Chennai,Delhi,-58.63,NULL,04/16/2026,NULL
SHO4260,BLUEDART,,In Transit,Pune,Chennai,421.35,01/06/2026,NULL,NULL
SHO4261,FEDEX,,Delivered,Hyderabad,Chennai,NULL,01/24/2026,01/25/2026,1
SHO4262,FEDEX,,Delayed,Delhi,Pune,297.66,09/23/2024,NULL,NULL
SHO4263,BLUEDART,05/01/2024,Delivered,Bangalore,Hyderabad,491.64,01/12/2024,01/17/2024,5
,DHL,01/17/2025,In Transit,Chennai,Hyderabad,329.6,NULL,NULL,NULL
SHO4265,DHL,,Accepted,Hyderabad,Mumbai,145.0,10/30/2024,NULL,NULL
,FEDEX,,Delayed,Delhi,Chennai,93.25,04/16/2026,04/25/2026,NULL
SHO4267,BLUEDART,10/07/2024,Delivered,Bangalore,Pune,149.32,07/16/2024,07/15/2024,0
,BLUEDART,08/24/2025,In Transit,Delhi,Hyderabad,186.4,08/30/2025,NULL,NULL
SHO4270,DHL,,Accepted,Bangalore,Pune,NULL,01/15/2026,01/23/2026,NULL
SHO4271,DHL,11/11/2024,Delivered,Bangalore,Mumbai,-4.17,11/17/2024,11/17/2024,0
SHO4275,DHL,,In Transit,Pune,Chennai,NULL,NULL,NULL,NULL
SHO4277,FEDEX,,Delayed,Mumbai,Bangalore,428.42,09/26/2025,05/10/2025,NULL
SHO4278,FEDEX,,In Transit,Chennai,Pune,477.75,12/16/2024,NULL,NULL
SHO4279,FEDEX,,Delivered,Hyderabad,Bangalore,472.14,10/04/2025,04/15/2025,0
SHO4280,DHL,,Delivered,Hyderabad,Chennai,294.12,01/22/2026,01/24/2026,2
SHO4281,DHL,,In Transit,Bangalore,Chennai,236.91,NULL,NULL,NULL
SHO4285,DHL,,In Transit,Mumbai,Hyderabad,77.19,05/21/2025,NULL,NULL
SHO4287,FEDEX,03/17/2026,Delivered,Bangalore,Delhi,-55.92,03/24/2026,03/28/2026,4
SHO4288,DHL,,Accepted,Hyderabad,Bangalore,-12.24,NULL,NULL,NULL
SHO4289,DHL,,Delayed,Mumbai,Pune,194.25,NULL,10/31/2025,NULL
SHO4290,BLUEDART,,Accepted,Pune,Delhi,NULL,07/01/2025,NULL,NULL
SHO4291,FEDEX,11/02/2025,Accepted,Hyderabad,Pune,-16.25,02/16/2025,NULL,NULL
SHO4293,BLUEDART,12/06/2025,Accepted,Mumbai,Delhi,127.46,10/12/2025,NULL,NULL
SHO4294,BLUEDART,,Pending,Bangalore,Pune,-50.83,03/02/2025,NULL,NULL
SHO4295,BLUEDART,,Accepted,Delhi,Mumbai,149.45,05/18/2026,NULL,NULL
SHO4296,BLUEDART,01/19/2024,Delayed,Chennai,Bangalore,NULL,01/24/2024,02/01/2024,NULL
SHO4301,DHL,,Accepted,Pune,Chennai,436.21,NULL,NULL,NULL
SHO4303,DHL,,Pending,Pune,Delhi,242.34,NULL,NULL,NULL
SHO4304,FEDEX,06/09/2024,Pending,Pune,Hyderabad,-70.81,06/12/2024,NULL,NULL
SHO4307,DHL,09/29/2024,UNKNOWN,Chennai,Hyderabad,146.16,10/05/2024,NULL,NULL
SHO4309,DHL,,Accepted,Mumbai,Hyderabad,432.47,09/25/2024,NULL,NULL
,DHL,12/02/2025,Pending,Chennai,Mumbai,294.5,12/07/2025,NULL,NULL
SHO4312,BLUEDART,06/08/2024,UNKNOWN,Bangalore,Pune,116.6,10/06/2024,06/10/2024,NULL
SHO4313,DHL,10/22/2024,Delayed,Delhi,Pune,NULL,10/27/2024,02/11/2024,NULL
SHO4316,DHL,,Delivered,Mumbai,Bangalore,321.25,11/18/2024,11/23/2024,5
SHO4318,BLUEDART,,Pending,Pune,Delhi,121.25,05/19/2026,NULL,NULL
SHO4319,BLUEDART,09/29/2024,Pending,Mumbai,Bangalore,-38.4,10/04/2024,NULL,NULL
SHO4321,FEDEX,03/06/2025,Pending,Pune,Hyderabad,NULL,NULL,NULL,NULL
SHO4322,DHL,,In Transit,Bangalore,Chennai,391.2,03/20/2024,NULL,NULL
,FEDEX,,UNKNOWN,Pune,Hyderabad,103.29,10/13/2024,NULL,NULL
SHO4325,FEDEX,,In Transit,Chennai,Hyderabad,42.46,NULL,NULL,NULL
SHO4327,FEDEX,,In Transit,Chennai,Bangalore,448.94,NULL,NULL,NULL
SHO4328,FEDEX,,In Transit,Delhi,Bangalore,480.41,12/18/2025,NULL,NULL
SHO4330,FEDEX,01/19/2026,UNKNOWN,Mumbai,Chennai,-42.58,01/23/2026,NULL,NULL
,FEDEX,08/20/2024,Delayed,Bangalore,Mumbai,182.43,08/26/2024,NULL,NULL
SHO4335,FEDEX,12/21/2024,Delivered,Chennai,Delhi,391.06,NULL,01/02/2025,NULL
SHO4336,BLUEDART,,Delayed,Pune,Mumbai,29.1,03/12/2025,03/15/2025,NULL
SHO4337,BLUEDART,05/26/2025,In Transit,Delhi,Bangalore,483.76,01/06/2025,NULL,NULL
SHO4338,FEDEX,03/20/2026,Accepted,Pune,Bangalore,-33.49,03/25/2026,NULL,NULL
,DHL,,In Transit,Mumbai,Hyderabad,-42.22,05/23/2025,NULL,NULL
SHO4343,DHL,,Accepted,Pune,Delhi,469.22,NULL,NULL,NULL
SHO4344,DHL,12/25/2024,Accepted,Mumbai,Pune,-79.33,01/01/2025,08/01/2025,NULL
SHO4348,DHL,02/01/2025,Delayed,Mumbai,Bangalore,-7.86,NULL,02/14/2025,NULL
SHO4349,BLUEDART,03/01/2024,Delivered,Chennai,Bangalore,350.97,NULL,09/01/2024,NULL
SHO4351,DHL,,Accepted,Chennai,Bangalore,239.37,NULL,NULL,NULL
SHO4354,DHL,,In Transit,Hyderabad,Pune,NULL,02/11/2025,NULL,NULL
SHO4356,DHL,09/07/2025,In Transit,Chennai,Pune,-74.31,09/10/2025,NULL,NULL
SHO4358,BLUEDART,,Delayed,Delhi,Pune,464.77,02/03/2024,NULL,NULL
SHO4359,FEDEX,,Delayed,Pune,Chennai,414.2,03/24/2025,03/27/2025,NULL
SHO4360,DHL,,Pending,Chennai,Hyderabad,17.45,09/02/2026,NULL,NULL
,FEDEX,03/09/2026,In Transit,Mumbai,Pune,-35.3,12/03/2026,NULL,NULL
SHO4364,BLUEDART,,Delayed,Chennai,Hyderabad,325.84,NULL,NULL,NULL
SHO4365,BLUEDART,03/28/2024,Delivered,Mumbai,Hyderabad,493.37,NULL,03/31/2024,NULL
SHO4366,DHL,01/18/2026,Accepted,Hyderabad,Delhi,-34.03,01/21/2026,NULL,NULL
,DHL,04/17/2025,UNKNOWN,Chennai,Mumbai,42.02,04/24/2025,04/25/2025,NULL
SHO4372,BLUEDART,,In Transit,Pune,Bangalore,83.09,01/05/2025,NULL,NULL
SHO4374,FEDEX,,In Transit,Chennai,Bangalore,311.05,03/24/2025,NULL,NULL
SHO4375,FEDEX,07/06/2025,Delivered,Delhi,Hyderabad,492.8,09/06/2025,06/14/2025,0
SHO4378,BLUEDART,06/02/2026,Delayed,Hyderabad,Delhi,140.63,02/11/2026,02/13/2026,NULL
SHO4379,FEDEX,05/28/2026,In Transit,Hyderabad,Mumbai,409.11,02/06/2026,NULL,NULL
SHO4380,DHL,01/26/2024,Delivered,Bangalore,Chennai,226.85,NULL,NULL,NULL
SHO4383,BLUEDART,05/29/2025,Pending,Mumbai,Pune,238.29,02/06/2025,NULL,NULL
SHO4384,FEDEX,,Pending,Bangalore,Hyderabad,418.14,NULL,NULL,NULL
SHO4385,FEDEX,,In Transit,Bangalore,Delhi,-79.74,NULL,NULL,NULL
,DHL,01/31/2024,Delayed,Bangalore,Chennai,-23.14,02/07/2024,02/16/2024,NULL
SHO4387,DHL,04/10/2025,Delivered,Delhi,Chennai,118.04,07/10/2025,NULL,NULL
SHO4388,DHL,11/24/2025,In Transit,Bangalore,Mumbai,486.11,01/12/2025,NULL,NULL
SHO4390,FEDEX,06/17/2024,UNKNOWN,Hyderabad,Delhi,101.4,06/22/2024,NULL,NULL
,FEDEX,05/24/2025,Delivered,Hyderabad,Pune,252.76,NULL,05/26/2025,NULL
SHO4393,DHL,,In Transit,Hyderabad,Pune,186.05,03/09/2025,NULL,NULL
SHO4394,FEDEX,06/08/2024,Accepted,Delhi,Bangalore,NULL,06/13/2024,NULL,NULL
SHO4396,DHL,,Delivered,Chennai,Delhi,-77.74,01/15/2024,01/15/2024,0
SHO4400,DHL,09/29/2025,Accepted,Chennai,Delhi,NULL,10/01/2025,NULL,NULL
SHO4402,DHL,10/25/2024,Delayed,Hyderabad,Delhi,-53.67,NULL,02/11/2024,NULL
SHO4403,BLUEDART,01/24/2024,UNKNOWN,Delhi,Hyderabad,5.72,01/26/2024,02/03/2024,NULL
SHO4405,FEDEX,,In Transit,Mumbai,Pune,146.31,10/16/2025,NULL,NULL
SHO4407,FEDEX,09/02/2024,Pending,Pune,Mumbai,NULL,09/06/2024,NULL,NULL
,BLUEDART,03/11/2024,Delivered,Pune,Mumbai,9.44,NULL,08/11/2024,NULL
SHO4409,FEDEX,06/25/2025,UNKNOWN,Delhi,Pune,-79.42,NULL,NULL,NULL
SHO4412,BLUEDART,03/09/2024,UNKNOWN,Delhi,Pune,36.7,09/09/2024,09/10/2024,NULL
SHO4413,BLUEDART,,Delayed,Pune,Mumbai,148.88,NULL,02/10/2025,NULL
SHO4414,FEDEX,,Delivered,Mumbai,Pune,107.48,NULL,01/23/2025,NULL
SHO4415,DHL,,Delivered,Chennai,Hyderabad,10.21,03/18/2024,03/16/2024,0
SHO4416,BLUEDART,01/04/2025,Delivered,Pune,Hyderabad,209.69,NULL,06/04/2025,NULL
SHO4421,BLUEDART,02/03/2024,Accepted,Chennai,Mumbai,-15.91,03/05/2024,NULL,NULL
SHO4422,BLUEDART,06/10/2026,UNKNOWN,Mumbai,Chennai,94.5,06/15/2026,06/22/2026,NULL
SHO4423,DHL,05/28/2025,Delayed,Pune,Hyderabad,-49.05,NULL,06/07/2025,NULL
SHO4424,FEDEX,,In Transit,Mumbai,Delhi,7.05,05/27/2024,NULL,NULL
SHO4426,DHL,09/13/2024,Delayed,Pune,Delhi,-67.13,09/15/2024,09/18/2024,NULL
SHO4427,FEDEX,,In Transit,Chennai,Mumbai,-15.52,01/11/2024,NULL,NULL
SHO4428,FEDEX,03/20/2024,Delivered,Bangalore,Hyderabad,280.75,NULL,NULL,NULL
SHO4429,FEDEX,,Pending,Chennai,Delhi,307.64,NULL,NULL,NULL
SHO4431,DHL,,Delayed,Chennai,Bangalore,48.64,05/09/2025,05/12/2025,NULL
SHO4433,DHL,,Delivered,Pune,Hyderabad,135.95,NULL,03/15/2024,NULL
SHO4434,BLUEDART,,In Transit,Chennai,Bangalore,-60.81,03/04/2025,NULL,NULL
SHO4437,BLUEDART,04/30/2026,Delivered,Delhi,Mumbai,136.98,05/07/2026,NULL,NULL
SHO4440,DHL,09/13/2025,Delivered,Bangalore,Hyderabad,320.73,09/17/2025,NULL,NULL
SHO4442,DHL,,Pending,Pune,Chennai,150.77,NULL,NULL,NULL
SHO4443,BLUEDART,,Delayed,Chennai,Pune,-18.93,NULL,08/25/2024,NULL
SHO4444,FEDEX,,In Transit,Mumbai,Pune,171.47,11/03/2025,NULL,NULL
SHO4446,FEDEX,,In Transit,Bangalore,Pune,465.3,NULL,NULL,NULL
SHO4447,FEDEX,,In Transit,Chennai,Mumbai,216.57,07/25/2024,NULL,NULL
SHO4449,DHL,08/24/2025,UNKNOWN,Chennai,Mumbai,119.57,NULL,NULL,NULL
SHO4450,FEDEX,06/21/2024,Delivered,Pune,Delhi,77.13,06/28/2024,NULL,NULL
SHO4451,DHL,05/02/2025,Accepted,Delhi,Chennai,-50.22,07/02/2025,NULL,NULL
SHO4454,DHL,01/18/2025,Delivered,Mumbai,Delhi,399.09,NULL,01/21/2025,NULL
SHO4455,FEDEX,,Delayed,Chennai,Mumbai,258.62,NULL,05/25/2025,NULL
SHO4458,DHL,08/10/2025,In Transit,Hyderabad,Bangalore,NULL,08/12/2025,NULL,NULL
SHO4459,BLUEDART,,Pending,Delhi,Mumbai,-66.11,06/05/2024,NULL,NULL
SHO4460,DHL,,In Transit,Pune,Chennai,NULL,04/23/2024,NULL,NULL
SHO4461,BLUEDART,,In Transit,Hyderabad,Chennai,317.62,NULL,NULL,NULL
SHO4464,FEDEX,06/02/2024,In Transit,Mumbai,Pune,120.07,04/06/2024,NULL,NULL
SHO4465,BLUEDART,12/08/2025,In Transit,Pune,Hyderabad,-49.39,NULL,NULL,NULL
SHO4466,BLUEDART,,Pending,Hyderabad,Pune,77.32,01/23/2025,NULL,NULL
SHO4468,BLUEDART,06/26/2024,UNKNOWN,Pune,Chennai,80.71,NULL,07/01/2024,NULL
SHO4469,FEDEX,,Pending,Hyderabad,Pune,83.36,08/07/2024,NULL,NULL
SHO4471,DHL,05/21/2025,Delayed,Chennai,Pune,31.16,05/24/2025,03/06/2025,NULL
SHO4473,FEDEX,,In Transit,Hyderabad,Mumbai,48.81,NULL,NULL,NULL
SHO4478,DHL,12/04/2024,Delivered,Delhi,Bangalore,278.53,04/18/2024,04/19/2024,1
SHO4481,DHL,05/12/2025,Accepted,Bangalore,Hyderabad,-54.72,12/12/2025,NULL,NULL
SHO4483,FEDEX,,Delayed,Hyderabad,Chennai,-11.51,11/04/2026,04/13/2026,NULL
SHO4484,FEDEX,09/30/2024,Accepted,Pune,Mumbai,323.34,06/10/2024,NULL,NULL
SHO4489,DHL,08/10/2024,UNKNOWN,Delhi,Bangalore,243.57,10/12/2024,NULL,NULL
SHO4492,FEDEX,,Accepted,Pune,Delhi,117.41,NULL,08/02/2024,NULL
SHO4494,DHL,10/02/2025,In Transit,Bangalore,Chennai,38.47,02/16/2025,NULL,NULL
,FEDEX,01/30/2026,Pending,Mumbai,Delhi,360.55,02/04/2026,NULL,NULL
SHO4497,FEDEX,07/29/2024,In Transit,Chennai,Pune,115.59,04/08/2024,NULL,NULL
SHO4499,DHL,09/07/2025,Delivered,Mumbai,Hyderabad,5.62,07/15/2025,NULL,NULL
SHO4500,FEDEX,,Delivered,Delhi,Chennai,331.66,01/05/2026,NULL,NULL
SHO4501,FEDEX,,In Transit,Chennai,Bangalore,457.16,06/19/2026,NULL,NULL
SHO4502,DHL,07/05/2024,Pending,Mumbai,Chennai,345.23,05/11/2024,NULL,NULL
SHO4503,FEDEX,,Delayed,Delhi,Chennai,255.5,NULL,05/08/2025,NULL
SHO4504,DHL,03/15/2026,In Transit,Pune,Bangalore,-16.05,03/22/2026,NULL,NULL
SHO4505,DHL,10/16/2025,Delivered,Mumbai,Pune,214.08,10/18/2025,NULL,NULL
SHO4506,DHL,11/09/2024,Delivered,Pune,Chennai,449.53,11/13/2024,NULL,NULL
,FEDEX,,Delayed,Mumbai,Pune,31.85,NULL,01/03/2026,NULL
SHO4508,DHL,02/05/2024,Delivered,Delhi,Bangalore,59.34,NULL,05/13/2024,NULL
SHO4511,FEDEX,,Delayed,Delhi,Mumbai,408.08,NULL,NULL,NULL
SHO4513,DHL,03/27/2025,Delayed,Pune,Hyderabad,272.88,03/04/2025,09/04/2025,NULL
,FEDEX,,Delivered,Hyderabad,Bangalore,329.31,NULL,03/20/2025,NULL
SHO4517,FEDEX,08/09/2024,Accepted,Pune,Hyderabad,-27.87,12/09/2024,NULL,NULL
SHO4518,BLUEDART,,In Transit,Delhi,Bangalore,116.44,NULL,NULL,NULL
SHO4521,FEDEX,,Delivered,Hyderabad,Pune,171.49,NULL,03/26/2024,NULL
SHO4522,DHL,,Delayed,Chennai,Bangalore,318.65,03/13/2025,03/15/2025,NULL
,DHL,,Delayed,Mumbai,Pune,459.15,NULL,03/22/2025,NULL
SHO4525,DHL,07/13/2024,Delivered,Pune,Chennai,4.93,07/17/2024,NULL,NULL
SHO4527,BLUEDART,02/23/2025,Delivered,Bangalore,Chennai,210.35,NULL,03/03/2025,NULL
SHO4529,BLUEDART,,Delivered,Delhi,Mumbai,488.16,04/24/2026,04/26/2026,2
,BLUEDART,01/22/2026,Delivered,Bangalore,Pune,17.81,01/25/2026,01/23/2026,0
SHO4532,BLUEDART,12/12/2025,Delivered,Chennai,Pune,358.31,12/17/2025,NULL,NULL
SHO4533,FEDEX,,In Transit,Hyderabad,Delhi,NULL,12/25/2024,NULL,NULL
SHO4534,BLUEDART,,In Transit,Bangalore,Hyderabad,441.07,02/21/2025,NULL,NULL
SHO4535,DHL,,Pending,Pune,Hyderabad,234.45,05/07/2025,NULL,NULL
SHO4538,FEDEX,09/04/2024,Delayed,Hyderabad,Pune,379.96,NULL,04/17/2024,NULL
SHO4539,FEDEX,,In Transit,Bangalore,Pune,253.27,10/04/2025,NULL,NULL
SHO4540,BLUEDART,03/24/2024,UNKNOWN,Chennai,Bangalore,224.38,NULL,04/02/2024,NULL
SHO4542,DHL,06/28/2026,In Transit,Hyderabad,Mumbai,260.79,03/07/2026,NULL,NULL
SHO4546,DHL,11/10/2024,In Transit,Hyderabad,Pune,-6.64,10/16/2024,NULL,NULL
SHO4550,DHL,11/13/2025,Pending,Bangalore,Chennai,-23.86,NULL,NULL,NULL
SHO4551,FEDEX,12/02/2026,Pending,Hyderabad,Pune,465.47,02/17/2026,NULL,NULL
SHO4554,FEDEX,,Pending,Pune,Chennai,162.99,07/05/2024,NULL,NULL
SHO4557,BLUEDART,,Pending,Hyderabad,Pune,377.08,12/19/2024,NULL,NULL
SHO4558,DHL,03/12/2025,Delivered,Pune,Chennai,-42.25,12/07/2025,06/12/2025,0
SHO4559,FEDEX,,Delayed,Pune,Mumbai,308.65,06/01/2025,08/01/2025,NULL
SHO4561,BLUEDART,09/02/2024,Delivered,Bangalore,Chennai,386.88,09/08/2024,NULL,NULL
,FEDEX,04/17/2025,In Transit,Chennai,Delhi,191.46,04/22/2025,NULL,NULL
SHO4568,FEDEX,01/27/2026,Delayed,Bangalore,Hyderabad,-35.68,NULL,NULL,NULL
SHO4570,DHL,,Delivered,Hyderabad,Pune,397.18,04/06/2026,04/06/2026,0
SHO4572,BLUEDART,07/02/2024,Pending,Mumbai,Bangalore,156.56,02/12/2024,NULL,NULL
SHO4573,BLUEDART,,Accepted,Chennai,Mumbai,NULL,12/10/2024,NULL,NULL
SHO4574,FEDEX,03/26/2026,Accepted,Delhi,Hyderabad,458.57,02/04/2026,NULL,NULL
SHO4575,DHL,,Delivered,Mumbai,Hyderabad,271.94,10/26/2025,10/29/2025,3
,BLUEDART,01/17/2025,Pending,Mumbai,Chennai,NULL,NULL,NULL,NULL
SHO4579,DHL,,Delayed,Pune,Mumbai,464.53,06/11/2026,NULL,NULL
SHO4580,BLUEDART,09/01/2025,Delivered,Delhi,Pune,94.52,NULL,09/08/2025,NULL
SHO4582,DHL,,Pending,Bangalore,Pune,NULL,06/06/2025,NULL,NULL
SHO4584,DHL,04/15/2026,Delivered,Hyderabad,Delhi,88.77,NULL,04/17/2026,NULL
SHO4585,BLUEDART,01/02/2026,In Transit,Delhi,Hyderabad,-68.26,02/04/2026,NULL,NULL
SHO4586,FEDEX,,Delayed,Hyderabad,Delhi,-53.33,NULL,08/17/2024,NULL
SHO4587,FEDEX,06/02/2026,UNKNOWN,Hyderabad,Pune,-29.13,12/02/2026,02/16/2026,NULL
SHO4588,FEDEX,09/04/2026,Delivered,Chennai,Mumbai,175.1,04/13/2026,12/04/2026,235
SHO4589,DHL,,In Transit,Hyderabad,Pune,224.91,03/09/2025,NULL,NULL
SHO4591,FEDEX,04/05/2026,Delivered,Pune,Mumbai,487.74,05/09/2026,NULL,NULL
SHO4592,DHL,11/05/2024,In Transit,Mumbai,Pune,30.29,05/16/2024,NULL,NULL
SHO4593,DHL,08/26/2025,Delivered,Mumbai,Hyderabad,263.13,NULL,08/29/2025,NULL
SHO4595,BLUEDART,,Delayed,Delhi,Pune,83.99,NULL,NULL,NULL
SHO4597,DHL,,Pending,Bangalore,Mumbai,266.43,08/25/2025,NULL,NULL
SHO4599,DHL,09/24/2024,Delivered,Bangalore,Mumbai,149.25,09/28/2024,NULL,NULL
SHO4600,DHL,,In Transit,Delhi,Mumbai,190.32,NULL,NULL,NULL
SHO4602,DHL,05/21/2026,Delivered,Delhi,Hyderabad,84.88,05/28/2026,NULL,NULL
SHO4604,DHL,,Accepted,Pune,Chennai,398.15,NULL,NULL,NULL
SHO4605,DHL,10/18/2025,Accepted,Hyderabad,Delhi,-31.24,NULL,10/26/2025,NULL
SHO4606,BLUEDART,05/21/2026,In Transit,Hyderabad,Bangalore,NULL,NULL,NULL,NULL
SHO4607,BLUEDART,,UNKNOWN,Hyderabad,Delhi,75.07,04/07/2026,NULL,NULL
SHO4610,DHL,,Delivered,Chennai,Bangalore,-1.27,10/21/2025,10/24/2025,3
SHO4611,BLUEDART,,Accepted,Pune,Chennai,-49.6,05/20/2026,05/30/2026,NULL
SHO4612,BLUEDART,,Delivered,Hyderabad,Bangalore,90.11,04/07/2024,04/08/2024,1
SHO4616,FEDEX,10/25/2025,Delivered,Delhi,Hyderabad,307.63,10/28/2025,NULL,NULL
,DHL,,UNKNOWN,Delhi,Bangalore,106.28,NULL,04/13/2025,NULL
SHO4620,DHL,10/22/2024,Delayed,Chennai,Delhi,75.5,10/25/2024,01/11/2024,NULL
SHO4621,BLUEDART,,Accepted,Bangalore,Hyderabad,382.44,06/22/2024,NULL,NULL
,BLUEDART,08/02/2024,Delayed,Chennai,Hyderabad,-50.77,09/08/2024,NULL,NULL
SHO4626,BLUEDART,,In Transit,Delhi,Pune,356.36,NULL,NULL,NULL
SHO4627,BLUEDART,,In Transit,Pune,Bangalore,105.7,01/19/2025,NULL,NULL
SHO4628,FEDEX,10/03/2024,Delayed,Chennai,Delhi,26.57,09/10/2024,NULL,NULL
SHO4629,BLUEDART,,Accepted,Mumbai,Hyderabad,81.38,NULL,NULL,NULL
SHO4631,DHL,,Delayed,Delhi,Pune,-10.27,06/23/2024,03/07/2024,NULL
,FEDEX,10/06/2025,In Transit,Mumbai,Hyderabad,423.34,NULL,NULL,NULL
SHO4637,DHL,,In Transit,Delhi,Mumbai,268.35,07/27/2024,NULL,NULL
SHO4638,FEDEX,,Pending,Mumbai,Delhi,347.38,03/14/2024,NULL,NULL
SHO4640,BLUEDART,,Pending,Bangalore,Delhi,338.17,NULL,NULL,NULL
SHO4642,FEDEX,,Pending,Mumbai,Hyderabad,-22.88,06/02/2024,NULL,NULL
SHO4643,DHL,01/21/2025,Delivered,Chennai,Pune,370.1,01/23/2025,NULL,NULL
SHO4644,DHL,,Accepted,Delhi,Chennai,158.52,12/23/2025,NULL,NULL
SHO4645,BLUEDART,,In Transit,Bangalore,Hyderabad,68.13,04/23/2026,NULL,NULL
SHO4646,FEDEX,07/04/2025,Delivered,Mumbai,Delhi,446.87,09/07/2025,NULL,NULL
SHO4654,FEDEX,12/10/2024,Delivered,Bangalore,Delhi,451.68,NULL,12/15/2024,NULL
SHO4655,FEDEX,,In Transit,Pune,Mumbai,380.08,NULL,NULL,NULL
SHO4656,FEDEX,,Delayed,Pune,Delhi,158.5,06/18/2025,06/28/2025,NULL
,FEDEX,10/06/2025,In Transit,Mumbai,Bangalore,148.79,NULL,NULL,NULL
SHO4658,BLUEDART,,Delayed,Hyderabad,Mumbai,497.19,08/02/2024,08/05/2024,NULL
SHO4661,BLUEDART,04/05/2025,Delayed,Bangalore,Pune,-71.29,05/11/2025,NULL,NULL
SHO4662,DHL,,Pending,Delhi,Mumbai,453.64,NULL,NULL,NULL
SHO4663,DHL,,Delivered,Mumbai,Pune,323.89,01/20/2024,01/21/2024,1
SHO4667,FEDEX,,Delayed,Bangalore,Mumbai,277.13,06/29/2025,06/30/2025,NULL
SHO4668,FEDEX,11/10/2025,In Transit,Hyderabad,Bangalore,-70.22,11/16/2025,NULL,NULL
SHO4670,BLUEDART,02/01/2026,Pending,Bangalore,Delhi,NULL,02/04/2026,NULL,NULL
,FEDEX,10/08/2025,In Transit,Bangalore,Hyderabad,302.58,NULL,NULL,NULL
SHO4672,DHL,07/04/2024,Pending,Bangalore,Delhi,-56.9,10/07/2024,NULL,NULL
SHO4673,BLUEDART,,Delivered,Delhi,Hyderabad,45.4,12/05/2025,12/03/2025,0
SHO4677,FEDEX,,In Transit,Chennai,Mumbai,479.61,NULL,NULL,NULL
SHO4678,FEDEX,03/07/2024,Delivered,Hyderabad,Pune,117.27,NULL,07/15/2024,NULL
SHO4679,FEDEX,,Accepted,Pune,Delhi,-24.05,NULL,NULL,NULL
SHO4680,BLUEDART,12/06/2025,Delivered,Delhi,Mumbai,-21.25,NULL,NULL,NULL
SHO4682,BLUEDART,05/17/2025,Delivered,Hyderabad,Delhi,476.96,NULL,05/22/2025,NULL
SHO4683,BLUEDART,09/05/2026,Delivered,Mumbai,Bangalore,410.9,05/14/2026,05/13/2026,0
SHO4685,BLUEDART,,Delayed,Chennai,Pune,243.96,NULL,08/14/2025,NULL
SHO4687,FEDEX,06/11/2024,Accepted,Chennai,Delhi,-79.17,NULL,NULL,NULL
SHO4688,FEDEX,07/02/2026,Pending,Delhi,Hyderabad,157.41,02/13/2026,NULL,NULL
SHO4691,FEDEX,,Pending,Delhi,Mumbai,399.65,01/01/2026,NULL,NULL
SHO4694,FEDEX,,Delayed,Pune,Delhi,175.11,03/28/2025,NULL,NULL
SHO4695,BLUEDART,04/03/2026,Delivered,Hyderabad,Mumbai,182.8,03/08/2026,03/09/2026,1
SHO4696,BLUEDART,,Delayed,Bangalore,Mumbai,319.11,10/01/2025,09/10/2025,NULL
SHO4697,DHL,,In Transit,Chennai,Mumbai,269.17,05/27/2024,NULL,NULL
SHO4698,DHL,,Accepted,Pune,Hyderabad,-69.2,02/25/2024,NULL,NULL
SHO4700,FEDEX,06/26/2024,In Transit,Bangalore,Delhi,193.1,02/07/2024,NULL,NULL
SHO4701,DHL,,Delivered,Pune,Delhi,-69.56,NULL,02/15/2025,NULL
SHO4702,DHL,,Accepted,Hyderabad,Mumbai,-21.0,05/31/2024,NULL,NULL
SHO4703,DHL,,In Transit,Pune,Bangalore,-10.59,NULL,NULL,NULL
SHO4704,BLUEDART,05/24/2025,Delivered,Mumbai,Hyderabad,83.48,05/30/2025,NULL,NULL
SHO4705,DHL,,Delivered,Mumbai,Hyderabad,-4.53,07/27/2024,NULL,NULL
SHO4707,BLUEDART,05/02/2024,Delivered,Pune,Chennai,412.86,12/02/2024,02/14/2024,0
,BLUEDART,06/11/2024,In Transit,Pune,Delhi,446.55,06/15/2024,NULL,NULL
SHO4713,FEDEX,01/24/2025,Pending,Hyderabad,Chennai,-6.71,01/29/2025,NULL,NULL
SHO4715,FEDEX,04/12/2024,UNKNOWN,Pune,Delhi,287.45,12/07/2024,NULL,NULL
SHO4717,BLUEDART,,In Transit,Mumbai,Delhi,-36.55,11/10/2025,NULL,NULL
SHO4719,DHL,,In Transit,Chennai,Mumbai,203.93,NULL,NULL,NULL
,FEDEX,,Pending,Delhi,Mumbai,400.71,05/04/2026,NULL,NULL
SHO4721,BLUEDART,06/13/2024,Delayed,Chennai,Hyderabad,-67.39,06/17/2024,06/24/2024,NULL
,BLUEDART,,Accepted,Delhi,Pune,-63.2,NULL,NULL,NULL
SHO4726,DHL,,Pending,Mumbai,Hyderabad,464.25,06/27/2025,NULL,NULL
SHO4727,BLUEDART,05/10/2024,Accepted,Mumbai,Delhi,-24.82,12/05/2024,NULL,NULL
SHO4732,DHL,,Pending,Pune,Bangalore,51.88,NULL,NULL,NULL
SHO4733,FEDEX,,Accepted,Bangalore,Hyderabad,194.34,11/10/2024,NULL,NULL
SHO4734,FEDEX,05/21/2026,Delayed,Pune,Bangalore,NULL,NULL,05/31/2026,NULL
SHO4736,FEDEX,05/14/2024,UNKNOWN,Mumbai,Chennai,NULL,05/21/2024,NULL,NULL
SHO4737,BLUEDART,,UNKNOWN,Bangalore,Delhi,146.5,08/30/2024,NULL,NULL
SHO4740,FEDEX,,Pending,Pune,Bangalore,-17.63,12/17/2025,NULL,NULL
SHO4742,BLUEDART,04/08/2026,In Transit,Mumbai,Pune,-66.47,04/10/2026,NULL,NULL
SHO4743,DHL,,Pending,Chennai,Mumbai,375.53,12/11/2025,NULL,NULL
SHO4744,FEDEX,04/18/2026,In Transit,Mumbai,Hyderabad,NULL,NULL,NULL,NULL
SHO4745,FEDEX,11/13/2025,In Transit,Mumbai,Chennai,-77.83,NULL,NULL,NULL
SHO4748,DHL,,Pending,Pune,Hyderabad,12.91,11/24/2025,NULL,NULL
SHO4749,DHL,11/02/2026,Delivered,Hyderabad,Chennai,343.37,02/18/2026,02/20/2026,2
SHO4750,DHL,09/19/2024,UNKNOWN,Pune,Chennai,218.65,09/25/2024,NULL,NULL
SHO4751,DHL,,Accepted,Delhi,Hyderabad,20.65,NULL,NULL,NULL
SHO4756,FEDEX,,Pending,Delhi,Bangalore,33.52,09/30/2024,NULL,NULL
SHO4758,FEDEX,,Accepted,Pune,Chennai,173.29,11/24/2024,NULL,NULL
SHO4759,BLUEDART,03/03/2024,UNKNOWN,Hyderabad,Delhi,191.26,NULL,NULL,NULL
SHO4761,BLUEDART,10/21/2025,Delivered,Mumbai,Chennai,141.31,10/23/2025,NULL,NULL
SHO4764,FEDEX,,Delayed,Pune,Delhi,327.6,NULL,07/05/2026,NULL
SHO4765,BLUEDART,,In Transit,Hyderabad,Pune,475.54,NULL,NULL,NULL
SHO4766,DHL,,Pending,Hyderabad,Bangalore,181.69,06/17/2024,NULL,NULL
SHO4768,DHL,12/05/2024,Pending,Hyderabad,Mumbai,-13.69,12/11/2024,NULL,NULL
SHO4769,FEDEX,11/03/2024,Delivered,Pune,Mumbai,20.95,03/17/2024,03/16/2024,0
SHO4777,DHL,,In Transit,Pune,Chennai,-65.75,01/15/2025,NULL,NULL
SHO4779,DHL,,Delayed,Chennai,Pune,300.43,01/26/2026,01/31/2026,NULL
SHO4781,DHL,,Pending,Hyderabad,Chennai,6.56,10/23/2024,NULL,NULL
SHO4783,DHL,,Pending,Mumbai,Hyderabad,391.39,02/01/2024,NULL,NULL
SHO4785,BLUEDART,05/16/2025,Delivered,Hyderabad,Bangalore,71.81,NULL,05/20/2025,NULL
SHO4788,DHL,07/19/2024,Delayed,Hyderabad,Bangalore,-17.88,07/24/2024,07/30/2024,NULL
SHO4789,FEDEX,12/28/2024,Pending,Mumbai,Pune,-17.9,01/02/2025,NULL,NULL
SHO4791,FEDEX,08/26/2024,UNKNOWN,Pune,Hyderabad,31.69,09/02/2024,NULL,NULL
SHO4795,DHL,,Pending,Chennai,Hyderabad,134.08,NULL,NULL,NULL
SHO4797,BLUEDART,,Pending,Pune,Hyderabad,138.81,11/12/2025,NULL,NULL
SHO4798,FEDEX,11/09/2025,Accepted,Mumbai,Delhi,NULL,09/17/2025,NULL,NULL
SHO4802,DHL,,Delayed,Bangalore,Chennai,352.74,05/24/2025,NULL,NULL
SHO4803,FEDEX,,Delayed,Pune,Hyderabad,413.78,03/06/2025,NULL,NULL
SHO4805,BLUEDART,,Delayed,Bangalore,Delhi,450.59,05/27/2024,06/02/2024,NULL
SHO4808,DHL,,In Transit,Bangalore,Pune,189.79,05/14/2025,NULL,NULL
SHO4810,DHL,06/26/2025,In Transit,Bangalore,Delhi,-0.96,NULL,NULL,NULL
SHO4811,DHL,03/30/2026,Accepted,Delhi,Mumbai,31.54,01/04/2026,04/07/2026,NULL
SHO4815,BLUEDART,03/15/2026,Delivered,Chennai,Delhi,259.72,03/20/2026,NULL,NULL
SHO4816,DHL,,In Transit,Mumbai,Chennai,158.14,NULL,NULL,NULL
SHO4817,FEDEX,,Delayed,Bangalore,Chennai,-52.27,06/27/2024,05/07/2024,NULL
SHO4819,FEDEX,01/22/2025,Accepted,Mumbai,Hyderabad,NULL,01/28/2025,NULL,NULL
SHO4821,FEDEX,05/05/2024,Pending,Hyderabad,Chennai,-8.41,05/10/2024,NULL,NULL
SHO4822,BLUEDART,,In Transit,Mumbai,Delhi,1.31,12/29/2025,NULL,NULL
SHO4824,BLUEDART,02/24/2026,Delayed,Mumbai,Pune,-76.38,03/02/2026,03/08/2026,NULL
SHO4825,BLUEDART,,In Transit,Bangalore,Pune,434.72,07/13/2024,NULL,NULL
SHO4826,FEDEX,10/15/2025,UNKNOWN,Pune,Delhi,-57.37,10/20/2025,10/18/2025,NULL
SHO4828,BLUEDART,11/07/2024,UNKNOWN,Delhi,Bangalore,75.61,07/18/2024,NULL,NULL
SHO4830,DHL,09/02/2024,In Transit,Chennai,Bangalore,142.62,02/12/2024,NULL,NULL
SHO4832,DHL,,In Transit,Bangalore,Mumbai,74.79,09/24/2024,NULL,NULL
SHO4836,BLUEDART,12/05/2026,Delayed,Pune,Delhi,314.06,05/19/2026,NULL,NULL
SHO4837,DHL,12/15/2024,In Transit,Pune,Chennai,-39.78,12/19/2024,NULL,NULL
SHO4839,FEDEX,08/03/2025,Pending,Pune,Delhi,-37.27,03/12/2025,NULL,NULL
,DHL,,Pending,Bangalore,Hyderabad,473.67,03/20/2026,NULL,NULL
SHO4842,DHL,,In Transit,Bangalore,Delhi,165.93,08/27/2025,NULL,NULL
SHO4843,BLUEDART,12/16/2024,Delayed,Hyderabad,Bangalore,-2.32,12/22/2024,12/26/2024,NULL
SHO4844,BLUEDART,07/10/2025,Delivered,Bangalore,Mumbai,425.27,NULL,NULL,NULL
SHO4845,BLUEDART,01/22/2025,Delivered,Hyderabad,Pune,-59.33,01/25/2025,NULL,NULL
SHO4847,FEDEX,,In Transit,Delhi,Hyderabad,-77.38,03/30/2025,NULL,NULL
SHO4849,FEDEX,,Delayed,Hyderabad,Delhi,392.77,NULL,NULL,NULL
SHO4850,DHL,12/24/2024,Accepted,Mumbai,Chennai,-47.58,12/28/2024,01/01/2025,NULL
SHO4853,DHL,,In Transit,Pune,Mumbai,271.63,11/26/2025,NULL,NULL
SHO4854,DHL,01/16/2025,Pending,Pune,Bangalore,-58.94,01/18/2025,NULL,NULL
SHO4856,DHL,11/04/2026,In Transit,Chennai,Mumbai,-38.35,NULL,NULL,NULL
SHO4859,FEDEX,01/12/2025,Delayed,Pune,Delhi,-23.78,12/04/2025,10/12/2025,NULL
SHO4860,FEDEX,11/05/2026,Delivered,Bangalore,Delhi,256.61,05/17/2026,NULL,NULL
SHO4861,FEDEX,,In Transit,Chennai,Pune,142.87,NULL,NULL,NULL
SHO4862,FEDEX,,Delayed,Mumbai,Pune,112.11,06/21/2025,NULL,NULL
SHO4865,BLUEDART,07/26/2024,Delivered,Mumbai,Delhi,273.21,NULL,08/02/2024,NULL
SHO4868,DHL,04/17/2024,Delivered,Chennai,Mumbai,496.02,04/19/2024,NULL,NULL
SHO4870,DHL,08/27/2025,Delivered,Pune,Hyderabad,167.5,NULL,09/08/2025,NULL
SHO4872,BLUEDART,04/30/2024,Delivered,Mumbai,Hyderabad,346.27,NULL,05/05/2024,NULL
SHO4874,BLUEDART,04/09/2024,Delayed,Mumbai,Hyderabad,-30.45,NULL,NULL,NULL
SHO4876,DHL,,Delayed,Bangalore,Delhi,415.82,NULL,NULL,NULL
SHO4877,DHL,10/06/2025,UNKNOWN,Bangalore,Pune,281.95,06/16/2025,NULL,NULL
SHO4881,DHL,08/26/2025,In Transit,Chennai,Mumbai,376.44,01/09/2025,NULL,NULL
SHO4883,BLUEDART,11/04/2026,In Transit,Hyderabad,Pune,-8.47,NULL,NULL,NULL
,FEDEX,08/04/2025,Pending,Hyderabad,Mumbai,6.86,08/08/2025,NULL,NULL
SHO4885,FEDEX,10/27/2025,UNKNOWN,Chennai,Delhi,-5.73,NULL,03/11/2025,NULL
SHO4886,BLUEDART,04/13/2024,Delivered,Mumbai,Chennai,320.5,NULL,04/19/2024,NULL
SHO4887,BLUEDART,,Pending,Chennai,Pune,434.72,09/04/2025,NULL,NULL
SHO4888,BLUEDART,09/03/2024,Delayed,Hyderabad,Chennai,260.87,NULL,03/14/2024,NULL
,BLUEDART,03/14/2025,Delivered,Hyderabad,Chennai,283.35,03/19/2025,03/20/2025,1
SHO4890,FEDEX,12/14/2024,Delivered,Hyderabad,Delhi,-0.66,12/21/2024,12/23/2024,2
SHO4892,DHL,02/06/2025,Delivered,Mumbai,Chennai,NULL,09/02/2025,02/14/2025,0
,DHL,03/25/2026,Pending,Bangalore,Delhi,-71.78,03/31/2026,NULL,NULL
SHO4894,DHL,07/05/2026,Accepted,Bangalore,Mumbai,315.66,05/10/2026,NULL,NULL
SHO4895,DHL,,Delayed,Hyderabad,Chennai,199.41,01/15/2024,01/22/2024,NULL
SHO4896,BLUEDART,06/21/2025,UNKNOWN,Delhi,Mumbai,411.7,06/23/2025,NULL,NULL
SHO4897,BLUEDART,05/04/2025,UNKNOWN,Pune,Chennai,-18.54,11/04/2025,NULL,NULL
SHO4900,DHL,,Delayed,Pune,Delhi,8.04,02/01/2026,08/01/2026,NULL
SHO4902,BLUEDART,,In Transit,Chennai,Mumbai,156.27,04/18/2024,NULL,NULL
SHO4904,DHL,,In Transit,Hyderabad,Bangalore,-58.68,02/25/2024,NULL,NULL
SHO4906,DHL,10/05/2025,Delayed,Delhi,Hyderabad,337.33,09/10/2025,11/10/2025,NULL
SHO4908,DHL,,Delivered,Delhi,Mumbai,67.49,06/15/2026,NULL,NULL
SHO4909,BLUEDART,,Accepted,Chennai,Mumbai,344.05,02/26/2025,NULL,NULL
SHO4910,DHL,12/09/2024,Delivered,Mumbai,Pune,428.56,NULL,NULL,NULL
SHO4913,FEDEX,,Delivered,Delhi,Hyderabad,383.71,NULL,06/23/2026,NULL
SHO4915,BLUEDART,07/05/2024,Delivered,Chennai,Hyderabad,7.09,NULL,05/13/2024,NULL
SHO4916,FEDEX,,Delayed,Delhi,Mumbai,496.9,02/01/2025,11/02/2025,NULL
SHO4917,FEDEX,,In Transit,Mumbai,Bangalore,279.25,NULL,NULL,NULL
SHO4918,BLUEDART,01/01/2025,In Transit,Chennai,Pune,-69.74,04/01/2025,NULL,NULL
SHO4919,DHL,07/01/2025,Accepted,Hyderabad,Pune,63.88,01/13/2025,NULL,NULL
SHO4922,FEDEX,03/25/2025,Delivered,Chennai,Pune,431.21,04/01/2025,NULL,NULL
SHO4923,BLUEDART,,Pending,Hyderabad,Mumbai,486.58,10/05/2026,NULL,NULL
SHO4925,DHL,10/02/2024,Delivered,Delhi,Chennai,-21.21,07/10/2024,10/10/2024,92
SHO4926,BLUEDART,12/04/2024,In Transit,Mumbai,Delhi,216.54,04/17/2024,NULL,NULL
,BLUEDART,06/09/2024,Delivered,Mumbai,Delhi,-41.72,NULL,NULL,NULL
SHO4932,DHL,03/11/2024,In Transit,Chennai,Pune,-3.24,11/06/2024,NULL,NULL
SHO4934,FEDEX,,Delayed,Bangalore,Chennai,272.76,02/05/2025,02/13/2025,NULL
,BLUEDART,,Delivered,Pune,Chennai,-46.82,03/24/2025,NULL,NULL
SHO4936,FEDEX,01/11/2025,Delivered,Hyderabad,Pune,-29.65,01/15/2025,01/20/2025,5
SHO4938,DHL,,In Transit,Hyderabad,Bangalore,96.68,08/19/2025,NULL,NULL
SHO4939,BLUEDART,,In Transit,Mumbai,Chennai,369.85,10/26/2025,NULL,NULL
SHO4940,FEDEX,05/17/2024,In Transit,Delhi,Chennai,-56.82,NULL,NULL,NULL
SHO4941,BLUEDART,02/08/2025,Delivered,Bangalore,Chennai,449.76,05/08/2025,NULL,NULL
SHO4942,DHL,02/16/2026,Delivered,Bangalore,Chennai,393.05,02/18/2026,NULL,NULL
SHO4943,FEDEX,05/03/2025,Delayed,Pune,Chennai,126.75,03/07/2025,NULL,NULL
SHO4944,DHL,,In Transit,Pune,Delhi,460.56,NULL,NULL,NULL
,BLUEDART,09/10/2024,Delivered,Hyderabad,Chennai,169.05,NULL,10/15/2024,NULL
SHO4948,FEDEX,06/20/2025,In Transit,Chennai,Bangalore,-50.18,06/23/2025,NULL,NULL
SHO4950,FEDEX,05/18/2024,Delivered,Pune,Hyderabad,-58.39,05/24/2024,05/26/2024,2
SHO4952,BLUEDART,11/04/2025,UNKNOWN,Mumbai,Chennai,311.97,NULL,04/20/2025,NULL
SHO4955,DHL,,Pending,Delhi,Bangalore,380.88,05/29/2026,NULL,NULL
SHO4956,BLUEDART,,Accepted,Pune,Bangalore,225.0,NULL,NULL,NULL
SHO4958,FEDEX,,Delayed,Hyderabad,Mumbai,360.31,01/02/2024,NULL,NULL
SHO4960,DHL,,Pending,Bangalore,Chennai,398.1,05/14/2024,NULL,NULL
SHO4961,BLUEDART,,In Transit,Chennai,Hyderabad,-0.29,NULL,NULL,NULL
SHO4964,FEDEX,07/05/2026,Delayed,Delhi,Chennai,-44.73,NULL,05/22/2026,NULL
SHO4965,FEDEX,07/19/2025,Pending,Chennai,Bangalore,-4.31,07/25/2025,NULL,NULL
SHO4966,FEDEX,,UNKNOWN,Mumbai,Hyderabad,443.59,09/06/2024,NULL,NULL
SHO4968,BLUEDART,,In Transit,Pune,Hyderabad,276.14,07/24/2024,NULL,NULL
SHO4970,FEDEX,,Delivered,Hyderabad,Bangalore,343.55,10/11/2024,NULL,NULL
SHO4971,DHL,,Accepted,Pune,Chennai,35.52,05/02/2024,NULL,NULL
SHO4972,DHL,05/29/2026,Delayed,Delhi,Pune,341.61,02/06/2026,06/06/2026,NULL
,BLUEDART,,In Transit,Mumbai,Bangalore,23.06,04/24/2024,NULL,NULL
SHO4975,FEDEX,12/06/2025,In Transit,Hyderabad,Pune,NULL,12/11/2025,NULL,NULL
SHO4976,DHL,02/17/2024,Delivered,Delhi,Pune,495.97,NULL,02/24/2024,NULL
SHO4979,FEDEX,12/10/2025,Delivered,Hyderabad,Mumbai,-41.51,NULL,12/11/2025,NULL
SHO4980,FEDEX,,Pending,Hyderabad,Mumbai,278.97,07/28/2025,NULL,NULL
SHO4981,FEDEX,12/20/2025,Accepted,Pune,Hyderabad,NULL,12/22/2025,12/25/2025,NULL
SHO4982,BLUEDART,,In Transit,Chennai,Mumbai,465.4,04/05/2025,NULL,NULL
SHO4984,FEDEX,,In Transit,Mumbai,Pune,157.77,NULL,NULL,NULL
SHO4985,DHL,11/29/2024,Pending,Chennai,Pune,265.28,04/12/2024,NULL,NULL
SHO4987,BLUEDART,,In Transit,Chennai,Bangalore,350.32,04/07/2025,NULL,NULL
SHO4988,BLUEDART,,Delivered,Chennai,Bangalore,151.15,12/23/2025,12/24/2025,1
SHO4990,BLUEDART,,Pending,Chennai,Mumbai,117.03,12/31/2025,NULL,NULL
SHO4992,BLUEDART,,Delivered,Delhi,Hyderabad,238.34,06/03/2025,04/03/2025,0
SHO4994,DHL,06/02/2024,Delivered,Chennai,Pune,206.33,04/06/2024,09/06/2024,153
,DHL,11/21/2025,Delivered,Mumbai,Delhi,131.42,11/28/2025,03/12/2025,0
SHO4998,BLUEDART,,Delivered,Mumbai,Hyderabad,180.64,06/28/2026,03/07/2026,0
SHO4999,FEDEX,12/05/2024,Accepted,Delhi,Bangalore,319.21,05/18/2024,NULL,NULL
SHO5000,DHL,,Delivered,Chennai,Mumbai,260.97,NULL,NULL,NULL
,FEDEX,05/16/2024,Accepted,Bangalore,Pune,244.04,NULL,NULL,NULL
SHO5002,BLUEDART,,In Transit,Bangalore,Pune,390.44,10/08/2025,NULL,NULL
SHO5003,FEDEX,,In Transit,Hyderabad,Delhi,96.72,05/13/2026,NULL,NULL
SHO5006,BLUEDART,12/24/2024,In Transit,Delhi,Pune,NULL,12/28/2024,NULL,NULL
SHO5007,FEDEX,10/11/2024,Delivered,Mumbai,Pune,223.89,NULL,NULL,NULL
SHO5008,BLUEDART,,In Transit,Delhi,Mumbai,44.4,05/04/2025,NULL,NULL
SHO5010,FEDEX,09/08/2024,Delayed,Chennai,Mumbai,-68.14,NULL,08/14/2024,NULL
SHO5012,FEDEX,,Pending,Pune,Chennai,380.97,NULL,NULL,NULL
,BLUEDART,,Delivered,Chennai,Delhi,381.29,NULL,NULL,NULL
SHO5015,DHL,,In Transit,Delhi,Mumbai,-38.52,NULL,NULL,NULL
SHO5016,FEDEX,,UNKNOWN,Hyderabad,Delhi,-3.54,NULL,NULL,NULL
SHO5017,DHL,,Delayed,Delhi,Hyderabad,182.49,06/17/2026,06/20/2026,NULL
,FEDEX,,Delivered,Chennai,Pune,490.8,07/19/2024,NULL,NULL
SHO5020,DHL,,Delayed,Delhi,Mumbai,-44.93,04/11/2024,NULL,NULL
,DHL,11/25/2025,Pending,Pune,Hyderabad,96.9,11/29/2025,NULL,NULL
SHO5023,DHL,06/18/2025,UNKNOWN,Delhi,Hyderabad,210.62,06/22/2025,NULL,NULL
SHO5025,DHL,,Delayed,Pune,Delhi,348.47,08/28/2025,08/29/2025,NULL
,FEDEX,05/19/2024,Delayed,Chennai,Mumbai,222.12,NULL,NULL,NULL
SHO5027,FEDEX,05/29/2025,Pending,Hyderabad,Chennai,NULL,06/03/2025,NULL,NULL
SHO5028,FEDEX,05/05/2024,In Transit,Bangalore,Chennai,NULL,05/10/2024,NULL,NULL
SHO5029,DHL,,Accepted,Hyderabad,Bangalore,227.45,NULL,NULL,NULL
SHO5030,FEDEX,07/07/2025,UNKNOWN,Pune,Bangalore,210.38,09/07/2025,NULL,NULL
SHO5031,DHL,,Delayed,Chennai,Delhi,259.97,NULL,07/30/2025,NULL
SHO5032,DHL,10/01/2025,Delivered,Hyderabad,Pune,146.92,NULL,01/15/2025,NULL
,FEDEX,,Pending,Pune,Delhi,392.52,03/27/2026,NULL,NULL
SHO5035,DHL,,Delayed,Hyderabad,Pune,56.27,03/08/2026,NULL,NULL
SHO5038,BLUEDART,07/29/2024,In Transit,Mumbai,Chennai,344.08,01/08/2024,NULL,NULL
SHO5039,BLUEDART,12/04/2026,Delivered,Bangalore,Pune,74.81,NULL,04/20/2026,NULL
SHO5042,FEDEX,,Pending,Chennai,Hyderabad,298.13,NULL,NULL,NULL
,BLUEDART,01/22/2024,Delivered,Delhi,Bangalore,61.46,01/29/2024,01/02/2024,0
SHO5047,DHL,,Pending,Chennai,Delhi,368.86,NULL,NULL,NULL
SHO5050,BLUEDART,12/01/2024,Delayed,Chennai,Mumbai,265.45,01/19/2024,NULL,NULL
SHO5051,FEDEX,12/12/2024,Delivered,Hyderabad,Mumbai,NULL,12/17/2024,NULL,NULL
SHO5053,FEDEX,,Delivered,Delhi,Bangalore,39.85,03/26/2024,03/28/2024,2
SHO5056,DHL,,In Transit,Delhi,Mumbai,482.89,03/18/2025,NULL,NULL
SHO5059,FEDEX,,Delayed,Pune,Mumbai,22.45,04/19/2026,04/21/2026,NULL
,BLUEDART,,Delayed,Delhi,Chennai,-12.95,03/05/2025,NULL,NULL
SHO5063,FEDEX,07/16/2024,Delayed,Mumbai,Pune,-56.8,NULL,07/29/2024,NULL
SHO5064,FEDEX,07/02/2025,Pending,Mumbai,Bangalore,-71.96,07/07/2025,NULL,NULL
,BLUEDART,04/30/2026,In Transit,Chennai,Mumbai,117.56,07/05/2026,NULL,NULL
SHO5067,BLUEDART,,UNKNOWN,Hyderabad,Pune,32.47,04/22/2024,NULL,NULL
SHO5069,FEDEX,02/02/2025,Pending,Mumbai,Delhi,-63.19,06/02/2025,NULL,NULL
SHO5072,FEDEX,,In Transit,Bangalore,Mumbai,189.79,NULL,NULL,NULL
SHO5075,DHL,10/04/2026,Accepted,Hyderabad,Delhi,132.11,04/13/2026,NULL,NULL
SHO5076,DHL,07/09/2024,Delivered,Bangalore,Mumbai,NULL,09/10/2024,09/15/2024,5
SHO5080,DHL,,Delivered,Mumbai,Delhi,NULL,NULL,11/22/2025,NULL
SHO5085,FEDEX,,In Transit,Bangalore,Chennai,395.52,04/04/2025,NULL,NULL
SHO5086,FEDEX,08/18/2024,Delayed,Mumbai,Pune,-2.86,NULL,NULL,NULL
SHO5087,FEDEX,01/11/2024,Delivered,Hyderabad,Bangalore,-31.53,NULL,01/19/2024,NULL
SHO5089,BLUEDART,,Pending,Pune,Hyderabad,NULL,02/06/2025,NULL,NULL
SHO5091,BLUEDART,,Pending,Mumbai,Chennai,369.42,06/05/2024,NULL,NULL
SHO5092,BLUEDART,,Pending,Delhi,Hyderabad,443.35,NULL,NULL,NULL
SHO5093,DHL,,Delivered,Bangalore,Mumbai,NULL,08/17/2025,08/18/2025,1
SHO5094,FEDEX,04/06/2025,In Transit,Hyderabad,Chennai,NULL,10/04/2025,NULL,NULL
SHO5095,DHL,,Accepted,Hyderabad,Chennai,391.69,05/05/2024,NULL,NULL
SHO5097,DHL,,In Transit,Bangalore,Delhi,-34.58,05/11/2026,NULL,NULL
,BLUEDART,01/11/2024,Accepted,Hyderabad,Bangalore,317.61,01/14/2024,01/15/2024,NULL
SHO5103,FEDEX,,Delayed,Mumbai,Chennai,260.2,NULL,NULL,NULL
SHO5104,FEDEX,09/11/2025,Delivered,Chennai,Bangalore,396.69,NULL,11/15/2025,NULL
SHO5105,DHL,09/04/2026,In Transit,Hyderabad,Bangalore,96.63,04/13/2026,NULL,NULL
SHO5106,BLUEDART,11/27/2025,Accepted,Mumbai,Pune,-31.71,NULL,NULL,NULL
SHO5110,DHL,05/08/2025,Delivered,Chennai,Hyderabad,488.6,NULL,NULL,NULL
SHO5114,BLUEDART,,Delayed,Mumbai,Chennai,194.0,NULL,06/27/2025,NULL
SHO5116,FEDEX,,In Transit,Hyderabad,Mumbai,306.81,03/01/2025,NULL,NULL
,FEDEX,10/08/2025,Delivered,Bangalore,Chennai,185.87,08/17/2025,NULL,NULL
SHO5119,BLUEDART,04/17/2026,In Transit,Mumbai,Chennai,-31.15,04/23/2026,NULL,NULL
SHO5121,FEDEX,04/14/2026,Delivered,Delhi,Mumbai,48.29,04/21/2026,NULL,NULL
SHO5123,FEDEX,,In Transit,Chennai,Bangalore,385.52,05/13/2025,NULL,NULL
SHO5124,DHL,,Delivered,Mumbai,Delhi,255.63,02/24/2024,02/24/2024,0
SHO5125,FEDEX,01/21/2024,Delivered,Hyderabad,Pune,249.6,NULL,02/01/2024,NULL
SHO5127,DHL,07/02/2025,Pending,Bangalore,Mumbai,486.39,06/07/2025,NULL,NULL
SHO5128,FEDEX,01/12/2024,Accepted,Pune,Chennai,-46.73,12/05/2024,NULL,NULL
SHO5130,BLUEDART,,Accepted,Delhi,Mumbai,234.94,01/27/2025,NULL,NULL
SHO5131,DHL,,Accepted,Chennai,Hyderabad,403.79,05/28/2024,NULL,NULL
SHO5132,BLUEDART,01/28/2025,UNKNOWN,Hyderabad,Delhi,371.65,NULL,NULL,NULL
SHO5133,BLUEDART,,Delivered,Pune,Delhi,385.54,NULL,06/03/2025,NULL
SHO5135,FEDEX,11/25/2025,Delivered,Pune,Chennai,256.67,NULL,12/05/2025,NULL
SHO5136,FEDEX,,Delayed,Mumbai,Pune,43.11,10/19/2025,NULL,NULL
SHO5137,DHL,01/19/2025,Delayed,Delhi,Mumbai,-4.24,NULL,02/02/2025,NULL
SHO5138,BLUEDART,,Delivered,Delhi,Pune,299.79,10/05/2026,NULL,NULL
SHO5139,DHL,,UNKNOWN,Pune,Delhi,-26.55,11/02/2025,NULL,NULL
SHO5141,DHL,,Delayed,Mumbai,Hyderabad,-20.02,06/23/2025,06/29/2025,NULL
SHO5146,DHL,,In Transit,Mumbai,Pune,443.56,05/31/2024,NULL,NULL
SHO5147,DHL,02/18/2026,Pending,Hyderabad,Mumbai,-7.51,NULL,NULL,NULL
SHO5148,DHL,,UNKNOWN,Mumbai,Pune,335.79,06/03/2024,NULL,NULL
SHO5150,BLUEDART,,Delivered,Hyderabad,Pune,-41.08,12/27/2025,12/31/2025,4
SHO5151,BLUEDART,,In Transit,Chennai,Pune,117.6,06/09/2024,NULL,NULL
SHO5160,BLUEDART,,In Transit,Hyderabad,Bangalore,-69.67,06/01/2026,NULL,NULL
SHO5161,FEDEX,11/06/2024,Accepted,Delhi,Bangalore,182.02,09/11/2024,NULL,NULL
SHO5164,BLUEDART,,In Transit,Pune,Chennai,111.11,NULL,NULL,NULL
SHO5165,FEDEX,,Accepted,Bangalore,Mumbai,37.62,NULL,NULL,NULL
,FEDEX,05/03/2024,Accepted,Mumbai,Pune,456.12,05/08/2024,NULL,NULL
SHO5168,FEDEX,,Delayed,Delhi,Mumbai,384.88,NULL,NULL,NULL
,BLUEDART,,Delayed,Mumbai,Hyderabad,254.35,05/03/2026,NULL,NULL
SHO5172,FEDEX,,In Transit,Mumbai,Hyderabad,35.47,NULL,NULL,NULL
SHO5173,DHL,11/07/2025,UNKNOWN,Pune,Hyderabad,123.78,NULL,11/14/2025,NULL
SHO5175,DHL,06/26/2024,Delivered,Hyderabad,Pune,95.36,NULL,NULL,NULL
SHO5176,DHL,,Pending,Mumbai,Chennai,-71.49,NULL,NULL,NULL
SHO5177,BLUEDART,,Delayed,Bangalore,Chennai,406.44,NULL,NULL,NULL
SHO5178,FEDEX,10/24/2024,Accepted,Hyderabad,Delhi,297.37,NULL,01/11/2024,NULL
SHO5180,FEDEX,,In Transit,Pune,Hyderabad,383.75,02/15/2025,NULL,NULL
SHO5181,DHL,12/25/2024,UNKNOWN,Mumbai,Hyderabad,59.86,NULL,NULL,NULL
SHO5182,DHL,,UNKNOWN,Mumbai,Bangalore,466.94,NULL,09/23/2025,NULL
SHO5184,FEDEX,12/09/2025,Delivered,Bangalore,Delhi,467.61,09/19/2025,NULL,NULL
SHO5185,DHL,04/19/2024,In Transit,Bangalore,Hyderabad,NULL,04/26/2024,NULL,NULL
SHO5187,DHL,12/30/2024,UNKNOWN,Pune,Chennai,-50.87,01/06/2025,09/01/2025,NULL
SHO5188,BLUEDART,09/04/2024,Pending,Pune,Mumbai,198.32,08/09/2024,NULL,NULL
SHO5189,FEDEX,02/05/2024,Delivered,Hyderabad,Pune,260.29,NULL,02/14/2024,NULL
SHO5191,FEDEX,06/05/2026,In Transit,Hyderabad,Pune,-63.17,09/05/2026,NULL,NULL
SHO5193,BLUEDART,,In Transit,Delhi,Chennai,210.99,NULL,NULL,NULL
SHO5195,DHL,,Delayed,Pune,Bangalore,58.6,NULL,NULL,NULL
SHO5196,BLUEDART,05/18/2024,Delivered,Delhi,Pune,384.42,NULL,05/21/2024,NULL
SHO5198,FEDEX,,UNKNOWN,Pune,Chennai,82.72,05/22/2024,NULL,NULL
SHO5199,FEDEX,04/05/2025,In Transit,Mumbai,Pune,NULL,10/04/2025,NULL,NULL
SHO5200,FEDEX,09/15/2025,Delivered,Delhi,Pune,-43.21,09/18/2025,NULL,NULL
SHO5201,DHL,10/30/2024,Pending,Pune,Chennai,-49.26,11/02/2024,NULL,NULL
SHO5206,DHL,07/05/2025,Delivered,Chennai,Bangalore,-4.06,NULL,05/13/2025,NULL
SHO5207,FEDEX,02/24/2026,Delivered,Hyderabad,Chennai,176.85,NULL,NULL,NULL
SHO5208,DHL,,Delayed,Mumbai,Chennai,325.37,NULL,05/26/2024,NULL
,BLUEDART,11/07/2024,In Transit,Hyderabad,Bangalore,256.32,07/14/2024,NULL,NULL
SHO5214,DHL,,In Transit,Delhi,Hyderabad,83.89,10/07/2024,NULL,NULL
SHO5217,DHL,,In Transit,Mumbai,Bangalore,338.25,04/18/2026,NULL,NULL
SHO5218,BLUEDART,,Delayed,Mumbai,Delhi,84.95,10/28/2025,11/04/2025,NULL
SHO5219,BLUEDART,,In Transit,Bangalore,Mumbai,270.74,04/25/2026,NULL,NULL
SHO5222,DHL,,In Transit,Hyderabad,Pune,50.91,NULL,NULL,NULL
SHO5224,DHL,01/28/2026,UNKNOWN,Mumbai,Bangalore,147.24,01/30/2026,05/02/2026,NULL
SHO5226,FEDEX,05/02/2025,In Transit,Delhi,Hyderabad,186.7,02/08/2025,NULL,NULL
SHO5227,FEDEX,12/11/2025,Delayed,Hyderabad,Bangalore,NULL,12/13/2025,12/20/2025,NULL
SHO5229,BLUEDART,,Pending,Hyderabad,Pune,25.41,03/01/2024,NULL,NULL
SHO5231,DHL,10/11/2025,Delayed,Bangalore,Mumbai,-71.89,10/16/2025,NULL,NULL
SHO5232,DHL,,Accepted,Hyderabad,Delhi,185.84,01/21/2025,NULL,NULL
SHO5233,BLUEDART,05/23/2026,Delivered,Pune,Bangalore,406.22,05/28/2026,NULL,NULL
SHO5234,FEDEX,,UNKNOWN,Chennai,Bangalore,30.03,04/29/2025,08/05/2025,NULL
SHO5242,DHL,06/30/2026,Delivered,Delhi,Mumbai,129.99,07/07/2026,NULL,NULL
,BLUEDART,08/21/2025,Delivered,Delhi,Hyderabad,332.58,08/28/2025,08/28/2025,0
SHO5244,FEDEX,02/09/2025,Delayed,Hyderabad,Mumbai,-35.69,09/05/2025,NULL,NULL
SHO5245,DHL,,In Transit,Pune,Delhi,276.39,NULL,NULL,NULL
SHO5246,FEDEX,10/17/2025,In Transit,Delhi,Hyderabad,-75.66,10/21/2025,NULL,NULL
SHO5247,DHL,12/05/2026,Delivered,Delhi,Hyderabad,103.8,05/18/2026,05/21/2026,3
SHO5249,FEDEX,,Delivered,Hyderabad,Chennai,234.55,10/18/2024,10/17/2024,0
,FEDEX,08/05/2025,Delayed,Delhi,Pune,-44.6,08/08/2025,08/14/2025,NULL
SHO5251,DHL,04/08/2025,Delivered,Pune,Delhi,NULL,04/15/2025,04/18/2025,3
SHO5252,FEDEX,07/10/2025,Delivered,Delhi,Chennai,129.46,12/07/2025,NULL,NULL
,DHL,12/04/2026,Delivered,Hyderabad,Pune,87.55,04/16/2026,NULL,NULL
SHO5254,FEDEX,,Delivered,Pune,Mumbai,NULL,06/25/2024,06/24/2024,0
SHO5256,FEDEX,02/04/2026,Pending,Bangalore,Delhi,NULL,04/04/2026,NULL,NULL
SHO5257,FEDEX,04/20/2025,Delivered,Mumbai,Pune,356.49,04/22/2025,NULL,NULL
SHO5258,BLUEDART,,Delayed,Hyderabad,Pune,12.58,01/22/2026,02/01/2026,NULL
SHO5259,DHL,01/12/2025,In Transit,Bangalore,Delhi,NULL,03/12/2025,NULL,NULL
SHO5260,FEDEX,,In Transit,Chennai,Mumbai,50.35,06/21/2025,NULL,NULL
SHO5261,BLUEDART,05/27/2026,UNKNOWN,Bangalore,Pune,-21.29,06/03/2026,NULL,NULL
SHO5270,BLUEDART,04/09/2026,Delayed,Chennai,Bangalore,-72.23,04/11/2026,04/20/2026,NULL
SHO5271,DHL,,In Transit,Pune,Chennai,NULL,07/22/2024,NULL,NULL
SHO5273,BLUEDART,05/16/2024,UNKNOWN,Pune,Mumbai,458.09,05/22/2024,NULL,NULL
SHO5274,FEDEX,03/28/2026,In Transit,Bangalore,Hyderabad,-72.94,03/30/2026,NULL,NULL
SHO5276,BLUEDART,02/01/2026,In Transit,Pune,Delhi,-16.15,01/06/2026,NULL,NULL
SHO5277,BLUEDART,,Pending,Pune,Mumbai,5.99,12/17/2025,NULL,NULL
SHO5278,FEDEX,,Pending,Bangalore,Hyderabad,411.42,09/04/2024,NULL,NULL
SHO5280,DHL,09/28/2025,Pending,Delhi,Chennai,50.47,01/10/2025,NULL,NULL
SHO5282,DHL,,In Transit,Mumbai,Bangalore,207.87,NULL,NULL,NULL
SHO5284,BLUEDART,,Pending,Chennai,Hyderabad,-36.69,10/30/2024,NULL,NULL
SHO5289,DHL,01/07/2026,In Transit,Hyderabad,Chennai,-22.67,01/13/2026,NULL,NULL
SHO5292,BLUEDART,,In Transit,Pune,Bangalore,-12.74,04/27/2025,NULL,NULL
SHO5294,FEDEX,06/13/2024,Delivered,Bangalore,Delhi,274.99,NULL,NULL,NULL
SHO5296,FEDEX,,Pending,Hyderabad,Bangalore,365.45,05/22/2026,NULL,NULL
SHO5298,FEDEX,,Pending,Chennai,Delhi,488.18,NULL,NULL,NULL
SHO5303,BLUEDART,06/29/2024,UNKNOWN,Hyderabad,Mumbai,NULL,02/07/2024,NULL,NULL
,DHL,07/05/2024,Pending,Hyderabad,Chennai,454.08,08/07/2024,NULL,NULL
SHO5307,BLUEDART,,Delivered,Delhi,Hyderabad,307.28,09/25/2025,09/27/2025,2
SHO5310,DHL,,Delayed,Bangalore,Pune,75.88,10/27/2024,02/11/2024,NULL
SHO5311,DHL,,Delivered,Mumbai,Chennai,333.43,NULL,07/19/2025,NULL
SHO5315,BLUEDART,09/15/2024,Delivered,Chennai,Delhi,245.94,09/22/2024,NULL,NULL
,FEDEX,11/07/2024,In Transit,Mumbai,Hyderabad,245.99,NULL,NULL,NULL
SHO5317,FEDEX,,In Transit,Mumbai,Pune,280.56,06/29/2026,NULL,NULL
SHO5318,DHL,06/19/2025,Delivered,Chennai,Bangalore,377.31,06/24/2025,NULL,NULL
,BLUEDART,,Delivered,Pune,Mumbai,117.56,11/17/2024,11/15/2024,0
SHO5325,BLUEDART,10/20/2025,Pending,Pune,Chennai,-19.84,10/26/2025,NULL,NULL
SHO5328,FEDEX,,Pending,Pune,Bangalore,334.13,10/10/2025,NULL,NULL
SHO5330,FEDEX,12/24/2025,Pending,Chennai,Mumbai,-14.79,12/27/2025,NULL,NULL
SHO5331,BLUEDART,02/15/2026,Accepted,Bangalore,Delhi,NULL,NULL,NULL,NULL
SHO5332,FEDEX,06/07/2026,In Transit,Chennai,Pune,-39.36,NULL,NULL,NULL
,FEDEX,,In Transit,Chennai,Pune,393.97,10/28/2024,NULL,NULL
,FEDEX,,In Transit,Pune,Delhi,332.07,12/27/2025,NULL,NULL
SHO5340,FEDEX,,Delayed,Mumbai,Bangalore,60.59,10/15/2025,10/25/2025,NULL
SHO5341,DHL,,In Transit,Delhi,Hyderabad,272.19,NULL,NULL,NULL
SHO5342,BLUEDART,09/12/2024,Delivered,Pune,Hyderabad,-76.07,09/14/2024,NULL,NULL
SHO5344,DHL,05/30/2024,Accepted,Pune,Chennai,477.07,03/06/2024,NULL,NULL
SHO5345,BLUEDART,,Delayed,Pune,Mumbai,271.04,04/25/2026,03/05/2026,NULL
,DHL,,Delivered,Mumbai,Chennai,459.28,05/29/2026,NULL,NULL
SHO5349,BLUEDART,,Delivered,Hyderabad,Mumbai,86.62,NULL,NULL,NULL
,BLUEDART,,Delayed,Hyderabad,Pune,224.93,NULL,01/21/2024,NULL
SHO5355,FEDEX,,Pending,Bangalore,Hyderabad,NULL,04/20/2026,NULL,NULL
SHO5357,FEDEX,,Delivered,Delhi,Mumbai,8.67,05/19/2024,NULL,NULL
SHO5359,DHL,04/02/2024,In Transit,Bangalore,Mumbai,NULL,02/09/2024,NULL,NULL
SHO5360,FEDEX,04/15/2025,In Transit,Delhi,Mumbai,-43.17,04/19/2025,NULL,NULL
SHO5361,DHL,,Accepted,Pune,Delhi,485.84,06/26/2024,NULL,NULL
SHO5362,DHL,01/17/2025,Delivered,Hyderabad,Delhi,-46.34,NULL,01/23/2025,NULL
SHO5363,DHL,,In Transit,Pune,Chennai,3.47,NULL,NULL,NULL
SHO5364,BLUEDART,,Delayed,Pune,Delhi,40.8,12/10/2024,NULL,NULL
,FEDEX,03/22/2024,In Transit,Bangalore,Mumbai,148.5,NULL,NULL,NULL
SHO5367,BLUEDART,05/12/2025,In Transit,Hyderabad,Delhi,-73.54,05/15/2025,NULL,NULL
SHO5369,BLUEDART,08/01/2025,Delayed,Delhi,Pune,195.68,01/11/2025,NULL,NULL
SHO5370,DHL,02/01/2025,UNKNOWN,Hyderabad,Delhi,134.64,06/01/2025,NULL,NULL
SHO5373,DHL,08/04/2024,Delivered,Hyderabad,Delhi,12.53,08/08/2024,NULL,NULL
SHO5374,DHL,05/01/2025,Delivered,Hyderabad,Chennai,100.87,03/05/2025,05/03/2025,59
SHO5375,DHL,05/26/2024,UNKNOWN,Chennai,Mumbai,320.27,06/01/2024,NULL,NULL
SHO5377,DHL,,Delivered,Mumbai,Delhi,418.53,NULL,08/01/2024,NULL
SHO5378,BLUEDART,,In Transit,Hyderabad,Mumbai,7.47,04/09/2024,NULL,NULL
SHO5380,FEDEX,10/29/2025,In Transit,Mumbai,Bangalore,319.08,04/11/2025,NULL,NULL
SHO5381,DHL,,In Transit,Pune,Delhi,138.77,01/04/2026,NULL,NULL
SHO5383,FEDEX,08/03/2024,Pending,Bangalore,Chennai,296.01,03/11/2024,NULL,NULL
SHO5384,FEDEX,12/05/2024,Pending,Pune,Delhi,153.34,05/14/2024,NULL,NULL
SHO5385,BLUEDART,,Delayed,Bangalore,Hyderabad,434.8,NULL,NULL,NULL
SHO5386,FEDEX,04/21/2025,Accepted,Pune,Mumbai,-62.23,NULL,NULL,NULL
SHO5387,DHL,,In Transit,Delhi,Bangalore,64.57,12/10/2025,NULL,NULL
SHO5388,DHL,04/27/2025,Delivered,Pune,Bangalore,457.27,04/05/2025,07/05/2025,91
SHO5391,DHL,,Delayed,Chennai,Hyderabad,246.37,03/30/2026,05/04/2026,NULL
SHO5394,FEDEX,,In Transit,Mumbai,Delhi,123.78,09/09/2024,NULL,NULL
SHO5397,FEDEX,10/02/2026,In Transit,Mumbai,Delhi,240.1,02/17/2026,NULL,NULL
SHO5400,DHL,04/03/2025,Delayed,Bangalore,Chennai,484.12,03/08/2025,03/09/2025,NULL
SHO5401,BLUEDART,,Delayed,Pune,Hyderabad,485.38,NULL,10/22/2025,NULL
SHO5402,FEDEX,,Delivered,Chennai,Pune,226.12,10/28/2025,11/01/2025,4
SHO5404,DHL,01/14/2025,Delayed,Hyderabad,Pune,-9.78,01/16/2025,01/23/2025,NULL
SHO5405,DHL,02/18/2024,Delayed,Chennai,Hyderabad,255.84,02/23/2024,01/03/2024,NULL
SHO5406,DHL,12/07/2024,Accepted,Bangalore,Chennai,142.11,07/17/2024,NULL,NULL
SHO5409,FEDEX,,Pending,Mumbai,Chennai,114.91,11/23/2025,NULL,NULL
SHO5410,DHL,,In Transit,Mumbai,Delhi,322.0,NULL,NULL,NULL
SHO5411,FEDEX,01/06/2024,UNKNOWN,Mumbai,Delhi,117.5,NULL,01/11/2024,NULL
SHO5413,BLUEDART,,Delayed,Delhi,Chennai,281.7,NULL,NULL,NULL
SHO5415,FEDEX,,UNKNOWN,Pune,Hyderabad,67.73,NULL,08/01/2025,NULL
SHO5416,DHL,,Accepted,Bangalore,Mumbai,-65.8,10/11/2025,NULL,NULL
,DHL,,Delivered,Chennai,Pune,238.21,05/04/2024,05/09/2024,5
SHO5420,FEDEX,04/12/2025,Pending,Chennai,Bangalore,-4.68,04/19/2025,NULL,NULL
SHO5421,DHL,,In Transit,Hyderabad,Pune,390.02,11/21/2024,NULL,NULL
SHO5423,FEDEX,,Pending,Pune,Hyderabad,483.76,08/07/2024,NULL,NULL
SHO5424,BLUEDART,11/03/2026,Delivered,Bangalore,Chennai,107.22,03/15/2026,03/20/2026,5
SHO5425,FEDEX,,Delayed,Mumbai,Hyderabad,450.24,NULL,04/16/2025,NULL
SHO5426,DHL,03/30/2026,Accepted,Mumbai,Hyderabad,27.46,04/03/2026,02/04/2026,NULL
SHO5427,DHL,11/01/2024,Delayed,Chennai,Pune,-47.49,NULL,01/20/2024,NULL
SHO5428,FEDEX,10/09/2024,In Transit,Chennai,Bangalore,-79.78,09/13/2024,NULL,NULL
SHO5429,FEDEX,,Delayed,Hyderabad,Bangalore,NULL,05/16/2025,NULL,NULL
SHO5430,FEDEX,10/18/2024,Delivered,Bangalore,Chennai,NULL,10/21/2024,10/26/2024,5
SHO5434,BLUEDART,,In Transit,Delhi,Mumbai,329.65,06/18/2026,NULL,NULL
,DHL,01/13/2025,In Transit,Hyderabad,Delhi,339.86,01/15/2025,NULL,NULL
SHO5441,DHL,01/23/2024,In Transit,Chennai,Mumbai,-72.52,NULL,NULL,NULL
SHO5442,DHL,01/23/2024,Delivered,Bangalore,Delhi,189.06,01/28/2024,NULL,NULL
SHO5443,FEDEX,,Delayed,Delhi,Chennai,304.44,08/06/2024,06/09/2024,NULL
SHO5444,BLUEDART,01/31/2026,Delivered,Bangalore,Hyderabad,105.14,03/02/2026,01/02/2026,0
SHO5449,BLUEDART,,Accepted,Pune,Delhi,311.31,NULL,NULL,NULL
SHO5450,FEDEX,01/26/2025,Delivered,Hyderabad,Bangalore,236.28,NULL,01/29/2025,NULL
SHO5451,FEDEX,10/25/2024,Delivered,Pune,Bangalore,43.46,NULL,11/01/2024,NULL
SHO5453,BLUEDART,,Delivered,Bangalore,Delhi,434.82,11/03/2025,11/03/2025,0
SHO5454,BLUEDART,,Delivered,Pune,Hyderabad,437.31,NULL,12/12/2024,NULL
SHO5455,DHL,07/09/2024,In Transit,Mumbai,Bangalore,-22.08,09/09/2024,NULL,NULL
SHO5458,BLUEDART,01/21/2025,Delivered,Chennai,Hyderabad,6.31,NULL,01/28/2025,NULL
SHO5459,BLUEDART,,Delayed,Bangalore,Chennai,182.68,NULL,11/26/2024,NULL
SHO5460,BLUEDART,09/10/2025,Delayed,Bangalore,Delhi,-18.89,10/12/2025,10/15/2025,NULL
SHO5461,BLUEDART,06/03/2024,Delayed,Delhi,Bangalore,-31.45,NULL,06/08/2024,NULL
SHO5463,BLUEDART,,Delivered,Delhi,Hyderabad,NULL,NULL,10/25/2025,NULL
,BLUEDART,,Delayed,Bangalore,Delhi,92.05,02/07/2024,NULL,NULL
SHO5465,FEDEX,03/25/2024,Delivered,Chennai,Delhi,162.49,NULL,04/06/2024,NULL
SHO5467,FEDEX,06/09/2025,Delivered,Bangalore,Chennai,460.07,06/15/2025,NULL,NULL
SHO5468,FEDEX,,Pending,Pune,Hyderabad,70.72,NULL,NULL,NULL
SHO5469,DHL,12/11/2025,In Transit,Delhi,Chennai,-76.0,NULL,NULL,NULL
SHO5471,BLUEDART,,Pending,Mumbai,Chennai,NULL,NULL,NULL,NULL
SHO5472,BLUEDART,05/07/2026,In Transit,Chennai,Hyderabad,NULL,05/14/2026,NULL,NULL
SHO5475,BLUEDART,,Pending,Mumbai,Hyderabad,60.95,06/01/2026,NULL,NULL
SHO5476,FEDEX,,In Transit,Bangalore,Pune,15.63,06/21/2025,NULL,NULL
SHO5477,FEDEX,,Pending,Delhi,Chennai,12.34,NULL,NULL,NULL
SHO5478,BLUEDART,,Pending,Bangalore,Chennai,342.72,04/22/2025,NULL,NULL
SHO5481,DHL,,In Transit,Pune,Bangalore,52.71,02/09/2025,NULL,NULL
SHO5482,FEDEX,01/09/2026,UNKNOWN,Bangalore,Chennai,364.32,NULL,NULL,NULL
SHO5483,FEDEX,07/01/2025,Delayed,Delhi,Hyderabad,217.76,01/14/2025,NULL,NULL
SHO5484,FEDEX,06/06/2026,Delivered,Bangalore,Delhi,-7.38,06/13/2026,NULL,NULL
SHO5486,BLUEDART,,Delayed,Mumbai,Pune,479.71,07/24/2024,08/03/2024,NULL
SHO5489,FEDEX,12/29/2025,Delivered,Chennai,Hyderabad,-33.11,01/04/2026,NULL,NULL
SHO5491,BLUEDART,,Pending,Pune,Chennai,243.68,NULL,NULL,NULL
SHO5493,BLUEDART,,Delayed,Delhi,Bangalore,-71.1,NULL,NULL,NULL
SHO5494,FEDEX,,In Transit,Chennai,Hyderabad,163.67,06/06/2024,NULL,NULL
SHO5495,FEDEX,03/28/2024,Delivered,Delhi,Mumbai,164.69,04/02/2024,NULL,NULL
SHO5496,FEDEX,12/03/2025,Delivered,Mumbai,Pune,356.81,NULL,03/19/2025,NULL
SHO5497,DHL,,Accepted,Delhi,Pune,302.02,01/11/2025,NULL,NULL
SHO5499,DHL,12/03/2024,Pending,Chennai,Delhi,-59.21,12/08/2024,NULL,NULL
SHO5500,DHL,11/28/2024,Delivered,Delhi,Hyderabad,-0.42,12/02/2024,NULL,NULL
SHO5502,BLUEDART,12/07/2024,Delayed,Bangalore,Mumbai,212.71,07/18/2024,NULL,NULL
SHO5504,FEDEX,10/24/2025,Pending,Chennai,Bangalore,-72.94,10/28/2025,NULL,NULL
SHO5505,BLUEDART,04/02/2024,Delivered,Pune,Chennai,211.38,02/11/2024,02/14/2024,3
SHO5507,DHL,,Delivered,Bangalore,Chennai,310.93,01/24/2025,01/27/2025,3
SHO5508,FEDEX,07/11/2025,Delayed,Bangalore,Chennai,-18.65,07/18/2025,07/23/2025,NULL
SHO5509,FEDEX,11/04/2024,In Transit,Pune,Chennai,-24.09,11/08/2024,NULL,NULL
SHO5510,BLUEDART,02/15/2026,In Transit,Pune,Hyderabad,-79.33,02/17/2026,NULL,NULL
SHO5514,BLUEDART,,Delayed,Chennai,Hyderabad,171.51,NULL,02/28/2025,NULL
SHO5515,DHL,,Accepted,Hyderabad,Pune,21.92,02/28/2025,NULL,NULL
SHO5516,FEDEX,,Delivered,Chennai,Hyderabad,372.57,06/01/2026,NULL,NULL
SHO5519,FEDEX,,In Transit,Pune,Mumbai,-29.62,05/24/2026,NULL,NULL
SHO5524,DHL,,Delayed,Pune,Delhi,125.0,NULL,01/31/2025,NULL
SHO5526,DHL,,Delivered,Pune,Mumbai,251.24,11/13/2024,NULL,NULL
,FEDEX,,In Transit,Chennai,Pune,184.52,NULL,NULL,NULL
SHO5529,BLUEDART,04/10/2025,In Transit,Chennai,Bangalore,NULL,NULL,NULL,NULL
,DHL,11/06/2024,Delayed,Bangalore,Mumbai,74.06,06/16/2024,NULL,NULL
SHO5535,BLUEDART,09/13/2024,Delayed,Pune,Delhi,-19.66,09/17/2024,NULL,NULL
SHO5537,DHL,,Pending,Hyderabad,Bangalore,429.08,05/27/2026,NULL,NULL
SHO5541,DHL,05/07/2024,Delivered,Delhi,Bangalore,310.67,NULL,05/15/2024,NULL
SHO5542,BLUEDART,,Accepted,Pune,Mumbai,209.21,05/26/2024,NULL,NULL
SHO5544,BLUEDART,,Pending,Chennai,Delhi,-14.96,10/04/2025,NULL,NULL
SHO5546,FEDEX,04/12/2024,Delivered,Delhi,Mumbai,234.39,NULL,12/10/2024,NULL
SHO5547,FEDEX,,Accepted,Pune,Bangalore,461.19,NULL,NULL,NULL
SHO5550,FEDEX,08/25/2024,Delivered,Mumbai,Chennai,-8.66,08/30/2024,09/02/2024,3
SHO5551,BLUEDART,,Delivered,Delhi,Hyderabad,157.17,NULL,NULL,NULL
SHO5552,DHL,09/12/2025,In Transit,Pune,Hyderabad,-63.66,12/13/2025,NULL,NULL
SHO5553,FEDEX,,Accepted,Chennai,Hyderabad,236.79,07/11/2025,NULL,NULL
SHO5554,BLUEDART,,UNKNOWN,Hyderabad,Bangalore,354.76,01/21/2024,01/24/2024,NULL
SHO5556,FEDEX,02/20/2025,Delayed,Chennai,Pune,-43.13,NULL,02/03/2025,NULL
SHO5557,BLUEDART,,Delayed,Chennai,Mumbai,250.16,02/05/2025,NULL,NULL
SHO5558,BLUEDART,,Delivered,Pune,Delhi,NULL,NULL,NULL,NULL
,FEDEX,,Delayed,Delhi,Pune,236.18,05/10/2026,NULL,NULL
SHO5560,BLUEDART,12/11/2025,Accepted,Hyderabad,Delhi,-74.25,12/18/2025,NULL,NULL
SHO5562,DHL,,Delayed,Bangalore,Chennai,76.95,01/24/2024,NULL,NULL
SHO5563,BLUEDART,09/21/2025,Delayed,Bangalore,Pune,NULL,09/25/2025,NULL,NULL
SHO5564,FEDEX,,In Transit,Mumbai,Hyderabad,58.42,03/01/2025,NULL,NULL
SHO5566,DHL,08/02/2024,Delivered,Hyderabad,Mumbai,169.64,09/08/2024,NULL,NULL
SHO5570,DHL,02/03/2026,Pending,Chennai,Bangalore,-39.76,03/05/2026,NULL,NULL
SHO5571,BLUEDART,,Delayed,Mumbai,Pune,275.98,02/14/2025,NULL,NULL
SHO5572,BLUEDART,10/27/2025,Delayed,Hyderabad,Mumbai,-48.23,NULL,11/07/2025,NULL
SHO5573,BLUEDART,,Pending,Delhi,Hyderabad,-11.27,10/15/2025,NULL,NULL
SHO5574,FEDEX,,Accepted,Bangalore,Pune,48.54,NULL,NULL,NULL
,DHL,07/19/2024,In Transit,Hyderabad,Bangalore,305.7,07/21/2024,NULL,NULL
SHO5580,BLUEDART,,Delivered,Mumbai,Bangalore,421.07,01/29/2024,01/27/2024,0
SHO5581,DHL,,Delayed,Bangalore,Chennai,405.56,12/07/2024,07/19/2024,NULL
SHO5588,BLUEDART,01/04/2026,Delayed,Delhi,Mumbai,-65.96,NULL,01/10/2026,NULL
SHO5592,DHL,,Accepted,Pune,Chennai,83.19,07/02/2024,07/05/2024,NULL
SHO5593,FEDEX,12/27/2025,Delivered,Hyderabad,Delhi,418.73,NULL,01/01/2026,NULL
SHO5598,BLUEDART,01/22/2026,Pending,Hyderabad,Bangalore,-74.59,NULL,NULL,NULL
SHO5599,FEDEX,,Pending,Hyderabad,Bangalore,144.4,01/07/2026,NULL,NULL
SHO5602,FEDEX,05/31/2026,Delivered,Pune,Hyderabad,419.57,05/06/2026,NULL,NULL
SHO5603,DHL,,Pending,Bangalore,Mumbai,215.05,NULL,NULL,NULL
SHO5606,DHL,,Accepted,Pune,Delhi,-4.74,03/01/2025,NULL,NULL
SHO5607,DHL,07/10/2025,In Transit,Chennai,Hyderabad,-5.24,NULL,NULL,NULL
SHO5608,FEDEX,,In Transit,Chennai,Mumbai,-78.21,NULL,NULL,NULL
SHO5610,FEDEX,,In Transit,Pune,Bangalore,-15.6,06/01/2025,NULL,NULL
SHO5613,FEDEX,03/14/2025,Delivered,Bangalore,Delhi,-44.38,NULL,NULL,NULL
SHO5614,FEDEX,09/14/2025,Delayed,Bangalore,Pune,-20.99,09/21/2025,NULL,NULL
SHO5615,DHL,,In Transit,Pune,Hyderabad,-76.29,05/13/2026,NULL,NULL
SHO5618,FEDEX,,Delayed,Bangalore,Pune,-71.6,NULL,07/31/2024,NULL
SHO5619,BLUEDART,12/16/2025,Accepted,Hyderabad,Bangalore,-21.04,12/19/2025,NULL,NULL
SHO5620,FEDEX,10/02/2025,Delayed,Hyderabad,Delhi,325.47,02/14/2025,02/21/2025,NULL
SHO5621,BLUEDART,,In Transit,Bangalore,Delhi,433.02,04/29/2026,NULL,NULL
SHO5622,DHL,02/26/2024,In Transit,Delhi,Bangalore,-63.96,02/03/2024,NULL,NULL
SHO5624,DHL,,Delayed,Pune,Mumbai,98.61,05/06/2025,05/09/2025,NULL
SHO5625,DHL,10/21/2025,Delivered,Mumbai,Pune,-28.42,10/24/2025,10/26/2025,2
SHO5626,FEDEX,04/03/2025,Accepted,Bangalore,Chennai,133.13,03/07/2025,03/15/2025,NULL
SHO5627,FEDEX,07/30/2024,Delayed,Bangalore,Chennai,-71.31,03/08/2024,08/08/2024,NULL
SHO5630,DHL,,Delayed,Pune,Mumbai,395.4,06/28/2024,05/07/2024,NULL
SHO5632,DHL,,In Transit,Pune,Mumbai,72.27,06/07/2024,NULL,NULL
SHO5633,FEDEX,,Pending,Chennai,Hyderabad,167.09,NULL,NULL,NULL
SHO5634,FEDEX,,Delivered,Mumbai,Bangalore,466.28,10/21/2025,10/24/2025,3
SHO5635,FEDEX,06/02/2025,In Transit,Delhi,Pune,465.1,02/13/2025,NULL,NULL
SHO5638,FEDEX,,Pending,Bangalore,Mumbai,-41.14,NULL,NULL,NULL
SHO5639,DHL,02/03/2026,UNKNOWN,Chennai,Bangalore,125.99,06/03/2026,NULL,NULL
,BLUEDART,10/24/2024,In Transit,Mumbai,Delhi,368.89,NULL,NULL,NULL
SHO5641,FEDEX,,Delivered,Mumbai,Bangalore,334.13,NULL,NULL,NULL
SHO5642,DHL,,Delayed,Hyderabad,Bangalore,-11.79,07/15/2024,NULL,NULL
SHO5643,FEDEX,,Pending,Chennai,Mumbai,35.27,11/22/2025,NULL,NULL
SHO5645,FEDEX,04/19/2026,Delayed,Bangalore,Hyderabad,319.35,04/24/2026,01/05/2026,NULL
SHO5646,BLUEDART,,Delayed,Bangalore,Delhi,NULL,02/18/2024,NULL,NULL
SHO5648,DHL,,Delayed,Hyderabad,Pune,364.84,07/07/2025,07/10/2025,NULL
SHO5649,DHL,09/07/2025,Delivered,Delhi,Chennai,-0.93,07/16/2025,07/14/2025,0
SHO5650,BLUEDART,,Pending,Pune,Hyderabad,278.52,01/06/2026,NULL,NULL
SHO5651,BLUEDART,05/04/2025,Accepted,Bangalore,Mumbai,-47.41,04/12/2025,NULL,NULL
SHO5653,FEDEX,,Pending,Mumbai,Chennai,60.92,06/09/2025,NULL,NULL
SHO5655,FEDEX,09/19/2025,Delayed,Bangalore,Pune,-29.05,NULL,09/26/2025,NULL
SHO5659,BLUEDART,,In Transit,Mumbai,Hyderabad,482.15,NULL,NULL,NULL
SHO5661,BLUEDART,11/02/2026,Accepted,Chennai,Bangalore,23.46,02/17/2026,NULL,NULL
SHO5662,DHL,02/13/2026,Accepted,Pune,Hyderabad,-71.96,02/19/2026,NULL,NULL
SHO5663,BLUEDART,02/01/2026,Delayed,Chennai,Pune,10.09,01/04/2026,01/09/2026,NULL
SHO5666,BLUEDART,,In Transit,Hyderabad,Chennai,134.99,11/30/2025,NULL,NULL
SHO5667,DHL,09/10/2025,Delayed,Bangalore,Mumbai,NULL,12/09/2025,NULL,NULL
SHO5668,DHL,03/30/2025,In Transit,Pune,Delhi,148.18,01/04/2025,NULL,NULL
,BLUEDART,09/30/2025,UNKNOWN,Pune,Hyderabad,456.7,10/06/2025,NULL,NULL
SHO5672,FEDEX,,Delayed,Mumbai,Hyderabad,416.71,03/23/2025,04/01/2025,NULL
SHO5674,BLUEDART,,UNKNOWN,Hyderabad,Chennai,254.12,06/28/2024,NULL,NULL
SHO5675,BLUEDART,,Delivered,Delhi,Mumbai,22.47,NULL,NULL,NULL
SHO5678,DHL,,Accepted,Bangalore,Pune,167.85,04/07/2026,NULL,NULL
SHO5679,BLUEDART,,Delayed,Delhi,Chennai,57.12,03/01/2026,06/03/2026,NULL
SHO5680,BLUEDART,,Delayed,Hyderabad,Delhi,246.28,NULL,12/19/2024,NULL
SHO5683,FEDEX,01/14/2024,In Transit,Hyderabad,Mumbai,-43.86,NULL,NULL,NULL
SHO5684,FEDEX,,In Transit,Delhi,Mumbai,103.23,06/27/2024,NULL,NULL
SHO5686,FEDEX,,Pending,Mumbai,Chennai,181.37,06/24/2024,NULL,NULL
SHO5687,FEDEX,06/15/2025,Delivered,Hyderabad,Mumbai,137.29,06/19/2025,NULL,NULL
SHO5688,BLUEDART,,UNKNOWN,Mumbai,Bangalore,234.23,NULL,06/23/2026,NULL
SHO5691,DHL,07/06/2024,UNKNOWN,Chennai,Pune,439.41,07/08/2024,07/18/2024,NULL
SHO5692,FEDEX,03/18/2026,Delivered,Hyderabad,Chennai,95.81,NULL,NULL,NULL
SHO5694,DHL,04/17/2025,Delayed,Bangalore,Chennai,-60.85,04/19/2025,04/24/2025,NULL
SHO5695,DHL,,Accepted,Chennai,Delhi,471.04,NULL,NULL,NULL
SHO5697,FEDEX,,Delayed,Bangalore,Chennai,-20.49,05/13/2026,NULL,NULL
SHO5698,BLUEDART,10/04/2025,Delivered,Delhi,Bangalore,-8.27,NULL,NULL,NULL
SHO5699,BLUEDART,04/17/2024,Delivered,Bangalore,Chennai,44.63,NULL,04/18/2024,NULL
SHO5700,DHL,04/26/2024,Delayed,Hyderabad,Mumbai,27.01,05/02/2024,03/05/2024,NULL
SHO5702,FEDEX,,Pending,Hyderabad,Delhi,299.49,02/18/2025,NULL,NULL
SHO5705,DHL,,Delivered,Bangalore,Delhi,96.31,02/06/2024,06/06/2024,121
SHO5707,DHL,,Accepted,Delhi,Bangalore,199.07,06/18/2026,NULL,NULL
SHO5708,BLUEDART,,Accepted,Mumbai,Pune,48.96,03/19/2024,NULL,NULL
SHO5713,FEDEX,,Delayed,Chennai,Mumbai,317.94,12/20/2024,12/30/2024,NULL
SHO5714,DHL,,Delayed,Mumbai,Hyderabad,-39.15,02/03/2026,NULL,NULL
SHO5715,BLUEDART,,Pending,Bangalore,Hyderabad,112.76,09/07/2024,NULL,NULL
SHO5716,BLUEDART,,Delayed,Pune,Chennai,101.9,12/22/2024,12/26/2024,NULL
SHO5719,DHL,,Delayed,Chennai,Bangalore,265.24,04/01/2026,09/04/2026,NULL
SHO5721,BLUEDART,,In Transit,Pune,Delhi,294.43,02/21/2025,NULL,NULL
SHO5724,DHL,11/27/2024,Pending,Pune,Delhi,-53.8,12/02/2024,NULL,NULL
SHO5726,DHL,,In Transit,Mumbai,Hyderabad,-30.16,03/24/2026,NULL,NULL
SHO5727,BLUEDART,02/28/2026,In Transit,Chennai,Mumbai,-39.71,03/04/2026,NULL,NULL
SHO5728,FEDEX,12/04/2025,Delivered,Pune,Chennai,-64.0,04/14/2025,NULL,NULL
,FEDEX,,Pending,Chennai,Bangalore,239.18,NULL,NULL,NULL
SHO5730,DHL,,In Transit,Bangalore,Delhi,375.89,NULL,NULL,NULL
SHO5731,DHL,09/17/2025,UNKNOWN,Chennai,Bangalore,469.54,09/23/2025,NULL,NULL
SHO5734,DHL,,In Transit,Delhi,Hyderabad,498.4,NULL,NULL,NULL
SHO5735,DHL,,Delivered,Bangalore,Pune,215.62,NULL,04/26/2024,NULL
SHO5736,BLUEDART,,Delayed,Mumbai,Hyderabad,54.98,09/17/2025,09/19/2025,NULL
SHO5737,FEDEX,03/25/2025,In Transit,Hyderabad,Delhi,-37.69,03/30/2025,NULL,NULL
SHO5739,DHL,,Delayed,Chennai,Hyderabad,337.52,12/08/2024,12/17/2024,NULL
SHO5744,DHL,,Delayed,Mumbai,Chennai,290.04,04/07/2026,NULL,NULL
SHO5745,BLUEDART,,Pending,Mumbai,Delhi,239.75,NULL,NULL,NULL
SHO5746,DHL,05/04/2024,Delayed,Chennai,Mumbai,164.7,NULL,04/14/2024,NULL
,FEDEX,,In Transit,Mumbai,Delhi,409.44,08/22/2025,NULL,NULL
SHO5748,FEDEX,,Delivered,Bangalore,Hyderabad,345.51,10/15/2024,NULL,NULL
SHO5750,DHL,06/17/2026,Delivered,Delhi,Chennai,123.82,06/23/2026,NULL,NULL
,BLUEDART,,Pending,Delhi,Pune,348.51,04/02/2026,NULL,NULL
,BLUEDART,04/25/2024,In Transit,Chennai,Bangalore,265.4,01/05/2024,NULL,NULL
SHO5756,BLUEDART,05/02/2024,In Transit,Bangalore,Hyderabad,39.83,02/07/2024,NULL,NULL
SHO5757,BLUEDART,08/12/2025,Delivered,Bangalore,Mumbai,26.17,NULL,NULL,NULL
SHO5758,BLUEDART,07/01/2025,Pending,Delhi,Chennai,362.0,01/13/2025,NULL,NULL
SHO5759,BLUEDART,,In Transit,Bangalore,Pune,-56.32,10/02/2025,NULL,NULL
SHO5760,DHL,02/22/2024,UNKNOWN,Delhi,Bangalore,236.79,02/25/2024,NULL,NULL
SHO5764,DHL,06/05/2024,Delayed,Chennai,Pune,-14.29,06/07/2024,06/08/2024,NULL
SHO5765,BLUEDART,,Delivered,Mumbai,Pune,13.7,05/21/2024,05/21/2024,0
,DHL,08/03/2026,Delayed,Chennai,Hyderabad,NULL,NULL,03/11/2026,NULL
SHO5768,BLUEDART,,Delayed,Hyderabad,Mumbai,367.13,NULL,01/12/2025,NULL
SHO5769,BLUEDART,,Pending,Bangalore,Chennai,9.9,NULL,NULL,NULL
SHO5772,FEDEX,03/26/2025,Delivered,Hyderabad,Mumbai,107.72,NULL,04/04/2025,NULL
SHO5775,DHL,,Accepted,Bangalore,Mumbai,-71.12,09/20/2025,NULL,NULL
SHO5776,FEDEX,10/11/2024,Delivered,Mumbai,Hyderabad,438.69,11/14/2024,NULL,NULL
SHO5777,DHL,,Delivered,Pune,Hyderabad,448.55,NULL,01/09/2024,NULL
SHO5778,DHL,06/13/2026,Delivered,Mumbai,Chennai,239.7,NULL,06/13/2026,NULL
SHO5779,DHL,03/31/2026,Delivered,Mumbai,Delhi,-8.75,NULL,04/03/2026,NULL
SHO5781,FEDEX,,Pending,Bangalore,Pune,78.0,06/09/2026,NULL,NULL
SHO5783,DHL,,Accepted,Hyderabad,Chennai,-12.93,07/25/2024,NULL,NULL
SHO5789,FEDEX,,In Transit,Chennai,Hyderabad,10.81,03/24/2025,NULL,NULL
SHO5791,BLUEDART,,In Transit,Bangalore,Pune,324.29,NULL,NULL,NULL
SHO5793,DHL,11/05/2024,Delayed,Pune,Delhi,54.3,05/13/2024,05/23/2024,NULL
,DHL,,UNKNOWN,Mumbai,Hyderabad,211.35,03/26/2026,03/27/2026,NULL
,DHL,,In Transit,Pune,Bangalore,176.75,NULL,NULL,NULL
,BLUEDART,,Pending,Pune,Mumbai,357.0,05/28/2026,NULL,NULL
SHO5798,DHL,,Delayed,Pune,Chennai,377.5,05/15/2025,05/18/2025,NULL
SHO5800,DHL,,In Transit,Delhi,Bangalore,373.08,03/28/2024,NULL,NULL
SHO5805,DHL,,UNKNOWN,Delhi,Mumbai,479.64,12/01/2024,NULL,NULL
SHO5807,DHL,04/24/2026,Delayed,Delhi,Chennai,-30.71,04/27/2026,NULL,NULL
SHO5808,BLUEDART,04/23/2025,Delivered,Chennai,Mumbai,7.95,NULL,04/29/2025,NULL
SHO5809,FEDEX,04/07/2025,Delivered,Delhi,Bangalore,334.09,04/13/2025,NULL,NULL
SHO5815,FEDEX,,Delayed,Hyderabad,Mumbai,6.92,NULL,01/19/2026,NULL
SHO5817,BLUEDART,,Accepted,Chennai,Pune,-22.25,03/02/2026,NULL,NULL
SHO5823,BLUEDART,09/26/2025,Delivered,Chennai,Pune,-34.01,01/10/2025,NULL,NULL
SHO5824,BLUEDART,09/28/2024,Delivered,Pune,Hyderabad,-63.48,10/04/2024,03/10/2024,0
SHO5828,BLUEDART,07/24/2025,Delayed,Delhi,Bangalore,NULL,NULL,02/08/2025,NULL
,FEDEX,,Pending,Delhi,Mumbai,NULL,08/05/2025,NULL,NULL
SHO5830,BLUEDART,,Accepted,Bangalore,Chennai,293.73,NULL,NULL,NULL
SHO5831,DHL,,Pending,Mumbai,Chennai,NULL,NULL,NULL,NULL
SHO5833,DHL,06/29/2025,In Transit,Pune,Delhi,201.57,06/07/2025,NULL,NULL
SHO5834,DHL,06/28/2025,Pending,Delhi,Chennai,1.5,02/07/2025,NULL,NULL
SHO5835,DHL,07/22/2025,Delivered,Chennai,Hyderabad,NULL,NULL,NULL,NULL
SHO5836,DHL,09/08/2025,Delayed,Delhi,Mumbai,294.36,NULL,08/17/2025,NULL
SHO5837,FEDEX,,Delayed,Hyderabad,Delhi,127.62,NULL,02/01/2026,NULL
SHO5839,FEDEX,,Delayed,Chennai,Hyderabad,NULL,NULL,06/23/2024,NULL
SHO5840,FEDEX,01/23/2026,Delivered,Delhi,Bangalore,-14.6,01/29/2026,NULL,NULL
SHO5841,DHL,05/10/2025,UNKNOWN,Delhi,Mumbai,92.88,05/13/2025,05/17/2025,NULL
SHO5842,DHL,07/08/2025,UNKNOWN,Pune,Bangalore,63.2,08/14/2025,NULL,NULL
SHO5843,BLUEDART,,In Transit,Chennai,Mumbai,355.17,05/07/2024,NULL,NULL
SHO5844,DHL,,Accepted,Hyderabad,Bangalore,105.67,05/10/2025,NULL,NULL
SHO5845,BLUEDART,,Pending,Pune,Chennai,-7.69,NULL,NULL,NULL
,BLUEDART,05/08/2024,Accepted,Pune,Delhi,295.58,NULL,NULL,NULL
,DHL,07/22/2025,Delivered,Bangalore,Pune,119.1,NULL,07/29/2025,NULL
SHO5851,BLUEDART,,Accepted,Bangalore,Mumbai,391.91,03/20/2026,NULL,NULL
SHO5855,FEDEX,06/11/2025,Pending,Delhi,Bangalore,NULL,12/11/2025,NULL,NULL
SHO5857,BLUEDART,08/29/2024,Delayed,Pune,Bangalore,431.14,09/01/2024,07/09/2024,NULL
SHO5859,BLUEDART,,Pending,Delhi,Mumbai,289.27,01/22/2025,NULL,NULL
SHO5861,DHL,01/31/2024,Delivered,Pune,Mumbai,168.19,NULL,05/02/2024,NULL
SHO5868,BLUEDART,,Delivered,Bangalore,Chennai,134.23,11/28/2024,12/01/2024,3
SHO5869,BLUEDART,,Delayed,Bangalore,Delhi,89.98,06/24/2024,06/26/2024,NULL
SHO5870,DHL,03/18/2026,In Transit,Hyderabad,Delhi,-19.51,03/21/2026,NULL,NULL
SHO5872,BLUEDART,01/20/2025,Delivered,Bangalore,Chennai,477.88,NULL,NULL,NULL
SHO5873,BLUEDART,,Delayed,Pune,Delhi,30.34,07/01/2024,NULL,NULL
SHO5875,DHL,03/13/2024,Delivered,Hyderabad,Chennai,125.06,NULL,NULL,NULL
SHO5882,DHL,03/02/2025,Pending,Bangalore,Pune,NULL,NULL,NULL,NULL
SHO5885,DHL,,Pending,Pune,Hyderabad,431.46,10/03/2026,NULL,NULL
SHO5886,FEDEX,,Pending,Delhi,Bangalore,142.99,NULL,NULL,NULL
SHO5887,DHL,06/20/2025,Delivered,Chennai,Delhi,24.85,06/24/2025,NULL,NULL
SHO5889,FEDEX,,Pending,Bangalore,Chennai,99.79,NULL,NULL,NULL
SHO5890,BLUEDART,02/05/2026,Accepted,Mumbai,Pune,-57.33,05/09/2026,05/12/2026,NULL
SHO5893,DHL,,In Transit,Bangalore,Hyderabad,362.28,03/25/2025,NULL,NULL
SHO5895,DHL,01/12/2025,Delivered,Chennai,Pune,-40.88,NULL,01/20/2025,NULL
SHO5896,FEDEX,11/02/2024,Delivered,Delhi,Hyderabad,379.87,09/11/2024,NULL,NULL
SHO5897,FEDEX,07/30/2025,Delayed,Mumbai,Hyderabad,175.86,05/08/2025,08/13/2025,NULL
SHO5900,FEDEX,,Pending,Hyderabad,Chennai,195.07,05/01/2025,NULL,NULL
SHO5902,FEDEX,06/03/2024,In Transit,Delhi,Bangalore,-39.79,NULL,NULL,NULL
SHO5903,DHL,12/04/2024,Pending,Delhi,Hyderabad,-2.02,NULL,NULL,NULL
,DHL,,In Transit,Chennai,Hyderabad,69.03,NULL,NULL,NULL
SHO5907,DHL,,Pending,Chennai,Delhi,53.28,NULL,NULL,NULL
SHO5909,BLUEDART,,Delayed,Delhi,Mumbai,259.99,01/02/2025,02/09/2025,NULL
SHO5912,DHL,12/12/2024,Pending,Chennai,Bangalore,NULL,12/19/2024,NULL,NULL
SHO5914,FEDEX,03/20/2025,Delayed,Hyderabad,Pune,-5.66,03/26/2025,04/02/2025,NULL
SHO5916,DHL,,In Transit,Mumbai,Pune,304.71,05/16/2026,NULL,NULL
SHO5917,DHL,,Pending,Chennai,Pune,60.67,NULL,NULL,NULL
SHO5918,FEDEX,,Pending,Hyderabad,Pune,135.02,02/02/2025,NULL,NULL
SHO5920,BLUEDART,03/08/2026,Delivered,Chennai,Mumbai,461.92,NULL,03/15/2026,NULL
SHO5921,FEDEX,,In Transit,Chennai,Mumbai,233.65,06/22/2025,NULL,NULL
SHO5922,BLUEDART,,Delivered,Hyderabad,Delhi,-20.37,09/18/2024,NULL,NULL
SHO5923,BLUEDART,07/09/2024,UNKNOWN,Bangalore,Mumbai,-24.05,12/07/2024,07/20/2024,NULL
,BLUEDART,,In Transit,Hyderabad,Delhi,8.38,07/31/2025,NULL,NULL
SHO5926,DHL,,Pending,Hyderabad,Pune,178.6,06/28/2024,NULL,NULL
SHO5927,DHL,06/03/2026,Delayed,Chennai,Hyderabad,NULL,NULL,03/16/2026,NULL
,FEDEX,01/29/2025,In Transit,Pune,Mumbai,251.25,02/02/2025,NULL,NULL
SHO5929,DHL,10/31/2025,Delayed,Hyderabad,Delhi,38.69,04/11/2025,07/11/2025,NULL
SHO5934,FEDEX,,Delivered,Hyderabad,Mumbai,387.6,04/23/2024,NULL,NULL
SHO5935,FEDEX,02/25/2024,Delivered,Delhi,Hyderabad,339.35,01/03/2024,03/03/2024,60
SHO5936,DHL,,Delivered,Delhi,Pune,244.31,NULL,NULL,NULL
SHO5937,BLUEDART,12/15/2024,UNKNOWN,Mumbai,Chennai,45.67,12/17/2024,NULL,NULL
SHO5942,FEDEX,,Pending,Delhi,Bangalore,97.31,08/24/2024,NULL,NULL
SHO5943,BLUEDART,09/06/2025,Delivered,Chennai,Hyderabad,477.44,06/16/2025,06/18/2025,2
SHO5944,DHL,,Pending,Chennai,Bangalore,-62.92,11/08/2024,NULL,NULL
SHO5945,BLUEDART,,Delivered,Mumbai,Delhi,204.09,04/30/2025,NULL,NULL
SHO5946,BLUEDART,,Accepted,Bangalore,Pune,320.55,06/21/2024,NULL,NULL
SHO5948,FEDEX,,In Transit,Hyderabad,Pune,437.23,NULL,NULL,NULL
,FEDEX,,Accepted,Pune,Bangalore,179.48,01/05/2024,NULL,NULL
SHO5952,BLUEDART,02/24/2026,Delivered,Pune,Delhi,-46.77,03/03/2026,03/03/2026,0
SHO5957,DHL,,Delayed,Hyderabad,Mumbai,274.68,NULL,NULL,NULL
,BLUEDART,02/26/2026,In Transit,Mumbai,Hyderabad,150.85,03/05/2026,NULL,NULL
SHO5960,BLUEDART,07/09/2025,Delivered,Mumbai,Hyderabad,-30.58,07/13/2025,NULL,NULL
SHO5961,BLUEDART,06/04/2025,In Transit,Bangalore,Delhi,NULL,08/06/2025,NULL,NULL
SHO5962,DHL,08/24/2025,Delivered,Delhi,Pune,123.31,NULL,08/25/2025,NULL
SHO5964,BLUEDART,,Delayed,Hyderabad,Mumbai,50.76,NULL,01/27/2024,NULL
SHO5965,DHL,01/23/2026,Delivered,Bangalore,Chennai,128.08,NULL,01/30/2026,NULL
SHO5966,DHL,,Delivered,Bangalore,Chennai,15.86,06/09/2025,06/12/2025,3
SHO5967,FEDEX,02/17/2026,UNKNOWN,Pune,Hyderabad,-77.28,NULL,02/24/2026,NULL
SHO5969,BLUEDART,08/18/2025,Delivered,Bangalore,Hyderabad,391.3,NULL,NULL,NULL
SHO5971,DHL,05/11/2025,Delivered,Delhi,Mumbai,-44.61,NULL,NULL,NULL
,DHL,,In Transit,Hyderabad,Pune,284.05,NULL,NULL,NULL
SHO5974,DHL,01/27/2024,Delayed,Hyderabad,Chennai,475.97,01/02/2024,02/10/2024,NULL
,DHL,,Accepted,Hyderabad,Chennai,321.63,03/09/2024,NULL,NULL
SHO5976,FEDEX,09/03/2024,In Transit,Hyderabad,Bangalore,268.06,03/14/2024,NULL,NULL
SHO5977,DHL,11/26/2025,UNKNOWN,Chennai,Hyderabad,-60.94,NULL,NULL,NULL
SHO5979,FEDEX,03/30/2026,UNKNOWN,Chennai,Bangalore,170.42,05/04/2026,NULL,NULL
SHO5980,FEDEX,,Pending,Hyderabad,Mumbai,257.79,04/10/2025,NULL,NULL
SHO5983,DHL,,Delivered,Chennai,Hyderabad,-19.45,08/09/2024,07/09/2024,0
SHO5984,BLUEDART,,In Transit,Delhi,Hyderabad,-18.97,07/25/2024,NULL,NULL
SHO5988,DHL,09/19/2024,UNKNOWN,Hyderabad,Delhi,140.87,NULL,NULL,NULL
SHO5991,DHL,09/24/2024,In Transit,Delhi,Pune,-33.82,09/29/2024,NULL,NULL
SHO5994,DHL,12/31/2025,Accepted,Delhi,Chennai,-34.75,01/03/2026,NULL,NULL
SHO5996,FEDEX,,Delivered,Delhi,Bangalore,164.71,NULL,NULL,NULL
SHO5997,BLUEDART,,Accepted,Hyderabad,Pune,-64.25,07/01/2024,NULL,NULL
SHO5998,BLUEDART,,Accepted,Mumbai,Delhi,289.09,04/03/2025,NULL,NULL
SHO5999,DHL,10/29/2025,In Transit,Hyderabad,Chennai,NULL,11/05/2025,NULL,NULL
SHO6000,DHL,,Accepted,Bangalore,Chennai,282.41,NULL,NULL,NULL
SHO6001,FEDEX,08/28/2025,Delayed,Chennai,Delhi,434.54,NULL,03/09/2025,NULL
SHO6002,BLUEDART,,In Transit,Chennai,Delhi,-56.29,NULL,NULL,NULL
SHO6004,BLUEDART,,Delivered,Mumbai,Delhi,380.35,NULL,05/24/2026,NULL
SHO6005,DHL,,In Transit,Bangalore,Delhi,323.45,05/23/2025,NULL,NULL
SHO6006,FEDEX,,In Transit,Chennai,Hyderabad,NULL,NULL,NULL,NULL
SHO6007,BLUEDART,,Accepted,Chennai,Mumbai,389.81,02/02/2026,11/02/2026,NULL
SHO6008,FEDEX,04/01/2025,UNKNOWN,Chennai,Bangalore,-61.43,08/01/2025,NULL,NULL
SHO6009,BLUEDART,,In Transit,Pune,Hyderabad,42.58,05/10/2025,NULL,NULL
SHO6010,FEDEX,02/26/2026,Pending,Pune,Delhi,NULL,03/04/2026,NULL,NULL
SHO6012,DHL,05/28/2025,Delivered,Delhi,Hyderabad,134.68,05/31/2025,NULL,NULL
SHO6013,BLUEDART,,In Transit,Chennai,Mumbai,9.68,12/03/2024,NULL,NULL
SHO6014,FEDEX,,Accepted,Mumbai,Chennai,-7.74,NULL,NULL,NULL
SHO6016,FEDEX,,In Transit,Pune,Delhi,245.36,02/12/2024,NULL,NULL
SHO6019,BLUEDART,04/18/2024,Pending,Bangalore,Hyderabad,NULL,NULL,NULL,NULL
SHO6020,BLUEDART,,In Transit,Delhi,Chennai,453.79,09/15/2025,NULL,NULL
SHO6021,FEDEX,,UNKNOWN,Chennai,Bangalore,NULL,03/04/2026,NULL,NULL
,DHL,,Pending,Chennai,Mumbai,311.44,07/04/2026,NULL,NULL
,BLUEDART,04/09/2024,Delayed,Bangalore,Pune,329.28,04/12/2024,04/18/2024,NULL
SHO6025,DHL,,Pending,Delhi,Chennai,177.26,NULL,NULL,NULL
SHO6026,BLUEDART,06/18/2024,Delivered,Mumbai,Chennai,370.62,NULL,06/23/2024,NULL
SHO6028,BLUEDART,11/06/2025,In Transit,Chennai,Mumbai,229.91,06/17/2025,NULL,NULL
SHO6031,BLUEDART,12/12/2024,Delivered,Hyderabad,Bangalore,220.28,NULL,NULL,NULL
SHO6033,FEDEX,,Delayed,Pune,Chennai,-6.81,NULL,05/30/2025,NULL
,FEDEX,,Delivered,Bangalore,Mumbai,32.34,03/24/2024,03/22/2024,0
SHO6040,DHL,09/04/2024,Delivered,Hyderabad,Bangalore,400.02,09/07/2024,06/09/2024,0
SHO6043,DHL,,Delivered,Chennai,Hyderabad,168.45,02/25/2026,NULL,NULL
SHO6044,BLUEDART,,In Transit,Bangalore,Pune,-25.46,06/03/2025,NULL,NULL
SHO6045,DHL,,Pending,Bangalore,Chennai,465.49,03/22/2025,NULL,NULL
SHO6048,DHL,04/20/2024,Delivered,Hyderabad,Delhi,373.3,NULL,NULL,NULL
SHO6049,FEDEX,01/16/2025,Delivered,Chennai,Delhi,326.66,01/20/2025,NULL,NULL
SHO6050,BLUEDART,09/25/2024,Delivered,Chennai,Mumbai,NULL,02/10/2024,10/07/2024,240
SHO6051,DHL,,Delayed,Pune,Hyderabad,258.35,NULL,NULL,NULL
SHO6052,BLUEDART,,In Transit,Pune,Delhi,-24.8,01/11/2024,NULL,NULL
SHO6055,BLUEDART,,Delayed,Bangalore,Mumbai,-48.22,04/01/2024,09/01/2024,NULL
SHO6056,FEDEX,,Delivered,Mumbai,Delhi,NULL,06/18/2024,06/19/2024,1
,BLUEDART,02/17/2025,Accepted,Bangalore,Pune,323.34,02/19/2025,NULL,NULL
SHO6060,FEDEX,08/23/2025,Delivered,Pune,Delhi,-4.69,NULL,08/26/2025,NULL
SHO6064,BLUEDART,09/18/2024,Delivered,Pune,Delhi,429.33,NULL,09/28/2024,NULL
SHO6066,DHL,,Accepted,Bangalore,Pune,298.1,01/07/2026,NULL,NULL
SHO6067,BLUEDART,,Pending,Delhi,Mumbai,-16.23,NULL,NULL,NULL
SHO6070,DHL,08/27/2024,In Transit,Chennai,Hyderabad,-42.93,09/01/2024,NULL,NULL
SHO6071,BLUEDART,,Delayed,Delhi,Chennai,194.48,07/24/2025,07/30/2025,NULL
SHO6072,FEDEX,,Accepted,Mumbai,Pune,145.89,09/06/2025,NULL,NULL
SHO6076,BLUEDART,,In Transit,Hyderabad,Delhi,470.66,04/27/2025,NULL,NULL
SHO6077,DHL,,Accepted,Bangalore,Delhi,-27.6,10/02/2026,NULL,NULL
SHO6078,DHL,,Delivered,Chennai,Mumbai,74.05,02/20/2024,NULL,NULL
,FEDEX,,Accepted,Pune,Chennai,245.7,04/23/2024,NULL,NULL
SHO6080,BLUEDART,,Pending,Chennai,Hyderabad,NULL,11/16/2024,NULL,NULL
SHO6081,BLUEDART,,Pending,Chennai,Bangalore,465.8,03/29/2024,NULL,NULL
SHO6085,FEDEX,05/12/2026,In Transit,Delhi,Mumbai,NULL,05/15/2026,NULL,NULL
SHO6086,BLUEDART,07/13/2024,Delivered,Mumbai,Delhi,120.01,NULL,07/17/2024,NULL
SHO6091,BLUEDART,,In Transit,Hyderabad,Mumbai,35.13,09/21/2025,NULL,NULL
SHO6092,DHL,08/26/2025,Delivered,Chennai,Delhi,312.53,02/09/2025,NULL,NULL
SHO6093,DHL,05/31/2024,Delayed,Delhi,Bangalore,-15.02,06/05/2024,06/15/2024,NULL
SHO6095,FEDEX,,Accepted,Bangalore,Pune,14.51,06/26/2024,NULL,NULL
SHO6096,DHL,,Delayed,Pune,Bangalore,152.1,NULL,04/14/2026,NULL
SHO6098,FEDEX,02/03/2024,UNKNOWN,Hyderabad,Pune,-72.16,03/08/2024,11/03/2024,NULL
SHO6101,DHL,,Delivered,Mumbai,Chennai,251.3,NULL,01/31/2025,NULL
SHO6102,BLUEDART,,Pending,Bangalore,Chennai,424.52,05/28/2026,NULL,NULL
SHO6103,FEDEX,04/10/2025,In Transit,Pune,Mumbai,NULL,04/13/2025,NULL,NULL
SHO6104,DHL,,In Transit,Mumbai,Pune,162.33,10/11/2025,NULL,NULL
SHO6106,DHL,12/09/2024,In Transit,Delhi,Bangalore,-10.97,12/14/2024,NULL,NULL
,BLUEDART,05/28/2024,Delayed,Hyderabad,Bangalore,98.57,02/06/2024,05/06/2024,NULL
SHO6108,DHL,10/06/2026,Delivered,Bangalore,Pune,360.03,06/16/2026,06/18/2026,2
SHO6110,FEDEX,06/26/2026,Pending,Mumbai,Hyderabad,-14.95,NULL,NULL,NULL
SHO6113,FEDEX,,Delayed,Pune,Delhi,144.93,06/08/2026,NULL,NULL
SHO6114,BLUEDART,10/11/2024,Pending,Bangalore,Pune,-66.68,11/15/2024,NULL,NULL
SHO6115,DHL,,Pending,Hyderabad,Delhi,332.26,07/06/2026,NULL,NULL
SHO6116,BLUEDART,,Delayed,Delhi,Hyderabad,NULL,NULL,09/01/2026,NULL
SHO6118,BLUEDART,08/02/2025,Delivered,Mumbai,Hyderabad,-28.59,NULL,08/04/2025,NULL
SHO6120,FEDEX,04/26/2025,Delivered,Pune,Mumbai,-16.09,NULL,NULL,NULL
SHO6121,BLUEDART,,Delayed,Hyderabad,Delhi,360.73,02/01/2026,02/08/2026,NULL
SHO6122,DHL,05/16/2025,Delivered,Pune,Mumbai,385.53,NULL,NULL,NULL
SHO6123,FEDEX,,Delayed,Mumbai,Pune,-46.56,03/10/2025,10/08/2025,NULL
SHO6125,BLUEDART,,Pending,Pune,Delhi,30.07,06/30/2024,NULL,NULL
SHO6126,BLUEDART,01/20/2025,Delivered,Bangalore,Chennai,426.12,NULL,NULL,NULL
SHO6128,BLUEDART,,Pending,Bangalore,Delhi,493.52,02/24/2025,NULL,NULL
SHO6129,DHL,,In Transit,Bangalore,Delhi,448.83,10/23/2024,NULL,NULL
SHO6130,FEDEX,,Delivered,Chennai,Bangalore,33.55,05/07/2026,12/05/2026,212
SHO6132,DHL,,Accepted,Hyderabad,Delhi,NULL,02/23/2025,NULL,NULL
,FEDEX,05/23/2025,Delivered,Mumbai,Hyderabad,230.31,05/25/2025,05/23/2025,0
SHO6135,DHL,,In Transit,Mumbai,Chennai,60.53,03/28/2024,NULL,NULL
SHO6136,BLUEDART,03/26/2024,Delayed,Hyderabad,Chennai,-54.08,01/04/2024,04/05/2024,NULL
SHO6137,DHL,,In Transit,Bangalore,Chennai,168.34,02/26/2025,NULL,NULL
,DHL,11/28/2024,Delivered,Pune,Delhi,60.43,11/30/2024,12/03/2024,3
SHO6145,FEDEX,,Delivered,Hyderabad,Delhi,356.08,NULL,02/03/2024,NULL
SHO6147,FEDEX,,Accepted,Hyderabad,Chennai,167.94,08/18/2025,NULL,NULL
,BLUEDART,06/09/2024,Delayed,Bangalore,Chennai,7.98,09/08/2024,09/18/2024,NULL
SHO6150,BLUEDART,,In Transit,Bangalore,Pune,85.71,05/21/2026,NULL,NULL
,FEDEX,06/18/2025,In Transit,Delhi,Mumbai,56.87,06/24/2025,NULL,NULL
SHO6155,FEDEX,,In Transit,Bangalore,Pune,216.94,03/27/2026,NULL,NULL
SHO6158,DHL,12/17/2024,Delivered,Mumbai,Hyderabad,364.12,NULL,12/22/2024,NULL
SHO6163,BLUEDART,01/20/2024,UNKNOWN,Pune,Hyderabad,244.98,NULL,NULL,NULL
SHO6164,BLUEDART,,In Transit,Delhi,Hyderabad,-61.76,NULL,NULL,NULL
SHO6165,FEDEX,05/26/2026,Delivered,Mumbai,Hyderabad,348.25,NULL,06/03/2026,NULL
,FEDEX,08/15/2025,Pending,Delhi,Pune,325.27,NULL,NULL,NULL
SHO6168,FEDEX,,Delayed,Chennai,Mumbai,337.77,04/02/2026,02/12/2026,NULL
SHO6169,FEDEX,08/29/2025,Pending,Mumbai,Hyderabad,300.43,04/09/2025,NULL,NULL
SHO6170,DHL,,Delivered,Hyderabad,Chennai,465.62,03/19/2025,03/17/2025,0
SHO6171,DHL,,Delayed,Hyderabad,Pune,36.55,02/09/2025,09/06/2025,NULL
SHO6173,DHL,08/01/2026,Delayed,Delhi,Mumbai,-38.47,NULL,01/12/2026,NULL
SHO6174,BLUEDART,,In Transit,Pune,Bangalore,35.18,08/22/2024,NULL,NULL
SHO6175,BLUEDART,11/29/2025,UNKNOWN,Bangalore,Pune,113.82,02/12/2025,NULL,NULL
SHO6183,FEDEX,,Delayed,Delhi,Mumbai,NULL,04/02/2024,04/04/2024,NULL
SHO6185,BLUEDART,,Delivered,Hyderabad,Chennai,336.47,06/09/2026,06/09/2026,0
SHO6187,BLUEDART,10/17/2024,In Transit,Mumbai,Delhi,NULL,10/24/2024,NULL,NULL
SHO6188,BLUEDART,,Delayed,Mumbai,Chennai,84.57,NULL,NULL,NULL
SHO6191,FEDEX,11/27/2025,Delivered,Chennai,Bangalore,199.38,NULL,11/29/2025,NULL
,DHL,04/07/2024,Delayed,Delhi,Bangalore,439.47,04/12/2024,04/22/2024,NULL
SHO6194,DHL,,In Transit,Hyderabad,Pune,397.05,05/04/2026,NULL,NULL
SHO6195,DHL,,In Transit,Pune,Delhi,365.13,06/09/2025,NULL,NULL
SHO6197,DHL,,Pending,Bangalore,Delhi,469.92,NULL,NULL,NULL
SHO6200,DHL,11/20/2025,Delayed,Delhi,Chennai,-20.25,11/26/2025,02/12/2025,NULL
SHO6202,DHL,,In Transit,Chennai,Delhi,-34.84,03/11/2025,NULL,NULL
SHO6203,FEDEX,,Delayed,Bangalore,Chennai,49.76,12/15/2025,12/23/2025,NULL
SHO6206,FEDEX,,Delivered,Hyderabad,Bangalore,203.91,07/13/2025,NULL,NULL
SHO6207,DHL,,Delayed,Bangalore,Delhi,-22.35,NULL,08/19/2025,NULL
SHO6209,DHL,06/22/2026,Delayed,Pune,Hyderabad,-43.23,NULL,NULL,NULL
SHO6210,FEDEX,,In Transit,Hyderabad,Delhi,248.7,05/22/2025,NULL,NULL
SHO6211,BLUEDART,,In Transit,Mumbai,Bangalore,61.03,08/24/2025,NULL,NULL
SHO6216,BLUEDART,07/31/2025,In Transit,Mumbai,Bangalore,-8.71,NULL,NULL,NULL
SHO6217,BLUEDART,,Accepted,Hyderabad,Chennai,460.5,05/13/2025,NULL,NULL
SHO6218,DHL,09/04/2024,Delivered,Chennai,Mumbai,-50.35,NULL,NULL,NULL
SHO6220,FEDEX,09/15/2024,Delayed,Pune,Chennai,NULL,09/19/2024,NULL,NULL
SHO6223,BLUEDART,07/05/2024,Accepted,Bangalore,Mumbai,329.96,05/10/2024,NULL,NULL
SHO6224,BLUEDART,03/01/2025,Delivered,Hyderabad,Mumbai,240.91,NULL,08/01/2025,NULL
SHO6225,FEDEX,01/29/2024,In Transit,Hyderabad,Chennai,-18.88,NULL,NULL,NULL
SHO6226,BLUEDART,,UNKNOWN,Delhi,Hyderabad,-44.55,11/29/2024,NULL,NULL
SHO6227,DHL,,In Transit,Hyderabad,Pune,NULL,02/22/2025,NULL,NULL
SHO6230,FEDEX,,Pending,Delhi,Bangalore,488.95,02/25/2026,NULL,NULL
,BLUEDART,,UNKNOWN,Chennai,Mumbai,4.35,03/14/2026,NULL,NULL
SHO6234,BLUEDART,05/31/2026,Delivered,Chennai,Pune,51.24,06/02/2026,NULL,NULL
SHO6239,FEDEX,06/12/2024,Accepted,Bangalore,Hyderabad,-7.36,NULL,12/13/2024,NULL
SHO6240,DHL,,In Transit,Chennai,Mumbai,125.87,NULL,NULL,NULL
,DHL,10/31/2024,Delayed,Mumbai,Chennai,465.12,06/11/2024,11/10/2024,NULL
SHO6243,DHL,,Delayed,Bangalore,Chennai,446.15,04/23/2025,NULL,NULL
,FEDEX,02/15/2026,Delayed,Mumbai,Pune,225.8,NULL,02/25/2026,NULL
SHO6246,DHL,,Accepted,Delhi,Mumbai,286.9,03/10/2025,NULL,NULL
SHO6247,DHL,,Pending,Chennai,Hyderabad,347.95,12/20/2025,NULL,NULL
,BLUEDART,05/05/2025,Pending,Delhi,Hyderabad,99.4,12/05/2025,NULL,NULL
SHO6249,FEDEX,,Pending,Chennai,Hyderabad,416.17,NULL,NULL,NULL
SHO6251,DHL,,Delayed,Bangalore,Chennai,228.97,NULL,06/07/2026,NULL
,DHL,08/08/2025,Delayed,Chennai,Mumbai,428.39,08/14/2025,NULL,NULL
SHO6257,DHL,,In Transit,Hyderabad,Pune,-8.74,09/18/2025,NULL,NULL
SHO6260,FEDEX,03/05/2025,Delivered,Bangalore,Chennai,-27.9,07/03/2025,03/09/2025,0
SHO6266,FEDEX,09/25/2024,Accepted,Delhi,Pune,-7.89,09/29/2024,NULL,NULL
SHO6267,FEDEX,,Accepted,Chennai,Hyderabad,238.69,03/19/2024,NULL,NULL
,BLUEDART,09/08/2025,In Transit,Delhi,Bangalore,341.86,12/08/2025,NULL,NULL
SHO6269,BLUEDART,,Accepted,Bangalore,Mumbai,475.07,NULL,NULL,NULL
SHO6270,BLUEDART,08/27/2024,Delivered,Chennai,Pune,251.94,03/09/2024,09/06/2024,181
SHO6271,BLUEDART,,In Transit,Bangalore,Mumbai,23.87,07/04/2024,NULL,NULL
SHO6273,BLUEDART,,Pending,Chennai,Delhi,428.13,01/26/2024,NULL,NULL
SHO6274,FEDEX,,Pending,Delhi,Pune,40.77,04/12/2025,NULL,NULL
SHO6275,BLUEDART,,Delivered,Mumbai,Pune,140.23,10/19/2024,10/18/2024,0
SHO6281,DHL,09/20/2025,In Transit,Bangalore,Hyderabad,-54.71,NULL,NULL,NULL
,BLUEDART,01/25/2025,UNKNOWN,Delhi,Pune,155.2,NULL,NULL,NULL
SHO6283,FEDEX,04/16/2025,Delivered,Hyderabad,Pune,442.46,NULL,04/21/2025,NULL
,FEDEX,,Accepted,Bangalore,Mumbai,NULL,01/24/2025,NULL,NULL
SHO6286,BLUEDART,,Pending,Pune,Delhi,129.48,10/21/2024,NULL,NULL
SHO6288,FEDEX,,In Transit,Bangalore,Mumbai,-47.31,NULL,NULL,NULL
SHO6292,BLUEDART,,Pending,Hyderabad,Bangalore,275.31,NULL,NULL,NULL
SHO6293,DHL,11/04/2025,Pending,Mumbai,Chennai,9.24,06/11/2025,NULL,NULL
SHO6294,DHL,,Delayed,Delhi,Chennai,454.95,06/16/2026,NULL,NULL
SHO6297,FEDEX,03/16/2026,Delivered,Mumbai,Pune,264.72,NULL,NULL,NULL
SHO6298,BLUEDART,,Pending,Chennai,Pune,322.18,02/18/2026,NULL,NULL
SHO6299,FEDEX,,Delayed,Delhi,Mumbai,298.68,NULL,08/25/2024,NULL
SHO6300,FEDEX,,In Transit,Delhi,Bangalore,468.51,03/18/2025,NULL,NULL
SHO6301,DHL,,In Transit,Bangalore,Chennai,72.41,05/22/2025,NULL,NULL
,BLUEDART,,In Transit,Hyderabad,Pune,110.8,05/21/2026,NULL,NULL
SHO6305,BLUEDART,,Pending,Bangalore,Mumbai,165.05,05/15/2024,NULL,NULL
SHO6307,DHL,,Pending,Delhi,Hyderabad,218.18,10/18/2025,NULL,NULL
SHO6314,DHL,09/30/2025,Pending,Mumbai,Chennai,327.99,04/10/2025,NULL,NULL
SHO6319,BLUEDART,05/23/2025,Delivered,Chennai,Hyderabad,-53.37,05/29/2025,06/03/2025,5
SHO6320,BLUEDART,,Pending,Pune,Mumbai,457.47,NULL,NULL,NULL
SHO6321,FEDEX,05/07/2024,In Transit,Bangalore,Mumbai,-51.54,07/09/2024,NULL,NULL
SHO6323,FEDEX,05/30/2024,In Transit,Bangalore,Pune,95.04,04/06/2024,NULL,NULL
SHO6324,FEDEX,01/02/2025,Delivered,Bangalore,Pune,-2.54,01/06/2025,01/07/2025,1
SHO6325,DHL,10/22/2024,Pending,Hyderabad,Bangalore,-55.67,NULL,NULL,NULL
SHO6326,BLUEDART,10/16/2025,Delayed,Hyderabad,Chennai,105.79,10/23/2025,02/11/2025,NULL
SHO6327,DHL,10/09/2025,In Transit,Pune,Mumbai,184.92,09/17/2025,NULL,NULL
SHO6328,FEDEX,04/19/2024,Delivered,Pune,Hyderabad,87.42,NULL,NULL,NULL
SHO6330,BLUEDART,,Pending,Pune,Chennai,112.52,NULL,NULL,NULL
SHO6331,BLUEDART,,Delivered,Hyderabad,Mumbai,27.1,NULL,05/19/2025,NULL
SHO6333,DHL,05/25/2026,Delayed,Chennai,Delhi,-16.83,05/30/2026,NULL,NULL
SHO6335,FEDEX,08/05/2024,Delivered,Delhi,Pune,202.88,NULL,NULL,NULL
SHO6337,DHL,08/02/2024,Pending,Mumbai,Pune,392.29,02/14/2024,NULL,NULL
,FEDEX,06/13/2026,Delivered,Chennai,Hyderabad,-35.3,06/15/2026,06/19/2026,4
SHO6345,BLUEDART,06/29/2026,Delivered,Mumbai,Pune,270.2,05/07/2026,04/07/2026,0
SHO6346,FEDEX,,In Transit,Delhi,Mumbai,220.19,12/12/2024,NULL,NULL
SHO6350,DHL,02/03/2025,In Transit,Hyderabad,Bangalore,-60.49,02/09/2025,NULL,NULL
SHO6352,BLUEDART,,Delayed,Chennai,Bangalore,30.63,NULL,NULL,NULL
,FEDEX,,In Transit,Delhi,Bangalore,304.16,NULL,NULL,NULL
SHO6355,DHL,,UNKNOWN,Chennai,Mumbai,379.21,09/18/2025,09/19/2025,NULL
SHO6358,FEDEX,,Delayed,Chennai,Delhi,-73.01,NULL,NULL,NULL
,FEDEX,03/25/2024,In Transit,Delhi,Pune,458.19,01/04/2024,NULL,NULL
SHO6361,BLUEDART,06/27/2024,Pending,Chennai,Delhi,-49.29,NULL,NULL,NULL
SHO6364,BLUEDART,,In Transit,Bangalore,Mumbai,107.61,12/06/2025,NULL,NULL
SHO6366,FEDEX,,In Transit,Pune,Hyderabad,338.37,10/12/2024,NULL,NULL
SHO6369,DHL,,Delayed,Pune,Hyderabad,493.87,11/24/2025,01/12/2025,NULL
SHO6372,BLUEDART,04/17/2025,Delivered,Delhi,Chennai,0.53,NULL,04/28/2025,NULL
SHO6373,BLUEDART,,Delayed,Delhi,Hyderabad,104.89,07/23/2024,NULL,NULL
SHO6374,DHL,07/02/2024,Delivered,Delhi,Hyderabad,-56.83,NULL,08/07/2024,NULL
SHO6375,DHL,,In Transit,Delhi,Pune,487.32,05/30/2024,NULL,NULL
SHO6378,FEDEX,,Delayed,Pune,Mumbai,201.5,05/17/2026,05/26/2026,NULL
SHO6379,FEDEX,,Pending,Hyderabad,Pune,405.41,09/21/2025,NULL,NULL
SHO6380,BLUEDART,03/30/2025,Delayed,Pune,Hyderabad,-62.12,02/04/2025,NULL,NULL
SHO6381,BLUEDART,04/15/2024,Delayed,Chennai,Mumbai,-13.22,04/20/2024,04/29/2024,NULL
SHO6382,BLUEDART,09/14/2025,Delivered,Delhi,Pune,88.61,NULL,NULL,NULL
SHO6383,DHL,08/09/2025,Delivered,Mumbai,Delhi,445.79,09/10/2025,NULL,NULL
SHO6384,DHL,,Delayed,Bangalore,Mumbai,47.37,NULL,NULL,NULL
SHO6386,BLUEDART,05/28/2024,In Transit,Hyderabad,Mumbai,327.97,01/06/2024,NULL,NULL
SHO6387,FEDEX,06/26/2025,Pending,Delhi,Mumbai,-48.03,02/07/2025,NULL,NULL
SHO6388,BLUEDART,01/30/2024,Delivered,Hyderabad,Mumbai,274.3,02/05/2024,NULL,NULL
SHO6392,FEDEX,09/30/2025,Pending,Chennai,Mumbai,-40.22,02/10/2025,NULL,NULL
SHO6393,FEDEX,05/10/2025,In Transit,Chennai,Hyderabad,NULL,10/12/2025,NULL,NULL
SHO6394,DHL,01/21/2026,Delivered,Hyderabad,Mumbai,436.13,01/28/2026,NULL,NULL
SHO6395,FEDEX,,Delivered,Bangalore,Hyderabad,-74.74,01/02/2026,02/03/2026,32
SHO6396,DHL,,Delivered,Hyderabad,Pune,83.28,05/20/2024,05/21/2024,1
SHO6400,DHL,04/30/2026,Delivered,Hyderabad,Pune,481.19,NULL,08/05/2026,NULL
SHO6401,BLUEDART,,In Transit,Chennai,Bangalore,206.14,NULL,NULL,NULL
SHO6402,BLUEDART,02/12/2026,UNKNOWN,Chennai,Bangalore,269.41,02/14/2026,NULL,NULL
SHO6403,BLUEDART,01/09/2026,Accepted,Chennai,Hyderabad,-54.66,01/12/2026,NULL,NULL
SHO6405,BLUEDART,,In Transit,Hyderabad,Pune,53.43,03/10/2025,NULL,NULL
SHO6414,FEDEX,11/06/2024,Delayed,Bangalore,Hyderabad,-1.5,NULL,06/20/2024,NULL
SHO6416,BLUEDART,08/26/2025,In Transit,Delhi,Mumbai,185.83,01/09/2025,NULL,NULL
SHO6417,BLUEDART,,In Transit,Mumbai,Bangalore,NULL,11/15/2025,NULL,NULL
SHO6418,BLUEDART,,Delayed,Chennai,Pune,109.2,07/19/2025,07/26/2025,NULL
SHO6422,FEDEX,11/17/2025,Accepted,Pune,Mumbai,NULL,11/20/2025,NULL,NULL
SHO6423,BLUEDART,02/28/2026,Delayed,Pune,Bangalore,NULL,03/05/2026,08/03/2026,NULL
SHO6424,FEDEX,,Accepted,Hyderabad,Mumbai,150.41,03/03/2025,03/02/2025,NULL
SHO6425,DHL,,In Transit,Pune,Chennai,59.44,NULL,NULL,NULL
SHO6428,DHL,10/12/2024,UNKNOWN,Delhi,Pune,233.25,10/18/2024,NULL,NULL
SHO6430,BLUEDART,05/03/2025,Delivered,Chennai,Mumbai,231.5,03/11/2025,03/11/2025,0
SHO6432,BLUEDART,08/28/2025,Pending,Mumbai,Delhi,47.33,01/09/2025,NULL,NULL
SHO6433,FEDEX,,In Transit,Delhi,Pune,486.73,10/29/2024,NULL,NULL
SHO6434,FEDEX,04/06/2024,In Transit,Pune,Chennai,-47.68,06/08/2024,NULL,NULL
SHO6435,DHL,,Pending,Pune,Delhi,5.2,01/10/2026,NULL,NULL
SHO6437,BLUEDART,09/30/2025,Delivered,Delhi,Mumbai,-34.87,04/10/2025,10/08/2025,181
SHO6439,DHL,,Accepted,Pune,Hyderabad,433.93,05/28/2025,NULL,NULL
SHO6440,BLUEDART,07/15/2024,In Transit,Mumbai,Delhi,NULL,07/22/2024,NULL,NULL
SHO6441,BLUEDART,,Delivered,Chennai,Bangalore,71.01,08/12/2025,NULL,NULL
SHO6442,BLUEDART,,Accepted,Mumbai,Pune,332.6,05/05/2025,NULL,NULL
SHO6443,FEDEX,11/25/2025,In Transit,Chennai,Mumbai,-45.41,NULL,NULL,NULL
,DHL,03/30/2026,Delayed,Hyderabad,Chennai,241.15,04/05/2026,04/11/2026,NULL
SHO6450,BLUEDART,,Pending,Bangalore,Hyderabad,134.51,NULL,NULL,NULL
SHO6454,DHL,06/07/2025,UNKNOWN,Bangalore,Pune,423.1,NULL,NULL,NULL
SHO6455,BLUEDART,,Accepted,Pune,Mumbai,176.38,NULL,NULL,NULL
SHO6456,FEDEX,,In Transit,Chennai,Bangalore,-31.74,04/29/2025,NULL,NULL
SHO6457,BLUEDART,07/20/2024,Delivered,Bangalore,Delhi,25.32,NULL,07/21/2024,NULL
SHO6458,DHL,,Delayed,Pune,Hyderabad,217.27,07/04/2024,04/09/2024,NULL
SHO6459,BLUEDART,,In Transit,Bangalore,Chennai,14.99,NULL,NULL,NULL
SHO6460,BLUEDART,09/26/2024,Accepted,Pune,Mumbai,57.69,NULL,09/10/2024,NULL
SHO6461,BLUEDART,05/10/2025,Accepted,Chennai,Pune,-77.89,05/12/2025,NULL,NULL
SHO6462,FEDEX,04/29/2025,Delivered,Hyderabad,Mumbai,NULL,NULL,NULL,NULL
SHO6464,BLUEDART,05/19/2024,Delivered,Hyderabad,Mumbai,-49.97,05/26/2024,NULL,NULL
SHO6465,DHL,06/03/2026,Pending,Hyderabad,Chennai,-58.21,06/08/2026,NULL,NULL
SHO6466,FEDEX,,Delivered,Chennai,Bangalore,467.2,05/26/2026,05/29/2026,3
SHO6467,DHL,06/20/2024,UNKNOWN,Delhi,Chennai,374.87,NULL,NULL,NULL
SHO6468,FEDEX,09/19/2024,In Transit,Chennai,Mumbai,NULL,09/21/2024,NULL,NULL
SHO6469,BLUEDART,,Accepted,Delhi,Pune,444.1,12/13/2024,NULL,NULL
SHO6470,BLUEDART,10/26/2025,Delayed,Mumbai,Pune,57.8,10/30/2025,08/11/2025,NULL
SHO6474,BLUEDART,11/02/2024,Delayed,Delhi,Chennai,-58.92,02/17/2024,02/23/2024,NULL
SHO6475,BLUEDART,06/22/2026,Delivered,Hyderabad,Pune,42.82,06/24/2026,NULL,NULL
SHO6476,BLUEDART,,Delivered,Pune,Hyderabad,444.31,04/04/2025,05/04/2025,30
,BLUEDART,,In Transit,Mumbai,Pune,158.32,12/11/2025,NULL,NULL
,FEDEX,,In Transit,Hyderabad,Chennai,-43.77,05/13/2025,NULL,NULL
SHO6481,FEDEX,01/21/2026,Delivered,Mumbai,Hyderabad,84.35,NULL,01/31/2026,NULL
SHO6482,FEDEX,09/28/2025,Pending,Bangalore,Pune,-7.61,03/10/2025,NULL,NULL
SHO6485,BLUEDART,,Delayed,Delhi,Mumbai,219.45,02/02/2025,02/04/2025,NULL
SHO6486,DHL,,Delivered,Bangalore,Hyderabad,486.49,NULL,NULL,NULL
SHO6490,DHL,09/08/2024,Delivered,Pune,Bangalore,153.36,08/12/2024,NULL,NULL
SHO6491,FEDEX,04/14/2024,Delayed,Bangalore,Mumbai,NULL,04/19/2024,NULL,NULL
SHO6493,DHL,,Delivered,Pune,Hyderabad,181.58,NULL,07/04/2024,NULL
SHO6495,FEDEX,,In Transit,Delhi,Pune,NULL,08/19/2025,NULL,NULL
SHO6496,DHL,,Accepted,Pune,Chennai,337.47,NULL,NULL,NULL
SHO6497,FEDEX,10/08/2024,Pending,Chennai,Bangalore,-11.22,10/15/2024,NULL,NULL
SHO6499,FEDEX,06/02/2024,Pending,Hyderabad,Pune,217.26,04/06/2024,NULL,NULL
SHO6502,BLUEDART,,In Transit,Hyderabad,Bangalore,401.03,NULL,NULL,NULL
SHO6503,FEDEX,,In Transit,Delhi,Mumbai,44.0,01/11/2025,NULL,NULL
SHO6506,DHL,09/01/2026,Delayed,Bangalore,Delhi,463.76,NULL,01/17/2026,NULL
SHO6507,DHL,,In Transit,Hyderabad,Chennai,328.45,04/18/2025,NULL,NULL
SHO6509,DHL,,Delayed,Mumbai,Pune,192.78,08/07/2025,NULL,NULL
SHO6511,DHL,06/13/2025,Delivered,Hyderabad,Mumbai,163.22,06/18/2025,NULL,NULL
SHO6512,FEDEX,04/18/2024,Delayed,Bangalore,Pune,-34.52,NULL,04/29/2024,NULL
,BLUEDART,01/31/2025,Delivered,Hyderabad,Bangalore,351.22,02/05/2025,02/06/2025,1
SHO6514,DHL,,Delayed,Pune,Mumbai,9.56,04/03/2026,NULL,NULL
SHO6515,DHL,,Delayed,Bangalore,Pune,7.79,NULL,11/29/2024,NULL
SHO6517,FEDEX,04/28/2025,In Transit,Chennai,Delhi,20.4,04/05/2025,NULL,NULL
SHO6519,FEDEX,,UNKNOWN,Hyderabad,Pune,339.19,07/22/2025,NULL,NULL
SHO6521,FEDEX,,In Transit,Delhi,Bangalore,241.71,NULL,NULL,NULL
SHO6522,DHL,07/10/2025,Delivered,Delhi,Mumbai,324.03,10/10/2025,NULL,NULL
SHO6523,FEDEX,,Delivered,Chennai,Hyderabad,169.62,05/22/2025,05/21/2025,0
SHO6524,BLUEDART,01/09/2025,UNKNOWN,Bangalore,Mumbai,324.33,NULL,01/18/2025,NULL
SHO6525,FEDEX,,Accepted,Bangalore,Mumbai,284.92,NULL,NULL,NULL
SHO6526,DHL,07/30/2024,Delayed,Chennai,Mumbai,437.97,03/08/2024,NULL,NULL
SHO6527,BLUEDART,11/19/2025,In Transit,Pune,Mumbai,NULL,11/23/2025,NULL,NULL
SHO6528,BLUEDART,,Pending,Hyderabad,Pune,385.72,07/25/2025,NULL,NULL
SHO6529,BLUEDART,,Delivered,Hyderabad,Chennai,159.37,10/21/2025,10/24/2025,3
SHO6532,DHL,05/11/2026,Delivered,Chennai,Delhi,288.35,05/18/2026,NULL,NULL
,DHL,11/20/2024,Delivered,Bangalore,Pune,221.53,11/27/2024,11/26/2024,0
SHO6535,BLUEDART,,Delivered,Bangalore,Hyderabad,487.57,NULL,NULL,NULL
SHO6538,DHL,12/18/2025,Delivered,Bangalore,Delhi,205.85,NULL,NULL,NULL
SHO6539,FEDEX,06/06/2024,Delivered,Pune,Hyderabad,-57.1,09/06/2024,06/10/2024,0
,DHL,,Pending,Chennai,Mumbai,257.29,NULL,NULL,NULL
SHO6542,DHL,,Delayed,Bangalore,Pune,-5.65,12/02/2025,12/12/2025,NULL
SHO6544,BLUEDART,03/10/2026,Pending,Delhi,Hyderabad,-68.13,NULL,NULL,NULL
,DHL,,Delayed,Chennai,Pune,377.78,02/24/2024,02/28/2024,NULL
SHO6550,FEDEX,03/13/2024,Delivered,Delhi,Mumbai,-27.48,NULL,03/20/2024,NULL
SHO6551,FEDEX,09/27/2025,Pending,Mumbai,Hyderabad,-37.83,03/10/2025,NULL,NULL
SHO6552,FEDEX,04/03/2024,In Transit,Mumbai,Delhi,169.39,03/07/2024,NULL,NULL
SHO6554,FEDEX,,UNKNOWN,Pune,Chennai,-6.14,06/21/2026,NULL,NULL
,BLUEDART,,In Transit,Pune,Mumbai,183.09,NULL,NULL,NULL
SHO6557,FEDEX,,In Transit,Delhi,Pune,310.0,06/27/2025,NULL,NULL
SHO6559,BLUEDART,08/01/2024,Delivered,Chennai,Bangalore,111.49,01/13/2024,01/16/2024,3
SHO6563,FEDEX,10/05/2026,Delivered,Chennai,Bangalore,188.66,NULL,05/14/2026,NULL
SHO6566,BLUEDART,06/25/2026,Delayed,Delhi,Mumbai,NULL,NULL,07/09/2026,NULL
SHO6567,DHL,11/04/2024,Delayed,Mumbai,Bangalore,375.28,04/14/2024,04/21/2024,NULL
SHO6569,BLUEDART,10/23/2025,UNKNOWN,Mumbai,Chennai,483.21,NULL,NULL,NULL
SHO6572,BLUEDART,11/03/2025,Pending,Bangalore,Delhi,324.86,03/17/2025,NULL,NULL
SHO6573,BLUEDART,10/01/2024,Delivered,Delhi,Chennai,254.74,05/10/2024,08/10/2024,92
SHO6574,DHL,04/21/2025,Pending,Hyderabad,Chennai,-55.75,04/27/2025,NULL,NULL
SHO6575,BLUEDART,,Pending,Chennai,Bangalore,7.36,06/04/2025,NULL,NULL
,BLUEDART,10/10/2025,Delayed,Chennai,Delhi,130.68,NULL,10/21/2025,NULL
SHO6578,DHL,06/08/2025,Pending,Pune,Delhi,NULL,06/13/2025,NULL,NULL
SHO6580,FEDEX,,Accepted,Delhi,Mumbai,232.89,NULL,NULL,NULL
SHO6581,DHL,,In Transit,Chennai,Hyderabad,41.03,NULL,NULL,NULL
SHO6583,BLUEDART,,Delayed,Hyderabad,Delhi,270.55,02/05/2026,02/13/2026,NULL
SHO6584,FEDEX,,Accepted,Hyderabad,Mumbai,244.73,04/15/2025,NULL,NULL
SHO6585,FEDEX,,Accepted,Hyderabad,Bangalore,345.76,12/04/2025,NULL,NULL
SHO6589,BLUEDART,10/03/2024,In Transit,Chennai,Bangalore,394.98,03/17/2024,NULL,NULL
SHO6590,DHL,12/05/2024,In Transit,Delhi,Hyderabad,-71.81,12/09/2024,NULL,NULL
SHO6591,FEDEX,03/17/2026,Pending,Pune,Delhi,-64.52,NULL,NULL,NULL
SHO6593,FEDEX,03/10/2024,Delivered,Bangalore,Mumbai,168.13,10/08/2024,NULL,NULL
SHO6595,BLUEDART,,Delivered,Chennai,Bangalore,115.6,04/02/2025,04/06/2025,4
SHO6596,FEDEX,,Delayed,Chennai,Bangalore,444.9,09/23/2025,NULL,NULL
,FEDEX,,Delayed,Chennai,Mumbai,-8.86,NULL,NULL,NULL
SHO6601,FEDEX,03/11/2026,Delayed,Chennai,Bangalore,-29.82,03/14/2026,03/24/2026,NULL
SHO6604,DHL,07/25/2025,Delivered,Pune,Delhi,NULL,NULL,03/08/2025,NULL
SHO6607,BLUEDART,05/05/2026,Pending,Chennai,Delhi,-14.68,NULL,NULL,NULL
SHO6608,BLUEDART,,UNKNOWN,Mumbai,Pune,162.42,01/30/2024,NULL,NULL
SHO6609,BLUEDART,,Delayed,Mumbai,Hyderabad,381.74,04/22/2024,NULL,NULL
SHO6611,DHL,,Delayed,Pune,Mumbai,-29.27,NULL,04/11/2024,NULL
,FEDEX,06/02/2024,UNKNOWN,Bangalore,Delhi,480.12,08/06/2024,06/10/2024,NULL
SHO6613,BLUEDART,12/10/2024,Delayed,Chennai,Bangalore,NULL,12/16/2024,12/22/2024,NULL
SHO6616,BLUEDART,02/12/2024,Delayed,Hyderabad,Chennai,NULL,NULL,02/19/2024,NULL
,FEDEX,,Delivered,Bangalore,Chennai,415.91,08/22/2025,NULL,NULL
SHO6620,DHL,08/19/2025,UNKNOWN,Delhi,Bangalore,224.63,NULL,NULL,NULL
SHO6621,BLUEDART,04/23/2026,Delivered,Chennai,Pune,-13.48,NULL,04/26/2026,NULL
SHO6622,FEDEX,,In Transit,Mumbai,Hyderabad,410.9,04/14/2026,NULL,NULL
SHO6623,DHL,02/25/2025,Pending,Pune,Hyderabad,-49.75,03/03/2025,NULL,NULL
SHO6628,FEDEX,,In Transit,Bangalore,Chennai,339.58,06/13/2025,NULL,NULL
SHO6632,BLUEDART,,Delayed,Delhi,Mumbai,296.81,09/23/2024,03/10/2024,NULL
SHO6633,DHL,11/16/2024,UNKNOWN,Chennai,Delhi,NULL,NULL,NULL,NULL
SHO6635,FEDEX,02/18/2024,UNKNOWN,Hyderabad,Pune,304.31,02/23/2024,NULL,NULL
SHO6636,DHL,,Delayed,Mumbai,Bangalore,-44.04,10/29/2024,NULL,NULL
SHO6637,FEDEX,,In Transit,Pune,Chennai,246.76,02/01/2026,NULL,NULL
SHO6638,DHL,12/10/2025,Delivered,Hyderabad,Pune,-40.09,12/12/2025,NULL,NULL
SHO6639,BLUEDART,12/02/2025,Delayed,Hyderabad,Delhi,-9.71,02/19/2025,02/26/2025,NULL
SHO6640,DHL,03/23/2026,Accepted,Pune,Chennai,-53.4,NULL,NULL,NULL
SHO6641,BLUEDART,05/16/2026,Pending,Mumbai,Bangalore,-42.53,05/23/2026,NULL,NULL
SHO6642,DHL,,In Transit,Mumbai,Pune,116.85,NULL,NULL,NULL
SHO6645,BLUEDART,04/24/2024,Delivered,Pune,Hyderabad,152.89,NULL,04/28/2024,NULL
SHO6646,FEDEX,,Accepted,Hyderabad,Chennai,-66.72,11/21/2025,NULL,NULL
SHO6647,FEDEX,08/27/2024,Accepted,Hyderabad,Mumbai,57.09,01/09/2024,NULL,NULL
SHO6651,FEDEX,,Delayed,Bangalore,Pune,-9.13,06/17/2026,06/20/2026,NULL
SHO6652,FEDEX,,In Transit,Bangalore,Hyderabad,444.03,09/07/2025,NULL,NULL
SHO6654,BLUEDART,,In Transit,Hyderabad,Pune,468.41,06/17/2026,NULL,NULL
SHO6655,FEDEX,,In Transit,Bangalore,Chennai,48.22,NULL,NULL,NULL
SHO6659,FEDEX,,Delivered,Hyderabad,Mumbai,52.01,05/26/2026,05/25/2026,0
SHO6660,FEDEX,,Delayed,Bangalore,Hyderabad,398.14,07/02/2024,NULL,NULL
SHO6661,FEDEX,12/11/2025,Delivered,Bangalore,Mumbai,350.21,11/17/2025,11/22/2025,5
SHO6662,DHL,,Pending,Mumbai,Chennai,42.43,NULL,NULL,NULL
SHO6664,DHL,09/13/2025,In Transit,Pune,Mumbai,-13.66,09/15/2025,NULL,NULL
SHO6667,BLUEDART,,Delayed,Mumbai,Pune,88.59,NULL,02/28/2026,NULL
SHO6668,BLUEDART,,In Transit,Chennai,Delhi,16.44,NULL,NULL,NULL
SHO6671,DHL,01/22/2025,UNKNOWN,Hyderabad,Chennai,3.38,01/24/2025,NULL,NULL
SHO6675,FEDEX,,Delivered,Chennai,Pune,72.8,05/27/2024,05/29/2024,2
,DHL,05/01/2026,Delayed,Pune,Hyderabad,172.05,01/08/2026,01/18/2026,NULL
SHO6680,FEDEX,09/17/2025,In Transit,Pune,Delhi,-38.17,09/19/2025,NULL,NULL
SHO6683,FEDEX,,Delivered,Bangalore,Hyderabad,348.48,02/23/2025,NULL,NULL
SHO6684,FEDEX,,In Transit,Hyderabad,Bangalore,88.87,07/15/2025,NULL,NULL
SHO6685,BLUEDART,01/09/2025,Delivered,Pune,Delhi,NULL,01/13/2025,NULL,NULL
SHO6687,FEDEX,09/02/2024,Delivered,Hyderabad,Delhi,487.1,09/04/2024,03/09/2024,0
SHO6688,FEDEX,,Accepted,Chennai,Mumbai,NULL,NULL,NULL,NULL
SHO6689,FEDEX,,Pending,Chennai,Bangalore,477.18,12/09/2025,NULL,NULL
SHO6693,FEDEX,12/07/2025,Delayed,Mumbai,Chennai,-12.98,NULL,07/21/2025,NULL
SHO6694,FEDEX,,In Transit,Delhi,Pune,112.61,NULL,NULL,NULL
SHO6695,DHL,,Delayed,Delhi,Pune,111.63,10/02/2024,10/07/2024,NULL
SHO6696,BLUEDART,,Accepted,Bangalore,Hyderabad,-70.09,03/02/2024,NULL,NULL
SHO6697,BLUEDART,,Pending,Pune,Mumbai,304.4,NULL,NULL,NULL
,BLUEDART,02/26/2026,Accepted,Mumbai,Bangalore,305.86,02/28/2026,NULL,NULL
SHO6700,FEDEX,04/22/2026,Delivered,Bangalore,Chennai,93.55,NULL,04/25/2026,NULL
SHO6703,DHL,02/28/2024,Accepted,Pune,Delhi,-72.98,03/05/2024,NULL,NULL
SHO6705,BLUEDART,,In Transit,Pune,Mumbai,-32.38,06/22/2026,NULL,NULL
SHO6709,FEDEX,,Pending,Hyderabad,Mumbai,250.07,02/27/2026,NULL,NULL
SHO6711,FEDEX,04/22/2026,Delivered,Mumbai,Hyderabad,NULL,NULL,04/28/2026,NULL
SHO6713,BLUEDART,03/17/2025,Delivered,Mumbai,Chennai,472.03,NULL,NULL,NULL
SHO6714,DHL,04/07/2025,Delivered,Pune,Hyderabad,16.61,04/11/2025,NULL,NULL
SHO6715,FEDEX,,Delivered,Mumbai,Delhi,169.89,NULL,07/06/2025,NULL
SHO6718,DHL,11/03/2024,Accepted,Delhi,Pune,285.41,03/15/2024,NULL,NULL
SHO6719,FEDEX,03/19/2025,UNKNOWN,Pune,Delhi,462.19,03/23/2025,NULL,NULL
SHO6721,BLUEDART,06/07/2025,In Transit,Mumbai,Bangalore,-33.11,07/10/2025,NULL,NULL
SHO6722,BLUEDART,,Pending,Hyderabad,Delhi,NULL,NULL,NULL,NULL
SHO6723,BLUEDART,,Accepted,Chennai,Hyderabad,436.05,05/01/2025,NULL,NULL
SHO6729,BLUEDART,09/18/2024,Delivered,Chennai,Pune,162.02,09/21/2024,NULL,NULL
SHO6730,DHL,,Delivered,Chennai,Bangalore,123.3,08/29/2025,08/31/2025,2
SHO6733,BLUEDART,,UNKNOWN,Mumbai,Pune,376.01,06/26/2026,NULL,NULL
SHO6735,BLUEDART,08/22/2025,Delivered,Chennai,Pune,299.7,NULL,NULL,NULL
SHO6736,FEDEX,,Pending,Chennai,Delhi,203.55,NULL,NULL,NULL
SHO6738,DHL,,Pending,Bangalore,Hyderabad,361.07,NULL,NULL,NULL
,DHL,11/25/2024,Delayed,Mumbai,Chennai,491.83,11/27/2024,12/02/2024,NULL
SHO6742,FEDEX,,Pending,Pune,Hyderabad,344.12,05/10/2024,NULL,NULL
SHO6743,DHL,,In Transit,Mumbai,Delhi,277.58,05/18/2026,NULL,NULL
SHO6744,FEDEX,,Pending,Bangalore,Chennai,175.13,04/03/2026,NULL,NULL
SHO6745,DHL,05/19/2025,Delivered,Bangalore,Hyderabad,-14.2,05/25/2025,05/26/2025,1
SHO6747,FEDEX,04/10/2025,In Transit,Mumbai,Delhi,-53.03,10/10/2025,NULL,NULL
SHO6748,DHL,06/17/2024,Delivered,Hyderabad,Mumbai,68.98,NULL,06/21/2024,NULL
SHO6751,FEDEX,,Pending,Hyderabad,Chennai,-17.24,01/23/2024,NULL,NULL
SHO6752,BLUEDART,09/17/2025,Delayed,Hyderabad,Delhi,246.56,09/24/2025,02/10/2025,NULL
SHO6753,BLUEDART,,Pending,Delhi,Hyderabad,92.06,NULL,NULL,NULL
SHO6754,DHL,04/26/2026,Pending,Chennai,Delhi,62.44,01/05/2026,NULL,NULL
SHO6755,FEDEX,,Pending,Mumbai,Bangalore,145.67,NULL,NULL,NULL
SHO6756,BLUEDART,,Delivered,Pune,Bangalore,446.2,11/04/2025,NULL,NULL
SHO6757,FEDEX,,Delivered,Mumbai,Pune,127.79,NULL,NULL,NULL
SHO6759,FEDEX,,Delivered,Chennai,Mumbai,NULL,NULL,12/22/2024,NULL
SHO6761,BLUEDART,,Delayed,Chennai,Hyderabad,170.87,NULL,03/06/2025,NULL
SHO6762,BLUEDART,06/16/2025,Delivered,Chennai,Delhi,220.07,NULL,NULL,NULL
SHO6763,BLUEDART,02/26/2024,UNKNOWN,Hyderabad,Pune,-62.68,03/01/2024,03/02/2024,NULL
SHO6764,FEDEX,,Accepted,Delhi,Hyderabad,446.7,NULL,NULL,NULL
SHO6766,FEDEX,,In Transit,Delhi,Pune,397.41,05/29/2025,NULL,NULL
SHO6768,FEDEX,,Delayed,Pune,Chennai,394.21,07/09/2024,09/17/2024,NULL
SHO6770,DHL,02/24/2024,UNKNOWN,Hyderabad,Delhi,-63.45,01/03/2024,NULL,NULL
SHO6772,BLUEDART,,In Transit,Mumbai,Pune,79.95,07/29/2024,NULL,NULL
SHO6774,DHL,11/23/2024,UNKNOWN,Delhi,Pune,430.62,11/29/2024,06/12/2024,NULL
SHO6775,DHL,,Delivered,Hyderabad,Chennai,356.37,NULL,11/17/2024,NULL
SHO6778,FEDEX,01/21/2025,Pending,Mumbai,Hyderabad,NULL,01/25/2025,NULL,NULL
SHO6780,BLUEDART,08/17/2025,Delivered,Delhi,Pune,NULL,NULL,NULL,NULL
SHO6781,FEDEX,,Delivered,Pune,Mumbai,-19.26,NULL,08/26/2025,NULL
SHO6782,BLUEDART,,In Transit,Bangalore,Chennai,173.32,NULL,NULL,NULL
SHO6785,BLUEDART,12/12/2024,Accepted,Pune,Bangalore,-21.93,12/19/2024,NULL,NULL
SHO6787,FEDEX,04/23/2024,In Transit,Chennai,Pune,-25.57,04/29/2024,NULL,NULL
SHO6788,FEDEX,07/25/2025,Delayed,Chennai,Hyderabad,164.52,07/29/2025,04/08/2025,NULL
SHO6789,FEDEX,02/07/2025,Pending,Hyderabad,Mumbai,-33.89,07/07/2025,NULL,NULL
SHO6791,FEDEX,,In Transit,Chennai,Delhi,5.34,06/06/2026,NULL,NULL
SHO6792,BLUEDART,,Pending,Chennai,Hyderabad,33.29,06/24/2025,NULL,NULL
SHO6794,FEDEX,,Pending,Pune,Delhi,69.62,NULL,NULL,NULL
SHO6795,FEDEX,02/19/2025,In Transit,Chennai,Bangalore,-78.85,02/23/2025,NULL,NULL
SHO6796,DHL,,In Transit,Bangalore,Chennai,195.69,08/02/2024,NULL,NULL
SHO6797,DHL,01/21/2025,Pending,Hyderabad,Chennai,-74.39,01/26/2025,NULL,NULL
SHO6798,DHL,01/02/2024,Delivered,Mumbai,Bangalore,63.62,02/08/2024,NULL,NULL
SHO6799,DHL,09/20/2025,Pending,Pune,Bangalore,-68.82,09/27/2025,NULL,NULL
SHO6803,FEDEX,,Accepted,Chennai,Delhi,34.51,09/18/2025,NULL,NULL
SHO6804,BLUEDART,,Delayed,Delhi,Chennai,220.03,01/18/2026,01/28/2026,NULL
SHO6805,BLUEDART,,Accepted,Mumbai,Bangalore,NULL,02/03/2024,NULL,NULL
SHO6807,DHL,06/19/2026,Delivered,Mumbai,Pune,446.47,06/26/2026,01/07/2026,0
SHO6808,DHL,,Pending,Chennai,Mumbai,225.2,NULL,NULL,NULL
SHO6809,BLUEDART,05/19/2025,Delivered,Pune,Delhi,16.12,NULL,05/29/2025,NULL
SHO6810,FEDEX,12/03/2026,Delivered,Delhi,Pune,347.68,NULL,03/18/2026,NULL
SHO6812,BLUEDART,02/23/2024,Accepted,Delhi,Mumbai,76.68,01/03/2024,NULL,NULL
SHO6813,BLUEDART,06/16/2025,Delivered,Delhi,Pune,243.77,NULL,06/24/2025,NULL
SHO6814,FEDEX,02/26/2025,UNKNOWN,Delhi,Hyderabad,-14.01,NULL,NULL,NULL
SHO6816,FEDEX,01/28/2025,Delivered,Delhi,Chennai,NULL,02/01/2025,01/30/2025,0
SHO6817,BLUEDART,04/04/2025,Delivered,Chennai,Mumbai,-13.54,NULL,04/11/2025,NULL
SHO6818,FEDEX,10/28/2024,In Transit,Delhi,Mumbai,-5.26,11/01/2024,NULL,NULL
SHO6819,DHL,,In Transit,Delhi,Chennai,265.63,10/03/2026,NULL,NULL
SHO6820,DHL,01/09/2024,UNKNOWN,Pune,Hyderabad,37.17,09/08/2024,NULL,NULL
SHO6821,DHL,05/26/2026,Delivered,Mumbai,Delhi,420.77,02/06/2026,NULL,NULL
SHO6822,DHL,05/09/2024,Accepted,Hyderabad,Pune,-58.55,05/12/2024,05/19/2024,NULL
SHO6823,FEDEX,12/01/2024,In Transit,Pune,Chennai,NULL,04/12/2024,NULL,NULL
SHO6826,DHL,06/18/2025,Delivered,Delhi,Pune,151.09,06/21/2025,NULL,NULL
SHO6827,FEDEX,,UNKNOWN,Pune,Bangalore,393.91,02/26/2025,02/24/2025,NULL
SHO6829,BLUEDART,10/29/2025,UNKNOWN,Chennai,Hyderabad,210.57,11/05/2025,NULL,NULL
SHO6830,FEDEX,,Pending,Delhi,Chennai,168.19,12/24/2024,NULL,NULL
SHO6831,BLUEDART,,In Transit,Delhi,Mumbai,494.73,09/19/2024,NULL,NULL
,DHL,08/22/2024,In Transit,Bangalore,Mumbai,293.65,NULL,NULL,NULL
SHO6837,BLUEDART,06/15/2024,Delivered,Pune,Mumbai,438.45,NULL,06/15/2024,NULL
SHO6841,BLUEDART,,In Transit,Delhi,Chennai,129.18,12/26/2025,NULL,NULL
SHO6842,DHL,01/20/2025,Delivered,Bangalore,Chennai,-46.8,01/22/2025,NULL,NULL
SHO6844,DHL,12/11/2025,In Transit,Mumbai,Pune,26.37,11/19/2025,NULL,NULL
SHO6845,FEDEX,10/11/2025,Pending,Mumbai,Hyderabad,-29.05,10/18/2025,NULL,NULL
SHO6846,FEDEX,03/07/2025,Accepted,Mumbai,Hyderabad,-48.11,03/14/2025,NULL,NULL
SHO6847,DHL,09/12/2024,UNKNOWN,Mumbai,Bangalore,14.27,NULL,09/13/2024,NULL
SHO6849,FEDEX,02/13/2024,Delivered,Bangalore,Hyderabad,485.2,NULL,NULL,NULL
SHO6850,DHL,,In Transit,Pune,Chennai,-45.24,NULL,NULL,NULL
SHO6851,BLUEDART,04/17/2026,Accepted,Delhi,Bangalore,-71.38,NULL,NULL,NULL
SHO6852,DHL,01/14/2025,Pending,Mumbai,Hyderabad,-50.05,01/17/2025,NULL,NULL
SHO6853,DHL,10/29/2025,Delayed,Pune,Chennai,-18.46,02/11/2025,11/09/2025,NULL
SHO6854,DHL,,Delivered,Pune,Chennai,3.84,08/05/2025,NULL,NULL
SHO6856,FEDEX,,Delivered,Hyderabad,Mumbai,446.47,NULL,10/26/2025,NULL
SHO6859,BLUEDART,04/28/2024,Delivered,Bangalore,Pune,319.23,NULL,04/30/2024,NULL
SHO6861,BLUEDART,11/07/2025,Delivered,Pune,Mumbai,58.57,NULL,NULL,NULL
SHO6863,DHL,,In Transit,Hyderabad,Chennai,131.58,06/27/2026,NULL,NULL
SHO6865,FEDEX,,Accepted,Bangalore,Pune,17.31,NULL,NULL,NULL
SHO6866,FEDEX,,Delayed,Mumbai,Pune,381.03,NULL,02/11/2024,NULL
,DHL,11/02/2024,Pending,Bangalore,Mumbai,118.82,02/13/2024,NULL,NULL
SHO6871,FEDEX,08/03/2026,UNKNOWN,Chennai,Hyderabad,60.9,03/13/2026,NULL,NULL
SHO6876,FEDEX,01/24/2026,Delivered,Bangalore,Delhi,-58.94,01/28/2026,01/02/2026,0
SHO6877,FEDEX,05/25/2025,Delivered,Pune,Chennai,-32.22,NULL,NULL,NULL
SHO6879,FEDEX,06/10/2025,Delivered,Pune,Hyderabad,413.55,NULL,06/19/2025,NULL
SHO6880,FEDEX,01/30/2024,UNKNOWN,Hyderabad,Bangalore,125.77,05/02/2024,02/13/2024,NULL
SHO6882,BLUEDART,02/08/2024,UNKNOWN,Mumbai,Delhi,286.13,NULL,NULL,NULL
SHO6885,FEDEX,,UNKNOWN,Pune,Mumbai,212.25,NULL,NULL,NULL
,DHL,,Delayed,Pune,Mumbai,100.63,NULL,11/28/2024,NULL
SHO6888,BLUEDART,07/04/2025,Delivered,Chennai,Pune,399.03,04/13/2025,04/16/2025,3
SHO6889,FEDEX,,Delivered,Hyderabad,Mumbai,220.41,06/12/2024,07/12/2024,30
SHO6894,DHL,,In Transit,Mumbai,Delhi,-27.13,10/17/2025,NULL,NULL
SHO6896,BLUEDART,07/13/2024,In Transit,Hyderabad,Pune,-72.17,07/18/2024,NULL,NULL
SHO6897,DHL,12/16/2025,Delivered,Bangalore,Pune,449.4,NULL,12/22/2025,NULL
SHO6899,FEDEX,06/05/2024,UNKNOWN,Mumbai,Bangalore,31.44,06/09/2024,06/14/2024,NULL
,BLUEDART,04/03/2026,Delivered,Chennai,Pune,19.11,NULL,03/08/2026,NULL
SHO6902,DHL,,Delayed,Hyderabad,Bangalore,-32.2,08/15/2024,08/19/2024,NULL
SHO6906,DHL,,Accepted,Hyderabad,Mumbai,-56.17,07/05/2024,NULL,NULL
SHO6907,FEDEX,,In Transit,Delhi,Bangalore,-32.44,NULL,NULL,NULL
SHO6909,FEDEX,12/11/2025,Delayed,Delhi,Mumbai,-5.72,NULL,12/19/2025,NULL
,DHL,10/14/2024,Delayed,Bangalore,Pune,60.31,NULL,NULL,NULL
,BLUEDART,04/09/2024,UNKNOWN,Hyderabad,Delhi,441.55,NULL,NULL,NULL
SHO6913,BLUEDART,01/24/2026,Delivered,Delhi,Mumbai,NULL,01/29/2026,02/03/2026,5
SHO6915,BLUEDART,07/26/2025,Delivered,Mumbai,Delhi,179.46,NULL,07/28/2025,NULL
SHO6917,DHL,,UNKNOWN,Pune,Hyderabad,3.53,03/14/2024,03/15/2024,NULL
SHO6918,DHL,05/11/2024,Delivered,Delhi,Chennai,-48.48,05/14/2024,05/17/2024,3
SHO6919,DHL,12/28/2024,Delayed,Hyderabad,Pune,-16.38,12/31/2024,01/04/2025,NULL
SHO6921,FEDEX,05/26/2025,Pending,Hyderabad,Chennai,-4.46,05/28/2025,NULL,NULL
SHO6922,FEDEX,06/17/2025,In Transit,Pune,Mumbai,-17.34,06/24/2025,NULL,NULL
SHO6924,DHL,03/12/2025,Delivered,Mumbai,Bangalore,17.43,03/16/2025,NULL,NULL
SHO6925,BLUEDART,06/04/2025,In Transit,Chennai,Bangalore,NULL,NULL,NULL,NULL
SHO6926,BLUEDART,08/30/2024,Delayed,Hyderabad,Chennai,-13.9,09/06/2024,09/15/2024,NULL
SHO6930,BLUEDART,03/23/2026,UNKNOWN,Hyderabad,Mumbai,92.66,NULL,03/31/2026,NULL
SHO6933,DHL,,Accepted,Chennai,Delhi,472.68,NULL,NULL,NULL
SHO6936,FEDEX,09/15/2024,Pending,Hyderabad,Mumbai,-75.3,09/19/2024,NULL,NULL
SHO6938,FEDEX,01/16/2026,In Transit,Hyderabad,Bangalore,-0.42,NULL,NULL,NULL
SHO6939,DHL,,Delivered,Delhi,Mumbai,436.05,11/24/2025,NULL,NULL
SHO6941,FEDEX,02/02/2026,UNKNOWN,Hyderabad,Pune,178.47,02/06/2026,NULL,NULL
SHO6942,BLUEDART,04/19/2026,In Transit,Mumbai,Pune,NULL,04/25/2026,NULL,NULL
SHO6943,BLUEDART,,UNKNOWN,Bangalore,Delhi,-18.82,NULL,07/27/2025,NULL
SHO6945,FEDEX,,In Transit,Bangalore,Delhi,344.2,08/06/2024,NULL,NULL
SHO6946,FEDEX,,UNKNOWN,Pune,Hyderabad,213.0,03/07/2026,03/10/2026,NULL
SHO6950,DHL,,Delivered,Hyderabad,Delhi,11.63,10/31/2024,11/01/2024,1
SHO6951,BLUEDART,02/14/2025,Delayed,Delhi,Hyderabad,NULL,NULL,02/28/2025,NULL
SHO6955,FEDEX,,In Transit,Mumbai,Hyderabad,458.67,NULL,NULL,NULL
SHO6956,DHL,11/07/2025,Delayed,Pune,Chennai,-13.06,NULL,11/16/2025,NULL
SHO6957,DHL,03/19/2025,Delayed,Bangalore,Mumbai,-78.52,NULL,NULL,NULL
SHO6958,FEDEX,,Delayed,Mumbai,Chennai,147.14,02/22/2026,NULL,NULL
,DHL,10/06/2025,In Transit,Hyderabad,Mumbai,244.99,10/10/2025,NULL,NULL
SHO6960,FEDEX,09/01/2025,Delayed,Pune,Mumbai,NULL,NULL,09/06/2025,NULL
SHO6961,DHL,01/20/2024,Delivered,Pune,Bangalore,73.9,NULL,NULL,NULL
SHO6964,FEDEX,,Delayed,Hyderabad,Chennai,NULL,04/11/2025,11/10/2025,NULL
SHO6965,DHL,03/01/2024,UNKNOWN,Chennai,Bangalore,88.56,NULL,01/09/2024,NULL
SHO6966,DHL,,In Transit,Hyderabad,Mumbai,NULL,07/30/2024,NULL,NULL
SHO6968,FEDEX,,In Transit,Chennai,Hyderabad,148.66,04/16/2024,NULL,NULL
SHO6969,FEDEX,05/18/2026,UNKNOWN,Mumbai,Bangalore,340.93,05/25/2026,05/24/2026,NULL
SHO6970,DHL,,In Transit,Pune,Delhi,425.66,01/29/2026,NULL,NULL
SHO6971,BLUEDART,,Delivered,Delhi,Bangalore,412.29,03/26/2026,03/26/2026,0
SHO6972,FEDEX,,UNKNOWN,Pune,Chennai,393.48,06/03/2024,06/03/2024,NULL
SHO6973,DHL,,In Transit,Pune,Mumbai,73.64,NULL,NULL,NULL
SHO6975,BLUEDART,04/08/2026,Accepted,Pune,Mumbai,-13.15,04/10/2026,04/15/2026,NULL
SHO6977,DHL,11/12/2025,In Transit,Hyderabad,Delhi,-59.52,NULL,NULL,NULL
SHO6978,DHL,,Accepted,Hyderabad,Mumbai,32.08,05/15/2024,NULL,NULL
SHO6980,BLUEDART,11/05/2025,Pending,Mumbai,Hyderabad,-57.21,11/09/2025,NULL,NULL
SHO6981,BLUEDART,12/09/2024,UNKNOWN,Mumbai,Delhi,256.16,09/16/2024,09/21/2024,NULL
SHO6982,FEDEX,06/08/2025,Delivered,Mumbai,Delhi,101.03,NULL,08/14/2025,NULL
SHO6985,BLUEDART,,In Transit,Pune,Chennai,125.85,11/25/2024,NULL,NULL
SHO6987,FEDEX,,Accepted,Pune,Bangalore,206.7,NULL,NULL,NULL
SHO6988,BLUEDART,06/08/2026,Delivered,Bangalore,Chennai,81.71,06/12/2026,NULL,NULL
SHO6989,BLUEDART,,In Transit,Delhi,Chennai,182.45,09/07/2024,NULL,NULL
SHO6990,BLUEDART,12/26/2024,UNKNOWN,Delhi,Mumbai,121.05,12/28/2024,NULL,NULL
SHO6991,FEDEX,,Accepted,Pune,Chennai,300.86,04/30/2025,NULL,NULL
,DHL,06/07/2026,Pending,Delhi,Mumbai,32.64,06/14/2026,NULL,NULL
SHO6995,DHL,,In Transit,Chennai,Hyderabad,74.06,NULL,NULL,NULL
SHO6997,BLUEDART,04/22/2024,Delivered,Pune,Mumbai,384.94,NULL,NULL,NULL
SHO7000,BLUEDART,07/01/2025,Delayed,Delhi,Mumbai,NULL,09/01/2025,NULL,NULL
SHO7001,BLUEDART,02/12/2025,Delayed,Chennai,Delhi,NULL,06/12/2025,12/09/2025,NULL
SHO7002,FEDEX,,Delayed,Mumbai,Hyderabad,307.24,NULL,NULL,NULL
SHO7003,BLUEDART,,Pending,Bangalore,Mumbai,101.3,03/20/2025,NULL,NULL
SHO7005,FEDEX,,Delayed,Bangalore,Chennai,212.98,03/31/2025,03/04/2025,NULL
SHO7007,FEDEX,,Pending,Chennai,Mumbai,367.58,03/06/2026,NULL,NULL
SHO7011,BLUEDART,03/22/2026,UNKNOWN,Pune,Delhi,133.42,NULL,03/27/2026,NULL
SHO7012,BLUEDART,,In Transit,Mumbai,Bangalore,154.41,03/03/2024,NULL,NULL
,FEDEX,02/27/2024,In Transit,Delhi,Chennai,204.0,01/03/2024,NULL,NULL
SHO7014,FEDEX,,In Transit,Bangalore,Chennai,-79.94,02/28/2025,NULL,NULL
SHO7016,DHL,02/03/2025,Delivered,Delhi,Pune,345.37,NULL,08/03/2025,NULL
SHO7018,BLUEDART,05/26/2024,Delayed,Bangalore,Delhi,154.33,NULL,03/06/2024,NULL
,BLUEDART,04/02/2025,Accepted,Bangalore,Pune,NULL,04/09/2025,NULL,NULL
SHO7024,FEDEX,,Delivered,Bangalore,Hyderabad,-33.38,NULL,04/15/2024,NULL
SHO7025,DHL,04/02/2024,Delayed,Bangalore,Chennai,487.19,08/02/2024,02/12/2024,NULL
SHO7026,DHL,09/23/2025,Delayed,Delhi,Hyderabad,469.54,09/25/2025,05/10/2025,NULL
SHO7029,BLUEDART,11/18/2024,Delivered,Mumbai,Hyderabad,309.49,NULL,11/18/2024,NULL
SHO7030,FEDEX,,In Transit,Mumbai,Hyderabad,446.43,03/16/2025,NULL,NULL
SHO7032,BLUEDART,,Delivered,Mumbai,Hyderabad,247.83,07/05/2024,NULL,NULL
SHO7033,DHL,11/08/2024,In Transit,Bangalore,Pune,278.9,08/17/2024,NULL,NULL
SHO7035,DHL,10/18/2025,Pending,Mumbai,Hyderabad,NULL,10/23/2025,NULL,NULL
SHO7037,FEDEX,,Pending,Pune,Chennai,17.3,08/21/2025,NULL,NULL
SHO7043,FEDEX,,UNKNOWN,Delhi,Pune,197.38,08/30/2025,NULL,NULL
SHO7045,FEDEX,,Pending,Mumbai,Delhi,258.49,02/24/2026,NULL,NULL
SHO7046,BLUEDART,01/29/2024,Delivered,Pune,Delhi,138.07,01/02/2024,NULL,NULL
SHO7048,DHL,07/06/2024,Delivered,Pune,Hyderabad,259.66,NULL,06/14/2024,NULL
SHO7050,FEDEX,10/04/2025,Pending,Chennai,Delhi,310.71,06/10/2025,NULL,NULL
SHO7051,BLUEDART,,Delayed,Hyderabad,Chennai,5.97,NULL,05/06/2026,NULL
SHO7052,DHL,,Accepted,Delhi,Bangalore,212.14,11/25/2024,NULL,NULL
SHO7053,DHL,09/06/2025,In Transit,Chennai,Hyderabad,-61.94,12/06/2025,NULL,NULL
SHO7056,DHL,03/26/2024,In Transit,Hyderabad,Chennai,NULL,03/29/2024,NULL,NULL
SHO7059,FEDEX,,UNKNOWN,Hyderabad,Pune,292.65,03/30/2026,NULL,NULL
SHO7060,FEDEX,04/13/2025,Delivered,Hyderabad,Chennai,2.93,NULL,NULL,NULL
SHO7063,FEDEX,10/07/2024,Pending,Pune,Hyderabad,434.95,07/12/2024,NULL,NULL
SHO7065,DHL,03/12/2024,UNKNOWN,Pune,Bangalore,62.78,03/15/2024,NULL,NULL
SHO7070,FEDEX,11/01/2024,Pending,Bangalore,Pune,328.4,08/11/2024,NULL,NULL
SHO7071,DHL,08/18/2024,Delivered,Chennai,Hyderabad,381.24,NULL,08/22/2024,NULL
SHO7075,BLUEDART,11/02/2025,Delivered,Chennai,Hyderabad,17.4,06/11/2025,11/08/2025,150
SHO7076,DHL,,Delayed,Hyderabad,Pune,338.69,NULL,01/03/2025,NULL
SHO7077,DHL,03/22/2024,Delivered,Hyderabad,Mumbai,278.0,NULL,03/24/2024,NULL
,DHL,08/11/2025,In Transit,Bangalore,Delhi,63.24,11/14/2025,NULL,NULL
SHO7080,DHL,10/26/2024,Pending,Pune,Mumbai,425.54,01/11/2024,NULL,NULL
SHO7081,FEDEX,,Delayed,Hyderabad,Chennai,273.83,05/31/2025,06/04/2025,NULL
,FEDEX,03/25/2024,In Transit,Bangalore,Pune,344.9,03/30/2024,NULL,NULL
SHO7083,FEDEX,,In Transit,Pune,Delhi,268.82,05/04/2025,NULL,NULL
,FEDEX,05/17/2024,Delivered,Mumbai,Delhi,299.69,05/21/2024,05/26/2024,5
SHO7088,FEDEX,,In Transit,Mumbai,Hyderabad,336.09,01/04/2024,NULL,NULL
SHO7089,DHL,03/28/2025,UNKNOWN,Hyderabad,Bangalore,239.45,03/30/2025,NULL,NULL
SHO7090,DHL,,Delayed,Delhi,Hyderabad,472.04,09/11/2024,12/09/2024,NULL
SHO7091,FEDEX,,Delayed,Delhi,Pune,334.27,05/08/2025,NULL,NULL
SHO7092,DHL,07/05/2025,Delayed,Chennai,Delhi,441.14,NULL,05/21/2025,NULL
SHO7093,FEDEX,08/25/2024,Delivered,Chennai,Delhi,NULL,01/09/2024,08/31/2024,235
,FEDEX,12/06/2025,In Transit,Pune,Hyderabad,-16.22,NULL,NULL,NULL
SHO7096,FEDEX,01/03/2025,UNKNOWN,Pune,Delhi,59.82,05/03/2025,03/05/2025,NULL
,FEDEX,,UNKNOWN,Mumbai,Hyderabad,480.54,12/04/2025,12/07/2025,NULL
SHO7098,FEDEX,,Delayed,Hyderabad,Mumbai,44.0,12/17/2025,NULL,NULL
SHO7099,DHL,12/16/2024,Pending,Bangalore,Hyderabad,-61.54,NULL,NULL,NULL
SHO7100,FEDEX,03/08/2024,Delivered,Chennai,Pune,-22.71,03/10/2024,03/12/2024,2
SHO7104,FEDEX,10/28/2025,Accepted,Hyderabad,Bangalore,372.73,02/11/2025,NULL,NULL
SHO7105,BLUEDART,,Delivered,Delhi,Bangalore,141.59,12/22/2025,NULL,NULL
SHO7106,FEDEX,07/09/2025,Delivered,Pune,Hyderabad,66.87,NULL,NULL,NULL
SHO7113,DHL,04/08/2025,Delivered,Mumbai,Bangalore,-43.7,NULL,04/16/2025,NULL
SHO7120,DHL,,Delayed,Chennai,Hyderabad,388.95,02/21/2024,NULL,NULL
SHO7121,DHL,,Delivered,Bangalore,Chennai,482.78,09/01/2026,NULL,NULL
SHO7122,BLUEDART,05/04/2024,UNKNOWN,Chennai,Hyderabad,150.39,08/05/2024,NULL,NULL
SHO7123,DHL,12/27/2025,UNKNOWN,Chennai,Delhi,221.24,01/02/2026,01/04/2026,NULL
SHO7124,DHL,07/21/2025,Accepted,Mumbai,Bangalore,-57.48,07/24/2025,NULL,NULL
SHO7125,DHL,06/01/2025,In Transit,Hyderabad,Bangalore,455.86,01/13/2025,NULL,NULL
SHO7126,DHL,,Accepted,Mumbai,Bangalore,26.05,09/02/2025,NULL,NULL
SHO7127,BLUEDART,,Pending,Delhi,Bangalore,173.77,NULL,NULL,NULL
SHO7128,DHL,09/20/2025,Accepted,Pune,Chennai,NULL,09/24/2025,NULL,NULL
SHO7129,DHL,,Accepted,Chennai,Hyderabad,5.36,04/23/2024,04/27/2024,NULL
SHO7130,DHL,09/06/2024,UNKNOWN,Delhi,Chennai,95.11,09/08/2024,NULL,NULL
SHO7131,BLUEDART,,Delivered,Bangalore,Mumbai,-62.87,NULL,08/04/2025,NULL
SHO7136,FEDEX,,Pending,Delhi,Mumbai,268.4,10/22/2024,NULL,NULL
,BLUEDART,10/26/2024,Delayed,Bangalore,Pune,7.66,10/30/2024,05/11/2024,NULL
SHO7138,DHL,11/11/2025,Pending,Delhi,Pune,-54.25,NULL,NULL,NULL
SHO7139,BLUEDART,05/27/2024,In Transit,Hyderabad,Delhi,422.24,02/06/2024,NULL,NULL
SHO7140,DHL,11/14/2024,Delivered,Mumbai,Bangalore,340.76,NULL,NULL,NULL
SHO7141,BLUEDART,08/07/2024,Delayed,Delhi,Chennai,362.7,07/13/2024,07/22/2024,NULL
SHO7143,DHL,06/02/2025,UNKNOWN,Mumbai,Chennai,-8.22,NULL,NULL,NULL
SHO7145,DHL,07/01/2026,UNKNOWN,Chennai,Pune,407.34,NULL,NULL,NULL
SHO7148,BLUEDART,,Delayed,Pune,Bangalore,398.32,NULL,NULL,NULL
SHO7149,BLUEDART,,Delivered,Delhi,Pune,349.72,03/03/2025,NULL,NULL
SHO7150,BLUEDART,10/04/2024,Delayed,Mumbai,Chennai,NULL,NULL,04/19/2024,NULL
SHO7158,DHL,03/26/2025,In Transit,Mumbai,Chennai,NULL,03/29/2025,NULL,NULL
SHO7162,FEDEX,,Delivered,Hyderabad,Bangalore,NULL,NULL,01/28/2024,NULL
SHO7163,BLUEDART,,Delivered,Delhi,Hyderabad,376.7,04/23/2026,04/21/2026,0
SHO7164,BLUEDART,08/02/2024,In Transit,Chennai,Hyderabad,-25.81,07/08/2024,NULL,NULL
SHO7165,BLUEDART,,In Transit,Mumbai,Bangalore,181.73,12/28/2025,NULL,NULL
SHO7167,BLUEDART,11/12/2024,Delivered,Pune,Chennai,345.29,NULL,12/16/2024,NULL
SHO7168,BLUEDART,,Pending,Mumbai,Pune,-57.95,02/04/2026,NULL,NULL
SHO7170,DHL,09/06/2026,Delivered,Hyderabad,Chennai,-48.88,06/16/2026,06/16/2026,0
SHO7171,FEDEX,02/05/2025,Delayed,Bangalore,Delhi,-63.11,02/07/2025,02/13/2025,NULL
SHO7174,FEDEX,,Accepted,Bangalore,Chennai,338.46,05/04/2024,NULL,NULL
SHO7175,BLUEDART,09/03/2025,Accepted,Pune,Chennai,53.52,03/11/2025,NULL,NULL
SHO7177,FEDEX,,Delayed,Hyderabad,Bangalore,137.54,02/05/2024,02/14/2024,NULL
SHO7181,DHL,,Delayed,Chennai,Hyderabad,126.11,10/04/2024,10/10/2024,NULL
SHO7186,BLUEDART,05/31/2025,In Transit,Chennai,Mumbai,490.17,02/06/2025,NULL,NULL
SHO7187,BLUEDART,,Pending,Delhi,Chennai,240.92,09/04/2024,NULL,NULL
SHO7190,FEDEX,11/17/2025,Delivered,Chennai,Delhi,396.25,11/21/2025,NULL,NULL
SHO7191,FEDEX,,In Transit,Chennai,Bangalore,368.68,NULL,NULL,NULL
SHO7192,BLUEDART,,In Transit,Delhi,Pune,95.57,10/14/2025,NULL,NULL
SHO7193,DHL,12/26/2025,Delivered,Delhi,Chennai,182.03,12/30/2025,NULL,NULL
SHO7194,DHL,06/19/2026,Delayed,Pune,Delhi,156.51,06/22/2026,01/07/2026,NULL
SHO7198,BLUEDART,11/08/2025,Delivered,Hyderabad,Mumbai,339.72,NULL,NULL,NULL
SHO7201,DHL,,Accepted,Mumbai,Hyderabad,150.0,04/15/2025,NULL,NULL
SHO7202,FEDEX,05/06/2026,Delayed,Chennai,Hyderabad,-43.37,05/13/2026,NULL,NULL
SHO7203,DHL,03/13/2026,Delivered,Bangalore,Chennai,109.95,03/18/2026,NULL,NULL
SHO7204,DHL,,In Transit,Pune,Bangalore,84.31,05/20/2025,NULL,NULL
SHO7205,DHL,07/03/2026,Delayed,Mumbai,Chennai,392.61,09/03/2026,03/15/2026,NULL
SHO7207,FEDEX,06/23/2026,UNKNOWN,Bangalore,Mumbai,92.41,06/28/2026,NULL,NULL
SHO7208,FEDEX,,Delivered,Mumbai,Hyderabad,NULL,03/25/2024,03/30/2024,5
SHO7211,BLUEDART,07/23/2024,UNKNOWN,Delhi,Hyderabad,32.76,NULL,NULL,NULL
SHO7212,BLUEDART,,Delivered,Hyderabad,Bangalore,296.85,NULL,05/06/2025,NULL
SHO7214,FEDEX,02/27/2024,Delayed,Delhi,Mumbai,NULL,NULL,06/03/2024,NULL
SHO7215,BLUEDART,,Pending,Pune,Hyderabad,175.69,NULL,NULL,NULL
SHO7216,FEDEX,,Delayed,Hyderabad,Delhi,361.14,NULL,NULL,NULL
SHO7217,BLUEDART,01/08/2026,Delivered,Chennai,Pune,NULL,11/01/2026,01/09/2026,0
,FEDEX,04/24/2025,Pending,Delhi,Pune,464.13,NULL,NULL,NULL
SHO7220,DHL,12/03/2025,Accepted,Pune,Chennai,NULL,03/14/2025,12/03/2025,NULL
SHO7221,FEDEX,06/09/2026,Delivered,Hyderabad,Mumbai,247.55,NULL,NULL,NULL
SHO7222,DHL,,In Transit,Delhi,Pune,280.23,NULL,NULL,NULL
SHO7225,FEDEX,12/12/2025,Delivered,Mumbai,Chennai,-37.83,12/15/2025,12/19/2025,4
,FEDEX,04/14/2025,Delivered,Mumbai,Bangalore,93.44,NULL,NULL,NULL
SHO7238,DHL,,Delivered,Bangalore,Mumbai,477.84,NULL,03/01/2024,NULL
SHO7240,FEDEX,10/02/2025,Delayed,Delhi,Chennai,218.55,02/15/2025,02/25/2025,NULL
,FEDEX,06/12/2026,Delivered,Hyderabad,Delhi,413.71,NULL,06/21/2026,NULL
SHO7243,BLUEDART,,In Transit,Hyderabad,Pune,160.31,NULL,NULL,NULL
,DHL,,Pending,Pune,Hyderabad,473.14,02/28/2024,NULL,NULL
SHO7248,BLUEDART,06/24/2025,Delivered,Delhi,Chennai,-14.18,07/01/2025,06/29/2025,0
SHO7250,DHL,,In Transit,Hyderabad,Bangalore,284.31,NULL,NULL,NULL
SHO7252,BLUEDART,,In Transit,Delhi,Bangalore,220.35,11/02/2024,NULL,NULL
SHO7253,BLUEDART,,Delayed,Chennai,Mumbai,146.66,12/19/2024,NULL,NULL
SHO7254,BLUEDART,04/11/2024,In Transit,Hyderabad,Pune,NULL,NULL,NULL,NULL
SHO7255,BLUEDART,06/23/2024,Delivered,Delhi,Bangalore,373.44,NULL,06/28/2024,NULL
SHO7256,BLUEDART,11/25/2024,Pending,Mumbai,Pune,-53.33,11/30/2024,NULL,NULL
SHO7258,DHL,04/29/2026,In Transit,Chennai,Hyderabad,-53.25,NULL,NULL,NULL
SHO7260,DHL,,In Transit,Bangalore,Hyderabad,316.18,03/24/2025,NULL,NULL
SHO7261,BLUEDART,,Delayed,Chennai,Delhi,489.42,NULL,04/01/2026,NULL
SHO7265,FEDEX,10/22/2025,In Transit,Hyderabad,Bangalore,-30.85,10/27/2025,NULL,NULL
SHO7266,FEDEX,,In Transit,Chennai,Delhi,462.68,05/06/2024,NULL,NULL
SHO7268,DHL,06/28/2024,Delayed,Mumbai,Pune,261.66,02/07/2024,07/08/2024,NULL
SHO7269,DHL,04/25/2024,Delivered,Bangalore,Hyderabad,NULL,04/28/2024,NULL,NULL
SHO7272,DHL,,Accepted,Hyderabad,Chennai,132.49,03/15/2024,NULL,NULL
SHO7273,DHL,,Pending,Chennai,Pune,491.74,NULL,NULL,NULL
SHO7276,DHL,05/05/2025,UNKNOWN,Hyderabad,Mumbai,291.61,05/10/2025,05/09/2025,NULL
SHO7277,BLUEDART,,Accepted,Delhi,Mumbai,165.89,11/26/2025,NULL,NULL
SHO7278,BLUEDART,,Accepted,Chennai,Pune,203.22,04/11/2025,04/18/2025,NULL
SHO7287,BLUEDART,,Delivered,Delhi,Chennai,373.16,NULL,03/28/2025,NULL
SHO7288,BLUEDART,07/06/2025,In Transit,Bangalore,Hyderabad,-13.73,NULL,NULL,NULL
,DHL,08/25/2025,Accepted,Bangalore,Delhi,395.13,08/28/2025,NULL,NULL
SHO7290,BLUEDART,,Pending,Delhi,Bangalore,272.34,02/06/2024,NULL,NULL
SHO7292,BLUEDART,,Delivered,Hyderabad,Mumbai,-18.59,NULL,07/03/2024,NULL
SHO7293,DHL,02/04/2024,Delayed,Bangalore,Pune,-34.46,07/02/2024,02/15/2024,NULL
SHO7294,FEDEX,01/23/2026,Delayed,Pune,Chennai,-31.12,NULL,02/01/2026,NULL
SHO7295,DHL,05/05/2025,Delivered,Chennai,Delhi,89.36,NULL,05/15/2025,NULL
,DHL,04/15/2026,In Transit,Chennai,Delhi,218.43,04/22/2026,NULL,NULL
SHO7298,BLUEDART,,Delivered,Mumbai,Chennai,56.43,11/23/2024,11/25/2024,2
,BLUEDART,06/05/2024,Delayed,Bangalore,Pune,157.35,NULL,05/11/2024,NULL
SHO7300,DHL,06/02/2025,Delayed,Delhi,Mumbai,-58.1,02/13/2025,NULL,NULL
SHO7301,BLUEDART,,Accepted,Delhi,Bangalore,357.95,NULL,NULL,NULL
SHO7303,FEDEX,,UNKNOWN,Delhi,Chennai,-40.73,02/21/2025,02/22/2025,NULL
SHO7304,FEDEX,,Accepted,Pune,Delhi,176.38,NULL,NULL,NULL
SHO7305,DHL,,In Transit,Bangalore,Hyderabad,100.92,02/10/2026,NULL,NULL
SHO7311,BLUEDART,,Delivered,Pune,Delhi,497.45,08/15/2024,08/16/2024,1
SHO7312,BLUEDART,,UNKNOWN,Pune,Bangalore,396.43,11/18/2024,NULL,NULL
SHO7314,DHL,07/04/2026,Accepted,Hyderabad,Pune,127.8,11/04/2026,04/15/2026,NULL
SHO7318,DHL,,In Transit,Hyderabad,Mumbai,247.58,06/11/2024,NULL,NULL
SHO7320,FEDEX,,In Transit,Pune,Delhi,-12.8,NULL,NULL,NULL
,FEDEX,05/07/2024,Delayed,Mumbai,Hyderabad,-42.84,NULL,05/19/2024,NULL
SHO7322,FEDEX,,In Transit,Chennai,Hyderabad,480.86,08/26/2025,NULL,NULL
SHO7323,BLUEDART,11/13/2025,UNKNOWN,Pune,Hyderabad,258.09,11/16/2025,11/19/2025,NULL
SHO7324,DHL,,In Transit,Mumbai,Pune,321.56,01/16/2024,NULL,NULL
SHO7326,DHL,,UNKNOWN,Pune,Delhi,308.06,03/30/2025,NULL,NULL
,DHL,,Pending,Mumbai,Chennai,490.88,10/07/2024,NULL,NULL
SHO7329,DHL,,Pending,Delhi,Pune,341.3,01/19/2025,NULL,NULL
SHO7331,BLUEDART,09/06/2024,Delivered,Mumbai,Bangalore,203.93,11/06/2024,06/16/2024,0
SHO7332,FEDEX,02/03/2025,Delivered,Bangalore,Hyderabad,-75.33,06/03/2025,10/03/2025,122
SHO7333,DHL,03/11/2026,Delivered,Hyderabad,Delhi,354.72,03/16/2026,NULL,NULL
SHO7337,BLUEDART,,In Transit,Mumbai,Chennai,266.9,04/11/2025,NULL,NULL
SHO7338,BLUEDART,09/03/2024,Delivered,Bangalore,Hyderabad,-26.31,09/08/2024,09/10/2024,2
SHO7339,FEDEX,,Delivered,Delhi,Pune,192.45,02/02/2026,05/02/2026,89
,DHL,,Accepted,Bangalore,Hyderabad,131.14,08/31/2025,NULL,NULL
SHO7343,DHL,02/24/2026,Delivered,Pune,Chennai,244.49,NULL,07/03/2026,NULL
,FEDEX,08/26/2025,Delivered,Chennai,Delhi,-74.0,NULL,NULL,NULL
SHO7347,DHL,09/12/2025,In Transit,Bangalore,Mumbai,-25.12,09/19/2025,NULL,NULL
SHO7348,DHL,,Delayed,Hyderabad,Bangalore,-36.9,10/27/2024,03/11/2024,NULL
SHO7349,DHL,06/01/2026,UNKNOWN,Chennai,Delhi,NULL,08/06/2026,NULL,NULL
,DHL,05/16/2025,Pending,Bangalore,Hyderabad,17.76,05/21/2025,NULL,NULL
SHO7351,FEDEX,,Delivered,Mumbai,Pune,-8.64,08/19/2024,08/21/2024,2
SHO7353,FEDEX,,Pending,Mumbai,Bangalore,-31.21,01/13/2026,NULL,NULL
SHO7355,DHL,05/22/2026,Delivered,Pune,Bangalore,-37.35,NULL,05/29/2026,NULL
SHO7356,FEDEX,,Pending,Bangalore,Mumbai,369.18,NULL,NULL,NULL
SHO7357,BLUEDART,,Delivered,Chennai,Hyderabad,314.6,NULL,01/30/2025,NULL
SHO7358,DHL,10/05/2024,Delayed,Hyderabad,Chennai,175.25,05/15/2024,NULL,NULL
SHO7359,DHL,08/23/2025,Delivered,Pune,Chennai,83.91,NULL,08/28/2025,NULL
SHO7361,DHL,,Delivered,Bangalore,Hyderabad,473.12,03/29/2024,NULL,NULL
SHO7362,DHL,,In Transit,Hyderabad,Delhi,73.58,NULL,NULL,NULL
SHO7363,BLUEDART,,Delivered,Chennai,Pune,248.81,12/19/2025,12/17/2025,0
SHO7367,BLUEDART,01/23/2025,Delayed,Chennai,Pune,-24.71,01/26/2025,01/27/2025,NULL
SHO7372,BLUEDART,04/26/2025,Accepted,Chennai,Mumbai,-23.73,05/01/2025,05/04/2025,NULL
SHO7373,BLUEDART,,In Transit,Bangalore,Hyderabad,26.43,04/01/2024,NULL,NULL
SHO7374,FEDEX,09/08/2025,UNKNOWN,Pune,Delhi,186.62,NULL,NULL,NULL
SHO7376,FEDEX,05/17/2025,Delivered,Mumbai,Hyderabad,-74.44,05/23/2025,05/23/2025,0
SHO7377,BLUEDART,,In Transit,Hyderabad,Delhi,372.11,NULL,NULL,NULL
SHO7378,FEDEX,06/18/2026,Delivered,Hyderabad,Mumbai,367.25,NULL,06/28/2026,NULL
SHO7379,FEDEX,,In Transit,Hyderabad,Bangalore,-68.22,NULL,NULL,NULL
SHO7380,BLUEDART,07/08/2025,Delivered,Chennai,Bangalore,130.26,07/15/2025,NULL,NULL
SHO7381,BLUEDART,04/20/2026,Delayed,Mumbai,Bangalore,-63.28,04/23/2026,02/05/2026,NULL
SHO7382,FEDEX,01/07/2024,In Transit,Hyderabad,Bangalore,-63.0,NULL,NULL,NULL
SHO7384,FEDEX,,Pending,Bangalore,Hyderabad,384.12,NULL,NULL,NULL
SHO7387,BLUEDART,07/11/2025,Delivered,Mumbai,Hyderabad,NULL,11/14/2025,11/12/2025,0
SHO7388,BLUEDART,,In Transit,Chennai,Bangalore,79.48,08/27/2025,NULL,NULL
SHO7389,FEDEX,,Delayed,Mumbai,Delhi,65.04,03/08/2025,08/08/2025,NULL
SHO7391,FEDEX,03/06/2024,UNKNOWN,Chennai,Bangalore,237.52,NULL,NULL,NULL
SHO7392,DHL,,In Transit,Delhi,Hyderabad,143.82,08/27/2024,NULL,NULL
SHO7393,FEDEX,,Delivered,Chennai,Pune,380.79,01/26/2024,01/28/2024,2
SHO7395,BLUEDART,11/28/2024,Delivered,Mumbai,Hyderabad,316.98,NULL,12/07/2024,NULL
SHO7396,BLUEDART,02/18/2024,Pending,Hyderabad,Mumbai,-27.08,NULL,NULL,NULL
SHO7398,DHL,02/01/2025,Delivered,Chennai,Hyderabad,-77.95,02/05/2025,02/05/2025,0
SHO7400,FEDEX,03/28/2024,Delayed,Pune,Delhi,-54.77,04/01/2024,NULL,NULL
SHO7401,DHL,,Pending,Chennai,Hyderabad,299.09,NULL,NULL,NULL
SHO7403,FEDEX,10/28/2024,Delayed,Hyderabad,Bangalore,-35.38,NULL,11/12/2024,NULL
SHO7404,FEDEX,08/04/2025,In Transit,Pune,Delhi,235.62,07/08/2025,NULL,NULL
SHO7405,DHL,,Delayed,Chennai,Pune,222.02,NULL,06/23/2024,NULL
SHO7406,FEDEX,12/18/2025,UNKNOWN,Mumbai,Pune,408.97,NULL,12/30/2025,NULL
SHO7408,DHL,02/23/2025,In Transit,Chennai,Hyderabad,357.0,02/03/2025,NULL,NULL
SHO7410,DHL,07/04/2026,UNKNOWN,Bangalore,Delhi,163.07,12/04/2026,04/14/2026,NULL
SHO7414,FEDEX,05/05/2026,UNKNOWN,Pune,Hyderabad,-65.38,05/08/2026,NULL,NULL
SHO7415,FEDEX,,Delivered,Hyderabad,Pune,273.9,10/10/2025,NULL,NULL
SHO7416,BLUEDART,,Delivered,Mumbai,Pune,270.46,NULL,09/03/2024,NULL
SHO7417,BLUEDART,,Delivered,Hyderabad,Pune,39.45,NULL,NULL,NULL
SHO7420,DHL,,In Transit,Bangalore,Chennai,152.99,10/08/2025,NULL,NULL
SHO7421,FEDEX,,Pending,Chennai,Bangalore,163.17,NULL,NULL,NULL
SHO7422,BLUEDART,,Delivered,Chennai,Hyderabad,42.24,NULL,03/19/2025,NULL
SHO7423,FEDEX,,In Transit,Pune,Delhi,479.33,NULL,NULL,NULL
SHO7424,FEDEX,07/23/2024,UNKNOWN,Mumbai,Delhi,-21.48,07/26/2024,07/28/2024,NULL
SHO7426,DHL,,In Transit,Pune,Delhi,285.76,NULL,NULL,NULL
SHO7427,BLUEDART,,Delayed,Hyderabad,Chennai,185.53,07/15/2024,NULL,NULL
SHO7429,DHL,09/04/2024,In Transit,Bangalore,Mumbai,189.44,04/16/2024,NULL,NULL
SHO7431,BLUEDART,,Delayed,Delhi,Chennai,393.67,06/03/2025,03/10/2025,NULL
SHO7432,BLUEDART,,In Transit,Bangalore,Chennai,28.64,01/04/2026,NULL,NULL
SHO7436,BLUEDART,08/17/2024,In Transit,Hyderabad,Pune,-15.23,08/20/2024,NULL,NULL
SHO7437,FEDEX,,In Transit,Bangalore,Hyderabad,455.97,03/05/2024,NULL,NULL
SHO7438,DHL,10/03/2026,Delivered,Pune,Bangalore,NULL,03/13/2026,NULL,NULL
SHO7440,FEDEX,03/30/2026,Delivered,Mumbai,Chennai,281.35,02/04/2026,04/03/2026,58
SHO7441,FEDEX,05/04/2024,Delivered,Pune,Mumbai,448.48,NULL,04/07/2024,NULL
SHO7444,FEDEX,10/21/2025,In Transit,Chennai,Delhi,-69.01,NULL,NULL,NULL
SHO7448,DHL,06/21/2024,Delayed,Delhi,Mumbai,499.76,NULL,05/07/2024,NULL
SHO7449,BLUEDART,,Delayed,Pune,Bangalore,30.72,01/22/2026,01/28/2026,NULL
SHO7451,BLUEDART,,UNKNOWN,Mumbai,Hyderabad,193.04,11/26/2024,NULL,NULL
SHO7452,FEDEX,,In Transit,Delhi,Mumbai,-72.71,NULL,NULL,NULL
SHO7453,FEDEX,08/15/2025,Accepted,Bangalore,Pune,NULL,NULL,NULL,NULL
SHO7454,DHL,09/01/2024,UNKNOWN,Chennai,Pune,365.53,08/09/2024,NULL,NULL
SHO7456,FEDEX,07/26/2024,Delayed,Chennai,Hyderabad,309.18,01/08/2024,08/08/2024,NULL
SHO7457,DHL,,Delayed,Pune,Mumbai,356.75,04/16/2024,NULL,NULL
SHO7458,BLUEDART,,Pending,Mumbai,Delhi,-64.5,12/13/2024,NULL,NULL
SHO7459,FEDEX,,In Transit,Chennai,Pune,414.3,03/08/2025,NULL,NULL
SHO7463,DHL,08/12/2024,In Transit,Bangalore,Mumbai,NULL,08/15/2024,NULL,NULL
SHO7465,BLUEDART,,Delivered,Pune,Delhi,-18.03,01/21/2025,01/24/2025,3
SHO7467,DHL,04/08/2024,In Transit,Pune,Mumbai,NULL,11/08/2024,NULL,NULL
,DHL,08/04/2025,In Transit,Delhi,Hyderabad,279.35,04/14/2025,NULL,NULL
SHO7469,BLUEDART,,In Transit,Pune,Mumbai,452.79,03/14/2026,NULL,NULL
SHO7470,DHL,,In Transit,Pune,Delhi,179.24,NULL,NULL,NULL
SHO7471,BLUEDART,,Pending,Bangalore,Delhi,354.25,03/26/2026,NULL,NULL
SHO7472,DHL,02/23/2025,Delivered,Mumbai,Pune,122.3,02/03/2025,03/07/2025,32
SHO7473,FEDEX,,Pending,Hyderabad,Bangalore,233.54,05/24/2024,NULL,NULL
SHO7475,FEDEX,,In Transit,Pune,Bangalore,-35.15,04/10/2026,NULL,NULL
SHO7477,DHL,,Pending,Bangalore,Hyderabad,465.7,NULL,NULL,NULL
SHO7478,FEDEX,,Delayed,Chennai,Mumbai,6.2,08/04/2025,08/08/2025,NULL
SHO7480,FEDEX,,Accepted,Hyderabad,Chennai,-57.71,NULL,11/02/2024,NULL
SHO7482,BLUEDART,04/02/2025,Accepted,Bangalore,Mumbai,15.34,02/10/2025,NULL,NULL
SHO7486,BLUEDART,,Accepted,Delhi,Bangalore,-21.93,NULL,NULL,NULL
SHO7487,BLUEDART,,In Transit,Hyderabad,Bangalore,172.6,06/22/2025,NULL,NULL
SHO7491,DHL,05/14/2025,Delivered,Bangalore,Hyderabad,437.63,NULL,NULL,NULL
SHO7496,DHL,,In Transit,Mumbai,Bangalore,173.46,10/27/2024,NULL,NULL
SHO7499,BLUEDART,11/09/2025,Delayed,Delhi,Mumbai,-14.14,11/12/2025,11/22/2025,NULL
SHO7500,FEDEX,06/21/2025,Delayed,Delhi,Bangalore,264.66,06/27/2025,04/07/2025,NULL
SHO7502,BLUEDART,,In Transit,Pune,Mumbai,-58.23,12/04/2025,NULL,NULL
SHO7505,FEDEX,09/03/2026,In Transit,Delhi,Hyderabad,-47.24,03/14/2026,NULL,NULL
SHO7506,BLUEDART,08/24/2024,Delivered,Pune,Mumbai,415.09,08/29/2024,NULL,NULL
,FEDEX,07/25/2025,Pending,Chennai,Bangalore,75.03,01/08/2025,NULL,NULL
SHO7509,FEDEX,,Pending,Chennai,Bangalore,200.42,04/07/2024,NULL,NULL
,BLUEDART,09/22/2025,Pending,Delhi,Pune,439.78,09/24/2025,NULL,NULL
SHO7514,DHL,,Delayed,Chennai,Bangalore,472.64,02/09/2025,03/09/2025,NULL
SHO7515,FEDEX,01/07/2025,Delivered,Delhi,Mumbai,NULL,NULL,NULL,NULL
SHO7516,FEDEX,11/07/2025,Delayed,Hyderabad,Mumbai,-6.25,11/14/2025,NULL,NULL
SHO7517,DHL,04/01/2024,Accepted,Mumbai,Delhi,69.75,10/01/2024,01/09/2024,NULL
SHO7518,FEDEX,,Accepted,Delhi,Hyderabad,158.06,06/09/2024,NULL,NULL
SHO7520,BLUEDART,06/28/2025,Delayed,Hyderabad,Delhi,388.31,03/07/2025,07/10/2025,NULL
SHO7521,FEDEX,,Delivered,Delhi,Pune,459.21,07/05/2025,05/09/2025,0
SHO7522,DHL,,Delayed,Pune,Mumbai,-76.98,NULL,NULL,NULL
SHO7524,DHL,,Pending,Hyderabad,Chennai,252.86,05/01/2026,NULL,NULL
SHO7525,BLUEDART,,Pending,Bangalore,Pune,494.68,02/23/2025,NULL,NULL
SHO7526,BLUEDART,12/11/2025,Delivered,Pune,Delhi,444.0,NULL,NULL,NULL
SHO7527,FEDEX,,In Transit,Hyderabad,Chennai,6.2,05/04/2026,NULL,NULL
SHO7528,BLUEDART,07/04/2025,Delivered,Bangalore,Pune,330.18,NULL,07/14/2025,NULL
SHO7529,DHL,11/13/2025,Delivered,Mumbai,Bangalore,22.84,NULL,11/23/2025,NULL
SHO7530,DHL,,Delivered,Mumbai,Chennai,7.03,01/28/2025,01/28/2025,0
SHO7533,FEDEX,07/08/2025,Delivered,Chennai,Delhi,41.81,09/08/2025,NULL,NULL
SHO7534,DHL,,Delayed,Chennai,Pune,NULL,NULL,05/05/2024,NULL
SHO7535,FEDEX,04/30/2024,In Transit,Hyderabad,Mumbai,-61.86,02/05/2024,NULL,NULL
SHO7536,BLUEDART,03/21/2025,In Transit,Chennai,Hyderabad,NULL,NULL,NULL,NULL
SHO7537,DHL,,Pending,Hyderabad,Delhi,11.01,03/23/2025,NULL,NULL
SHO7542,DHL,,Accepted,Delhi,Pune,380.92,NULL,NULL,NULL
SHO7543,FEDEX,,Accepted,Chennai,Delhi,28.74,NULL,NULL,NULL
SHO7544,BLUEDART,,In Transit,Mumbai,Hyderabad,69.02,NULL,NULL,NULL
SHO7545,BLUEDART,03/26/2026,In Transit,Chennai,Hyderabad,219.8,01/04/2026,NULL,NULL
,DHL,04/26/2026,Pending,Mumbai,Hyderabad,372.44,NULL,NULL,NULL
SHO7547,FEDEX,,Accepted,Pune,Chennai,230.77,NULL,NULL,NULL
SHO7548,FEDEX,03/17/2024,UNKNOWN,Hyderabad,Delhi,435.02,03/20/2024,NULL,NULL
SHO7549,BLUEDART,,Delivered,Mumbai,Hyderabad,91.04,NULL,03/14/2026,NULL
SHO7550,DHL,06/20/2025,Delivered,Pune,Bangalore,42.16,NULL,NULL,NULL
SHO7551,BLUEDART,07/24/2024,Delivered,Hyderabad,Delhi,112.37,NULL,NULL,NULL
SHO7555,FEDEX,05/01/2025,Delayed,Mumbai,Hyderabad,NULL,05/03/2025,NULL,NULL
SHO7559,DHL,,Accepted,Chennai,Delhi,210.78,09/17/2024,NULL,NULL
SHO7560,DHL,04/07/2024,Pending,Pune,Hyderabad,NULL,07/07/2024,NULL,NULL
SHO7561,DHL,07/21/2024,UNKNOWN,Bangalore,Delhi,-68.5,NULL,07/30/2024,NULL
SHO7562,DHL,,Accepted,Delhi,Mumbai,-34.94,02/22/2026,NULL,NULL
SHO7563,DHL,,Delayed,Hyderabad,Mumbai,381.52,02/17/2025,02/26/2025,NULL
SHO7565,DHL,,Accepted,Bangalore,Mumbai,492.43,03/29/2024,NULL,NULL
SHO7566,DHL,05/29/2025,Accepted,Delhi,Chennai,138.77,04/06/2025,NULL,NULL
SHO7568,DHL,06/04/2025,UNKNOWN,Bangalore,Mumbai,-9.13,NULL,NULL,NULL
,FEDEX,08/23/2024,In Transit,Pune,Chennai,5.21,08/29/2024,NULL,NULL
SHO7573,DHL,12/02/2025,Accepted,Delhi,Pune,-43.22,05/12/2025,NULL,NULL
SHO7574,BLUEDART,06/24/2025,Delayed,Hyderabad,Chennai,-23.52,06/26/2025,06/28/2025,NULL
SHO7575,BLUEDART,,Delivered,Chennai,Mumbai,164.43,NULL,04/08/2025,NULL
SHO7577,BLUEDART,09/04/2026,In Transit,Hyderabad,Bangalore,-65.19,NULL,NULL,NULL
SHO7578,FEDEX,,In Transit,Bangalore,Chennai,0.48,04/18/2024,NULL,NULL
SHO7582,FEDEX,11/05/2024,In Transit,Delhi,Pune,26.85,07/11/2024,NULL,NULL
SHO7584,FEDEX,12/13/2024,Pending,Pune,Hyderabad,NULL,12/20/2024,NULL,NULL
SHO7585,FEDEX,,Delivered,Pune,Mumbai,189.73,NULL,NULL,NULL
SHO7586,FEDEX,,In Transit,Bangalore,Delhi,423.64,NULL,NULL,NULL
SHO7590,DHL,04/18/2025,Delivered,Delhi,Mumbai,-20.09,NULL,NULL,NULL
,FEDEX,,In Transit,Mumbai,Pune,493.36,08/31/2025,NULL,NULL
SHO7592,DHL,,Delivered,Pune,Chennai,145.59,NULL,09/30/2025,NULL
,FEDEX,07/04/2025,Delivered,Mumbai,Pune,440.49,NULL,NULL,NULL
SHO7597,FEDEX,,In Transit,Mumbai,Bangalore,-25.71,08/21/2024,NULL,NULL
SHO7598,BLUEDART,,Pending,Mumbai,Hyderabad,162.83,04/23/2025,NULL,NULL
,DHL,06/11/2024,In Transit,Delhi,Chennai,392.53,11/09/2024,NULL,NULL
SHO7601,DHL,08/18/2024,Delivered,Pune,Delhi,-3.0,NULL,08/22/2024,NULL
SHO7603,BLUEDART,05/24/2024,Pending,Chennai,Mumbai,-45.3,05/31/2024,NULL,NULL
SHO7606,FEDEX,10/16/2024,UNKNOWN,Hyderabad,Chennai,493.33,10/19/2024,NULL,NULL
SHO7607,BLUEDART,10/27/2025,Delayed,Pune,Chennai,-16.2,01/11/2025,NULL,NULL
SHO7611,BLUEDART,,UNKNOWN,Mumbai,Pune,362.11,03/23/2024,NULL,NULL
SHO7612,FEDEX,,Accepted,Pune,Chennai,274.97,03/20/2024,NULL,NULL
SHO7614,BLUEDART,06/26/2026,Delivered,Pune,Mumbai,193.27,NULL,07/07/2026,NULL
SHO7615,FEDEX,,Pending,Delhi,Mumbai,495.02,NULL,NULL,NULL
SHO7616,FEDEX,11/30/2024,Delayed,Chennai,Bangalore,235.35,04/12/2024,12/06/2024,NULL
SHO7619,FEDEX,03/10/2025,Accepted,Hyderabad,Delhi,-32.71,NULL,NULL,NULL
,BLUEDART,07/15/2025,Delayed,Chennai,Delhi,58.18,07/18/2025,07/25/2025,NULL
SHO7621,BLUEDART,,Pending,Chennai,Pune,116.39,NULL,NULL,NULL
SHO7622,FEDEX,,In Transit,Delhi,Bangalore,-15.73,NULL,NULL,NULL
SHO7624,FEDEX,01/30/2026,Delayed,Mumbai,Pune,-67.94,NULL,NULL,NULL
SHO7627,DHL,05/30/2026,In Transit,Hyderabad,Delhi,205.28,01/06/2026,NULL,NULL
SHO7628,FEDEX,06/23/2026,Accepted,Hyderabad,Delhi,-43.78,06/30/2026,NULL,NULL
SHO7629,FEDEX,,Accepted,Hyderabad,Delhi,-46.63,NULL,NULL,NULL
SHO7630,FEDEX,10/05/2025,Pending,Hyderabad,Pune,301.26,05/17/2025,NULL,NULL
SHO7633,DHL,,Accepted,Chennai,Bangalore,410.98,01/25/2024,NULL,NULL
SHO7635,BLUEDART,,Pending,Hyderabad,Bangalore,219.24,06/21/2026,NULL,NULL
SHO7636,BLUEDART,,UNKNOWN,Pune,Mumbai,46.28,NULL,08/20/2025,NULL
SHO7638,BLUEDART,,Delayed,Pune,Hyderabad,-65.93,06/25/2024,NULL,NULL
SHO7640,FEDEX,06/20/2024,Delayed,Delhi,Hyderabad,307.01,06/27/2024,06/07/2024,NULL
,FEDEX,10/24/2025,In Transit,Mumbai,Delhi,NULL,10/29/2025,NULL,NULL
,BLUEDART,,Accepted,Delhi,Pune,369.04,NULL,NULL,NULL
SHO7645,BLUEDART,,Delivered,Chennai,Delhi,473.48,06/02/2025,06/02/2025,0
SHO7646,DHL,03/11/2025,Pending,Chennai,Delhi,NULL,03/18/2025,NULL,NULL
SHO7648,BLUEDART,,Delivered,Chennai,Pune,116.42,08/04/2024,08/07/2024,3
SHO7650,FEDEX,,In Transit,Delhi,Chennai,209.8,09/17/2025,NULL,NULL
,FEDEX,12/09/2024,In Transit,Hyderabad,Delhi,468.62,NULL,NULL,NULL
SHO7653,BLUEDART,,Delivered,Pune,Chennai,179.45,02/13/2026,02/17/2026,4
SHO7655,BLUEDART,,Delayed,Bangalore,Pune,344.88,09/30/2024,10/01/2024,NULL
SHO7656,DHL,05/03/2024,In Transit,Hyderabad,Bangalore,NULL,NULL,NULL,NULL
SHO7657,BLUEDART,,Pending,Hyderabad,Chennai,121.49,11/14/2024,NULL,NULL
SHO7660,BLUEDART,,Accepted,Delhi,Chennai,-32.95,NULL,NULL,NULL
,BLUEDART,12/14/2024,Delayed,Mumbai,Chennai,NULL,12/19/2024,NULL,NULL
SHO7662,BLUEDART,,Delayed,Hyderabad,Pune,0.42,NULL,02/04/2026,NULL
SHO7665,FEDEX,09/24/2024,Delayed,Delhi,Pune,240.83,09/30/2024,05/10/2024,NULL
SHO7666,FEDEX,,Delivered,Bangalore,Pune,95.53,01/29/2025,01/27/2025,0
SHO7670,FEDEX,,Delayed,Pune,Bangalore,-37.55,NULL,11/20/2024,NULL
SHO7673,BLUEDART,,Delivered,Bangalore,Chennai,471.59,NULL,10/06/2025,NULL
SHO7680,DHL,05/22/2024,Delayed,Hyderabad,Bangalore,-47.49,05/29/2024,05/06/2024,NULL
SHO7681,FEDEX,,UNKNOWN,Bangalore,Hyderabad,304.25,05/23/2025,NULL,NULL
SHO7682,BLUEDART,10/08/2025,Delivered,Pune,Chennai,279.22,NULL,10/14/2025,NULL
SHO7683,DHL,09/21/2024,Delayed,Delhi,Hyderabad,NULL,NULL,NULL,NULL
SHO7687,DHL,,Pending,Delhi,Hyderabad,458.43,08/11/2025,NULL,NULL
SHO7689,BLUEDART,,In Transit,Chennai,Hyderabad,NULL,05/08/2024,NULL,NULL
,BLUEDART,08/04/2025,In Transit,Hyderabad,Mumbai,-10.14,NULL,NULL,NULL
SHO7693,FEDEX,,Accepted,Chennai,Hyderabad,345.05,01/24/2024,NULL,NULL
SHO7694,DHL,07/19/2025,Pending,Pune,Delhi,-69.52,07/26/2025,NULL,NULL
SHO7695,BLUEDART,,Delayed,Mumbai,Hyderabad,490.95,11/28/2025,12/07/2025,NULL
SHO7697,DHL,,Accepted,Pune,Mumbai,NULL,NULL,02/25/2025,NULL
SHO7698,FEDEX,,In Transit,Bangalore,Hyderabad,457.06,03/27/2025,NULL,NULL
SHO7699,FEDEX,,Pending,Chennai,Bangalore,265.12,10/27/2024,NULL,NULL
SHO7700,FEDEX,,Pending,Bangalore,Delhi,-12.82,03/14/2026,NULL,NULL
SHO7701,BLUEDART,11/25/2024,Delivered,Chennai,Mumbai,352.97,NULL,11/29/2024,NULL
SHO7706,FEDEX,,In Transit,Mumbai,Chennai,417.84,NULL,NULL,NULL
SHO7708,FEDEX,10/15/2025,In Transit,Pune,Delhi,-56.12,10/19/2025,NULL,NULL
SHO7710,DHL,02/22/2024,Accepted,Pune,Bangalore,-16.0,02/29/2024,NULL,NULL
SHO7713,DHL,,In Transit,Delhi,Bangalore,26.04,NULL,NULL,NULL
SHO7714,DHL,08/02/2024,Delivered,Hyderabad,Pune,492.92,NULL,02/13/2024,NULL
SHO7715,BLUEDART,02/18/2024,Delivered,Mumbai,Delhi,-4.71,02/20/2024,NULL,NULL
SHO7717,BLUEDART,08/20/2025,Pending,Mumbai,Delhi,-28.26,08/25/2025,NULL,NULL
SHO7718,BLUEDART,01/09/2025,Pending,Hyderabad,Bangalore,-7.06,09/05/2025,NULL,NULL
SHO7721,DHL,,Pending,Pune,Mumbai,287.96,04/19/2024,NULL,NULL
SHO7722,BLUEDART,03/19/2025,In Transit,Hyderabad,Mumbai,-55.04,NULL,NULL,NULL
SHO7723,FEDEX,,Pending,Mumbai,Delhi,80.19,NULL,NULL,NULL
SHO7726,BLUEDART,07/28/2024,Delayed,Hyderabad,Mumbai,98.58,04/08/2024,08/13/2024,NULL
SHO7728,BLUEDART,05/03/2024,Pending,Pune,Hyderabad,-2.27,NULL,NULL,NULL
SHO7730,FEDEX,,Delayed,Mumbai,Chennai,196.69,04/30/2025,01/05/2025,NULL
SHO7733,FEDEX,,UNKNOWN,Bangalore,Chennai,71.66,04/20/2024,NULL,NULL
SHO7734,FEDEX,,In Transit,Bangalore,Pune,328.04,05/03/2024,NULL,NULL
,FEDEX,08/08/2025,Delivered,Bangalore,Pune,93.84,08/14/2025,08/19/2025,5
SHO7736,BLUEDART,07/02/2024,In Transit,Bangalore,Chennai,-48.18,07/07/2024,NULL,NULL
SHO7739,FEDEX,,Delivered,Hyderabad,Delhi,354.73,06/27/2026,06/27/2026,0
SHO7740,BLUEDART,03/09/2024,Delayed,Mumbai,Hyderabad,-15.57,03/12/2024,03/17/2024,NULL
SHO7741,BLUEDART,08/30/2025,In Transit,Delhi,Chennai,164.62,02/09/2025,NULL,NULL
SHO7742,BLUEDART,03/17/2025,In Transit,Chennai,Pune,NULL,NULL,NULL,NULL
SHO7744,BLUEDART,,In Transit,Delhi,Pune,7.03,05/30/2026,NULL,NULL
SHO7745,DHL,,In Transit,Bangalore,Mumbai,-29.68,05/05/2026,NULL,NULL
SHO7747,DHL,04/05/2024,UNKNOWN,Chennai,Pune,321.16,NULL,05/09/2024,NULL
SHO7748,BLUEDART,,In Transit,Chennai,Hyderabad,128.63,07/25/2025,NULL,NULL
SHO7750,DHL,,UNKNOWN,Bangalore,Mumbai,182.78,NULL,03/03/2024,NULL
SHO7752,BLUEDART,02/08/2025,UNKNOWN,Chennai,Delhi,-46.11,08/05/2025,NULL,NULL
SHO7753,FEDEX,10/18/2024,In Transit,Bangalore,Chennai,-72.21,NULL,NULL,NULL
SHO7754,FEDEX,01/04/2025,In Transit,Hyderabad,Pune,-47.28,11/01/2025,NULL,NULL
SHO7758,FEDEX,,In Transit,Pune,Delhi,-75.87,03/26/2025,NULL,NULL
SHO7762,DHL,,Pending,Hyderabad,Mumbai,160.67,03/15/2025,NULL,NULL
SHO7764,DHL,07/20/2024,Delivered,Pune,Delhi,122.64,NULL,NULL,NULL
,BLUEDART,02/01/2026,In Transit,Pune,Delhi,155.05,08/01/2026,NULL,NULL
,DHL,04/10/2024,Delayed,Delhi,Chennai,163.65,10/11/2024,10/18/2024,NULL
SHO7767,DHL,03/25/2024,Delayed,Hyderabad,Bangalore,-20.53,03/29/2024,04/04/2024,NULL
SHO7768,DHL,07/10/2024,UNKNOWN,Chennai,Mumbai,233.43,10/10/2024,10/12/2024,NULL
SHO7769,FEDEX,,In Transit,Pune,Chennai,223.48,07/07/2024,NULL,NULL
SHO7770,DHL,,UNKNOWN,Bangalore,Pune,389.31,NULL,NULL,NULL
SHO7774,BLUEDART,,Pending,Hyderabad,Delhi,423.31,NULL,NULL,NULL
SHO7775,FEDEX,02/23/2025,Delivered,Mumbai,Hyderabad,190.87,NULL,04/03/2025,NULL
SHO7776,FEDEX,07/03/2026,Delayed,Pune,Mumbai,162.25,03/10/2026,03/17/2026,NULL
SHO7777,BLUEDART,,UNKNOWN,Delhi,Pune,360.55,NULL,NULL,NULL
SHO7778,BLUEDART,,Pending,Delhi,Chennai,104.32,NULL,NULL,NULL
SHO7780,DHL,09/08/2025,Delayed,Chennai,Pune,450.22,NULL,08/20/2025,NULL
,FEDEX,03/06/2026,Accepted,Hyderabad,Pune,304.17,05/06/2026,NULL,NULL
SHO7786,DHL,01/08/2025,Delivered,Mumbai,Chennai,372.58,NULL,01/13/2025,NULL
SHO7790,DHL,,In Transit,Bangalore,Delhi,-22.28,06/20/2025,NULL,NULL
SHO7791,BLUEDART,08/17/2024,Delivered,Pune,Hyderabad,239.36,NULL,08/17/2024,NULL
,DHL,,UNKNOWN,Delhi,Chennai,233.45,10/10/2025,NULL,NULL
SHO7793,FEDEX,,Pending,Hyderabad,Pune,369.19,NULL,NULL,NULL
SHO7794,BLUEDART,07/11/2025,UNKNOWN,Delhi,Bangalore,-38.4,NULL,11/16/2025,NULL
SHO7797,FEDEX,,UNKNOWN,Mumbai,Hyderabad,280.27,NULL,NULL,NULL
SHO7798,DHL,,Delayed,Hyderabad,Bangalore,393.44,NULL,04/20/2024,NULL
SHO7801,BLUEDART,,Delayed,Hyderabad,Bangalore,146.17,03/17/2026,NULL,NULL
SHO7805,DHL,10/10/2025,Accepted,Bangalore,Chennai,-21.89,NULL,NULL,NULL
SHO7807,BLUEDART,04/03/2025,UNKNOWN,Chennai,Hyderabad,-41.6,04/08/2025,NULL,NULL
SHO7812,DHL,11/18/2025,Pending,Mumbai,Hyderabad,-41.5,11/25/2025,NULL,NULL
SHO7816,BLUEDART,,Pending,Bangalore,Mumbai,NULL,NULL,NULL,NULL
SHO7817,DHL,06/03/2026,Delivered,Delhi,Mumbai,184.87,11/03/2026,03/10/2026,0
SHO7820,FEDEX,,Delivered,Bangalore,Mumbai,484.45,NULL,NULL,NULL
SHO7821,BLUEDART,06/21/2024,In Transit,Hyderabad,Mumbai,-28.26,NULL,NULL,NULL
SHO7822,FEDEX,04/24/2026,In Transit,Chennai,Pune,NULL,NULL,NULL,NULL
SHO7823,DHL,,In Transit,Pune,Delhi,-71.17,NULL,NULL,NULL
SHO7824,FEDEX,07/01/2025,UNKNOWN,Pune,Mumbai,331.31,01/10/2025,NULL,NULL
,BLUEDART,,Pending,Pune,Delhi,213.47,04/11/2025,NULL,NULL
,DHL,06/18/2026,Delivered,Hyderabad,Pune,104.1,06/20/2026,NULL,NULL
SHO7829,BLUEDART,,In Transit,Hyderabad,Pune,234.06,07/02/2025,NULL,NULL
SHO7832,DHL,,Pending,Bangalore,Mumbai,437.29,06/21/2024,NULL,NULL
,FEDEX,11/09/2025,Delayed,Pune,Hyderabad,101.63,NULL,NULL,NULL
,FEDEX,03/23/2024,Pending,Bangalore,Chennai,147.07,03/29/2024,NULL,NULL
SHO7836,FEDEX,09/02/2025,Pending,Mumbai,Hyderabad,18.27,02/14/2025,NULL,NULL
SHO7838,DHL,05/26/2024,Delivered,Bangalore,Hyderabad,-65.9,NULL,06/04/2024,NULL
SHO7839,FEDEX,02/17/2025,Pending,Mumbai,Bangalore,NULL,02/22/2025,NULL,NULL
SHO7841,DHL,,In Transit,Chennai,Bangalore,154.88,05/05/2024,NULL,NULL
SHO7842,DHL,,In Transit,Bangalore,Pune,48.82,07/23/2025,NULL,NULL
SHO7843,FEDEX,05/30/2024,Delivered,Bangalore,Hyderabad,288.29,01/06/2024,NULL,NULL
SHO7845,DHL,08/03/2025,Accepted,Hyderabad,Chennai,-38.41,08/09/2025,NULL,NULL
SHO7848,DHL,,In Transit,Hyderabad,Pune,151.27,12/21/2025,NULL,NULL
SHO7849,DHL,,Delivered,Mumbai,Hyderabad,421.74,03/12/2024,12/04/2024,267
SHO7850,DHL,,Delayed,Hyderabad,Mumbai,343.19,09/04/2025,09/11/2025,NULL
SHO7851,DHL,,Delivered,Pune,Chennai,-41.03,NULL,08/05/2024,NULL
SHO7852,FEDEX,,Accepted,Mumbai,Delhi,184.67,12/06/2024,12/08/2024,NULL
,DHL,03/13/2026,Pending,Mumbai,Pune,389.97,NULL,NULL,NULL
SHO7856,BLUEDART,03/15/2024,Pending,Bangalore,Pune,NULL,NULL,NULL,NULL
SHO7857,BLUEDART,,Delivered,Chennai,Bangalore,65.19,02/24/2024,02/22/2024,0
SHO7858,DHL,,UNKNOWN,Hyderabad,Chennai,164.31,NULL,02/01/2026,NULL
SHO7861,DHL,02/02/2024,Delivered,Pune,Chennai,32.57,09/02/2024,NULL,NULL
SHO7862,DHL,,In Transit,Hyderabad,Chennai,24.45,01/01/2026,NULL,NULL
SHO7863,BLUEDART,,Pending,Chennai,Pune,-55.35,10/12/2024,NULL,NULL
SHO7865,DHL,,Delayed,Chennai,Hyderabad,262.07,NULL,NULL,NULL
SHO7867,DHL,01/26/2024,Delivered,Hyderabad,Chennai,238.97,01/30/2024,NULL,NULL
SHO7871,DHL,05/06/2026,UNKNOWN,Pune,Delhi,233.48,NULL,NULL,NULL
,BLUEDART,06/21/2026,Pending,Bangalore,Mumbai,217.7,06/27/2026,NULL,NULL
SHO7875,BLUEDART,,Delayed,Hyderabad,Mumbai,418.68,NULL,03/13/2026,NULL
SHO7876,FEDEX,,In Transit,Hyderabad,Pune,216.58,06/02/2026,NULL,NULL
SHO7878,DHL,04/25/2025,Pending,Mumbai,Chennai,-1.31,05/02/2025,NULL,NULL
SHO7880,BLUEDART,,Delayed,Pune,Mumbai,327.0,NULL,04/10/2024,NULL
SHO7882,FEDEX,04/02/2025,Delivered,Delhi,Chennai,-34.79,07/04/2025,04/05/2025,0
,FEDEX,06/05/2024,Delayed,Delhi,Bangalore,100.7,05/08/2024,NULL,NULL
SHO7884,DHL,,In Transit,Chennai,Bangalore,129.09,NULL,NULL,NULL
SHO7886,BLUEDART,,In Transit,Delhi,Chennai,303.33,03/14/2026,NULL,NULL
SHO7888,DHL,,In Transit,Chennai,Hyderabad,NULL,02/19/2024,NULL,NULL
SHO7889,FEDEX,,Delayed,Mumbai,Pune,207.16,11/01/2025,01/15/2025,NULL
SHO7891,BLUEDART,06/18/2024,Pending,Hyderabad,Delhi,NULL,NULL,NULL,NULL
SHO7892,FEDEX,,Delayed,Delhi,Bangalore,43.37,NULL,06/27/2025,NULL
SHO7893,BLUEDART,,Accepted,Pune,Hyderabad,44.29,09/05/2025,NULL,NULL
SHO7894,DHL,01/03/2024,In Transit,Bangalore,Delhi,-2.01,01/09/2024,NULL,NULL
SHO7896,BLUEDART,,UNKNOWN,Pune,Delhi,53.56,12/29/2025,NULL,NULL
SHO7897,BLUEDART,05/12/2024,Delivered,Mumbai,Hyderabad,-0.11,12/11/2024,12/09/2024,0
SHO7900,DHL,05/20/2024,Delayed,Pune,Delhi,-46.57,05/26/2024,NULL,NULL
SHO7902,FEDEX,05/06/2026,In Transit,Hyderabad,Pune,-4.14,NULL,NULL,NULL
SHO7907,DHL,,In Transit,Chennai,Hyderabad,188.65,09/24/2024,NULL,NULL
SHO7908,BLUEDART,,Pending,Hyderabad,Bangalore,34.18,NULL,NULL,NULL
SHO7911,DHL,,In Transit,Hyderabad,Chennai,NULL,03/19/2026,NULL,NULL
SHO7912,BLUEDART,11/02/2025,In Transit,Pune,Chennai,188.9,02/18/2025,NULL,NULL
SHO7913,DHL,05/27/2025,In Transit,Chennai,Delhi,-57.35,06/03/2025,NULL,NULL
SHO7914,DHL,03/23/2026,In Transit,Bangalore,Mumbai,-72.13,NULL,NULL,NULL
SHO7915,BLUEDART,10/02/2026,Delivered,Hyderabad,Mumbai,323.67,02/15/2026,02/20/2026,5
SHO7917,FEDEX,,Delivered,Hyderabad,Chennai,125.49,NULL,08/16/2025,NULL
SHO7918,DHL,,UNKNOWN,Mumbai,Bangalore,99.25,NULL,02/20/2026,NULL
SHO7922,DHL,,Delivered,Bangalore,Pune,60.75,NULL,06/01/2025,NULL
SHO7923,BLUEDART,01/28/2024,In Transit,Chennai,Hyderabad,-34.98,02/03/2024,NULL,NULL
SHO7924,DHL,09/19/2025,UNKNOWN,Chennai,Pune,421.37,NULL,09/21/2025,NULL
SHO7925,FEDEX,07/06/2026,Pending,Bangalore,Mumbai,-40.82,06/10/2026,NULL,NULL
SHO7926,BLUEDART,04/28/2026,Delivered,Bangalore,Hyderabad,418.99,05/02/2026,04/05/2026,0
SHO7927,FEDEX,01/15/2025,UNKNOWN,Bangalore,Mumbai,192.0,NULL,01/17/2025,NULL
SHO7933,BLUEDART,,Pending,Pune,Chennai,222.73,05/31/2025,NULL,NULL
SHO7935,DHL,11/30/2024,In Transit,Delhi,Chennai,NULL,02/12/2024,NULL,NULL
SHO7937,DHL,05/14/2026,Pending,Pune,Hyderabad,-20.65,NULL,NULL,NULL
SHO7938,FEDEX,12/03/2024,Delivered,Hyderabad,Pune,251.21,03/14/2024,NULL,NULL
SHO7940,DHL,05/23/2024,Delivered,Chennai,Delhi,-32.09,05/26/2024,05/25/2024,0
SHO7941,FEDEX,,Pending,Mumbai,Chennai,NULL,12/25/2024,NULL,NULL
SHO7944,DHL,12/15/2025,Delivered,Pune,Mumbai,478.21,12/18/2025,NULL,NULL
SHO7947,DHL,02/08/2026,Delayed,Mumbai,Pune,-38.48,02/13/2026,NULL,NULL
,FEDEX,02/16/2025,Accepted,Pune,Chennai,449.11,02/18/2025,NULL,NULL
SHO7949,BLUEDART,,Delayed,Delhi,Pune,278.4,03/12/2025,NULL,NULL
SHO7951,DHL,10/19/2025,UNKNOWN,Chennai,Hyderabad,167.03,NULL,10/29/2025,NULL
SHO7954,BLUEDART,05/11/2025,UNKNOWN,Delhi,Mumbai,374.92,05/15/2025,NULL,NULL
SHO7955,BLUEDART,08/18/2024,UNKNOWN,Bangalore,Delhi,496.81,NULL,NULL,NULL
SHO7956,BLUEDART,05/04/2024,Pending,Delhi,Pune,-58.03,04/12/2024,NULL,NULL
,BLUEDART,07/04/2026,Delivered,Mumbai,Hyderabad,127.78,11/04/2026,NULL,NULL
SHO7959,FEDEX,,Delayed,Chennai,Hyderabad,432.49,03/24/2024,03/04/2024,NULL
SHO7960,BLUEDART,09/29/2024,UNKNOWN,Chennai,Hyderabad,340.47,10/03/2024,NULL,NULL
SHO7963,DHL,08/16/2025,Delivered,Delhi,Mumbai,-45.41,08/21/2025,NULL,NULL
,BLUEDART,06/08/2024,Delivered,Hyderabad,Delhi,412.35,NULL,NULL,NULL
SHO7965,DHL,,Delivered,Delhi,Chennai,242.81,03/04/2024,04/07/2024,34
SHO7967,BLUEDART,,In Transit,Chennai,Hyderabad,70.66,04/02/2026,NULL,NULL
SHO7968,BLUEDART,08/04/2025,In Transit,Pune,Delhi,36.15,04/12/2025,NULL,NULL
SHO7970,BLUEDART,06/01/2025,Pending,Pune,Mumbai,-51.97,06/08/2025,NULL,NULL
SHO7971,FEDEX,,In Transit,Chennai,Bangalore,346.33,09/26/2025,NULL,NULL
SHO7973,BLUEDART,09/02/2025,Delayed,Chennai,Hyderabad,93.03,NULL,02/21/2025,NULL
SHO7975,DHL,,Accepted,Mumbai,Delhi,475.35,NULL,NULL,NULL
SHO7976,FEDEX,,Pending,Chennai,Delhi,180.04,NULL,NULL,NULL
SHO7977,BLUEDART,,In Transit,Mumbai,Bangalore,335.4,02/21/2024,NULL,NULL
SHO7979,FEDEX,,Delivered,Bangalore,Mumbai,448.46,NULL,11/25/2024,NULL
SHO7980,BLUEDART,06/05/2024,UNKNOWN,Delhi,Bangalore,199.29,05/11/2024,NULL,NULL
SHO7982,BLUEDART,03/14/2025,Delivered,Chennai,Pune,178.39,NULL,03/19/2025,NULL
SHO7983,BLUEDART,,Delayed,Pune,Hyderabad,-2.37,12/02/2024,12/04/2024,NULL
,FEDEX,03/11/2026,Delayed,Delhi,Pune,416.18,03/14/2026,03/23/2026,NULL
SHO7985,BLUEDART,07/05/2024,Delivered,Delhi,Bangalore,235.13,09/07/2024,NULL,NULL
SHO7987,FEDEX,,In Transit,Chennai,Bangalore,337.31,NULL,NULL,NULL
SHO7988,BLUEDART,,In Transit,Hyderabad,Chennai,417.61,NULL,NULL,NULL
SHO7989,BLUEDART,04/22/2026,In Transit,Delhi,Pune,-55.49,04/26/2026,NULL,NULL
,DHL,,Accepted,Hyderabad,Pune,227.13,06/27/2024,NULL,NULL
SHO7992,DHL,,Delayed,Chennai,Pune,328.56,NULL,06/03/2024,NULL
SHO7993,BLUEDART,11/03/2026,In Transit,Mumbai,Delhi,293.52,03/13/2026,NULL,NULL
SHO7994,FEDEX,,Delivered,Hyderabad,Bangalore,177.2,01/26/2026,01/26/2026,0
SHO7995,DHL,11/01/2024,Delayed,Chennai,Mumbai,193.81,01/16/2024,01/21/2024,NULL
SHO7997,DHL,,Delivered,Hyderabad,Chennai,3.04,10/22/2024,10/21/2024,0
SHO7998,FEDEX,,Delayed,Chennai,Mumbai,-59.94,02/24/2024,02/25/2024,NULL
SHO8002,DHL,06/10/2026,Accepted,Mumbai,Delhi,-10.11,06/15/2026,NULL,NULL
SHO8003,DHL,11/21/2025,UNKNOWN,Bangalore,Chennai,209.71,11/23/2025,NULL,NULL
SHO8005,BLUEDART,,UNKNOWN,Hyderabad,Chennai,-16.24,NULL,04/10/2025,NULL
SHO8006,DHL,,Accepted,Mumbai,Chennai,278.45,03/11/2025,NULL,NULL
SHO8008,FEDEX,,UNKNOWN,Bangalore,Pune,-76.49,NULL,03/02/2025,NULL
SHO8009,BLUEDART,,Pending,Mumbai,Bangalore,421.39,NULL,NULL,NULL
SHO8012,FEDEX,,Delayed,Mumbai,Bangalore,337.25,04/10/2024,04/20/2024,NULL
SHO8014,BLUEDART,,Delivered,Delhi,Pune,91.3,12/06/2024,NULL,NULL
SHO8015,DHL,11/04/2024,Delivered,Bangalore,Pune,403.49,11/06/2024,NULL,NULL
SHO8018,FEDEX,,Delivered,Delhi,Bangalore,NULL,05/22/2024,05/22/2024,0
SHO8019,DHL,07/14/2025,Delayed,Bangalore,Delhi,-63.57,NULL,07/29/2025,NULL
SHO8022,DHL,06/26/2026,UNKNOWN,Mumbai,Delhi,258.3,01/07/2026,NULL,NULL
SHO8023,FEDEX,,In Transit,Chennai,Bangalore,344.34,11/10/2024,NULL,NULL
SHO8025,FEDEX,01/05/2025,UNKNOWN,Hyderabad,Bangalore,306.03,01/12/2025,NULL,NULL
SHO8034,FEDEX,05/17/2026,Delivered,Bangalore,Hyderabad,175.76,NULL,NULL,NULL
,FEDEX,05/13/2025,Accepted,Chennai,Hyderabad,185.97,05/20/2025,05/28/2025,NULL
SHO8036,DHL,02/27/2024,Accepted,Mumbai,Pune,452.5,01/03/2024,NULL,NULL
SHO8038,FEDEX,06/26/2024,Pending,Mumbai,Bangalore,-51.48,06/28/2024,NULL,NULL
SHO8041,DHL,07/12/2025,In Transit,Hyderabad,Chennai,-41.35,07/19/2025,NULL,NULL
,FEDEX,03/08/2024,In Transit,Chennai,Delhi,224.88,08/05/2024,NULL,NULL
SHO8044,DHL,,Delivered,Bangalore,Pune,419.98,06/17/2026,06/15/2026,0
SHO8048,FEDEX,,Delivered,Bangalore,Mumbai,441.2,NULL,01/24/2025,NULL
SHO8050,FEDEX,03/23/2025,Delivered,Bangalore,Delhi,-28.17,03/27/2025,NULL,NULL
SHO8051,DHL,,Delivered,Delhi,Bangalore,376.47,09/13/2025,09/18/2025,5
SHO8052,FEDEX,,UNKNOWN,Bangalore,Pune,27.89,NULL,NULL,NULL
SHO8053,DHL,09/06/2024,Delayed,Bangalore,Delhi,-60.89,NULL,09/15/2024,NULL
SHO8055,FEDEX,,Pending,Bangalore,Chennai,361.65,11/17/2025,NULL,NULL
SHO8056,BLUEDART,08/07/2024,Pending,Hyderabad,Chennai,-36.79,07/14/2024,NULL,NULL
SHO8057,DHL,06/01/2026,Pending,Pune,Chennai,NULL,06/04/2026,NULL,NULL
SHO8058,FEDEX,11/29/2024,Pending,Pune,Delhi,NULL,12/03/2024,NULL,NULL
SHO8059,FEDEX,07/03/2024,Delivered,Pune,Hyderabad,46.42,03/11/2024,03/16/2024,5
SHO8062,BLUEDART,05/28/2025,Delivered,Pune,Bangalore,-23.5,03/06/2025,02/06/2025,0
SHO8063,DHL,11/22/2025,Delayed,Pune,Hyderabad,407.79,11/24/2025,04/12/2025,NULL
SHO8065,BLUEDART,,Pending,Delhi,Mumbai,336.73,06/14/2026,NULL,NULL
SHO8067,BLUEDART,03/05/2025,Delivered,Delhi,Hyderabad,413.21,NULL,09/03/2025,NULL
SHO8069,FEDEX,,Pending,Mumbai,Chennai,371.67,02/21/2026,NULL,NULL
SHO8071,BLUEDART,06/28/2025,Accepted,Pune,Bangalore,469.61,05/07/2025,NULL,NULL
SHO8074,BLUEDART,,In Transit,Pune,Chennai,470.25,06/02/2024,NULL,NULL
SHO8075,BLUEDART,06/16/2026,UNKNOWN,Delhi,Chennai,279.68,NULL,NULL,NULL
SHO8076,BLUEDART,06/28/2025,Delivered,Mumbai,Pune,450.68,06/30/2025,NULL,NULL
SHO8078,FEDEX,05/12/2026,In Transit,Mumbai,Delhi,-25.93,NULL,NULL,NULL
,BLUEDART,,Pending,Chennai,Pune,469.96,01/28/2024,NULL,NULL
SHO8080,DHL,07/02/2025,UNKNOWN,Bangalore,Pune,364.8,NULL,NULL,NULL
SHO8081,DHL,09/15/2025,Delivered,Hyderabad,Pune,NULL,NULL,09/22/2025,NULL
,FEDEX,06/19/2025,In Transit,Pune,Delhi,390.3,NULL,NULL,NULL
SHO8084,BLUEDART,08/21/2025,Pending,Mumbai,Hyderabad,-26.28,08/25/2025,NULL,NULL
SHO8085,BLUEDART,07/24/2025,Delayed,Bangalore,Mumbai,-38.7,NULL,08/08/2025,NULL
SHO8088,FEDEX,10/29/2025,Delivered,Delhi,Pune,191.29,11/03/2025,04/11/2025,0
SHO8089,DHL,04/27/2025,Delivered,Hyderabad,Pune,43.97,NULL,05/05/2025,NULL
SHO8090,FEDEX,08/17/2024,Delivered,Pune,Mumbai,337.17,NULL,08/23/2024,NULL
SHO8091,BLUEDART,03/24/2024,Delivered,Hyderabad,Bangalore,49.57,03/31/2024,02/04/2024,0
SHO8092,BLUEDART,06/04/2026,UNKNOWN,Pune,Bangalore,NULL,10/04/2026,NULL,NULL
SHO8093,DHL,,Pending,Pune,Hyderabad,262.44,NULL,NULL,NULL
SHO8094,FEDEX,,UNKNOWN,Mumbai,Pune,237.96,06/08/2024,NULL,NULL
SHO8095,FEDEX,03/13/2024,UNKNOWN,Delhi,Chennai,286.48,NULL,03/26/2024,NULL
SHO8096,FEDEX,12/28/2025,Pending,Mumbai,Chennai,-58.82,03/01/2026,NULL,NULL
SHO8097,FEDEX,11/05/2026,Accepted,Chennai,Delhi,175.59,05/18/2026,NULL,NULL
SHO8099,FEDEX,10/02/2024,Pending,Mumbai,Pune,272.07,02/14/2024,NULL,NULL
SHO8100,DHL,,In Transit,Mumbai,Pune,281.29,05/11/2025,NULL,NULL
SHO8101,BLUEDART,,Delayed,Hyderabad,Mumbai,326.51,11/11/2024,11/18/2024,NULL
SHO8102,DHL,,Delivered,Mumbai,Pune,180.22,11/04/2025,11/08/2025,4
SHO8103,DHL,01/26/2024,Delivered,Bangalore,Mumbai,201.6,NULL,01/29/2024,NULL
,FEDEX,12/02/2024,In Transit,Hyderabad,Chennai,NULL,NULL,NULL,NULL
SHO8108,BLUEDART,,Delayed,Hyderabad,Pune,NULL,10/09/2024,10/14/2024,NULL
SHO8110,FEDEX,11/01/2024,Delayed,Hyderabad,Delhi,-21.74,NULL,01/24/2024,NULL
SHO8111,FEDEX,,Accepted,Mumbai,Pune,16.37,09/06/2024,NULL,NULL
SHO8114,DHL,,Delivered,Pune,Bangalore,396.7,02/04/2026,06/02/2026,118
SHO8117,DHL,,Pending,Bangalore,Pune,364.68,04/05/2024,NULL,NULL
SHO8121,FEDEX,,Pending,Bangalore,Chennai,179.69,07/25/2025,NULL,NULL
SHO8124,DHL,03/09/2024,Delivered,Bangalore,Mumbai,472.84,03/15/2024,NULL,NULL
SHO8126,BLUEDART,07/12/2025,In Transit,Pune,Bangalore,-23.08,NULL,NULL,NULL
SHO8127,DHL,04/14/2025,Delivered,Delhi,Chennai,415.66,04/21/2025,NULL,NULL
SHO8128,DHL,,Accepted,Mumbai,Pune,476.8,05/01/2025,NULL,NULL
SHO8131,DHL,,UNKNOWN,Delhi,Hyderabad,202.25,05/19/2025,05/23/2025,NULL
SHO8132,FEDEX,12/06/2026,Pending,Bangalore,Delhi,NULL,NULL,NULL,NULL
SHO8135,DHL,02/04/2026,Delivered,Bangalore,Mumbai,176.21,NULL,02/13/2026,NULL
SHO8136,FEDEX,03/24/2026,In Transit,Bangalore,Mumbai,-17.44,NULL,NULL,NULL
SHO8137,DHL,,In Transit,Mumbai,Bangalore,398.92,10/18/2024,NULL,NULL
SHO8138,BLUEDART,,Delivered,Bangalore,Pune,297.4,12/23/2025,12/28/2025,5
SHO8140,DHL,,In Transit,Pune,Chennai,61.11,07/24/2024,NULL,NULL
SHO8142,BLUEDART,,In Transit,Delhi,Pune,368.7,07/17/2025,NULL,NULL
SHO8143,DHL,,Pending,Mumbai,Delhi,406.69,NULL,NULL,NULL
SHO8144,FEDEX,06/19/2026,Delivered,Delhi,Chennai,350.68,NULL,06/26/2026,NULL
SHO8146,BLUEDART,,In Transit,Hyderabad,Pune,72.43,08/01/2025,NULL,NULL
SHO8147,DHL,05/21/2025,UNKNOWN,Bangalore,Delhi,398.9,NULL,NULL,NULL
SHO8149,DHL,,Delayed,Pune,Bangalore,375.96,12/15/2024,NULL,NULL
SHO8151,FEDEX,,Delivered,Bangalore,Chennai,158.46,08/29/2025,08/31/2025,2
SHO8152,DHL,09/21/2025,Delivered,Hyderabad,Chennai,NULL,09/27/2025,09/29/2025,2
SHO8154,FEDEX,10/12/2024,In Transit,Bangalore,Hyderabad,-26.23,NULL,NULL,NULL
,BLUEDART,,In Transit,Delhi,Hyderabad,-6.64,06/12/2024,NULL,NULL
SHO8159,FEDEX,03/07/2025,UNKNOWN,Hyderabad,Delhi,132.76,07/05/2025,NULL,NULL
,BLUEDART,05/01/2024,Delivered,Bangalore,Pune,277.33,10/01/2024,01/13/2024,0
SHO8164,BLUEDART,,Accepted,Hyderabad,Delhi,116.75,NULL,NULL,NULL
SHO8165,BLUEDART,,Accepted,Delhi,Mumbai,26.59,01/16/2025,01/26/2025,NULL
,FEDEX,10/04/2025,In Transit,Delhi,Hyderabad,-30.77,10/06/2025,NULL,NULL
SHO8167,FEDEX,08/26/2025,Delayed,Hyderabad,Delhi,325.72,08/31/2025,08/09/2025,NULL
SHO8169,BLUEDART,09/15/2024,Pending,Pune,Bangalore,NULL,NULL,NULL,NULL
SHO8170,FEDEX,06/11/2026,Delivered,Bangalore,Hyderabad,-27.28,06/18/2026,06/17/2026,0
SHO8171,BLUEDART,08/11/2024,Delivered,Bangalore,Delhi,280.93,12/11/2024,NULL,NULL
SHO8173,DHL,,UNKNOWN,Mumbai,Bangalore,NULL,04/19/2024,NULL,NULL
SHO8175,DHL,,Accepted,Chennai,Pune,169.85,02/02/2024,09/02/2024,NULL
SHO8177,BLUEDART,08/22/2024,Pending,Hyderabad,Mumbai,NULL,08/27/2024,NULL,NULL
SHO8180,BLUEDART,11/05/2025,Pending,Hyderabad,Pune,-71.7,11/11/2025,NULL,NULL
SHO8181,DHL,,Delayed,Bangalore,Delhi,-0.27,04/27/2026,05/06/2026,NULL
,BLUEDART,,Pending,Chennai,Pune,420.57,04/22/2024,NULL,NULL
SHO8184,FEDEX,,Delayed,Bangalore,Hyderabad,134.44,01/20/2026,01/25/2026,NULL
SHO8185,BLUEDART,02/18/2026,Delayed,Mumbai,Bangalore,-23.55,02/20/2026,NULL,NULL
SHO8186,DHL,,Delivered,Delhi,Pune,75.49,08/06/2026,11/06/2026,92
,BLUEDART,02/25/2026,In Transit,Delhi,Mumbai,241.99,NULL,NULL,NULL
SHO8190,DHL,05/30/2024,Delayed,Chennai,Mumbai,315.67,04/06/2024,10/06/2024,NULL
SHO8192,BLUEDART,05/19/2025,In Transit,Pune,Chennai,-14.86,05/24/2025,NULL,NULL
SHO8194,FEDEX,,In Transit,Hyderabad,Chennai,469.16,12/17/2025,NULL,NULL
SHO8195,DHL,,Delayed,Pune,Bangalore,146.68,NULL,11/25/2025,NULL
SHO8196,FEDEX,,Delayed,Hyderabad,Pune,200.6,06/25/2024,07/01/2024,NULL
SHO8197,BLUEDART,11/24/2024,Delayed,Pune,Chennai,-46.16,12/01/2024,NULL,NULL
SHO8198,FEDEX,06/07/2024,In Transit,Pune,Mumbai,NULL,06/12/2024,NULL,NULL
SHO8199,BLUEDART,02/12/2025,Delivered,Pune,Bangalore,83.41,NULL,02/19/2025,NULL
SHO8201,FEDEX,,Delivered,Mumbai,Pune,498.43,08/02/2024,NULL,NULL
SHO8202,FEDEX,,Delayed,Delhi,Pune,489.99,04/03/2025,03/10/2025,NULL
SHO8203,BLUEDART,,Delivered,Pune,Delhi,404.34,08/29/2025,09/02/2025,4
SHO8205,BLUEDART,11/09/2024,Delivered,Delhi,Chennai,421.1,NULL,11/11/2024,NULL
SHO8208,DHL,04/29/2025,In Transit,Delhi,Hyderabad,44.32,02/05/2025,NULL,NULL
SHO8210,FEDEX,03/23/2026,UNKNOWN,Hyderabad,Pune,-70.44,03/28/2026,04/01/2026,NULL
SHO8212,FEDEX,,Pending,Chennai,Bangalore,65.31,08/21/2025,NULL,NULL
SHO8215,BLUEDART,,Delivered,Hyderabad,Mumbai,387.84,04/19/2024,04/20/2024,1
SHO8219,DHL,09/19/2025,Delivered,Hyderabad,Chennai,198.35,NULL,09/20/2025,NULL
SHO8220,FEDEX,07/12/2025,Delivered,Delhi,Bangalore,420.11,NULL,NULL,NULL
SHO8222,FEDEX,02/29/2024,Delivered,Pune,Hyderabad,-55.63,03/02/2024,03/02/2024,0
SHO8223,FEDEX,08/13/2024,In Transit,Mumbai,Chennai,-26.86,NULL,NULL,NULL
SHO8224,BLUEDART,,In Transit,Pune,Delhi,87.55,05/24/2026,NULL,NULL
SHO8225,BLUEDART,08/27/2024,Delayed,Hyderabad,Delhi,171.07,08/31/2024,02/09/2024,NULL
SHO8226,BLUEDART,,Delivered,Bangalore,Hyderabad,328.16,NULL,06/28/2025,NULL
SHO8228,DHL,10/30/2025,Delivered,Chennai,Bangalore,360.47,01/11/2025,10/31/2025,293
SHO8232,DHL,10/23/2025,Delayed,Chennai,Mumbai,-73.41,10/30/2025,08/11/2025,NULL
SHO8233,DHL,08/31/2025,Delayed,Mumbai,Bangalore,194.75,07/09/2025,09/15/2025,NULL
SHO8235,FEDEX,,Delayed,Delhi,Bangalore,323.72,NULL,09/09/2024,NULL
SHO8240,DHL,09/28/2024,Accepted,Delhi,Pune,-22.76,03/10/2024,NULL,NULL
SHO8241,BLUEDART,,Pending,Bangalore,Pune,-52.74,02/04/2025,NULL,NULL
SHO8242,FEDEX,11/01/2025,In Transit,Mumbai,Bangalore,-66.95,11/06/2025,NULL,NULL
,DHL,08/17/2025,Delayed,Hyderabad,Pune,151.95,08/24/2025,NULL,NULL
,FEDEX,,Delayed,Bangalore,Hyderabad,69.83,01/21/2026,01/28/2026,NULL
SHO8248,BLUEDART,02/19/2025,Delivered,Chennai,Delhi,206.73,NULL,NULL,NULL
SHO8250,BLUEDART,,Delayed,Hyderabad,Delhi,-62.3,07/03/2024,07/06/2024,NULL
SHO8251,FEDEX,05/16/2025,Delivered,Bangalore,Mumbai,-53.36,NULL,NULL,NULL
SHO8253,FEDEX,01/04/2026,UNKNOWN,Chennai,Pune,392.54,09/01/2026,NULL,NULL
SHO8254,DHL,04/29/2024,Delivered,Delhi,Mumbai,375.24,NULL,05/04/2024,NULL
SHO8256,DHL,,Pending,Bangalore,Delhi,222.35,09/18/2024,NULL,NULL
SHO8259,FEDEX,,Accepted,Bangalore,Pune,453.19,02/07/2026,NULL,NULL
SHO8260,FEDEX,03/17/2024,Delivered,Chennai,Hyderabad,391.73,NULL,03/19/2024,NULL
SHO8261,FEDEX,08/26/2025,Delayed,Hyderabad,Mumbai,-76.53,08/30/2025,09/03/2025,NULL
,BLUEDART,,In Transit,Mumbai,Bangalore,412.81,07/31/2024,NULL,NULL
SHO8265,DHL,,Delivered,Mumbai,Hyderabad,107.35,05/05/2025,05/09/2025,4
SHO8266,FEDEX,10/29/2024,Accepted,Chennai,Mumbai,287.65,02/11/2024,NULL,NULL
SHO8267,BLUEDART,12/24/2025,Delayed,Delhi,Hyderabad,NULL,NULL,03/01/2026,NULL
SHO8270,FEDEX,,Accepted,Chennai,Bangalore,21.32,01/22/2026,01/26/2026,NULL
SHO8271,BLUEDART,02/04/2024,In Transit,Delhi,Hyderabad,NULL,NULL,NULL,NULL
SHO8273,BLUEDART,,Delayed,Bangalore,Delhi,NULL,07/26/2024,08/04/2024,NULL
SHO8275,FEDEX,09/04/2024,UNKNOWN,Delhi,Pune,495.3,09/09/2024,09/14/2024,NULL
SHO8277,DHL,01/24/2024,Delivered,Pune,Delhi,258.07,NULL,01/02/2024,NULL
SHO8278,FEDEX,06/14/2026,In Transit,Pune,Chennai,-55.76,06/16/2026,NULL,NULL
SHO8279,FEDEX,07/11/2024,UNKNOWN,Pune,Bangalore,32.76,10/11/2024,NULL,NULL
SHO8281,DHL,01/16/2024,Pending,Pune,Chennai,-16.8,NULL,NULL,NULL
SHO8282,DHL,12/10/2024,Delivered,Bangalore,Pune,207.26,NULL,NULL,NULL
SHO8283,DHL,02/24/2024,Delivered,Mumbai,Delhi,-13.08,02/27/2024,02/28/2024,1
SHO8286,FEDEX,,Pending,Bangalore,Chennai,223.74,06/30/2025,NULL,NULL
SHO8290,FEDEX,,Pending,Hyderabad,Pune,9.04,09/27/2025,NULL,NULL
SHO8291,BLUEDART,,Delivered,Mumbai,Chennai,219.35,NULL,06/06/2025,NULL
SHO8292,DHL,,In Transit,Bangalore,Pune,277.31,11/18/2025,NULL,NULL
SHO8293,FEDEX,,In Transit,Hyderabad,Mumbai,NULL,05/03/2026,NULL,NULL
SHO8297,DHL,,Pending,Chennai,Mumbai,124.1,08/08/2025,NULL,NULL
SHO8301,DHL,02/17/2024,Delivered,Chennai,Hyderabad,286.95,NULL,NULL,NULL
SHO8304,DHL,,Pending,Bangalore,Pune,-70.31,NULL,NULL,NULL
SHO8306,BLUEDART,03/12/2026,Delivered,Mumbai,Hyderabad,441.97,03/18/2026,NULL,NULL
SHO8308,FEDEX,,Delayed,Delhi,Chennai,61.97,NULL,12/01/2024,NULL
,FEDEX,03/31/2026,Pending,Hyderabad,Bangalore,396.53,05/04/2026,NULL,NULL
SHO8310,DHL,,Pending,Pune,Chennai,187.53,04/25/2024,NULL,NULL
SHO8311,DHL,02/23/2024,Delayed,Delhi,Bangalore,NULL,02/25/2024,NULL,NULL
,DHL,,Delivered,Chennai,Bangalore,201.13,NULL,02/11/2026,NULL
SHO8314,BLUEDART,04/03/2024,Delivered,Chennai,Hyderabad,299.46,NULL,04/12/2024,NULL
SHO8317,DHL,11/30/2025,In Transit,Pune,Bangalore,-68.92,NULL,NULL,NULL
SHO8318,BLUEDART,,Accepted,Delhi,Pune,215.94,04/08/2026,NULL,NULL
SHO8319,DHL,,Delivered,Pune,Chennai,498.45,02/24/2024,02/27/2024,3
SHO8320,FEDEX,12/19/2024,Delivered,Delhi,Mumbai,-22.21,12/25/2024,NULL,NULL
SHO8321,BLUEDART,,Delivered,Delhi,Bangalore,97.15,NULL,12/14/2024,NULL
SHO8322,FEDEX,,Delayed,Hyderabad,Pune,377.89,09/01/2025,01/16/2025,NULL
SHO8323,DHL,12/12/2024,In Transit,Pune,Hyderabad,NULL,12/18/2024,NULL,NULL
SHO8324,DHL,07/16/2024,UNKNOWN,Bangalore,Mumbai,108.02,07/19/2024,07/22/2024,NULL
SHO8326,BLUEDART,,Delivered,Pune,Hyderabad,460.69,NULL,11/21/2025,NULL
SHO8328,DHL,05/25/2026,Delayed,Hyderabad,Bangalore,288.19,05/31/2026,03/06/2026,NULL
SHO8330,FEDEX,12/09/2024,In Transit,Mumbai,Chennai,77.18,09/15/2024,NULL,NULL
SHO8331,FEDEX,,Delayed,Mumbai,Bangalore,293.86,NULL,NULL,NULL
SHO8334,DHL,,UNKNOWN,Hyderabad,Delhi,30.73,04/20/2025,NULL,NULL
SHO8335,BLUEDART,,Delayed,Mumbai,Bangalore,84.79,04/02/2025,04/11/2025,NULL
SHO8336,FEDEX,03/07/2026,Pending,Mumbai,Bangalore,-10.85,03/13/2026,NULL,NULL
SHO8341,BLUEDART,03/17/2025,Delivered,Mumbai,Pune,349.29,03/23/2025,NULL,NULL
SHO8342,BLUEDART,,Delayed,Chennai,Bangalore,218.83,03/23/2026,01/04/2026,NULL
SHO8343,DHL,,Accepted,Pune,Bangalore,-60.11,NULL,NULL,NULL
SHO8344,DHL,02/22/2026,Delivered,Bangalore,Chennai,146.51,02/28/2026,NULL,NULL
SHO8345,DHL,,Delivered,Chennai,Pune,433.03,10/10/2025,NULL,NULL
SHO8346,BLUEDART,01/08/2024,Delivered,Bangalore,Hyderabad,221.05,NULL,01/17/2024,NULL
SHO8347,FEDEX,,Delayed,Bangalore,Delhi,-43.86,08/31/2025,09/06/2025,NULL
SHO8348,FEDEX,11/09/2024,Delayed,Pune,Hyderabad,156.25,09/13/2024,NULL,NULL
,BLUEDART,,Pending,Chennai,Delhi,416.6,12/07/2025,NULL,NULL
SHO8350,FEDEX,11/16/2024,Delivered,Chennai,Delhi,-64.29,11/21/2024,NULL,NULL
SHO8353,DHL,04/03/2024,In Transit,Chennai,Mumbai,-39.26,06/04/2024,NULL,NULL
SHO8355,FEDEX,,Delivered,Mumbai,Pune,58.37,04/14/2026,04/13/2026,0
SHO8356,BLUEDART,11/27/2025,In Transit,Mumbai,Pune,NULL,04/12/2025,NULL,NULL
SHO8358,DHL,,Delayed,Pune,Delhi,488.52,02/09/2025,09/08/2025,NULL
SHO8359,FEDEX,03/29/2025,Delivered,Hyderabad,Pune,217.21,NULL,03/31/2025,NULL
,DHL,,Pending,Delhi,Chennai,NULL,04/03/2026,NULL,NULL
SHO8361,BLUEDART,,Delayed,Pune,Hyderabad,167.08,11/11/2025,NULL,NULL
SHO8364,FEDEX,03/29/2025,Delivered,Pune,Mumbai,NULL,05/04/2025,NULL,NULL
SHO8366,FEDEX,12/10/2024,In Transit,Delhi,Chennai,252.64,10/14/2024,NULL,NULL
SHO8367,BLUEDART,,Pending,Chennai,Hyderabad,66.72,06/26/2026,NULL,NULL
SHO8368,DHL,03/23/2024,Delayed,Chennai,Pune,-10.98,03/30/2024,04/04/2024,NULL
SHO8372,BLUEDART,,UNKNOWN,Delhi,Pune,408.47,NULL,NULL,NULL
SHO8373,DHL,,Pending,Mumbai,Hyderabad,75.91,02/05/2025,NULL,NULL
SHO8375,FEDEX,05/11/2025,Pending,Delhi,Hyderabad,-59.97,07/11/2025,NULL,NULL
,FEDEX,05/06/2026,Delayed,Hyderabad,Mumbai,-53.05,05/12/2026,05/18/2026,NULL
SHO8378,FEDEX,10/07/2024,Pending,Chennai,Mumbai,103.17,09/10/2024,NULL,NULL
SHO8381,BLUEDART,06/15/2026,Delivered,Bangalore,Chennai,128.91,NULL,06/22/2026,NULL
SHO8382,FEDEX,02/04/2026,UNKNOWN,Chennai,Pune,365.05,04/07/2026,08/04/2026,NULL
SHO8387,FEDEX,,Delayed,Delhi,Bangalore,300.02,03/17/2026,03/24/2026,NULL
,DHL,11/01/2024,Delivered,Hyderabad,Mumbai,446.39,03/11/2024,03/11/2024,0
SHO8395,FEDEX,03/04/2024,Delivered,Pune,Hyderabad,-11.16,05/04/2024,04/07/2024,0
SHO8397,FEDEX,12/22/2025,Delivered,Mumbai,Bangalore,178.07,12/24/2025,NULL,NULL
SHO8399,DHL,,Delivered,Mumbai,Delhi,-51.35,NULL,07/06/2024,NULL
SHO8402,DHL,04/29/2025,Pending,Pune,Chennai,-11.11,NULL,NULL,NULL
SHO8404,FEDEX,09/11/2024,Pending,Hyderabad,Mumbai,NULL,11/15/2024,NULL,NULL
,BLUEDART,,Delayed,Bangalore,Chennai,477.75,06/17/2025,06/27/2025,NULL
SHO8410,BLUEDART,10/06/2024,In Transit,Delhi,Mumbai,209.62,06/16/2024,NULL,NULL
,FEDEX,01/18/2026,Pending,Hyderabad,Bangalore,-66.81,NULL,NULL,NULL
SHO8415,FEDEX,07/09/2024,Delivered,Hyderabad,Mumbai,122.64,09/14/2024,NULL,NULL
SHO8416,BLUEDART,05/18/2026,Delayed,Mumbai,Delhi,-60.2,NULL,NULL,NULL
SHO8417,DHL,05/07/2025,In Transit,Chennai,Delhi,-79.38,07/09/2025,NULL,NULL
SHO8419,BLUEDART,11/28/2024,Accepted,Pune,Bangalore,344.54,04/12/2024,NULL,NULL
SHO8420,DHL,09/06/2024,Delivered,Mumbai,Bangalore,250.01,NULL,06/17/2024,NULL
SHO8421,BLUEDART,02/18/2025,Delivered,Delhi,Bangalore,347.88,NULL,02/26/2025,NULL
SHO8422,DHL,06/13/2025,UNKNOWN,Chennai,Bangalore,55.95,NULL,NULL,NULL
SHO8426,BLUEDART,10/08/2024,Delivered,Mumbai,Chennai,-31.56,10/13/2024,10/18/2024,5
SHO8427,FEDEX,,Delivered,Bangalore,Hyderabad,65.72,NULL,11/16/2024,NULL
,BLUEDART,10/12/2025,Delayed,Mumbai,Bangalore,209.92,12/14/2025,12/23/2025,NULL
SHO8431,FEDEX,11/11/2025,Pending,Bangalore,Mumbai,NULL,11/17/2025,NULL,NULL
SHO8432,DHL,,Accepted,Delhi,Pune,44.99,NULL,NULL,NULL
SHO8437,DHL,06/19/2025,Pending,Hyderabad,Bangalore,-59.34,NULL,NULL,NULL
SHO8438,BLUEDART,,Delayed,Pune,Delhi,403.5,01/27/2026,02/01/2026,NULL
SHO8441,BLUEDART,05/28/2025,In Transit,Delhi,Mumbai,-13.45,NULL,NULL,NULL
SHO8445,FEDEX,,Delivered,Hyderabad,Chennai,169.16,11/06/2024,06/10/2024,0
SHO8446,FEDEX,,In Transit,Delhi,Pune,39.61,NULL,NULL,NULL
SHO8448,FEDEX,10/19/2024,In Transit,Bangalore,Pune,NULL,10/26/2024,NULL,NULL
SHO8449,DHL,04/16/2026,In Transit,Bangalore,Mumbai,-79.6,04/21/2026,NULL,NULL
SHO8450,DHL,,Delivered,Pune,Mumbai,375.09,09/30/2025,NULL,NULL
SHO8453,FEDEX,,Delayed,Delhi,Pune,438.65,09/28/2024,10/01/2024,NULL
SHO8456,DHL,02/07/2026,Delivered,Hyderabad,Mumbai,493.15,02/11/2026,NULL,NULL
SHO8458,FEDEX,04/07/2025,Delivered,Bangalore,Chennai,142.95,10/07/2025,NULL,NULL
SHO8459,BLUEDART,05/26/2024,UNKNOWN,Mumbai,Bangalore,281.48,NULL,NULL,NULL
SHO8461,BLUEDART,05/15/2025,UNKNOWN,Hyderabad,Pune,452.82,NULL,05/18/2025,NULL
SHO8462,BLUEDART,,Delivered,Delhi,Chennai,62.8,NULL,NULL,NULL
SHO8463,DHL,11/02/2025,Pending,Bangalore,Hyderabad,-54.09,NULL,NULL,NULL
SHO8464,DHL,03/27/2026,Delivered,Delhi,Bangalore,86.72,NULL,04/02/2026,NULL
SHO8465,DHL,,Delayed,Hyderabad,Delhi,82.62,04/25/2026,05/01/2026,NULL
SHO8472,DHL,12/12/2025,In Transit,Hyderabad,Chennai,NULL,12/14/2025,NULL,NULL
SHO8474,DHL,,Pending,Pune,Bangalore,468.19,03/22/2024,NULL,NULL
SHO8475,DHL,,Pending,Chennai,Pune,29.77,05/17/2024,NULL,NULL
SHO8477,FEDEX,04/23/2025,Delivered,Hyderabad,Pune,-11.25,04/29/2025,04/28/2025,0
SHO8479,FEDEX,,Accepted,Bangalore,Chennai,249.26,04/07/2025,NULL,NULL
SHO8480,FEDEX,,Pending,Delhi,Chennai,276.19,09/24/2025,NULL,NULL
SHO8481,BLUEDART,,Pending,Hyderabad,Bangalore,282.43,06/02/2024,NULL,NULL
SHO8486,FEDEX,,Delivered,Bangalore,Hyderabad,388.75,11/05/2024,11/07/2024,2
SHO8487,BLUEDART,,Delayed,Hyderabad,Mumbai,66.64,NULL,06/08/2026,NULL
SHO8488,FEDEX,,Delivered,Chennai,Pune,464.46,08/08/2025,08/09/2025,1
,DHL,09/18/2024,Delayed,Hyderabad,Delhi,481.04,NULL,NULL,NULL
SHO8490,FEDEX,,Delivered,Bangalore,Mumbai,2.63,06/05/2024,NULL,NULL
SHO8491,DHL,,Delivered,Delhi,Pune,90.99,NULL,03/05/2026,NULL
,FEDEX,06/26/2024,In Transit,Chennai,Mumbai,281.78,NULL,NULL,NULL
SHO8493,FEDEX,,Pending,Hyderabad,Pune,254.04,01/05/2025,NULL,NULL
SHO8494,FEDEX,,Pending,Hyderabad,Bangalore,197.49,NULL,NULL,NULL
,FEDEX,08/13/2025,In Transit,Mumbai,Pune,196.11,08/18/2025,NULL,NULL
SHO8497,DHL,08/25/2024,Delayed,Delhi,Hyderabad,228.74,NULL,05/09/2024,NULL
SHO8499,DHL,07/13/2025,In Transit,Mumbai,Chennai,-78.91,07/18/2025,NULL,NULL
,FEDEX,,Pending,Hyderabad,Chennai,17.13,01/17/2024,NULL,NULL
SHO8503,FEDEX,04/20/2025,Delivered,Delhi,Pune,-63.42,NULL,04/28/2025,NULL
SHO8504,BLUEDART,03/14/2024,UNKNOWN,Bangalore,Hyderabad,117.49,NULL,NULL,NULL
SHO8505,BLUEDART,,Delayed,Mumbai,Delhi,313.63,02/06/2025,04/06/2025,NULL
SHO8506,DHL,04/16/2024,Delivered,Pune,Mumbai,-18.07,NULL,NULL,NULL
SHO8507,FEDEX,,Accepted,Pune,Delhi,488.18,11/11/2025,NULL,NULL
SHO8508,FEDEX,12/22/2025,Delayed,Bangalore,Pune,NULL,12/27/2025,12/30/2025,NULL
SHO8509,FEDEX,,Delivered,Mumbai,Bangalore,113.06,NULL,06/30/2024,NULL
SHO8512,DHL,,Pending,Pune,Mumbai,260.24,NULL,NULL,NULL
SHO8514,FEDEX,06/24/2024,Delayed,Pune,Mumbai,380.12,01/07/2024,NULL,NULL
SHO8515,FEDEX,,Delivered,Hyderabad,Mumbai,301.11,NULL,02/17/2026,NULL
,DHL,06/23/2025,Pending,Pune,Hyderabad,256.1,NULL,NULL,NULL
SHO8517,FEDEX,,In Transit,Hyderabad,Chennai,106.21,10/28/2024,NULL,NULL
SHO8518,FEDEX,07/08/2024,UNKNOWN,Pune,Chennai,-4.95,NULL,NULL,NULL
SHO8519,BLUEDART,09/04/2024,Delayed,Mumbai,Hyderabad,-40.95,11/04/2024,04/16/2024,NULL
SHO8520,BLUEDART,11/23/2024,Delivered,Hyderabad,Delhi,306.56,11/27/2024,NULL,NULL
,FEDEX,12/23/2024,Accepted,Bangalore,Delhi,339.73,12/30/2024,NULL,NULL
SHO8524,FEDEX,,In Transit,Mumbai,Hyderabad,89.13,NULL,NULL,NULL
SHO8525,BLUEDART,,Delivered,Pune,Mumbai,349.53,03/09/2025,NULL,NULL
,FEDEX,01/07/2026,In Transit,Mumbai,Chennai,98.36,NULL,NULL,NULL
SHO8529,BLUEDART,02/29/2024,UNKNOWN,Mumbai,Bangalore,466.91,NULL,NULL,NULL
SHO8531,DHL,,UNKNOWN,Mumbai,Chennai,306.16,NULL,02/21/2026,NULL
SHO8532,FEDEX,,Delivered,Pune,Chennai,413.15,01/26/2025,01/26/2025,0
SHO8533,DHL,,Pending,Delhi,Mumbai,161.79,07/21/2024,NULL,NULL
SHO8536,DHL,01/14/2024,Delivered,Chennai,Pune,151.25,01/16/2024,NULL,NULL
SHO8537,FEDEX,,Delivered,Delhi,Chennai,142.65,NULL,NULL,NULL
SHO8539,BLUEDART,03/22/2024,Pending,Hyderabad,Mumbai,-23.08,03/26/2024,NULL,NULL
SHO8540,DHL,,Delayed,Hyderabad,Bangalore,83.13,11/11/2025,11/12/2025,NULL
SHO8541,DHL,,Pending,Bangalore,Hyderabad,452.24,09/20/2025,NULL,NULL
SHO8542,DHL,06/25/2026,Pending,Delhi,Pune,58.01,02/07/2026,NULL,NULL
SHO8543,BLUEDART,04/21/2026,UNKNOWN,Pune,Chennai,201.52,04/27/2026,NULL,NULL
SHO8545,FEDEX,,Accepted,Chennai,Pune,317.84,03/28/2026,NULL,NULL
SHO8546,FEDEX,,UNKNOWN,Delhi,Chennai,376.52,01/23/2024,NULL,NULL
SHO8551,DHL,06/28/2025,Delayed,Hyderabad,Pune,121.81,04/07/2025,07/05/2025,NULL
SHO8552,DHL,,Delayed,Bangalore,Chennai,85.39,01/05/2025,12/01/2025,NULL
SHO8554,DHL,04/30/2025,Delivered,Mumbai,Pune,13.63,05/02/2025,03/05/2025,0
SHO8555,DHL,,Pending,Delhi,Chennai,496.41,NULL,NULL,NULL
SHO8556,BLUEDART,08/02/2025,Delivered,Delhi,Pune,483.61,02/15/2025,02/19/2025,4
SHO8558,DHL,,Pending,Hyderabad,Mumbai,246.36,03/22/2024,NULL,NULL
,FEDEX,06/04/2025,Delivered,Pune,Hyderabad,92.47,06/06/2025,06/04/2025,0
SHO8560,FEDEX,,Accepted,Delhi,Bangalore,406.5,09/24/2024,NULL,NULL
SHO8561,BLUEDART,07/03/2024,UNKNOWN,Delhi,Mumbai,297.43,03/14/2024,03/13/2024,NULL
SHO8562,DHL,05/09/2024,UNKNOWN,Hyderabad,Pune,401.68,09/09/2024,09/16/2024,NULL
SHO8563,DHL,12/31/2024,Delayed,Chennai,Hyderabad,-14.12,01/07/2025,08/01/2025,NULL
SHO8564,DHL,04/09/2025,Delivered,Pune,Chennai,360.24,NULL,12/04/2025,NULL
SHO8565,BLUEDART,,In Transit,Delhi,Pune,157.83,NULL,NULL,NULL
SHO8567,DHL,10/30/2024,UNKNOWN,Bangalore,Mumbai,231.52,11/01/2024,NULL,NULL
SHO8568,FEDEX,,Delivered,Bangalore,Mumbai,341.42,NULL,NULL,NULL
SHO8569,FEDEX,03/26/2025,Delivered,Hyderabad,Bangalore,175.77,NULL,NULL,NULL
,BLUEDART,,Delivered,Bangalore,Pune,44.86,10/25/2024,NULL,NULL
SHO8572,BLUEDART,,Delivered,Pune,Bangalore,349.33,10/09/2024,10/11/2024,2
,BLUEDART,05/30/2024,In Transit,Pune,Mumbai,429.64,04/06/2024,NULL,NULL
SHO8575,FEDEX,08/02/2025,In Transit,Chennai,Mumbai,167.34,02/15/2025,NULL,NULL
SHO8576,BLUEDART,04/27/2025,UNKNOWN,Hyderabad,Delhi,150.19,NULL,NULL,NULL
SHO8577,FEDEX,,In Transit,Delhi,Bangalore,295.63,06/26/2025,NULL,NULL
SHO8578,BLUEDART,,UNKNOWN,Chennai,Mumbai,NULL,NULL,NULL,NULL
SHO8582,BLUEDART,12/05/2026,Pending,Chennai,Hyderabad,451.44,05/19/2026,NULL,NULL
SHO8584,FEDEX,09/02/2025,In Transit,Delhi,Chennai,118.28,04/09/2025,NULL,NULL
SHO8585,DHL,10/06/2026,Pending,Delhi,Chennai,97.43,06/15/2026,NULL,NULL
SHO8587,BLUEDART,,Delayed,Chennai,Pune,38.34,NULL,12/04/2024,NULL
SHO8588,DHL,03/23/2025,In Transit,Delhi,Chennai,NULL,03/26/2025,NULL,NULL
SHO8589,BLUEDART,01/24/2024,UNKNOWN,Bangalore,Hyderabad,104.25,01/30/2024,02/02/2024,NULL
SHO8590,FEDEX,,In Transit,Chennai,Bangalore,461.85,05/11/2025,NULL,NULL
SHO8593,DHL,06/14/2025,UNKNOWN,Chennai,Hyderabad,480.71,06/17/2025,06/17/2025,NULL
SHO8594,BLUEDART,05/09/2025,In Transit,Bangalore,Chennai,-6.57,05/13/2025,NULL,NULL
SHO8597,DHL,,UNKNOWN,Bangalore,Hyderabad,440.67,03/06/2024,NULL,NULL
SHO8599,BLUEDART,04/13/2025,In Transit,Chennai,Hyderabad,-2.5,04/19/2025,NULL,NULL
SHO8600,BLUEDART,11/03/2026,In Transit,Chennai,Mumbai,453.95,03/18/2026,NULL,NULL
SHO8601,DHL,,Pending,Hyderabad,Pune,381.85,11/30/2024,NULL,NULL
SHO8602,BLUEDART,,Delayed,Hyderabad,Bangalore,359.61,07/30/2024,NULL,NULL
,BLUEDART,06/21/2024,Delivered,Mumbai,Delhi,97.94,06/24/2024,06/24/2024,0
SHO8604,DHL,,Pending,Hyderabad,Mumbai,381.28,06/28/2024,NULL,NULL
SHO8605,FEDEX,,Delivered,Mumbai,Bangalore,262.74,03/09/2025,09/04/2025,179
SHO8606,DHL,,Pending,Bangalore,Delhi,150.91,NULL,NULL,NULL
,DHL,,Pending,Delhi,Bangalore,-24.19,NULL,NULL,NULL
SHO8610,BLUEDART,02/14/2025,Delivered,Mumbai,Bangalore,298.57,02/18/2025,NULL,NULL
SHO8611,DHL,02/11/2024,In Transit,Delhi,Mumbai,NULL,02/14/2024,NULL,NULL
SHO8613,FEDEX,,Delayed,Hyderabad,Chennai,341.29,05/20/2026,NULL,NULL
SHO8614,FEDEX,,Delivered,Pune,Delhi,277.03,03/17/2026,03/21/2026,4
SHO8615,FEDEX,06/11/2026,Delivered,Pune,Hyderabad,-66.52,NULL,06/18/2026,NULL
SHO8616,BLUEDART,,In Transit,Hyderabad,Mumbai,-45.01,02/11/2024,NULL,NULL
SHO8619,BLUEDART,,Pending,Pune,Bangalore,72.26,04/17/2026,NULL,NULL
,DHL,10/02/2024,Delivered,Delhi,Chennai,374.32,10/09/2024,10/11/2024,2
SHO8622,DHL,,Delayed,Mumbai,Bangalore,-36.39,06/30/2024,NULL,NULL
SHO8623,DHL,12/08/2024,Delivered,Delhi,Mumbai,348.07,NULL,08/20/2024,NULL
SHO8628,FEDEX,,Delayed,Chennai,Hyderabad,NULL,04/07/2024,11/07/2024,NULL
SHO8629,DHL,,Pending,Hyderabad,Mumbai,109.68,04/06/2025,NULL,NULL
SHO8630,BLUEDART,07/13/2025,Delivered,Hyderabad,Chennai,113.0,07/20/2025,NULL,NULL
SHO8631,BLUEDART,02/16/2024,UNKNOWN,Hyderabad,Bangalore,5.16,02/21/2024,NULL,NULL
SHO8632,FEDEX,05/24/2025,UNKNOWN,Pune,Chennai,362.38,NULL,NULL,NULL
SHO8633,FEDEX,11/29/2025,Delivered,Pune,Mumbai,402.73,12/06/2025,10/12/2025,0
SHO8637,FEDEX,,In Transit,Hyderabad,Bangalore,36.73,02/08/2026,NULL,NULL
SHO8638,BLUEDART,07/07/2025,Accepted,Pune,Delhi,-1.26,07/11/2025,NULL,NULL
SHO8640,FEDEX,11/22/2025,Delayed,Chennai,Pune,-43.07,11/26/2025,NULL,NULL
SHO8642,BLUEDART,12/28/2025,Delivered,Delhi,Chennai,6.94,01/01/2026,NULL,NULL
SHO8644,DHL,,Pending,Delhi,Pune,180.21,03/03/2025,NULL,NULL
SHO8645,BLUEDART,,In Transit,Delhi,Pune,352.3,04/05/2025,NULL,NULL
SHO8647,FEDEX,,Delivered,Pune,Delhi,-22.41,02/24/2026,03/01/2026,5
SHO8651,BLUEDART,,In Transit,Bangalore,Delhi,-57.77,NULL,NULL,NULL
SHO8652,BLUEDART,,Delayed,Hyderabad,Bangalore,340.7,NULL,05/12/2026,NULL
SHO8655,BLUEDART,07/24/2024,UNKNOWN,Pune,Delhi,425.47,NULL,07/27/2024,NULL
SHO8656,DHL,07/25/2025,Pending,Bangalore,Hyderabad,-68.82,NULL,NULL,NULL
SHO8657,BLUEDART,,Delayed,Hyderabad,Chennai,482.18,02/08/2024,06/08/2024,NULL
SHO8660,FEDEX,09/06/2025,Delayed,Chennai,Delhi,422.71,06/13/2025,06/17/2025,NULL
SHO8661,FEDEX,,In Transit,Bangalore,Chennai,428.04,NULL,NULL,NULL
SHO8662,FEDEX,02/23/2026,Pending,Bangalore,Pune,156.23,01/03/2026,NULL,NULL
SHO8663,DHL,08/01/2024,Delivered,Hyderabad,Chennai,258.93,NULL,NULL,NULL
SHO8665,BLUEDART,08/01/2025,Delayed,Hyderabad,Pune,NULL,08/06/2025,10/08/2025,NULL
SHO8666,FEDEX,01/15/2026,UNKNOWN,Hyderabad,Pune,NULL,01/18/2026,NULL,NULL
SHO8668,BLUEDART,03/10/2026,UNKNOWN,Delhi,Hyderabad,-5.15,NULL,NULL,NULL
SHO8669,FEDEX,,Pending,Bangalore,Pune,328.0,NULL,NULL,NULL
SHO8670,FEDEX,10/08/2024,In Transit,Mumbai,Hyderabad,-54.77,10/11/2024,NULL,NULL
SHO8671,BLUEDART,,Delivered,Bangalore,Delhi,35.12,10/18/2024,NULL,NULL
SHO8673,FEDEX,12/06/2026,In Transit,Mumbai,Pune,6.09,06/17/2026,NULL,NULL
SHO8674,BLUEDART,,Delivered,Mumbai,Bangalore,7.33,04/30/2026,05/02/2026,2
SHO8676,BLUEDART,06/18/2026,Delivered,Chennai,Delhi,70.2,06/24/2026,NULL,NULL
SHO8680,FEDEX,,In Transit,Delhi,Chennai,-74.83,NULL,NULL,NULL
SHO8681,DHL,,Accepted,Pune,Delhi,78.61,01/21/2025,NULL,NULL
SHO8682,BLUEDART,02/01/2025,Delivered,Bangalore,Chennai,-24.26,NULL,02/10/2025,NULL
SHO8683,DHL,01/17/2024,Delivered,Hyderabad,Delhi,-0.52,01/20/2024,01/19/2024,0
SHO8687,BLUEDART,,In Transit,Chennai,Bangalore,178.16,NULL,NULL,NULL
SHO8692,FEDEX,08/03/2026,Pending,Hyderabad,Pune,NULL,NULL,NULL,NULL
SHO8693,DHL,06/22/2026,Delivered,Chennai,Hyderabad,98.47,06/27/2026,NULL,NULL
SHO8695,FEDEX,,Delayed,Hyderabad,Chennai,137.07,NULL,NULL,NULL
SHO8698,BLUEDART,,Delivered,Mumbai,Chennai,421.89,03/09/2026,03/09/2026,0
SHO8699,FEDEX,11/28/2025,Delivered,Chennai,Bangalore,-49.42,11/30/2025,11/28/2025,0
SHO8700,BLUEDART,,In Transit,Mumbai,Delhi,320.13,03/20/2025,NULL,NULL
SHO8701,FEDEX,03/02/2026,Delayed,Delhi,Bangalore,NULL,NULL,NULL,NULL
SHO8702,BLUEDART,,In Transit,Delhi,Chennai,223.74,02/09/2026,NULL,NULL
SHO8704,DHL,09/05/2025,In Transit,Chennai,Delhi,NULL,07/09/2025,NULL,NULL
SHO8707,BLUEDART,,Delayed,Pune,Delhi,98.28,NULL,06/02/2026,NULL
SHO8708,DHL,,In Transit,Hyderabad,Chennai,378.53,01/11/2025,NULL,NULL
SHO8712,DHL,,Pending,Pune,Mumbai,182.74,07/01/2026,NULL,NULL
SHO8713,BLUEDART,07/03/2024,Accepted,Bangalore,Delhi,NULL,03/13/2024,NULL,NULL
SHO8714,FEDEX,06/02/2024,Delivered,Chennai,Hyderabad,359.54,NULL,06/07/2024,NULL
SHO8716,FEDEX,,Delivered,Mumbai,Hyderabad,494.1,12/29/2024,12/30/2024,1
SHO8724,BLUEDART,,Delivered,Hyderabad,Delhi,166.14,NULL,05/19/2026,NULL
SHO8725,DHL,,Delivered,Hyderabad,Bangalore,-26.33,02/17/2025,02/17/2025,0
SHO8728,FEDEX,,UNKNOWN,Bangalore,Delhi,202.83,11/02/2024,02/13/2024,NULL
SHO8730,DHL,05/02/2026,Delivered,Bangalore,Mumbai,449.64,02/09/2026,02/10/2026,1
SHO8731,DHL,,Delivered,Hyderabad,Chennai,17.92,02/09/2025,09/05/2025,208
,FEDEX,10/05/2026,In Transit,Bangalore,Delhi,-7.26,05/13/2026,NULL,NULL
SHO8734,FEDEX,,Accepted,Pune,Bangalore,-4.39,NULL,NULL,NULL
SHO8735,BLUEDART,03/18/2024,Delayed,Bangalore,Chennai,-78.79,NULL,NULL,NULL
SHO8737,FEDEX,,In Transit,Bangalore,Mumbai,90.07,07/12/2025,NULL,NULL
SHO8739,DHL,,Pending,Pune,Mumbai,448.11,01/22/2025,NULL,NULL
SHO8740,FEDEX,01/01/2025,Delayed,Delhi,Chennai,-13.47,01/07/2025,NULL,NULL
SHO8741,FEDEX,04/02/2026,Delayed,Chennai,Mumbai,NULL,10/02/2026,12/02/2026,NULL
SHO8742,FEDEX,,In Transit,Bangalore,Mumbai,137.2,NULL,NULL,NULL
SHO8743,DHL,,Delivered,Mumbai,Hyderabad,56.07,08/29/2024,08/30/2024,1
,FEDEX,06/12/2025,In Transit,Chennai,Hyderabad,NULL,12/10/2025,NULL,NULL
SHO8745,BLUEDART,10/21/2025,UNKNOWN,Hyderabad,Mumbai,-58.24,10/27/2025,NULL,NULL
SHO8746,FEDEX,01/15/2026,Delivered,Bangalore,Delhi,418.94,NULL,01/20/2026,NULL
SHO8749,BLUEDART,,Pending,Pune,Hyderabad,481.93,01/21/2024,NULL,NULL
SHO8750,BLUEDART,07/29/2025,Delivered,Hyderabad,Chennai,33.25,NULL,08/03/2025,NULL
SHO8753,BLUEDART,01/01/2025,Delivered,Chennai,Bangalore,25.68,01/07/2025,NULL,NULL
SHO8756,FEDEX,,Delivered,Pune,Delhi,270.77,07/01/2024,07/04/2024,3
SHO8757,FEDEX,02/19/2025,Delivered,Delhi,Mumbai,274.83,NULL,NULL,NULL
SHO8760,DHL,12/10/2025,Pending,Chennai,Delhi,-64.94,12/17/2025,NULL,NULL
SHO8762,BLUEDART,,Delayed,Hyderabad,Mumbai,335.56,10/31/2024,11/06/2024,NULL
SHO8764,BLUEDART,,Delayed,Delhi,Chennai,NULL,06/26/2025,07/03/2025,NULL
SHO8765,FEDEX,,In Transit,Pune,Delhi,-77.43,06/04/2026,NULL,NULL
SHO8766,BLUEDART,,UNKNOWN,Pune,Bangalore,188.25,NULL,NULL,NULL
SHO8767,BLUEDART,,Pending,Bangalore,Delhi,256.54,NULL,NULL,NULL
SHO8768,FEDEX,02/01/2026,Delayed,Delhi,Hyderabad,-76.77,04/02/2026,02/05/2026,NULL
SHO8769,FEDEX,,Pending,Chennai,Hyderabad,208.36,03/26/2024,NULL,NULL
SHO8770,FEDEX,07/14/2024,Delivered,Hyderabad,Pune,298.14,07/19/2024,NULL,NULL
SHO8773,BLUEDART,10/01/2024,Pending,Pune,Bangalore,NULL,NULL,NULL,NULL
SHO8774,BLUEDART,12/20/2025,Delivered,Chennai,Mumbai,401.51,NULL,12/29/2025,NULL
,DHL,06/19/2025,Pending,Pune,Hyderabad,138.53,06/21/2025,NULL,NULL
SHO8776,DHL,,Pending,Bangalore,Delhi,330.46,NULL,NULL,NULL
SHO8778,DHL,05/29/2024,Delivered,Chennai,Pune,292.17,05/31/2024,NULL,NULL
SHO8779,DHL,,Pending,Pune,Delhi,208.15,NULL,NULL,NULL
SHO8780,DHL,,Pending,Delhi,Chennai,-14.45,08/19/2024,NULL,NULL
,FEDEX,,In Transit,Delhi,Mumbai,-64.72,03/22/2024,NULL,NULL
SHO8782,BLUEDART,03/07/2026,Delivered,Chennai,Hyderabad,-76.29,NULL,03/10/2026,NULL
SHO8783,FEDEX,,Delivered,Pune,Delhi,21.76,NULL,NULL,NULL
SHO8784,FEDEX,,In Transit,Mumbai,Hyderabad,123.11,05/28/2025,NULL,NULL
SHO8785,BLUEDART,06/16/2024,Delivered,Chennai,Pune,479.05,06/22/2024,NULL,NULL
SHO8786,DHL,11/05/2024,In Transit,Delhi,Pune,160.08,08/11/2024,NULL,NULL
SHO8788,BLUEDART,03/05/2025,Delivered,Chennai,Bangalore,-48.68,09/05/2025,07/05/2025,0
SHO8789,BLUEDART,10/12/2024,Delivered,Bangalore,Hyderabad,443.69,12/17/2024,NULL,NULL
SHO8790,DHL,06/29/2024,Delivered,Pune,Chennai,NULL,07/06/2024,NULL,NULL
SHO8791,DHL,,In Transit,Chennai,Hyderabad,455.38,10/27/2024,NULL,NULL
SHO8792,BLUEDART,05/27/2026,Pending,Delhi,Mumbai,-54.12,NULL,NULL,NULL
,BLUEDART,06/04/2026,Delayed,Chennai,Pune,84.49,NULL,06/16/2026,NULL
SHO8794,BLUEDART,,Pending,Hyderabad,Pune,-67.5,NULL,NULL,NULL
SHO8795,BLUEDART,,UNKNOWN,Delhi,Hyderabad,296.72,05/18/2026,NULL,NULL
SHO8796,BLUEDART,,In Transit,Pune,Delhi,162.32,11/05/2025,NULL,NULL
SHO8797,BLUEDART,,Pending,Pune,Mumbai,454.67,04/08/2024,NULL,NULL
SHO8798,FEDEX,,Pending,Hyderabad,Chennai,41.85,03/07/2026,NULL,NULL
SHO8799,BLUEDART,01/08/2024,Delivered,Pune,Bangalore,186.23,NULL,01/08/2024,NULL
SHO8800,DHL,05/24/2025,Delayed,Pune,Mumbai,89.77,05/26/2025,04/06/2025,NULL
SHO8803,DHL,,Delivered,Chennai,Bangalore,NULL,03/24/2026,03/23/2026,0
SHO8807,DHL,,Delayed,Mumbai,Bangalore,366.07,09/06/2025,NULL,NULL
SHO8809,FEDEX,,In Transit,Hyderabad,Delhi,183.25,01/31/2024,NULL,NULL
,BLUEDART,04/03/2024,Accepted,Mumbai,Hyderabad,386.97,05/04/2024,NULL,NULL
SHO8815,DHL,12/05/2024,In Transit,Delhi,Hyderabad,372.18,05/15/2024,NULL,NULL
SHO8816,FEDEX,03/05/2025,Delivered,Mumbai,Bangalore,210.45,05/10/2025,NULL,NULL
SHO8817,FEDEX,,In Transit,Chennai,Mumbai,247.7,09/14/2025,NULL,NULL
,FEDEX,,In Transit,Hyderabad,Mumbai,427.46,12/24/2024,NULL,NULL
,DHL,,In Transit,Bangalore,Hyderabad,NULL,09/19/2024,NULL,NULL
SHO8820,BLUEDART,12/06/2026,Delayed,Pune,Bangalore,375.06,06/19/2026,06/25/2026,NULL
,FEDEX,06/29/2025,Pending,Delhi,Hyderabad,297.29,07/02/2025,NULL,NULL
SHO8823,DHL,,Accepted,Bangalore,Pune,5.67,06/21/2025,NULL,NULL
SHO8825,BLUEDART,,Delayed,Pune,Mumbai,-10.78,02/24/2024,NULL,NULL
SHO8827,BLUEDART,,In Transit,Pune,Mumbai,328.23,03/05/2025,NULL,NULL
SHO8828,BLUEDART,02/08/2024,In Transit,Pune,Mumbai,NULL,NULL,NULL,NULL
SHO8829,BLUEDART,12/01/2025,Pending,Delhi,Chennai,204.17,01/15/2025,NULL,NULL
SHO8830,DHL,01/28/2025,Pending,Hyderabad,Chennai,66.12,01/02/2025,NULL,NULL
SHO8831,DHL,09/08/2025,UNKNOWN,Hyderabad,Chennai,287.68,NULL,09/20/2025,NULL
SHO8832,DHL,,Delivered,Mumbai,Pune,NULL,05/12/2026,05/16/2026,4
SHO8837,BLUEDART,05/25/2024,Delivered,Mumbai,Bangalore,218.52,NULL,06/04/2024,NULL
SHO8838,DHL,,Accepted,Chennai,Mumbai,127.78,11/16/2025,NULL,NULL
SHO8841,DHL,05/15/2026,In Transit,Pune,Chennai,-46.28,05/17/2026,NULL,NULL
SHO8842,FEDEX,12/12/2024,Delivered,Hyderabad,Bangalore,230.0,NULL,NULL,NULL
SHO8843,FEDEX,02/01/2025,Delayed,Pune,Delhi,85.62,01/04/2025,01/12/2025,NULL
SHO8847,FEDEX,04/23/2026,UNKNOWN,Pune,Mumbai,231.17,04/25/2026,04/30/2026,NULL
SHO8848,DHL,04/26/2026,Delayed,Chennai,Pune,-3.73,04/28/2026,05/07/2026,NULL
SHO8850,BLUEDART,08/26/2024,Delivered,Bangalore,Mumbai,NULL,08/31/2024,NULL,NULL
SHO8851,BLUEDART,,Delivered,Bangalore,Hyderabad,327.71,NULL,05/07/2024,NULL
,BLUEDART,09/21/2025,In Transit,Chennai,Hyderabad,80.25,NULL,NULL,NULL
,DHL,08/06/2024,Delivered,Hyderabad,Bangalore,421.07,08/13/2024,NULL,NULL
SHO8854,FEDEX,11/03/2024,Delivered,Mumbai,Pune,337.28,03/17/2024,03/21/2024,4
SHO8859,BLUEDART,12/01/2025,Delayed,Delhi,Mumbai,26.87,NULL,01/22/2025,NULL
SHO8860,DHL,02/13/2025,In Transit,Bangalore,Mumbai,-33.69,NULL,NULL,NULL
SHO8861,BLUEDART,,In Transit,Delhi,Pune,100.77,NULL,NULL,NULL
SHO8863,DHL,07/24/2024,Delayed,Mumbai,Pune,236.62,NULL,07/08/2024,NULL
SHO8864,BLUEDART,,In Transit,Mumbai,Hyderabad,151.14,02/02/2026,NULL,NULL
SHO8870,FEDEX,,UNKNOWN,Delhi,Chennai,337.2,05/21/2026,NULL,NULL
SHO8871,BLUEDART,09/19/2024,Delivered,Delhi,Mumbai,453.23,NULL,NULL,NULL
SHO8873,DHL,,Delayed,Chennai,Bangalore,41.19,02/03/2024,03/08/2024,NULL
SHO8875,DHL,,In Transit,Bangalore,Delhi,81.75,10/20/2025,NULL,NULL
SHO8877,BLUEDART,06/24/2026,Accepted,Pune,Bangalore,NULL,01/07/2026,NULL,NULL
SHO8878,FEDEX,,UNKNOWN,Delhi,Hyderabad,13.62,12/31/2024,NULL,NULL
SHO8879,FEDEX,,In Transit,Delhi,Pune,415.33,03/25/2025,NULL,NULL
SHO8880,FEDEX,06/21/2026,Delayed,Chennai,Delhi,5.18,NULL,02/07/2026,NULL
SHO8882,DHL,,Delayed,Delhi,Mumbai,134.56,05/03/2024,06/05/2024,NULL
,DHL,10/28/2024,In Transit,Chennai,Pune,450.51,11/03/2024,NULL,NULL
SHO8887,DHL,,Pending,Pune,Chennai,203.56,NULL,NULL,NULL
SHO8892,BLUEDART,,Delivered,Delhi,Pune,83.81,08/21/2025,08/21/2025,0
SHO8893,DHL,07/02/2025,Pending,Hyderabad,Chennai,341.15,02/10/2025,NULL,NULL
SHO8899,FEDEX,,In Transit,Chennai,Hyderabad,312.57,NULL,NULL,NULL
SHO8901,FEDEX,,Delivered,Chennai,Delhi,NULL,NULL,12/04/2024,NULL
SHO8903,FEDEX,04/15/2026,Delivered,Hyderabad,Delhi,411.58,NULL,04/15/2026,NULL
SHO8904,FEDEX,,Accepted,Mumbai,Hyderabad,76.1,02/14/2025,NULL,NULL
SHO8905,FEDEX,,In Transit,Mumbai,Hyderabad,264.11,NULL,NULL,NULL
SHO8909,FEDEX,09/27/2024,Pending,Delhi,Pune,-11.57,01/10/2024,NULL,NULL
SHO8915,FEDEX,08/10/2024,In Transit,Delhi,Mumbai,-39.13,10/11/2024,NULL,NULL
,FEDEX,07/09/2025,Delivered,Chennai,Delhi,161.8,07/16/2025,07/20/2025,4
SHO8918,FEDEX,,In Transit,Hyderabad,Mumbai,372.11,NULL,NULL,NULL
SHO8920,BLUEDART,12/19/2025,Pending,Bangalore,Hyderabad,-51.03,12/24/2025,NULL,NULL
SHO8921,DHL,08/10/2024,Pending,Chennai,Hyderabad,-35.13,08/14/2024,NULL,NULL
,FEDEX,04/02/2024,UNKNOWN,Hyderabad,Pune,21.04,02/07/2024,NULL,NULL
SHO8923,FEDEX,07/23/2024,Delivered,Pune,Chennai,-28.7,07/25/2024,NULL,NULL
SHO8924,BLUEDART,02/03/2024,Delivered,Mumbai,Chennai,NULL,02/10/2024,02/08/2024,0
SHO8925,BLUEDART,,Accepted,Pune,Hyderabad,237.55,07/08/2024,NULL,NULL
SHO8928,DHL,11/08/2024,In Transit,Delhi,Chennai,109.55,08/13/2024,NULL,NULL
,DHL,03/11/2024,Delayed,Hyderabad,Chennai,405.85,11/06/2024,11/11/2024,NULL
SHO8930,DHL,,In Transit,Bangalore,Delhi,248.18,08/18/2025,NULL,NULL
SHO8933,FEDEX,06/03/2024,In Transit,Hyderabad,Delhi,133.1,05/06/2024,NULL,NULL
SHO8934,BLUEDART,10/21/2025,In Transit,Mumbai,Pune,-60.85,NULL,NULL,NULL
SHO8937,DHL,10/30/2024,Pending,Delhi,Chennai,-12.19,11/06/2024,NULL,NULL
SHO8938,DHL,03/08/2024,In Transit,Chennai,Delhi,NULL,08/10/2024,NULL,NULL
SHO8939,BLUEDART,,In Transit,Delhi,Mumbai,-5.19,02/20/2026,NULL,NULL
SHO8940,BLUEDART,,Delayed,Chennai,Mumbai,493.38,07/31/2024,08/07/2024,NULL
,FEDEX,10/02/2025,Delivered,Mumbai,Pune,118.05,10/08/2025,10/06/2025,0
SHO8942,FEDEX,,Delivered,Chennai,Delhi,-0.04,NULL,04/16/2024,NULL
SHO8943,BLUEDART,09/11/2025,Pending,Bangalore,Hyderabad,NULL,NULL,NULL,NULL
SHO8944,FEDEX,08/27/2025,UNKNOWN,Chennai,Hyderabad,489.87,08/30/2025,01/09/2025,NULL
SHO8945,FEDEX,,Pending,Bangalore,Chennai,120.98,06/07/2024,NULL,NULL
SHO8948,BLUEDART,,Pending,Mumbai,Delhi,229.63,04/21/2024,NULL,NULL
SHO8953,FEDEX,,In Transit,Bangalore,Hyderabad,230.17,NULL,NULL,NULL
SHO8955,FEDEX,,UNKNOWN,Chennai,Pune,113.53,NULL,NULL,NULL
SHO8956,FEDEX,11/08/2024,Pending,Hyderabad,Pune,NULL,08/13/2024,NULL,NULL
SHO8957,BLUEDART,,Pending,Bangalore,Pune,173.75,10/08/2025,NULL,NULL
SHO8959,BLUEDART,07/26/2024,Delayed,Pune,Chennai,348.32,07/29/2024,05/08/2024,NULL
SHO8960,BLUEDART,10/26/2024,Pending,Delhi,Bangalore,362.1,02/11/2024,NULL,NULL
SHO8962,FEDEX,,UNKNOWN,Pune,Delhi,213.16,07/26/2024,NULL,NULL
SHO8964,DHL,,In Transit,Chennai,Bangalore,-49.15,06/30/2025,NULL,NULL
SHO8966,DHL,02/16/2024,UNKNOWN,Delhi,Bangalore,-48.91,NULL,02/20/2024,NULL
SHO8967,BLUEDART,,Pending,Hyderabad,Mumbai,115.92,04/22/2024,NULL,NULL
SHO8969,FEDEX,09/07/2024,Pending,Bangalore,Mumbai,92.54,07/14/2024,NULL,NULL
SHO8970,BLUEDART,02/22/2025,Accepted,Pune,Mumbai,-32.15,02/27/2025,NULL,NULL
SHO8971,DHL,06/21/2025,UNKNOWN,Pune,Mumbai,269.47,06/28/2025,NULL,NULL
SHO8973,FEDEX,08/08/2025,Pending,Pune,Bangalore,-73.83,08/15/2025,NULL,NULL
SHO8975,BLUEDART,,In Transit,Delhi,Mumbai,310.47,12/15/2024,NULL,NULL
SHO8977,DHL,05/26/2024,In Transit,Mumbai,Pune,187.47,01/06/2024,NULL,NULL
SHO8979,DHL,,In Transit,Chennai,Delhi,173.17,01/19/2024,NULL,NULL
SHO8980,DHL,11/09/2024,Accepted,Chennai,Bangalore,-16.85,11/13/2024,NULL,NULL
SHO8981,BLUEDART,,In Transit,Hyderabad,Mumbai,295.26,05/05/2024,NULL,NULL
SHO8982,FEDEX,,In Transit,Mumbai,Bangalore,403.33,11/18/2025,NULL,NULL
SHO8983,BLUEDART,,Accepted,Pune,Mumbai,94.93,07/10/2024,NULL,NULL
SHO8985,FEDEX,05/30/2024,Accepted,Pune,Mumbai,234.59,04/06/2024,NULL,NULL
SHO8986,FEDEX,,Pending,Bangalore,Hyderabad,NULL,NULL,NULL,NULL
SHO8988,FEDEX,05/30/2026,Delivered,Chennai,Bangalore,441.11,NULL,07/06/2026,NULL
SHO8991,BLUEDART,07/04/2024,In Transit,Hyderabad,Bangalore,-32.63,08/07/2024,NULL,NULL
SHO8992,FEDEX,,Pending,Hyderabad,Mumbai,381.09,07/05/2025,NULL,NULL
SHO8994,DHL,01/06/2025,Delivered,Hyderabad,Bangalore,-21.41,06/06/2025,06/09/2025,3
,DHL,10/21/2024,Pending,Delhi,Chennai,27.64,NULL,NULL,NULL
SHO8997,DHL,,Delivered,Mumbai,Pune,482.64,NULL,06/24/2024,NULL
SHO8998,DHL,,Pending,Hyderabad,Bangalore,281.07,NULL,NULL,NULL
SHO8999,FEDEX,05/08/2025,UNKNOWN,Pune,Delhi,155.07,12/08/2025,NULL,NULL
SHO9001,FEDEX,,Delivered,Bangalore,Chennai,93.19,NULL,10/11/2025,NULL
SHO9004,FEDEX,03/09/2025,Pending,Hyderabad,Chennai,-16.8,NULL,NULL,NULL
SHO9005,FEDEX,,In Transit,Hyderabad,Delhi,370.78,NULL,NULL,NULL
SHO9007,FEDEX,,Pending,Delhi,Bangalore,-2.89,NULL,NULL,NULL
SHO9008,BLUEDART,01/08/2026,In Transit,Pune,Delhi,NULL,NULL,NULL,NULL
SHO9009,BLUEDART,,Delivered,Mumbai,Hyderabad,422.73,12/10/2024,12/10/2024,0
SHO9010,DHL,,Pending,Mumbai,Hyderabad,257.95,11/05/2025,NULL,NULL
SHO9011,BLUEDART,,Delayed,Mumbai,Bangalore,382.78,03/25/2025,NULL,NULL
SHO9012,DHL,,Accepted,Pune,Chennai,448.24,08/28/2025,NULL,NULL
SHO9013,FEDEX,,Delivered,Chennai,Mumbai,205.76,04/04/2025,NULL,NULL
SHO9017,BLUEDART,03/31/2024,In Transit,Chennai,Pune,NULL,02/04/2024,NULL,NULL
SHO9019,DHL,01/31/2024,In Transit,Pune,Delhi,NULL,05/02/2024,NULL,NULL
SHO9022,FEDEX,,Pending,Bangalore,Mumbai,46.74,09/26/2025,NULL,NULL
SHO9023,BLUEDART,04/11/2025,Delivered,Hyderabad,Chennai,409.58,NULL,NULL,NULL
SHO9024,FEDEX,10/14/2024,In Transit,Mumbai,Hyderabad,-48.09,10/20/2024,NULL,NULL
SHO9026,DHL,,Delayed,Delhi,Mumbai,277.03,08/06/2026,06/13/2026,NULL
SHO9028,FEDEX,05/03/2025,In Transit,Hyderabad,Chennai,NULL,11/03/2025,NULL,NULL
SHO9029,BLUEDART,07/24/2025,In Transit,Chennai,Delhi,NULL,07/29/2025,NULL,NULL
SHO9030,FEDEX,,Pending,Delhi,Mumbai,-30.86,01/03/2025,NULL,NULL
,FEDEX,,Pending,Bangalore,Hyderabad,-7.26,04/22/2026,NULL,NULL
SHO9033,DHL,09/11/2025,Delivered,Delhi,Mumbai,-6.88,09/13/2025,NULL,NULL
SHO9034,BLUEDART,02/22/2024,Delivered,Pune,Hyderabad,70.39,NULL,NULL,NULL
SHO9036,FEDEX,,Delivered,Hyderabad,Bangalore,389.62,01/08/2024,01/07/2024,0
SHO9037,BLUEDART,07/02/2026,Delivered,Delhi,Chennai,348.73,10/02/2026,02/13/2026,0
SHO9038,DHL,,Delayed,Delhi,Bangalore,390.53,NULL,06/25/2024,NULL
SHO9039,FEDEX,,In Transit,Hyderabad,Chennai,230.38,04/24/2025,NULL,NULL
SHO9041,DHL,,Delivered,Delhi,Pune,395.22,10/21/2024,NULL,NULL
SHO9043,BLUEDART,10/09/2025,Delivered,Delhi,Pune,-20.16,NULL,10/16/2025,NULL
SHO9044,DHL,,In Transit,Bangalore,Chennai,-27.11,NULL,NULL,NULL
SHO9048,BLUEDART,09/14/2024,Delivered,Delhi,Pune,-42.2,NULL,09/19/2024,NULL
SHO9052,FEDEX,02/21/2026,Accepted,Chennai,Pune,-27.15,02/25/2026,NULL,NULL
,DHL,06/22/2024,In Transit,Hyderabad,Bangalore,-2.34,06/24/2024,NULL,NULL
SHO9054,DHL,,Accepted,Pune,Bangalore,170.71,06/05/2024,NULL,NULL
SHO9055,DHL,06/23/2026,In Transit,Bangalore,Hyderabad,-68.43,06/30/2026,NULL,NULL
SHO9056,BLUEDART,05/28/2026,In Transit,Pune,Bangalore,206.68,03/06/2026,NULL,NULL
SHO9057,BLUEDART,,In Transit,Pune,Delhi,275.27,04/28/2024,NULL,NULL
SHO9058,DHL,,UNKNOWN,Delhi,Chennai,102.83,NULL,NULL,NULL
SHO9060,FEDEX,04/01/2026,Delivered,Mumbai,Bangalore,-10.96,04/04/2026,04/02/2026,0
SHO9061,BLUEDART,05/06/2025,Pending,Pune,Delhi,-0.79,NULL,NULL,NULL
SHO9063,BLUEDART,09/13/2024,In Transit,Bangalore,Mumbai,NULL,09/20/2024,NULL,NULL
SHO9064,FEDEX,,In Transit,Hyderabad,Mumbai,57.04,NULL,NULL,NULL
,DHL,,In Transit,Delhi,Mumbai,407.64,03/31/2025,NULL,NULL
SHO9066,BLUEDART,06/08/2024,In Transit,Chennai,Pune,NULL,NULL,NULL,NULL
,BLUEDART,02/02/2024,In Transit,Mumbai,Pune,424.63,02/04/2024,NULL,NULL
SHO9069,FEDEX,,In Transit,Pune,Delhi,-66.0,06/09/2025,NULL,NULL
SHO9073,FEDEX,,Pending,Bangalore,Pune,366.56,03/09/2024,NULL,NULL
SHO9074,DHL,06/14/2025,UNKNOWN,Chennai,Delhi,-76.65,06/20/2025,NULL,NULL
SHO9076,FEDEX,01/01/2024,Delayed,Chennai,Pune,NULL,01/04/2024,01/14/2024,NULL
SHO9077,BLUEDART,,In Transit,Bangalore,Delhi,11.71,NULL,NULL,NULL
SHO9079,BLUEDART,06/02/2025,Pending,Chennai,Delhi,121.19,02/09/2025,NULL,NULL
SHO9081,DHL,03/26/2025,In Transit,Delhi,Bangalore,422.09,01/04/2025,NULL,NULL
SHO9083,BLUEDART,,In Transit,Chennai,Hyderabad,311.08,NULL,NULL,NULL
SHO9084,BLUEDART,,In Transit,Mumbai,Delhi,193.28,02/02/2025,NULL,NULL
,FEDEX,,In Transit,Delhi,Chennai,62.57,10/10/2024,NULL,NULL
SHO9089,BLUEDART,05/30/2024,Pending,Mumbai,Delhi,-64.81,06/04/2024,NULL,NULL
,FEDEX,05/27/2024,In Transit,Chennai,Bangalore,158.77,06/01/2024,NULL,NULL
SHO9092,DHL,07/05/2024,Accepted,Mumbai,Bangalore,492.13,05/09/2024,NULL,NULL
SHO9094,DHL,,Delayed,Mumbai,Bangalore,-72.46,NULL,03/25/2025,NULL
SHO9096,FEDEX,06/04/2025,In Transit,Delhi,Mumbai,245.71,04/13/2025,NULL,NULL
,FEDEX,06/17/2024,Accepted,Delhi,Hyderabad,398.31,06/22/2024,07/02/2024,NULL
,FEDEX,05/03/2026,UNKNOWN,Hyderabad,Mumbai,498.2,05/07/2026,NULL,NULL
SHO9101,DHL,,Pending,Bangalore,Delhi,381.3,NULL,NULL,NULL
SHO9105,DHL,,In Transit,Mumbai,Hyderabad,205.81,09/23/2025,NULL,NULL
SHO9106,DHL,,Pending,Chennai,Bangalore,-71.02,NULL,NULL,NULL
SHO9111,FEDEX,02/09/2025,Delivered,Chennai,Pune,-34.37,09/08/2025,NULL,NULL
SHO9113,DHL,,In Transit,Chennai,Delhi,393.91,NULL,NULL,NULL
SHO9114,DHL,,Accepted,Bangalore,Delhi,453.17,02/01/2024,NULL,NULL
SHO9115,BLUEDART,,Pending,Chennai,Delhi,184.59,04/30/2026,NULL,NULL
SHO9119,BLUEDART,,In Transit,Hyderabad,Mumbai,231.33,05/05/2024,NULL,NULL
,BLUEDART,,In Transit,Pune,Chennai,-60.6,NULL,NULL,NULL
SHO9122,BLUEDART,05/04/2026,UNKNOWN,Pune,Chennai,154.52,NULL,NULL,NULL
SHO9123,DHL,04/22/2026,Delivered,Pune,Mumbai,-61.01,NULL,NULL,NULL
SHO9124,BLUEDART,,Pending,Mumbai,Hyderabad,455.38,07/26/2025,NULL,NULL
SHO9125,FEDEX,,Pending,Delhi,Chennai,251.32,08/02/2024,NULL,NULL
SHO9127,DHL,,Accepted,Delhi,Hyderabad,475.81,06/09/2025,09/08/2025,NULL
SHO9128,DHL,,In Transit,Pune,Delhi,17.16,09/27/2024,NULL,NULL
SHO9129,BLUEDART,,Delayed,Hyderabad,Delhi,244.1,NULL,09/18/2025,NULL
SHO9130,FEDEX,,Pending,Hyderabad,Mumbai,85.95,09/21/2025,NULL,NULL
SHO9131,FEDEX,10/31/2024,Accepted,Chennai,Bangalore,53.42,06/11/2024,NULL,NULL
SHO9133,BLUEDART,01/12/2025,Delivered,Bangalore,Chennai,449.69,01/14/2025,NULL,NULL
SHO9134,FEDEX,,Delayed,Mumbai,Hyderabad,446.95,05/10/2024,10/06/2024,NULL
SHO9135,BLUEDART,,Pending,Hyderabad,Mumbai,-78.58,NULL,NULL,NULL
SHO9136,FEDEX,07/05/2025,Delayed,Mumbai,Hyderabad,297.85,NULL,05/20/2025,NULL
SHO9138,FEDEX,,Pending,Delhi,Hyderabad,241.51,05/02/2026,NULL,NULL
SHO9140,DHL,,In Transit,Bangalore,Chennai,432.81,NULL,NULL,NULL
SHO9141,FEDEX,,Delivered,Delhi,Bangalore,357.41,02/18/2025,02/20/2025,2
SHO9144,DHL,,In Transit,Pune,Chennai,207.46,01/02/2025,NULL,NULL
SHO9145,BLUEDART,01/13/2025,Delivered,Mumbai,Delhi,156.18,NULL,01/14/2025,NULL
SHO9146,FEDEX,06/02/2026,In Transit,Pune,Delhi,85.83,02/12/2026,NULL,NULL
SHO9149,DHL,,In Transit,Delhi,Chennai,NULL,09/21/2024,NULL,NULL
SHO9153,BLUEDART,06/24/2025,Delayed,Bangalore,Pune,-16.55,NULL,07/06/2025,NULL
,DHL,,Delivered,Delhi,Pune,434.16,NULL,11/02/2024,NULL
SHO9155,FEDEX,03/28/2026,Pending,Bangalore,Chennai,296.49,02/04/2026,NULL,NULL
SHO9157,FEDEX,,Pending,Bangalore,Pune,361.61,08/05/2024,NULL,NULL
SHO9159,FEDEX,01/28/2025,Delayed,Delhi,Chennai,220.69,01/31/2025,01/02/2025,NULL
SHO9162,BLUEDART,,In Transit,Mumbai,Hyderabad,321.43,02/21/2025,NULL,NULL
SHO9164,FEDEX,,Accepted,Bangalore,Mumbai,375.65,12/05/2025,NULL,NULL
SHO9165,FEDEX,07/12/2024,Delivered,Chennai,Pune,248.43,NULL,NULL,NULL
SHO9166,DHL,02/22/2026,Delayed,Pune,Bangalore,187.98,01/03/2026,07/03/2026,NULL
SHO9170,DHL,01/07/2025,In Transit,Delhi,Mumbai,NULL,04/07/2025,NULL,NULL
SHO9173,DHL,06/09/2025,Delivered,Mumbai,Chennai,-54.91,06/12/2025,06/14/2025,2
SHO9174,DHL,07/03/2025,Pending,Pune,Hyderabad,-71.17,03/12/2025,NULL,NULL
SHO9176,BLUEDART,09/09/2024,Delivered,Bangalore,Chennai,131.11,NULL,NULL,NULL
SHO9177,FEDEX,08/29/2025,Delayed,Mumbai,Delhi,47.17,03/09/2025,09/12/2025,NULL
SHO9178,BLUEDART,,Pending,Hyderabad,Delhi,216.42,02/01/2025,NULL,NULL
,DHL,03/14/2024,In Transit,Bangalore,Hyderabad,-3.65,NULL,NULL,NULL
SHO9186,BLUEDART,,In Transit,Bangalore,Delhi,-7.18,NULL,NULL,NULL
SHO9188,BLUEDART,,Delayed,Pune,Bangalore,42.51,NULL,02/10/2025,NULL
SHO9191,BLUEDART,05/06/2024,UNKNOWN,Hyderabad,Pune,-19.06,NULL,NULL,NULL
SHO9192,DHL,,Delayed,Mumbai,Bangalore,120.9,11/19/2024,11/21/2024,NULL
SHO9193,BLUEDART,11/23/2024,Delivered,Mumbai,Chennai,474.26,11/26/2024,NULL,NULL
SHO9195,FEDEX,03/26/2025,Delivered,Bangalore,Hyderabad,53.31,NULL,03/27/2025,NULL
SHO9196,BLUEDART,11/02/2026,Delivered,Bangalore,Delhi,146.69,02/18/2026,NULL,NULL
SHO9197,BLUEDART,,Accepted,Pune,Chennai,-60.63,NULL,NULL,NULL
SHO9200,BLUEDART,05/24/2024,Delivered,Bangalore,Mumbai,132.87,NULL,NULL,NULL
SHO9201,FEDEX,07/19/2025,Delivered,Delhi,Bangalore,31.98,NULL,NULL,NULL
SHO9202,DHL,07/06/2025,Pending,Chennai,Bangalore,NULL,07/09/2025,NULL,NULL
SHO9204,DHL,,In Transit,Delhi,Pune,40.48,05/17/2024,NULL,NULL
SHO9205,FEDEX,,Accepted,Bangalore,Chennai,480.83,NULL,07/10/2024,NULL
SHO9206,FEDEX,07/31/2025,In Transit,Hyderabad,Delhi,180.15,06/08/2025,NULL,NULL
SHO9208,DHL,,Delayed,Bangalore,Delhi,-74.36,NULL,06/30/2026,NULL
SHO9209,FEDEX,03/04/2025,UNKNOWN,Hyderabad,Bangalore,317.34,NULL,NULL,NULL
SHO9211,FEDEX,,Delayed,Pune,Bangalore,345.0,06/29/2025,07/07/2025,NULL
SHO9212,FEDEX,05/30/2026,Delivered,Chennai,Hyderabad,495.77,06/01/2026,05/06/2026,0
SHO9213,DHL,09/08/2024,UNKNOWN,Hyderabad,Mumbai,226.59,12/08/2024,08/20/2024,NULL
SHO9214,BLUEDART,,Delivered,Bangalore,Hyderabad,353.32,01/14/2026,NULL,NULL
SHO9217,FEDEX,,In Transit,Mumbai,Pune,488.85,11/14/2025,NULL,NULL
SHO9218,BLUEDART,10/21/2024,Delivered,Mumbai,Delhi,39.06,NULL,10/26/2024,NULL
SHO9220,FEDEX,07/02/2026,Delivered,Pune,Chennai,78.25,NULL,12/02/2026,NULL
SHO9223,BLUEDART,07/03/2026,Pending,Chennai,Bangalore,-44.23,03/10/2026,NULL,NULL
SHO9224,FEDEX,05/05/2026,In Transit,Hyderabad,Chennai,NULL,10/05/2026,NULL,NULL
SHO9226,FEDEX,,In Transit,Bangalore,Hyderabad,329.31,01/28/2025,NULL,NULL
SHO9229,BLUEDART,12/05/2025,Delivered,Chennai,Delhi,NULL,05/14/2025,NULL,NULL
SHO9231,DHL,09/24/2024,Delivered,Chennai,Delhi,-60.29,09/28/2024,NULL,NULL
SHO9233,BLUEDART,,Delivered,Hyderabad,Bangalore,333.76,02/02/2024,02/04/2024,2
SHO9238,DHL,10/05/2026,In Transit,Pune,Chennai,-4.21,05/15/2026,NULL,NULL
SHO9239,DHL,06/04/2026,Delayed,Hyderabad,Delhi,99.57,NULL,04/13/2026,NULL
SHO9240,FEDEX,08/08/2024,UNKNOWN,Mumbai,Chennai,458.21,10/08/2024,NULL,NULL
SHO9241,DHL,,Delivered,Mumbai,Pune,345.23,NULL,05/05/2025,NULL
SHO9243,BLUEDART,05/23/2024,Accepted,Chennai,Pune,-50.38,NULL,NULL,NULL
SHO9244,BLUEDART,07/06/2026,Pending,Chennai,Pune,-71.16,NULL,NULL,NULL
SHO9245,BLUEDART,,Delivered,Delhi,Pune,NULL,10/23/2025,NULL,NULL
SHO9246,DHL,06/20/2025,UNKNOWN,Bangalore,Chennai,356.94,06/25/2025,NULL,NULL
SHO9248,BLUEDART,02/15/2024,In Transit,Hyderabad,Pune,NULL,02/20/2024,NULL,NULL
SHO9249,FEDEX,,UNKNOWN,Chennai,Delhi,72.08,02/01/2025,NULL,NULL
SHO9250,DHL,,Accepted,Pune,Hyderabad,123.31,NULL,NULL,NULL
SHO9253,DHL,,In Transit,Chennai,Pune,333.03,01/04/2026,NULL,NULL
SHO9254,DHL,,In Transit,Pune,Chennai,121.06,03/27/2025,NULL,NULL
SHO9255,FEDEX,,Delayed,Bangalore,Delhi,208.44,01/10/2024,08/10/2024,NULL
SHO9259,FEDEX,03/11/2025,Accepted,Mumbai,Bangalore,-26.81,11/08/2025,NULL,NULL
SHO9260,DHL,,Delayed,Mumbai,Hyderabad,-41.4,03/28/2026,NULL,NULL
SHO9262,DHL,01/17/2024,In Transit,Mumbai,Delhi,-38.32,01/23/2024,NULL,NULL
,FEDEX,,Delivered,Delhi,Pune,-0.84,11/22/2024,NULL,NULL
SHO9265,DHL,01/02/2024,Delayed,Chennai,Hyderabad,-0.29,01/04/2024,01/12/2024,NULL
SHO9267,BLUEDART,,In Transit,Chennai,Bangalore,219.44,NULL,NULL,NULL
,DHL,07/11/2024,Delivered,Delhi,Chennai,433.77,07/13/2024,07/17/2024,4
SHO9270,DHL,,In Transit,Hyderabad,Delhi,37.47,03/28/2025,NULL,NULL
SHO9273,BLUEDART,01/16/2024,Delivered,Hyderabad,Chennai,137.22,NULL,01/21/2024,NULL
SHO9275,FEDEX,,Delayed,Chennai,Delhi,469.74,04/08/2024,08/10/2024,NULL
SHO9278,DHL,,Accepted,Hyderabad,Bangalore,427.36,04/13/2024,NULL,NULL
SHO9279,DHL,,Pending,Mumbai,Hyderabad,467.4,05/08/2025,NULL,NULL
SHO9282,FEDEX,02/08/2026,Accepted,Chennai,Bangalore,-54.55,NULL,NULL,NULL
SHO9284,DHL,02/08/2025,Delivered,Bangalore,Delhi,433.96,NULL,NULL,NULL
SHO9285,FEDEX,,Pending,Bangalore,Hyderabad,19.1,NULL,NULL,NULL
SHO9286,BLUEDART,10/05/2025,In Transit,Pune,Hyderabad,446.09,07/10/2025,NULL,NULL
SHO9287,DHL,09/24/2025,UNKNOWN,Hyderabad,Bangalore,32.15,09/29/2025,NULL,NULL
SHO9294,DHL,,Delayed,Mumbai,Chennai,204.77,NULL,01/30/2025,NULL
SHO9295,DHL,12/08/2024,UNKNOWN,Bangalore,Hyderabad,340.04,12/14/2024,12/16/2024,NULL
SHO9297,DHL,,In Transit,Chennai,Pune,101.73,NULL,NULL,NULL
SHO9298,FEDEX,,Delayed,Delhi,Bangalore,438.87,NULL,08/22/2024,NULL
SHO9299,FEDEX,,Pending,Bangalore,Delhi,121.1,06/22/2024,NULL,NULL
SHO9300,BLUEDART,,In Transit,Mumbai,Hyderabad,332.53,07/30/2025,NULL,NULL
SHO9302,FEDEX,,Delayed,Hyderabad,Mumbai,211.37,NULL,05/09/2024,NULL
SHO9306,DHL,,Pending,Delhi,Mumbai,249.62,01/18/2024,NULL,NULL
SHO9309,FEDEX,07/27/2024,In Transit,Chennai,Hyderabad,177.71,01/08/2024,NULL,NULL
SHO9310,DHL,04/20/2024,UNKNOWN,Mumbai,Pune,34.33,NULL,04/26/2024,NULL
,FEDEX,06/24/2026,Delayed,Delhi,Pune,243.58,NULL,07/05/2026,NULL
SHO9314,FEDEX,08/12/2025,Pending,Chennai,Delhi,-68.89,08/16/2025,NULL,NULL
SHO9315,BLUEDART,,In Transit,Delhi,Hyderabad,60.86,NULL,NULL,NULL
SHO9318,FEDEX,,Accepted,Hyderabad,Chennai,115.26,04/12/2025,NULL,NULL
SHO9320,BLUEDART,,Delivered,Bangalore,Mumbai,477.21,NULL,03/20/2026,NULL
SHO9321,FEDEX,06/04/2024,Delivered,Bangalore,Mumbai,-1.52,06/11/2024,06/15/2024,4
SHO9325,FEDEX,11/30/2024,In Transit,Hyderabad,Mumbai,118.98,06/12/2024,NULL,NULL
SHO9326,BLUEDART,05/22/2025,UNKNOWN,Chennai,Pune,2.2,05/25/2025,NULL,NULL
SHO9327,FEDEX,,Pending,Mumbai,Hyderabad,164.24,08/21/2025,NULL,NULL
,FEDEX,01/24/2024,Pending,Mumbai,Delhi,312.68,NULL,NULL,NULL
SHO9332,BLUEDART,,In Transit,Chennai,Delhi,301.43,NULL,NULL,NULL
SHO9333,BLUEDART,,In Transit,Hyderabad,Delhi,431.5,02/21/2025,NULL,NULL
SHO9334,BLUEDART,10/29/2024,Delivered,Pune,Mumbai,302.78,11/03/2024,08/11/2024,0
SHO9336,FEDEX,,Pending,Mumbai,Pune,419.36,09/04/2026,NULL,NULL
SHO9337,FEDEX,,Delayed,Pune,Chennai,-3.02,03/03/2026,NULL,NULL
SHO9342,DHL,09/10/2025,Delivered,Hyderabad,Pune,NULL,NULL,10/20/2025,NULL
SHO9344,DHL,08/27/2025,Pending,Chennai,Delhi,-70.41,08/31/2025,NULL,NULL
SHO9346,FEDEX,,Delayed,Pune,Hyderabad,458.35,01/03/2024,06/03/2024,NULL
SHO9353,BLUEDART,04/27/2026,In Transit,Delhi,Pune,-30.65,NULL,NULL,NULL
SHO9354,BLUEDART,02/21/2025,Delivered,Pune,Mumbai,-13.14,NULL,03/04/2025,NULL
SHO9355,DHL,,In Transit,Mumbai,Pune,432.19,06/27/2024,NULL,NULL
SHO9356,BLUEDART,,Delayed,Pune,Hyderabad,427.27,NULL,03/23/2025,NULL
SHO9357,BLUEDART,03/06/2025,Delivered,Chennai,Hyderabad,253.85,03/12/2025,NULL,NULL
SHO9358,BLUEDART,,Delivered,Chennai,Mumbai,438.32,NULL,NULL,NULL
SHO9360,DHL,,Delivered,Delhi,Bangalore,162.19,07/25/2024,07/26/2024,1
SHO9362,BLUEDART,02/06/2024,Delivered,Delhi,Pune,NULL,09/02/2024,NULL,NULL
,BLUEDART,02/09/2025,Pending,Mumbai,Bangalore,436.57,02/13/2025,NULL,NULL
SHO9364,DHL,03/12/2024,In Transit,Pune,Mumbai,-17.8,12/05/2024,NULL,NULL
SHO9365,DHL,05/01/2024,Delayed,Chennai,Bangalore,347.09,01/12/2024,NULL,NULL
SHO9367,FEDEX,12/09/2024,Accepted,Bangalore,Hyderabad,86.4,09/18/2024,NULL,NULL
SHO9371,BLUEDART,,In Transit,Mumbai,Hyderabad,18.65,03/17/2024,NULL,NULL
SHO9373,FEDEX,,Delivered,Pune,Hyderabad,427.11,01/07/2026,05/07/2026,120
SHO9374,BLUEDART,11/10/2025,Delayed,Mumbai,Hyderabad,307.58,10/13/2025,NULL,NULL
SHO9378,FEDEX,09/27/2025,Accepted,Mumbai,Pune,227.08,01/10/2025,10/09/2025,NULL
SHO9379,DHL,,Accepted,Chennai,Hyderabad,250.66,06/07/2024,NULL,NULL
SHO9384,FEDEX,01/13/2025,Delivered,Hyderabad,Mumbai,-30.97,01/19/2025,01/20/2025,1
SHO9388,FEDEX,10/27/2025,Delayed,Pune,Hyderabad,122.1,NULL,06/11/2025,NULL
SHO9390,BLUEDART,,In Transit,Bangalore,Mumbai,478.94,04/08/2025,NULL,NULL
,FEDEX,09/17/2024,Pending,Pune,Chennai,241.67,09/19/2024,NULL,NULL
SHO9393,FEDEX,04/09/2024,Pending,Chennai,Delhi,-20.81,NULL,NULL,NULL
SHO9395,DHL,,Delivered,Chennai,Pune,-53.81,NULL,NULL,NULL
SHO9397,BLUEDART,,Delayed,Hyderabad,Bangalore,-76.0,NULL,NULL,NULL
SHO9398,BLUEDART,12/02/2025,In Transit,Delhi,Hyderabad,390.45,02/15/2025,NULL,NULL
SHO9400,BLUEDART,06/26/2025,Pending,Mumbai,Pune,64.38,02/07/2025,NULL,NULL
SHO9401,BLUEDART,04/21/2025,Delayed,Hyderabad,Pune,-79.18,04/25/2025,NULL,NULL
SHO9404,BLUEDART,09/27/2025,Delayed,Bangalore,Hyderabad,176.27,09/29/2025,05/10/2025,NULL
,FEDEX,03/18/2024,UNKNOWN,Delhi,Bangalore,NULL,NULL,NULL,NULL
SHO9411,FEDEX,03/31/2026,Delivered,Bangalore,Delhi,-56.52,05/04/2026,04/07/2026,0
SHO9412,BLUEDART,,In Transit,Hyderabad,Delhi,151.2,NULL,NULL,NULL
SHO9414,FEDEX,,In Transit,Pune,Mumbai,150.76,10/22/2025,NULL,NULL
SHO9415,BLUEDART,09/23/2025,Delayed,Delhi,Pune,332.19,09/30/2025,08/10/2025,NULL
SHO9421,FEDEX,02/13/2026,Delivered,Hyderabad,Delhi,27.07,02/15/2026,NULL,NULL
SHO9422,FEDEX,10/06/2025,Pending,Pune,Chennai,426.76,06/16/2025,NULL,NULL
SHO9426,DHL,02/08/2024,UNKNOWN,Hyderabad,Chennai,408.77,02/13/2024,NULL,NULL
SHO9427,DHL,,Accepted,Bangalore,Delhi,11.3,NULL,NULL,NULL
SHO9428,FEDEX,,Pending,Hyderabad,Delhi,317.76,02/23/2026,NULL,NULL
SHO9432,DHL,,Pending,Bangalore,Chennai,476.99,01/30/2025,NULL,NULL
SHO9435,DHL,,Delayed,Hyderabad,Bangalore,226.18,07/06/2024,07/15/2024,NULL
SHO9437,DHL,,In Transit,Chennai,Delhi,198.88,NULL,NULL,NULL
SHO9438,BLUEDART,08/11/2024,Delayed,Bangalore,Chennai,NULL,NULL,12/11/2024,NULL
SHO9439,DHL,01/23/2024,Delayed,Pune,Delhi,-7.18,01/30/2024,01/31/2024,NULL
SHO9440,DHL,03/10/2026,In Transit,Delhi,Bangalore,-20.28,03/17/2026,NULL,NULL
SHO9442,DHL,,Delivered,Delhi,Chennai,284.26,NULL,08/07/2024,NULL
SHO9443,DHL,,Delayed,Hyderabad,Pune,93.14,NULL,12/03/2024,NULL
SHO9444,FEDEX,,Accepted,Mumbai,Chennai,345.75,06/26/2026,NULL,NULL
,DHL,01/07/2026,Delivered,Hyderabad,Mumbai,256.29,01/11/2026,01/14/2026,3
SHO9446,BLUEDART,09/08/2024,Accepted,Pune,Delhi,NULL,08/14/2024,NULL,NULL
SHO9448,DHL,06/30/2025,Delayed,Pune,Hyderabad,241.05,04/07/2025,07/14/2025,NULL
SHO9449,DHL,,Delivered,Pune,Hyderabad,426.79,NULL,08/21/2025,NULL
SHO9452,FEDEX,04/08/2026,Delivered,Chennai,Pune,148.41,NULL,11/04/2026,NULL
SHO9454,BLUEDART,,Delayed,Bangalore,Delhi,222.87,06/24/2024,06/27/2024,NULL
,FEDEX,,Delivered,Chennai,Delhi,170.0,NULL,08/27/2025,NULL
,BLUEDART,,Accepted,Chennai,Bangalore,265.38,NULL,NULL,NULL
SHO9460,FEDEX,,Delivered,Mumbai,Bangalore,47.27,02/19/2025,NULL,NULL
SHO9461,BLUEDART,,Pending,Delhi,Bangalore,57.91,05/04/2024,NULL,NULL
,BLUEDART,01/20/2026,Delayed,Hyderabad,Bangalore,-51.17,01/23/2026,02/02/2026,NULL
SHO9463,FEDEX,,UNKNOWN,Mumbai,Chennai,281.04,06/16/2024,NULL,NULL
SHO9464,FEDEX,05/30/2026,In Transit,Delhi,Mumbai,NULL,06/06/2026,NULL,NULL
SHO9467,BLUEDART,08/04/2025,Delayed,Bangalore,Chennai,139.64,04/12/2025,04/14/2025,NULL
SHO9469,DHL,11/05/2026,Accepted,Pune,Hyderabad,416.64,05/18/2026,NULL,NULL
SHO9471,FEDEX,,In Transit,Chennai,Delhi,-69.42,12/06/2025,NULL,NULL
,FEDEX,04/05/2026,Pending,Delhi,Bangalore,198.99,04/12/2026,NULL,NULL
SHO9474,DHL,03/07/2024,Pending,Hyderabad,Chennai,-10.0,NULL,NULL,NULL
SHO9475,DHL,11/26/2025,UNKNOWN,Bangalore,Mumbai,-43.53,NULL,06/12/2025,NULL
SHO9478,BLUEDART,,Accepted,Delhi,Hyderabad,463.59,04/23/2024,NULL,NULL
SHO9481,FEDEX,05/18/2025,In Transit,Hyderabad,Delhi,-28.39,05/25/2025,NULL,NULL
SHO9482,DHL,05/03/2024,In Transit,Pune,Chennai,119.69,03/10/2024,NULL,NULL
SHO9483,DHL,,In Transit,Pune,Delhi,243.62,NULL,NULL,NULL
SHO9485,BLUEDART,,In Transit,Delhi,Mumbai,419.76,NULL,NULL,NULL
SHO9486,FEDEX,01/07/2024,Accepted,Delhi,Chennai,NULL,07/07/2024,07/07/2024,NULL
SHO9487,BLUEDART,04/25/2026,Delivered,Mumbai,Hyderabad,110.22,05/02/2026,02/05/2026,0
,DHL,07/27/2025,In Transit,Delhi,Hyderabad,190.05,08/01/2025,NULL,NULL
SHO9491,FEDEX,03/25/2024,UNKNOWN,Chennai,Delhi,173.28,NULL,NULL,NULL
SHO9493,DHL,,In Transit,Chennai,Bangalore,144.6,07/18/2025,NULL,NULL
SHO9494,FEDEX,,In Transit,Mumbai,Bangalore,459.96,06/19/2026,NULL,NULL
SHO9497,FEDEX,10/22/2025,In Transit,Hyderabad,Mumbai,NULL,NULL,NULL,NULL
SHO9498,BLUEDART,03/30/2024,Delivered,Hyderabad,Mumbai,NULL,04/04/2024,NULL,NULL
SHO9499,BLUEDART,06/03/2024,In Transit,Mumbai,Hyderabad,-48.85,09/03/2024,NULL,NULL
SHO9500,FEDEX,05/01/2026,Delivered,Bangalore,Hyderabad,437.42,NULL,12/01/2026,NULL
SHO9502,DHL,,In Transit,Delhi,Chennai,NULL,01/28/2026,NULL,NULL
SHO9504,DHL,,UNKNOWN,Pune,Mumbai,391.98,NULL,NULL,NULL
SHO9505,BLUEDART,06/29/2025,Pending,Hyderabad,Pune,225.3,01/07/2025,NULL,NULL
SHO9506,BLUEDART,10/03/2025,In Transit,Chennai,Pune,96.55,06/10/2025,NULL,NULL
SHO9510,BLUEDART,,Pending,Bangalore,Mumbai,281.44,NULL,NULL,NULL
SHO9511,FEDEX,06/03/2025,Delivered,Delhi,Bangalore,-22.82,12/03/2025,03/11/2025,0
SHO9512,DHL,06/04/2026,Pending,Chennai,Hyderabad,-34.41,04/12/2026,NULL,NULL
SHO9516,DHL,,Delivered,Delhi,Bangalore,-38.94,02/02/2025,NULL,NULL
SHO9517,BLUEDART,,Delivered,Chennai,Bangalore,395.07,08/21/2024,08/22/2024,1
SHO9519,FEDEX,,Delivered,Delhi,Hyderabad,482.37,06/01/2024,06/06/2024,5
SHO9522,BLUEDART,,Delivered,Hyderabad,Mumbai,28.65,07/26/2025,NULL,NULL
SHO9523,FEDEX,04/24/2024,Delayed,Bangalore,Hyderabad,NULL,NULL,NULL,NULL
SHO9524,FEDEX,02/15/2026,Accepted,Chennai,Hyderabad,-42.71,NULL,NULL,NULL
SHO9525,BLUEDART,12/01/2025,Pending,Delhi,Hyderabad,NULL,01/18/2025,NULL,NULL
SHO9526,FEDEX,,Delivered,Chennai,Hyderabad,NULL,02/08/2024,06/02/2024,115
SHO9528,FEDEX,,In Transit,Mumbai,Chennai,207.41,NULL,NULL,NULL
SHO9529,BLUEDART,01/27/2025,Delivered,Pune,Hyderabad,NULL,03/02/2025,NULL,NULL
SHO9531,DHL,02/12/2026,Pending,Mumbai,Hyderabad,-6.03,NULL,NULL,NULL
SHO9533,FEDEX,,Accepted,Hyderabad,Delhi,457.69,NULL,NULL,NULL
SHO9534,BLUEDART,,In Transit,Pune,Mumbai,106.44,NULL,NULL,NULL
SHO9535,DHL,10/29/2024,Delivered,Hyderabad,Pune,362.32,11/05/2024,NULL,NULL
SHO9536,FEDEX,10/07/2025,Delivered,Bangalore,Pune,-15.8,NULL,07/19/2025,NULL
SHO9538,BLUEDART,,Pending,Bangalore,Hyderabad,400.59,04/28/2024,NULL,NULL
SHO9543,BLUEDART,10/21/2025,UNKNOWN,Chennai,Delhi,414.3,10/23/2025,NULL,NULL
SHO9546,BLUEDART,,Pending,Bangalore,Pune,376.44,NULL,NULL,NULL
SHO9548,BLUEDART,11/02/2025,Accepted,Bangalore,Mumbai,158.37,09/11/2025,NULL,NULL
SHO9549,FEDEX,,In Transit,Bangalore,Chennai,323.59,12/06/2024,NULL,NULL
SHO9550,DHL,11/02/2025,Accepted,Delhi,Bangalore,357.41,06/11/2025,NULL,NULL
SHO9551,BLUEDART,12/14/2024,Accepted,Delhi,Pune,NULL,12/18/2024,NULL,NULL
,FEDEX,03/21/2026,Delivered,Chennai,Bangalore,498.8,03/27/2026,NULL,NULL
SHO9554,BLUEDART,,Delayed,Mumbai,Chennai,22.17,10/14/2025,10/18/2025,NULL
SHO9556,DHL,,In Transit,Chennai,Bangalore,359.77,NULL,NULL,NULL
SHO9558,BLUEDART,,Delayed,Delhi,Bangalore,234.45,NULL,07/07/2026,NULL
SHO9559,FEDEX,04/05/2025,Delivered,Chennai,Mumbai,352.06,05/07/2025,NULL,NULL
SHO9560,FEDEX,,Delivered,Delhi,Pune,-30.75,NULL,NULL,NULL
SHO9561,BLUEDART,06/13/2026,Delayed,Chennai,Delhi,-77.82,06/16/2026,NULL,NULL
,FEDEX,10/03/2026,Delayed,Delhi,Hyderabad,168.12,NULL,03/25/2026,NULL
,FEDEX,,Delayed,Chennai,Mumbai,3.87,NULL,03/31/2025,NULL
SHO9569,DHL,06/17/2025,UNKNOWN,Mumbai,Delhi,340.57,NULL,NULL,NULL
SHO9570,DHL,,Accepted,Chennai,Delhi,129.98,NULL,NULL,NULL
SHO9572,DHL,02/06/2025,Delivered,Mumbai,Delhi,NULL,02/09/2025,02/08/2025,0
SHO9574,BLUEDART,,UNKNOWN,Chennai,Delhi,141.89,NULL,11/08/2024,NULL
,BLUEDART,,In Transit,Delhi,Mumbai,144.89,NULL,NULL,NULL
SHO9578,FEDEX,07/26/2024,Accepted,Mumbai,Delhi,22.62,02/08/2024,NULL,NULL
SHO9579,BLUEDART,,Delayed,Chennai,Bangalore,-76.54,02/13/2024,02/14/2024,NULL
SHO9580,FEDEX,02/11/2024,In Transit,Chennai,Pune,-68.94,02/18/2024,NULL,NULL
SHO9581,DHL,,Delayed,Delhi,Pune,461.16,01/30/2024,02/09/2024,NULL
SHO9583,DHL,,Pending,Delhi,Bangalore,298.76,06/18/2025,NULL,NULL
,FEDEX,11/11/2024,In Transit,Hyderabad,Chennai,-14.2,11/14/2024,NULL,NULL
SHO9585,BLUEDART,03/07/2025,In Transit,Mumbai,Chennai,-46.36,NULL,NULL,NULL
SHO9586,DHL,,Delayed,Delhi,Pune,301.63,NULL,07/28/2024,NULL
,FEDEX,02/27/2025,In Transit,Bangalore,Mumbai,-40.96,03/06/2025,NULL,NULL
SHO9588,FEDEX,02/01/2025,Pending,Hyderabad,Mumbai,-57.74,01/08/2025,NULL,NULL
SHO9592,DHL,,Delayed,Chennai,Mumbai,491.95,12/07/2025,12/17/2025,NULL
,FEDEX,07/07/2025,Delayed,Bangalore,Chennai,19.12,07/10/2025,NULL,NULL
SHO9595,BLUEDART,,Pending,Hyderabad,Mumbai,406.43,02/08/2025,NULL,NULL
SHO9596,BLUEDART,,Delivered,Hyderabad,Pune,192.91,NULL,06/29/2024,NULL
SHO9598,FEDEX,01/02/2025,UNKNOWN,Chennai,Pune,162.79,06/02/2025,NULL,NULL
SHO9601,FEDEX,,In Transit,Delhi,Chennai,171.28,03/27/2026,NULL,NULL
,FEDEX,,Delivered,Delhi,Chennai,-48.45,NULL,11/01/2026,NULL
SHO9604,FEDEX,,In Transit,Bangalore,Hyderabad,199.38,NULL,NULL,NULL
SHO9605,BLUEDART,10/04/2024,Pending,Mumbai,Hyderabad,315.84,04/15/2024,NULL,NULL
SHO9606,BLUEDART,,Delivered,Chennai,Mumbai,422.52,07/20/2025,NULL,NULL
,DHL,,Delivered,Bangalore,Delhi,153.98,08/20/2024,08/23/2024,3
SHO9609,DHL,01/09/2025,In Transit,Bangalore,Chennai,-13.24,01/11/2025,NULL,NULL
SHO9611,FEDEX,04/23/2026,Delivered,Chennai,Mumbai,384.71,04/29/2026,NULL,NULL
SHO9615,BLUEDART,,Accepted,Pune,Chennai,-58.94,11/29/2025,12/06/2025,NULL
SHO9616,FEDEX,,In Transit,Pune,Delhi,NULL,03/06/2024,NULL,NULL
SHO9619,BLUEDART,,Delayed,Pune,Mumbai,114.39,NULL,07/25/2025,NULL
SHO9620,DHL,,Accepted,Chennai,Delhi,320.22,03/26/2025,NULL,NULL
,DHL,01/26/2026,Delayed,Pune,Chennai,489.68,NULL,08/02/2026,NULL
SHO9622,BLUEDART,,Delayed,Delhi,Chennai,174.37,02/09/2026,NULL,NULL
SHO9623,DHL,,In Transit,Delhi,Hyderabad,86.25,10/14/2025,NULL,NULL
SHO9624,BLUEDART,12/09/2024,Delivered,Pune,Mumbai,151.16,NULL,12/13/2024,NULL
,BLUEDART,,Pending,Chennai,Mumbai,8.92,NULL,NULL,NULL
SHO9626,BLUEDART,12/13/2025,Pending,Hyderabad,Chennai,-10.17,12/16/2025,NULL,NULL
,FEDEX,,Pending,Hyderabad,Chennai,447.61,05/25/2024,NULL,NULL
SHO9629,BLUEDART,01/15/2026,Delivered,Delhi,Hyderabad,58.36,01/19/2026,NULL,NULL
SHO9631,BLUEDART,07/30/2024,Delayed,Chennai,Mumbai,485.34,NULL,04/08/2024,NULL
,DHL,01/22/2024,Accepted,Delhi,Pune,-50.34,NULL,NULL,NULL
SHO9636,FEDEX,,Delivered,Pune,Chennai,308.11,NULL,NULL,NULL
SHO9637,BLUEDART,,Pending,Pune,Mumbai,77.64,03/30/2025,NULL,NULL
SHO9638,DHL,,Accepted,Mumbai,Chennai,-60.24,NULL,NULL,NULL
SHO9639,BLUEDART,,In Transit,Hyderabad,Bangalore,429.6,06/20/2024,NULL,NULL
SHO9640,FEDEX,11/25/2024,Delayed,Bangalore,Chennai,NULL,NULL,12/02/2024,NULL
SHO9641,FEDEX,02/10/2024,In Transit,Pune,Bangalore,NULL,02/15/2024,NULL,NULL
SHO9643,BLUEDART,09/03/2026,Pending,Bangalore,Hyderabad,24.8,03/14/2026,NULL,NULL
SHO9645,BLUEDART,06/04/2026,In Transit,Chennai,Delhi,-27.12,10/04/2026,NULL,NULL
SHO9646,FEDEX,08/01/2025,Delivered,Mumbai,Pune,255.41,01/10/2025,01/14/2025,4
SHO9648,DHL,,In Transit,Hyderabad,Bangalore,0.66,05/15/2026,NULL,NULL
SHO9650,DHL,09/29/2025,UNKNOWN,Delhi,Pune,-57.18,10/01/2025,NULL,NULL
SHO9651,BLUEDART,,Pending,Mumbai,Chennai,NULL,NULL,NULL,NULL
SHO9657,BLUEDART,,In Transit,Delhi,Mumbai,426.56,02/05/2025,NULL,NULL
SHO9658,BLUEDART,03/16/2024,Delivered,Chennai,Pune,270.51,03/22/2024,NULL,NULL
SHO9660,BLUEDART,01/15/2026,Delivered,Pune,Delhi,57.51,NULL,01/21/2026,NULL
SHO9665,FEDEX,07/18/2025,UNKNOWN,Delhi,Chennai,145.51,NULL,07/27/2025,NULL
SHO9667,BLUEDART,06/09/2024,Delivered,Chennai,Delhi,NULL,09/09/2024,11/09/2024,61
SHO9668,DHL,11/10/2025,Delayed,Hyderabad,Chennai,158.03,10/15/2025,10/16/2025,NULL
SHO9669,BLUEDART,09/02/2025,Delayed,Delhi,Bangalore,440.75,08/09/2025,09/17/2025,NULL
SHO9670,DHL,,In Transit,Delhi,Chennai,85.38,NULL,NULL,NULL
,DHL,03/24/2026,Delayed,Delhi,Bangalore,434.84,03/29/2026,03/31/2026,NULL
,BLUEDART,09/25/2025,In Transit,Mumbai,Pune,184.79,01/10/2025,NULL,NULL
SHO9678,BLUEDART,,In Transit,Pune,Hyderabad,NULL,07/12/2024,NULL,NULL
SHO9681,FEDEX,,In Transit,Hyderabad,Delhi,-20.07,02/08/2025,NULL,NULL
SHO9682,FEDEX,,In Transit,Pune,Chennai,318.41,NULL,NULL,NULL
SHO9683,BLUEDART,09/05/2025,In Transit,Pune,Delhi,NULL,09/11/2025,NULL,NULL
SHO9688,DHL,,Delivered,Bangalore,Mumbai,440.33,NULL,NULL,NULL
SHO9691,BLUEDART,09/09/2024,Delivered,Delhi,Bangalore,120.01,NULL,09/12/2024,NULL
SHO9693,BLUEDART,12/28/2025,Delivered,Hyderabad,Bangalore,356.75,NULL,NULL,NULL
SHO9694,FEDEX,,Accepted,Chennai,Bangalore,375.44,06/26/2026,NULL,NULL
SHO9695,BLUEDART,06/19/2024,Delivered,Hyderabad,Bangalore,NULL,06/22/2024,06/20/2024,0
,BLUEDART,02/19/2024,Delivered,Delhi,Bangalore,143.15,NULL,NULL,NULL
SHO9697,BLUEDART,03/16/2024,Pending,Bangalore,Pune,NULL,NULL,NULL,NULL
SHO9699,FEDEX,12/04/2024,Delivered,Mumbai,Bangalore,246.72,12/09/2024,NULL,NULL
SHO9700,DHL,10/04/2024,Accepted,Bangalore,Mumbai,193.36,08/10/2024,NULL,NULL
SHO9701,FEDEX,02/01/2025,Delivered,Hyderabad,Bangalore,129.73,NULL,08/01/2025,NULL
SHO9702,DHL,11/11/2025,Accepted,Pune,Chennai,-50.98,11/17/2025,NULL,NULL
SHO9703,DHL,03/05/2025,In Transit,Chennai,Delhi,-51.4,09/05/2025,NULL,NULL
,FEDEX,05/30/2024,Pending,Mumbai,Hyderabad,308.16,06/04/2024,NULL,NULL
SHO9706,BLUEDART,,In Transit,Hyderabad,Chennai,24.41,11/01/2024,NULL,NULL
SHO9707,BLUEDART,12/12/2024,UNKNOWN,Hyderabad,Mumbai,-60.89,NULL,NULL,NULL
SHO9708,BLUEDART,01/24/2024,UNKNOWN,Pune,Hyderabad,273.8,01/29/2024,NULL,NULL
SHO9710,DHL,06/03/2024,Delayed,Hyderabad,Chennai,326.33,03/09/2024,03/18/2024,NULL
SHO9711,BLUEDART,03/22/2026,In Transit,Delhi,Chennai,-63.9,03/26/2026,NULL,NULL
SHO9712,FEDEX,08/07/2025,Delivered,Bangalore,Delhi,-69.71,NULL,NULL,NULL
SHO9715,BLUEDART,03/04/2025,Delivered,Hyderabad,Chennai,209.41,NULL,03/08/2025,NULL
SHO9716,DHL,08/16/2025,In Transit,Chennai,Mumbai,-61.51,08/22/2025,NULL,NULL
SHO9719,DHL,02/02/2025,UNKNOWN,Bangalore,Chennai,314.65,NULL,09/02/2025,NULL
SHO9720,DHL,,In Transit,Hyderabad,Bangalore,320.54,04/30/2025,NULL,NULL
SHO9721,DHL,12/07/2025,In Transit,Chennai,Bangalore,170.24,07/14/2025,NULL,NULL
SHO9723,FEDEX,11/08/2024,UNKNOWN,Bangalore,Chennai,217.05,NULL,NULL,NULL
SHO9725,BLUEDART,10/27/2025,Delayed,Delhi,Bangalore,163.42,03/11/2025,07/11/2025,NULL
SHO9726,DHL,12/05/2025,In Transit,Chennai,Pune,-33.45,NULL,NULL,NULL
SHO9727,DHL,,Delivered,Mumbai,Chennai,264.27,10/01/2024,05/10/2024,0
SHO9733,BLUEDART,,Delivered,Bangalore,Delhi,-45.66,03/30/2025,03/31/2025,1
SHO9734,DHL,,Delivered,Bangalore,Pune,125.62,12/12/2024,NULL,NULL
SHO9736,BLUEDART,07/03/2024,In Transit,Pune,Hyderabad,353.85,03/12/2024,NULL,NULL
SHO9737,FEDEX,10/20/2025,Delivered,Delhi,Hyderabad,155.69,NULL,10/23/2025,NULL
SHO9738,FEDEX,06/25/2026,Delayed,Delhi,Mumbai,-25.48,NULL,05/07/2026,NULL
SHO9740,BLUEDART,12/09/2025,Delayed,Chennai,Hyderabad,46.79,09/14/2025,NULL,NULL
SHO9741,FEDEX,,Accepted,Mumbai,Bangalore,-4.75,05/25/2025,NULL,NULL
SHO9744,DHL,12/06/2025,Accepted,Bangalore,Mumbai,-69.93,12/10/2025,NULL,NULL
SHO9746,DHL,,Delivered,Bangalore,Mumbai,107.48,NULL,01/30/2024,NULL
SHO9748,DHL,,Delivered,Chennai,Delhi,182.22,NULL,06/21/2024,NULL
SHO9749,DHL,,In Transit,Pune,Mumbai,217.67,NULL,NULL,NULL
SHO9751,FEDEX,03/04/2025,In Transit,Chennai,Hyderabad,NULL,10/04/2025,NULL,NULL
SHO9754,DHL,04/26/2024,UNKNOWN,Pune,Chennai,412.58,05/01/2024,NULL,NULL
SHO9757,FEDEX,,Delayed,Bangalore,Delhi,-72.94,NULL,01/24/2025,NULL
,BLUEDART,08/11/2025,Pending,Mumbai,Delhi,393.33,NULL,NULL,NULL
SHO9759,FEDEX,,In Transit,Hyderabad,Delhi,341.32,12/31/2024,NULL,NULL
SHO9760,BLUEDART,,In Transit,Bangalore,Chennai,202.91,10/23/2024,NULL,NULL
SHO9761,BLUEDART,01/21/2025,Delivered,Bangalore,Mumbai,-12.15,NULL,NULL,NULL
SHO9762,DHL,,Pending,Bangalore,Delhi,251.2,NULL,NULL,NULL
SHO9764,FEDEX,09/03/2025,Delivered,Mumbai,Delhi,252.38,NULL,05/09/2025,NULL
SHO9765,BLUEDART,,Accepted,Delhi,Mumbai,234.62,02/20/2026,NULL,NULL
SHO9766,FEDEX,,Pending,Mumbai,Chennai,282.01,04/06/2025,NULL,NULL
,FEDEX,09/02/2024,Delayed,Hyderabad,Mumbai,311.9,02/13/2024,NULL,NULL
SHO9770,FEDEX,,Accepted,Pune,Hyderabad,-33.05,11/24/2025,NULL,NULL
SHO9772,FEDEX,,Accepted,Hyderabad,Chennai,-28.96,04/04/2025,NULL,NULL
SHO9773,BLUEDART,12/18/2025,Pending,Chennai,Delhi,NULL,NULL,NULL,NULL
SHO9774,FEDEX,,Pending,Chennai,Mumbai,413.67,NULL,NULL,NULL
SHO9777,BLUEDART,,Delayed,Hyderabad,Bangalore,-30.27,12/24/2024,12/30/2024,NULL
SHO9778,DHL,05/13/2026,In Transit,Hyderabad,Bangalore,-50.7,05/18/2026,NULL,NULL
SHO9779,FEDEX,,Delivered,Pune,Mumbai,157.25,07/20/2024,07/22/2024,2
,DHL,11/16/2025,In Transit,Hyderabad,Pune,183.88,11/23/2025,NULL,NULL
SHO9782,FEDEX,,UNKNOWN,Bangalore,Mumbai,345.39,02/08/2025,NULL,NULL
SHO9787,BLUEDART,03/13/2024,In Transit,Pune,Mumbai,-48.68,03/15/2024,NULL,NULL
SHO9792,FEDEX,11/22/2024,Delivered,Pune,Delhi,159.01,NULL,11/28/2024,NULL
,DHL,05/06/2025,Delivered,Hyderabad,Chennai,467.09,NULL,05/13/2025,NULL
SHO9794,DHL,,In Transit,Hyderabad,Bangalore,341.23,NULL,NULL,NULL
SHO9797,DHL,,Delivered,Pune,Hyderabad,21.06,07/03/2024,03/12/2024,0
SHO9798,FEDEX,,Delivered,Hyderabad,Delhi,36.45,07/20/2024,07/22/2024,2
SHO9799,BLUEDART,,Accepted,Bangalore,Delhi,141.45,NULL,NULL,NULL
SHO9801,BLUEDART,10/07/2025,Pending,Delhi,Bangalore,-79.64,10/13/2025,NULL,NULL
SHO9804,FEDEX,12/05/2024,Pending,Delhi,Hyderabad,-19.3,NULL,NULL,NULL
SHO9805,DHL,03/16/2025,Delivered,Hyderabad,Pune,174.77,03/21/2025,NULL,NULL
SHO9806,DHL,12/04/2024,Delivered,Hyderabad,Chennai,22.55,12/07/2024,NULL,NULL
SHO9807,FEDEX,,Pending,Chennai,Delhi,191.25,NULL,NULL,NULL
SHO9809,FEDEX,,Delayed,Pune,Bangalore,451.99,11/30/2025,NULL,NULL
,BLUEDART,10/04/2024,Pending,Pune,Delhi,58.41,06/10/2024,NULL,NULL
,FEDEX,05/05/2026,In Transit,Pune,Bangalore,492.55,05/10/2026,NULL,NULL
SHO9813,FEDEX,,UNKNOWN,Delhi,Hyderabad,23.69,05/04/2025,NULL,NULL
SHO9814,DHL,,Pending,Mumbai,Delhi,-35.72,09/22/2024,NULL,NULL
SHO9815,FEDEX,06/11/2024,Delivered,Delhi,Pune,496.1,06/18/2024,NULL,NULL
SHO9818,BLUEDART,03/22/2025,UNKNOWN,Hyderabad,Chennai,358.94,NULL,NULL,NULL
SHO9819,FEDEX,12/12/2025,Accepted,Hyderabad,Bangalore,NULL,12/16/2025,NULL,NULL
SHO9827,BLUEDART,,Pending,Delhi,Chennai,131.74,01/13/2025,NULL,NULL
SHO9828,DHL,08/08/2025,Delivered,Chennai,Mumbai,465.74,NULL,08/12/2025,NULL
SHO9830,BLUEDART,12/05/2025,In Transit,Chennai,Bangalore,319.15,07/12/2025,NULL,NULL
SHO9831,BLUEDART,10/05/2024,UNKNOWN,Bangalore,Pune,237.89,NULL,NULL,NULL
SHO9832,BLUEDART,,Delivered,Bangalore,Pune,59.53,03/08/2026,03/12/2026,4
SHO9833,FEDEX,,Pending,Chennai,Delhi,267.11,11/20/2024,NULL,NULL
SHO9834,BLUEDART,10/23/2025,UNKNOWN,Bangalore,Mumbai,160.82,NULL,NULL,NULL
SHO9836,DHL,,In Transit,Delhi,Hyderabad,393.16,12/03/2025,NULL,NULL
SHO9837,DHL,,In Transit,Delhi,Mumbai,306.74,NULL,NULL,NULL
SHO9843,FEDEX,08/28/2024,Delivered,Pune,Bangalore,169.46,02/09/2024,09/06/2024,210
,DHL,07/21/2024,Delivered,Bangalore,Hyderabad,238.98,07/23/2024,NULL,NULL
SHO9846,FEDEX,11/21/2025,Delayed,Mumbai,Bangalore,441.61,11/28/2025,01/12/2025,NULL
SHO9848,FEDEX,,In Transit,Hyderabad,Delhi,322.72,NULL,NULL,NULL
SHO9850,FEDEX,,Pending,Bangalore,Mumbai,-15.7,06/30/2026,NULL,NULL
SHO9852,DHL,02/02/2025,Delivered,Chennai,Mumbai,-60.7,09/02/2025,02/14/2025,0
,BLUEDART,07/05/2025,In Transit,Pune,Delhi,347.83,07/07/2025,NULL,NULL
,FEDEX,06/18/2025,Accepted,Bangalore,Chennai,NULL,06/22/2025,NULL,NULL
SHO9856,FEDEX,04/14/2024,Delivered,Delhi,Chennai,-39.03,04/17/2024,04/20/2024,3
,FEDEX,03/16/2025,Delayed,Pune,Delhi,16.2,NULL,NULL,NULL
SHO9859,DHL,05/26/2024,Delivered,Mumbai,Delhi,89.12,05/28/2024,01/06/2024,0
,FEDEX,03/12/2025,Pending,Bangalore,Mumbai,416.67,12/09/2025,NULL,NULL
SHO9862,BLUEDART,,Pending,Delhi,Mumbai,158.24,12/27/2024,NULL,NULL
,FEDEX,05/27/2025,Delivered,Bangalore,Pune,144.01,06/03/2025,NULL,NULL
SHO9865,BLUEDART,,Delivered,Hyderabad,Bangalore,12.44,NULL,03/30/2024,NULL
SHO9868,BLUEDART,,Delivered,Hyderabad,Pune,58.41,NULL,07/22/2024,NULL
SHO9869,BLUEDART,05/02/2024,Delivered,Mumbai,Pune,430.19,02/09/2024,NULL,NULL
SHO9872,FEDEX,03/18/2026,UNKNOWN,Chennai,Delhi,125.19,03/20/2026,NULL,NULL
SHO9873,DHL,10/16/2025,Delivered,Chennai,Hyderabad,81.83,10/19/2025,NULL,NULL
SHO9875,DHL,,Accepted,Chennai,Mumbai,223.05,01/03/2026,NULL,NULL
SHO9876,FEDEX,,UNKNOWN,Bangalore,Delhi,369.11,12/24/2025,NULL,NULL
SHO9877,DHL,,Accepted,Chennai,Bangalore,483.26,NULL,NULL,NULL
SHO9883,DHL,10/01/2026,In Transit,Hyderabad,Delhi,208.11,01/16/2026,NULL,NULL
SHO9884,DHL,10/07/2024,Delivered,Bangalore,Delhi,132.41,10/13/2024,NULL,NULL
SHO9885,FEDEX,,Accepted,Hyderabad,Pune,476.5,01/19/2025,NULL,NULL
SHO9886,DHL,,Pending,Mumbai,Chennai,83.32,05/16/2025,NULL,NULL
,BLUEDART,10/03/2024,Delivered,Delhi,Chennai,222.37,10/10/2024,09/10/2024,0
SHO9888,BLUEDART,,Delivered,Bangalore,Chennai,122.27,08/26/2024,NULL,NULL
SHO9891,FEDEX,04/19/2025,Delivered,Delhi,Bangalore,195.78,04/21/2025,NULL,NULL
SHO9892,BLUEDART,,UNKNOWN,Bangalore,Hyderabad,-18.75,NULL,NULL,NULL
SHO9893,DHL,03/14/2024,Delivered,Pune,Bangalore,344.71,NULL,NULL,NULL
SHO9896,BLUEDART,,Pending,Mumbai,Chennai,214.23,09/20/2025,NULL,NULL
SHO9897,DHL,01/09/2025,Delivered,Mumbai,Hyderabad,-48.18,01/12/2025,01/16/2025,4
,FEDEX,06/15/2025,In Transit,Hyderabad,Pune,221.55,06/18/2025,NULL,NULL
SHO9900,BLUEDART,10/19/2024,UNKNOWN,Pune,Delhi,490.54,NULL,10/27/2024,NULL
SHO9901,BLUEDART,04/13/2026,Delivered,Pune,Hyderabad,346.93,04/18/2026,NULL,NULL
SHO9902,BLUEDART,02/07/2026,Delivered,Bangalore,Chennai,415.57,02/12/2026,NULL,NULL
SHO9905,FEDEX,08/19/2025,UNKNOWN,Bangalore,Pune,82.51,08/25/2025,NULL,NULL
SHO9907,FEDEX,12/16/2024,Delayed,Mumbai,Hyderabad,NULL,NULL,12/22/2024,NULL
SHO9910,BLUEDART,06/01/2025,Accepted,Hyderabad,Pune,207.96,01/09/2025,NULL,NULL
SHO9912,FEDEX,,In Transit,Hyderabad,Pune,127.82,NULL,NULL,NULL
SHO9913,FEDEX,02/12/2024,Pending,Hyderabad,Chennai,NULL,02/15/2024,NULL,NULL
SHO9914,FEDEX,11/04/2024,Delayed,Hyderabad,Bangalore,265.92,09/11/2024,11/17/2024,NULL
,DHL,,In Transit,Delhi,Mumbai,189.75,08/09/2024,NULL,NULL
SHO9917,BLUEDART,,In Transit,Chennai,Delhi,195.93,NULL,NULL,NULL
SHO9918,FEDEX,,Delayed,Chennai,Delhi,356.38,NULL,07/08/2025,NULL
,DHL,02/10/2025,Accepted,Delhi,Chennai,-37.78,02/16/2025,NULL,NULL
,BLUEDART,06/11/2025,Delivered,Bangalore,Hyderabad,443.3,NULL,11/13/2025,NULL
SHO9923,FEDEX,03/16/2024,Delivered,Bangalore,Hyderabad,41.75,03/19/2024,NULL,NULL
SHO9926,FEDEX,06/29/2024,Delayed,Hyderabad,Mumbai,232.29,05/07/2024,NULL,NULL
SHO9927,BLUEDART,,Accepted,Bangalore,Delhi,143.68,NULL,NULL,NULL
SHO9928,FEDEX,,In Transit,Hyderabad,Chennai,47.22,10/28/2024,NULL,NULL
SHO9930,BLUEDART,10/01/2024,Pending,Delhi,Mumbai,47.56,01/14/2024,NULL,NULL
SHO9933,FEDEX,10/05/2024,UNKNOWN,Delhi,Pune,8.51,10/10/2024,10/18/2024,NULL
SHO9936,DHL,05/20/2024,UNKNOWN,Bangalore,Hyderabad,-49.83,05/24/2024,NULL,NULL
SHO9937,FEDEX,,In Transit,Pune,Hyderabad,145.29,NULL,NULL,NULL
SHO9938,DHL,10/04/2025,Pending,Bangalore,Pune,164.35,09/10/2025,NULL,NULL
SHO9939,DHL,,Delayed,Pune,Delhi,-69.48,08/22/2025,08/24/2025,NULL
SHO9940,DHL,,UNKNOWN,Chennai,Pune,494.42,03/19/2026,03/26/2026,NULL
SHO9941,FEDEX,,Delayed,Delhi,Hyderabad,366.76,01/22/2025,01/25/2025,NULL
,DHL,12/19/2025,In Transit,Chennai,Delhi,7.1,12/24/2025,NULL,NULL
SHO9944,DHL,,In Transit,Pune,Delhi,340.14,NULL,NULL,NULL
SHO9945,BLUEDART,08/25/2024,Delayed,Pune,Delhi,-11.24,08/31/2024,02/09/2024,NULL
SHO9947,DHL,,Accepted,Pune,Delhi,338.87,NULL,NULL,NULL
SHO9948,FEDEX,,Pending,Delhi,Bangalore,194.32,09/18/2024,NULL,NULL
SHO9949,BLUEDART,,Delayed,Hyderabad,Pune,490.12,NULL,NULL,NULL
SHO9950,DHL,,Delayed,Mumbai,Bangalore,-1.05,NULL,NULL,NULL
SHO9951,BLUEDART,,In Transit,Pune,Chennai,62.29,02/05/2026,NULL,NULL
SHO9952,BLUEDART,,Delivered,Chennai,Hyderabad,30.12,02/12/2025,NULL,NULL
SHO9954,FEDEX,,Delivered,Pune,Hyderabad,178.9,05/31/2024,05/31/2024,0
SHO9958,BLUEDART,,Pending,Bangalore,Hyderabad,235.91,11/05/2025,NULL,NULL
SHO9959,BLUEDART,,Delayed,Hyderabad,Bangalore,332.02,03/21/2024,NULL,NULL
SHO9960,BLUEDART,,Pending,Delhi,Mumbai,-8.98,11/04/2025,NULL,NULL
SHO9962,DHL,,Pending,Mumbai,Pune,315.07,02/22/2026,NULL,NULL
SHO9963,FEDEX,10/17/2024,Delayed,Hyderabad,Delhi,238.29,NULL,02/11/2024,NULL
SHO9964,DHL,,In Transit,Chennai,Pune,473.76,06/02/2026,NULL,NULL
SHO9965,DHL,07/23/2024,Delivered,Hyderabad,Mumbai,-3.72,NULL,NULL,NULL
SHO9967,DHL,06/07/2024,Delivered,Bangalore,Delhi,98.37,NULL,06/10/2024,NULL
SHO9971,FEDEX,03/07/2025,Delayed,Chennai,Mumbai,NULL,NULL,NULL,NULL
,BLUEDART,02/24/2025,Pending,Hyderabad,Mumbai,205.96,NULL,NULL,NULL
SHO9974,DHL,05/18/2025,UNKNOWN,Chennai,Bangalore,13.14,NULL,NULL,NULL
SHO9976,BLUEDART,12/17/2024,UNKNOWN,Chennai,Pune,228.63,NULL,NULL,NULL
SHO9977,DHL,10/25/2025,In Transit,Bangalore,Pune,NULL,10/28/2025,NULL,NULL
SHO9979,DHL,10/24/2024,Pending,Hyderabad,Pune,-71.07,NULL,NULL,NULL
SHO9981,FEDEX,02/07/2024,UNKNOWN,Chennai,Hyderabad,350.72,07/09/2024,NULL,NULL
SHO9982,BLUEDART,,In Transit,Bangalore,Chennai,450.62,07/18/2024,NULL,NULL
SHO9988,BLUEDART,03/11/2025,UNKNOWN,Pune,Bangalore,348.02,03/17/2025,03/17/2025,NULL
SHO9989,BLUEDART,,Accepted,Bangalore,Mumbai,422.2,01/01/2025,01/01/2025,NULL
SHO9992,FEDEX,03/04/2024,UNKNOWN,Hyderabad,Chennai,497.77,03/10/2024,NULL,NULL
,FEDEX,02/21/2024,In Transit,Hyderabad,Delhi,312.06,02/26/2024,NULL,NULL
SHO9994,FEDEX,,Delayed,Delhi,Chennai,399.62,NULL,08/29/2025,NULL
SHO9995,FEDEX,,In Transit,Bangalore,Mumbai,337.95,NULL,NULL,NULL
SHO9996,BLUEDART,11/01/2025,Pending,Hyderabad,Delhi,NULL,01/15/2025,NULL,NULL
