shipment_id,carrier,ship_date,status,origin,destination,freight_cost,Expected Delivery Date,Delivered Date,delay_days
SHO0003,FEDEX,08/08/2024,Delivered,Delhi,Hyderabad,115.22,10/08/2024,14/08/2024,4
SHO0009,DHL,29/11/2025,Accepted,Bangalore,Pune,355.51,06/12/2025,,
SHO0017,DHL,12/05/2025,Pending,Hyderabad,Chennai,43.97,17/05/2025,,
SHO0021,DHL,28/09/2025,Pending,Pune,Chennai,497.74,30/09/2025,,
SHO0025,FEDEX,01/01/2025,In Transit,Delhi,Pune,315.6,08/01/2025,,
SHO0029,BLUEDART,15/02/2024,Delivered,Hyderabad,Mumbai,172.91,21/02/2024,22/02/2024,1
SHO0030,BLUEDART,30/11/2024,In Transit,Delhi,Chennai,324.38,06/12/2024,,
SHO0036,DHL,20/03/2024,Delivered,Delhi,Chennai,85.72,24/03/2024,27/03/2024,3
SHO0040,FEDEX,11/10/2024,Delivered,Delhi,Chennai,471.7,16/10/2024,18/10/2024,2
SHO0046,DHL,29/12/2024,Delivered,Mumbai,Hyderabad,69.84,02/01/2025,01/04/2025,89
SHO0049,FEDEX,17/02/2026,Accepted,Bangalore,Chennai,266.14,19/02/2026,,
SHO0050,BLUEDART,15/10/2025,Accepted,Delhi,Hyderabad,356.62,17/10/2025,,
SHO0051,DHL,18/05/2025,Delayed,Pune,Chennai,254.67,25/05/2025,26/05/2025,
SHO0052,BLUEDART,24/01/2025,Pending,Hyderabad,Bangalore,446.93,28/01/2025,,
SHO0057,FEDEX,22/03/2025,Delivered,Hyderabad,Bangalore,392.26,24/03/2025,29/03/2025,5
SHO0062,BLUEDART,16/10/2024,Delivered,Delhi,Pune,93.16,22/10/2024,27/10/2024,5
SHO0063,BLUEDART,27/01/2025,In Transit,Hyderabad,Bangalore,416.49,01/02/2025,,
SHO0064,DHL,09/05/2024,Accepted,Mumbai,Pune,479.91,13/05/2024,,
SHO0065,DHL,12/12/2024,Pending,Mumbai,Delhi,321.77,19/12/2024,,
SHO0071,FEDEX,04/01/2026,In Transit,Hyderabad,Bangalore,47.02,04/04/2026,,
SHO0074,BLUEDART,16/05/2026,Delivered,Bangalore,Mumbai,243.24,18/05/2026,22/05/2026,4
SHO0075,FEDEX,27/04/2025,Delayed,Pune,Delhi,279.34,03/05/2025,,
SHO0080,DHL,13/09/2024,Delivered,Hyderabad,Bangalore,21.21,20/09/2024,18/09/2024,0
SHO0081,BLUEDART,05/02/2025,Pending,Pune,Hyderabad,371.25,08/05/2025,,
SHO0083,FEDEX,15/07/2025,Delivered,Chennai,Bangalore,108.61,21/07/2025,23/07/2025,2
SHO0086,FEDEX,21/10/2024,Pending,Bangalore,Pune,101.22,23/10/2024,,
SHO0091,DHL,04/11/2024,In Transit,Pune,Delhi,365.06,08/11/2024,,
SHO0092,BLUEDART,14/03/2024,In Transit,Bangalore,Delhi,419.82,16/03/2024,,
SHO0096,BLUEDART,26/11/2024,Accepted,Chennai,Bangalore,483.16,30/11/2024,,
SHO0098,BLUEDART,25/11/2024,Pending,Bangalore,Hyderabad,195.86,28/11/2024,,
SHO0099,DHL,25/03/2025,Pending,Bangalore,Mumbai,223.19,28/03/2025,,
SHO0101,FEDEX,12/05/2024,Pending,Delhi,Chennai,331.12,14/05/2024,,
SHO0102,BLUEDART,23/10/2025,Delivered,Chennai,Pune,165.58,27/10/2025,25/10/2025,0
SHO0104,BLUEDART,14/02/2024,In Transit,Hyderabad,Chennai,131.29,21/02/2024,,
SHO0105,FEDEX,25/11/2025,Pending,Hyderabad,Mumbai,490.98,30/11/2025,,
SHO0107,FEDEX,16/04/2026,Pending,Pune,Delhi,433.09,18/04/2026,,
SHO0109,BLUEDART,09/03/2025,Delayed,Chennai,Bangalore,370.18,12/03/2025,17/03/2025,
SHO0112,BLUEDART,01/03/2026,Pending,Bangalore,Pune,346.41,05/03/2026,,
SHO0115,DHL,11/01/2025,Delivered,Mumbai,Chennai,221.18,13/01/2025,17/01/2025,4
SHO0120,FEDEX,14/11/2025,In Transit,Pune,Mumbai,331.53,20/11/2025,,
SHO0121,BLUEDART,24/07/2024,Delivered,Hyderabad,Pune,0.55,29/07/2024,27/07/2024,0
SHO0122,BLUEDART,22/06/2025,In Transit,Bangalore,Mumbai,366.12,28/06/2025,,
SHO0123,BLUEDART,05/07/2024,Delivered,Bangalore,Chennai,480.43,07/10/2024,08/07/2024,0
SHO0127,DHL,21/01/2026,Accepted,Delhi,Mumbai,120.31,26/01/2026,,
SHO0128,DHL,03/06/2026,Pending,Delhi,Chennai,162.52,06/06/2026,,
SHO0129,FEDEX,06/02/2025,Pending,Pune,Hyderabad,185.19,02/09/2025,,
SHO0130,BLUEDART,17/03/2025,Delayed,Pune,Hyderabad,431.82,24/03/2025,30/03/2025,
SHO0134,BLUEDART,09/03/2025,Pending,Bangalore,Pune,74.01,09/10/2025,,
SHO0135,FEDEX,02/02/2024,Pending,Hyderabad,Delhi,469.96,04/02/2024,,
SHO0137,BLUEDART,16/09/2025,Pending,Bangalore,Delhi,31.51,19/09/2025,,
SHO0138,FEDEX,23/12/2024,Pending,Delhi,Chennai,461.55,30/12/2024,,
SHO0140,BLUEDART,21/02/2024,Delivered,Hyderabad,Delhi,445.01,24/02/2024,25/02/2024,1
SHO0143,FEDEX,18/10/2025,Pending,Delhi,Chennai,224.1,21/10/2025,,
SHO0148,DHL,24/06/2025,Delivered,Chennai,Mumbai,129.84,30/06/2025,29/06/2025,0
SHO0149,BLUEDART,04/03/2024,Pending,Chennai,Mumbai,178.38,05/04/2024,,
SHO0150,FEDEX,02/02/2026,In Transit,Delhi,Pune,255.42,04/02/2026,,
SHO0151,FEDEX,26/02/2026,Delayed,Mumbai,Hyderabad,364.18,03/05/2026,03/12/2026,
SHO0154,DHL,04/02/2024,Pending,Pune,Bangalore,266.72,11/02/2024,,
SHO0155,BLUEDART,15/04/2026,Delivered,Delhi,Hyderabad,254.14,21/04/2026,24/04/2026,3
SHO0157,BLUEDART,19/05/2026,In Transit,Mumbai,Hyderabad,94.43,26/05/2026,,
SHO0159,BLUEDART,10/08/2024,Pending,Bangalore,Chennai,41.16,14/08/2024,,
SHO0161,BLUEDART,27/07/2024,In Transit,Mumbai,Delhi,101.49,29/07/2024,,
SHO0166,BLUEDART,14/04/2026,In Transit,Chennai,Delhi,75.05,19/04/2026,,
SHO0168,DHL,23/08/2024,In Transit,Chennai,Pune,442.74,30/08/2024,,
SHO0169,DHL,31/07/2024,Pending,Delhi,Pune,3.63,07/08/2024,,
SHO0170,FEDEX,20/03/2026,Delivered,Bangalore,Hyderabad,340.01,26/03/2026,29/03/2026,3
SHO0171,FEDEX,13/03/2026,Pending,Pune,Mumbai,204.55,17/03/2026,,
SHO0181,FEDEX,19/04/2025,Delivered,Delhi,Chennai,314.14,26/04/2025,26/04/2025,0
SHO0182,FEDEX,14/03/2026,In Transit,Delhi,Chennai,222.25,18/03/2026,,
SHO0189,DHL,10/08/2024,In Transit,Delhi,Pune,231.81,10/11/2024,,
SHO0192,BLUEDART,05/07/2025,Delayed,Delhi,Bangalore,107.72,07/12/2025,17/07/2025,
SHO0195,BLUEDART,12/10/2025,Delivered,Pune,Chennai,324.43,14/10/2025,18/10/2025,4
SHO0196,FEDEX,17/02/2024,Delayed,Bangalore,Pune,283.18,22/02/2024,23/02/2024,
SHO0201,DHL,25/12/2024,In Transit,Chennai,Mumbai,102.41,28/12/2024,,
SHO0203,FEDEX,13/03/2024,Pending,Bangalore,Chennai,435.46,15/03/2024,,
SHO0204,DHL,03/10/2024,Delayed,Pune,Bangalore,72.07,03/12/2024,13/03/2024,
SHO0210,BLUEDART,17/08/2024,In Transit,Bangalore,Mumbai,63.99,24/08/2024,,
SHO0211,BLUEDART,11/03/2024,Pending,Pune,Chennai,422.3,15/03/2024,,
SHO0215,FEDEX,21/11/2024,Pending,Bangalore,Delhi,77.73,23/11/2024,,
SHO0217,DHL,30/12/2024,In Transit,Pune,Delhi,217.81,06/01/2025,,
SHO0218,DHL,03/04/2026,Delivered,Mumbai,Pune,1.08,05/04/2026,03/04/2026,0
SHO0219,DHL,21/07/2024,Delivered,Pune,Hyderabad,177.19,24/07/2024,23/07/2024,0
SHO0220,FEDEX,25/06/2024,In Transit,Bangalore,Mumbai,44.54,28/06/2024,,
SHO0223,FEDEX,24/02/2026,Pending,Chennai,Delhi,499.77,27/02/2026,,
SHO0226,FEDEX,05/04/2026,Delayed,Chennai,Hyderabad,117.64,08/04/2026,14/04/2026,
SHO0231,FEDEX,19/06/2024,In Transit,Bangalore,Mumbai,205.99,24/06/2024,,
SHO0232,FEDEX,28/10/2024,Delayed,Pune,Hyderabad,104.86,30/10/2024,11/01/2024,
SHO0233,FEDEX,17/03/2025,Delivered,Bangalore,Pune,15.7,22/03/2025,22/03/2025,0
SHO0235,DHL,24/03/2024,Pending,Hyderabad,Mumbai,409.39,28/03/2024,,
SHO0238,BLUEDART,24/11/2025,Pending,Chennai,Bangalore,5.52,29/11/2025,,
SHO0240,BLUEDART,19/06/2025,Delivered,Chennai,Bangalore,163.36,24/06/2025,24/06/2025,0
SHO0242,FEDEX,20/02/2024,Delivered,Bangalore,Hyderabad,195.63,24/02/2024,27/02/2024,3
SHO0243,FEDEX,03/03/2026,Accepted,Bangalore,Mumbai,106.1,03/10/2026,,
SHO0245,FEDEX,22/12/2025,Accepted,Pune,Mumbai,78.91,27/12/2025,,
SHO0247,DHL,24/11/2025,In Transit,Bangalore,Hyderabad,76.07,29/11/2025,,
SHO0248,DHL,14/09/2025,Delivered,Hyderabad,Mumbai,466.94,21/09/2025,23/09/2025,2
SHO0250,BLUEDART,06/02/2024,Pending,Delhi,Hyderabad,363.98,06/04/2024,,
SHO0253,DHL,01/02/2026,Accepted,Delhi,Hyderabad,98.11,05/02/2026,,
SHO0258,FEDEX,02/09/2025,Pending,Mumbai,Bangalore,115.94,09/09/2025,,
SHO0259,DHL,14/01/2026,Accepted,Hyderabad,Delhi,42.49,16/01/2026,26/01/2026,
SHO0263,DHL,23/04/2024,Accepted,Pune,Hyderabad,253.01,28/04/2024,,
SHO0266,BLUEDART,26/10/2025,Delivered,Mumbai,Chennai,16.73,29/10/2025,27/10/2025,0
SHO0269,DHL,25/02/2024,Delayed,Chennai,Bangalore,293.17,28/02/2024,08/03/2024,
SHO0273,BLUEDART,18/06/2025,In Transit,Delhi,Bangalore,327.22,20/06/2025,,
SHO0276,BLUEDART,15/09/2025,Delivered,Mumbai,Chennai,362.18,19/09/2025,23/09/2025,4
SHO0278,BLUEDART,28/12/2025,Delayed,Bangalore,Delhi,361.25,01/03/2026,,
SHO0279,DHL,26/01/2024,In Transit,Chennai,Pune,4.29,02/02/2024,,
SHO0283,BLUEDART,11/02/2024,In Transit,Pune,Chennai,81.89,15/02/2024,,
SHO0284,FEDEX,03/03/2026,Delivered,Chennai,Pune,277.05,03/10/2026,03/12/2026,61
SHO0285,BLUEDART,10/07/2025,Pending,Hyderabad,Chennai,153.98,14/07/2025,,
SHO0288,DHL,03/08/2024,Delivered,Bangalore,Pune,285.12,06/08/2024,08/10/2024,63
SHO0289,BLUEDART,15/04/2025,Delivered,Hyderabad,Pune,112.39,17/04/2025,16/04/2025,0
SHO0291,DHL,25/01/2025,In Transit,Delhi,Chennai,396.83,27/01/2025,,
SHO0298,DHL,18/02/2025,Delivered,Chennai,Bangalore,262.22,20/02/2025,22/02/2025,2
SHO0300,DHL,02/01/2025,Delayed,Bangalore,Mumbai,46.92,07/01/2025,11/01/2025,
SHO0302,BLUEDART,16/08/2024,Pending,Delhi,Chennai,155.39,20/08/2024,,
SHO0305,BLUEDART,18/06/2026,Delivered,Bangalore,Pune,342.23,22/06/2026,21/06/2026,0
SHO0309,BLUEDART,11/03/2025,Delayed,Chennai,Pune,67.62,14/03/2025,16/03/2025,
SHO0311,FEDEX,19/07/2025,Delivered,Hyderabad,Chennai,243.39,22/07/2025,25/07/2025,3
SHO0312,BLUEDART,02/04/2025,Delivered,Pune,Delhi,325.6,04/05/2025,04/04/2025,0
SHO0313,BLUEDART,23/04/2026,Accepted,Pune,Hyderabad,193.57,29/04/2026,06/05/2026,
SHO0314,BLUEDART,28/02/2024,Delivered,Delhi,Bangalore,395.73,06/03/2024,11/03/2024,5
SHO0316,DHL,18/10/2024,Delivered,Pune,Bangalore,401.26,24/10/2024,27/10/2024,3
SHO0318,DHL,28/11/2025,Pending,Delhi,Chennai,439.98,30/11/2025,,
SHO0319,FEDEX,02/07/2025,Delayed,Delhi,Bangalore,326.47,06/07/2025,07/10/2025,
SHO0321,DHL,21/03/2024,Delivered,Pune,Hyderabad,474.35,26/03/2024,24/03/2024,0
SHO0322,DHL,11/02/2025,In Transit,Chennai,Delhi,355.1,14/02/2025,,
SHO0323,DHL,16/12/2025,Pending,Mumbai,Pune,186.84,23/12/2025,,
SHO0324,FEDEX,27/04/2025,Pending,Hyderabad,Mumbai,119.0,30/04/2025,,
SHO0325,DHL,13/04/2026,Delayed,Chennai,Hyderabad,338.07,16/04/2026,25/04/2026,
SHO0326,BLUEDART,07/01/2026,In Transit,Chennai,Bangalore,375.49,01/11/2026,,
SHO0327,BLUEDART,02/01/2026,Accepted,Pune,Chennai,70.67,02/05/2026,,
SHO0329,DHL,07/03/2025,Delivered,Hyderabad,Mumbai,275.14,12/03/2025,11/03/2025,0
SHO0330,FEDEX,17/06/2025,Pending,Delhi,Bangalore,160.11,20/06/2025,,
SHO0331,DHL,18/06/2026,Pending,Pune,Hyderabad,238.09,20/06/2026,,
SHO0333,BLUEDART,31/03/2025,Delayed,Delhi,Bangalore,482.33,04/07/2025,16/04/2025,
SHO0335,DHL,12/02/2026,Pending,Bangalore,Mumbai,93.77,17/02/2026,,
SHO0337,BLUEDART,26/02/2025,In Transit,Chennai,Delhi,415.02,01/03/2025,,
SHO0342,FEDEX,20/06/2024,Delivered,Delhi,Pune,80.14,22/06/2024,26/06/2024,4
SHO0344,FEDEX,22/01/2024,Delivered,Mumbai,Hyderabad,139.11,29/01/2024,29/01/2024,0
SHO0345,FEDEX,08/10/2024,Accepted,Bangalore,Mumbai,402.18,14/10/2024,,
SHO0346,BLUEDART,23/06/2026,Delayed,Mumbai,Hyderabad,279.45,27/06/2026,,
SHO0350,BLUEDART,12/01/2026,In Transit,Pune,Hyderabad,228.36,15/01/2026,,
SHO0351,BLUEDART,21/11/2025,Pending,Chennai,Delhi,327.48,26/11/2025,,
SHO0356,DHL,08/02/2024,Delivered,Chennai,Delhi,388.84,13/02/2024,12/02/2024,0
SHO0358,FEDEX,31/05/2025,Accepted,Chennai,Bangalore,48.81,04/06/2025,11/06/2025,
SHO0360,FEDEX,01/04/2024,Delayed,Bangalore,Chennai,309.61,06/04/2024,12/04/2024,
SHO0363,DHL,20/01/2025,Pending,Bangalore,Pune,445.5,26/01/2025,,
SHO0371,BLUEDART,24/08/2024,Pending,Chennai,Bangalore,54.67,31/08/2024,,
SHO0372,DHL,30/04/2025,Delayed,Mumbai,Chennai,15.0,03/05/2025,04/05/2025,
SHO0373,FEDEX,12/05/2025,In Transit,Chennai,Mumbai,422.73,12/08/2025,,
SHO0375,BLUEDART,25/10/2024,Pending,Pune,Delhi,150.86,29/10/2024,,
SHO0378,BLUEDART,12/06/2024,In Transit,Chennai,Bangalore,239.2,14/06/2024,,
SHO0386,FEDEX,07/12/2024,In Transit,Mumbai,Pune,245.04,14/12/2024,,
SHO0388,DHL,04/10/2025,Pending,Mumbai,Hyderabad,437.39,10/10/2025,,
SHO0389,FEDEX,20/01/2024,Accepted,Chennai,Bangalore,254.89,24/01/2024,,
SHO0394,BLUEDART,06/01/2024,Delayed,Pune,Mumbai,78.71,06/03/2024,13/06/2024,
SHO0395,DHL,14/11/2024,Pending,Hyderabad,Pune,437.5,20/11/2024,,
SHO0396,DHL,29/08/2025,Delivered,Bangalore,Chennai,404.98,05/09/2025,10/09/2025,5
SHO0399,BLUEDART,04/06/2025,Delayed,Chennai,Hyderabad,155.3,06/11/2025,,
SHO0405,FEDEX,29/12/2025,In Transit,Bangalore,Delhi,155.5,03/01/2026,,
SHO0409,FEDEX,21/03/2024,Pending,Mumbai,Bangalore,436.15,23/03/2024,,
SHO0411,BLUEDART,23/09/2024,Delayed,Delhi,Bangalore,284.99,29/09/2024,,
SHO0413,FEDEX,11/05/2025,Delayed,Bangalore,Hyderabad,383.64,13/05/2025,19/05/2025,
SHO0416,DHL,14/05/2026,In Transit,Chennai,Delhi,274.08,21/05/2026,,
SHO0418,BLUEDART,12/08/2024,Delivered,Mumbai,Delhi,84.31,15/08/2024,13/08/2024,0
SHO0419,DHL,13/05/2024,In Transit,Pune,Bangalore,300.71,20/05/2024,,
SHO0420,FEDEX,20/09/2024,Delayed,Mumbai,Delhi,372.82,24/09/2024,25/09/2024,
SHO0422,FEDEX,01/06/2024,Accepted,Pune,Chennai,291.39,03/06/2024,,
SHO0424,BLUEDART,07/01/2025,Accepted,Pune,Mumbai,477.34,03/07/2025,,
SHO0426,FEDEX,17/01/2024,Delayed,Chennai,Mumbai,116.79,21/01/2024,22/01/2024,
SHO0428,DHL,23/06/2024,Accepted,Mumbai,Bangalore,262.8,25/06/2024,,
SHO0429,BLUEDART,28/11/2024,Delayed,Bangalore,Mumbai,485.99,04/12/2024,13/12/2024,
SHO0433,BLUEDART,20/04/2025,Delivered,Chennai,Hyderabad,283.35,23/04/2025,25/04/2025,2
SHO0436,FEDEX,13/08/2024,Delayed,Hyderabad,Chennai,193.17,18/08/2024,19/08/2024,
SHO0437,FEDEX,10/05/2024,Delayed,Hyderabad,Mumbai,321.48,12/05/2024,17/05/2024,
SHO0438,BLUEDART,14/08/2025,Pending,Chennai,Hyderabad,415.9,16/08/2025,,
SHO0444,BLUEDART,28/07/2025,Delivered,Chennai,Pune,368.67,31/07/2025,03/08/2025,3
SHO0445,DHL,30/09/2024,Pending,Delhi,Mumbai,314.53,04/10/2024,,
SHO0446,BLUEDART,27/09/2025,In Transit,Delhi,Chennai,383.94,04/10/2025,,
SHO0454,BLUEDART,31/12/2024,Delayed,Hyderabad,Chennai,109.29,01/06/2025,10/01/2025,
SHO0455,DHL,18/07/2024,Pending,Chennai,Mumbai,104.3,24/07/2024,,
SHO0457,FEDEX,22/05/2024,Accepted,Bangalore,Mumbai,260.56,24/05/2024,,
SHO0459,FEDEX,20/05/2025,Pending,Chennai,Delhi,349.12,23/05/2025,,
SHO0460,FEDEX,18/05/2025,Delivered,Mumbai,Hyderabad,293.98,20/05/2025,19/05/2025,0
SHO0462,FEDEX,25/10/2024,Pending,Pune,Mumbai,290.59,27/10/2024,,
SHO0463,BLUEDART,02/12/2025,Delivered,Delhi,Mumbai,319.24,04/12/2025,07/12/2025,3
SHO0466,FEDEX,15/08/2024,Delayed,Pune,Hyderabad,416.95,18/08/2024,22/08/2024,
SHO0470,DHL,10/01/2025,Delivered,Chennai,Mumbai,261.84,15/01/2025,14/01/2025,0
SHO0473,BLUEDART,24/03/2025,Pending,Pune,Chennai,301.96,26/03/2025,,
SHO0474,FEDEX,24/07/2024,Pending,Hyderabad,Mumbai,409.54,29/07/2024,,
SHO0475,BLUEDART,05/02/2025,Delivered,Mumbai,Delhi,269.84,07/05/2025,12/05/2025,5
SHO0477,FEDEX,27/10/2024,Accepted,Mumbai,Hyderabad,208.78,02/11/2024,11/04/2024,
SHO0479,BLUEDART,08/08/2025,Pending,Bangalore,Chennai,196.03,11/08/2025,,
SHO0483,BLUEDART,23/05/2025,Pending,Hyderabad,Mumbai,390.65,30/05/2025,,
SHO0485,BLUEDART,02/08/2024,In Transit,Mumbai,Chennai,381.48,08/09/2024,,
SHO0486,FEDEX,07/03/2024,Delayed,Bangalore,Chennai,284.15,07/09/2024,12/07/2024,
SHO0487,FEDEX,18/06/2025,In Transit,Chennai,Pune,131.28,21/06/2025,,
SHO0489,FEDEX,22/03/2025,In Transit,Mumbai,Bangalore,295.21,24/03/2025,,
SHO0495,FEDEX,07/01/2025,Accepted,Bangalore,Pune,57.1,06/07/2025,,
SHO0498,DHL,07/10/2025,Pending,Pune,Delhi,378.79,10/10/2025,,
SHO0499,BLUEDART,12/03/2025,In Transit,Hyderabad,Bangalore,379.73,12/07/2025,,
SHO0500,DHL,05/07/2024,In Transit,Mumbai,Delhi,428.31,11/07/2024,,
SHO0501,DHL,20/02/2024,In Transit,Delhi,Hyderabad,278.44,26/02/2024,,
SHO0502,FEDEX,01/05/2024,In Transit,Bangalore,Mumbai,333.87,04/05/2024,,
SHO0505,FEDEX,27/12/2025,Delivered,Chennai,Bangalore,389.71,29/12/2025,31/12/2025,2
SHO0506,FEDEX,19/05/2025,In Transit,Hyderabad,Bangalore,429.18,22/05/2025,,
SHO0508,BLUEDART,24/02/2024,In Transit,Bangalore,Mumbai,6.2,27/02/2024,,
SHO0509,FEDEX,11/05/2025,Pending,Delhi,Bangalore,205.93,18/05/2025,,
SHO0510,BLUEDART,08/05/2024,Pending,Bangalore,Chennai,498.84,08/07/2024,,
SHO0524,BLUEDART,01/01/2026,Delayed,Mumbai,Hyderabad,226.42,01/06/2026,16/01/2026,
SHO0525,FEDEX,22/01/2024,Delayed,Bangalore,Mumbai,87.05,25/01/2024,02/02/2024,
SHO0531,DHL,25/03/2025,In Transit,Pune,Delhi,366.15,27/03/2025,,
SHO0538,FEDEX,02/08/2025,Delivered,Hyderabad,Bangalore,438.72,09/08/2025,10/08/2025,1
SHO0539,DHL,19/08/2025,In Transit,Delhi,Bangalore,397.25,23/08/2025,,
SHO0540,DHL,13/01/2025,Delivered,Mumbai,Pune,225.23,19/01/2025,23/01/2025,4
SHO0543,DHL,07/03/2025,Delayed,Hyderabad,Bangalore,463.36,11/03/2025,,
SHO0545,FEDEX,11/11/2025,Pending,Pune,Bangalore,157.58,14/11/2025,,
SHO0547,FEDEX,03/05/2024,Delivered,Chennai,Pune,462.99,06/05/2024,04/05/2024,0
SHO0551,BLUEDART,02/10/2024,Pending,Hyderabad,Pune,478.82,09/10/2024,,
SHO0552,BLUEDART,17/01/2025,Accepted,Hyderabad,Delhi,491.48,20/01/2025,,
SHO0564,BLUEDART,10/09/2024,Delayed,Delhi,Mumbai,194.67,14/09/2024,15/09/2024,
SHO0565,DHL,21/01/2025,In Transit,Pune,Hyderabad,436.25,28/01/2025,,
SHO0567,BLUEDART,13/12/2024,Delivered,Chennai,Pune,463.8,15/12/2024,20/12/2024,5
SHO0568,BLUEDART,19/09/2024,Accepted,Hyderabad,Bangalore,164.18,26/09/2024,,
SHO0569,BLUEDART,20/08/2025,Pending,Delhi,Mumbai,369.79,23/08/2025,,
SHO0573,DHL,26/03/2025,In Transit,Hyderabad,Mumbai,286.17,30/03/2025,,
SHO0575,FEDEX,23/06/2025,Delivered,Bangalore,Hyderabad,498.66,28/06/2025,27/06/2025,0
SHO0576,DHL,24/08/2025,In Transit,Pune,Bangalore,415.57,28/08/2025,,
SHO0577,FEDEX,14/03/2026,Pending,Hyderabad,Pune,378.78,20/03/2026,,
SHO0579,DHL,09/11/2024,In Transit,Mumbai,Hyderabad,435.45,15/11/2024,,
SHO0583,DHL,22/04/2026,In Transit,Delhi,Mumbai,374.21,27/04/2026,,
SHO0585,FEDEX,05/04/2025,Accepted,Hyderabad,Chennai,243.9,04/09/2025,,
SHO0587,BLUEDART,06/06/2026,In Transit,Chennai,Bangalore,488.5,09/06/2026,,
SHO0590,DHL,13/11/2024,In Transit,Hyderabad,Delhi,394.38,20/11/2024,,
SHO0593,DHL,09/02/2024,Accepted,Mumbai,Pune,11.6,09/09/2024,,
SHO0595,FEDEX,26/05/2026,In Transit,Bangalore,Mumbai,150.07,28/05/2026,,
SHO0596,BLUEDART,23/05/2024,Pending,Hyderabad,Chennai,395.85,26/05/2024,,
SHO0598,BLUEDART,03/02/2025,Delivered,Bangalore,Pune,98.83,02/05/2025,03/02/2025,0
SHO0603,BLUEDART,07/06/2025,Delivered,Mumbai,Chennai,350.25,13/06/2025,06/11/2025,146
SHO0606,BLUEDART,14/09/2025,Accepted,Bangalore,Hyderabad,141.26,18/09/2025,,
SHO0607,DHL,26/06/2024,Pending,Hyderabad,Pune,238.33,29/06/2024,,
SHO0608,DHL,13/08/2025,Pending,Delhi,Mumbai,481.28,16/08/2025,,
SHO0609,BLUEDART,19/04/2026,Delivered,Mumbai,Hyderabad,199.56,24/04/2026,28/04/2026,4
SHO0611,FEDEX,28/01/2025,Pending,Mumbai,Delhi,98.53,02/03/2025,,
SHO0614,BLUEDART,24/12/2025,Pending,Mumbai,Chennai,485.0,26/12/2025,,
SHO0615,FEDEX,21/01/2026,In Transit,Chennai,Delhi,356.43,28/01/2026,,
SHO0617,DHL,29/05/2025,Delayed,Mumbai,Hyderabad,181.38,01/06/2025,,
SHO0622,BLUEDART,15/10/2025,Accepted,Hyderabad,Pune,106.87,22/10/2025,,
SHO0624,FEDEX,05/02/2026,Delivered,Pune,Mumbai,497.86,07/05/2026,05/07/2026,59
SHO0628,BLUEDART,14/11/2024,Delayed,Bangalore,Pune,262.23,17/11/2024,24/11/2024,
SHO0634,BLUEDART,20/01/2025,In Transit,Pune,Delhi,314.08,23/01/2025,,
SHO0636,FEDEX,08/10/2024,Delivered,Bangalore,Mumbai,298.85,12/10/2024,10/10/2024,0
SHO0639,BLUEDART,06/01/2026,Pending,Pune,Delhi,323.23,06/03/2026,,
SHO0641,FEDEX,31/03/2025,Delayed,Bangalore,Chennai,254.7,07/04/2025,13/04/2025,
SHO0642,FEDEX,08/09/2025,Pending,Hyderabad,Delhi,45.3,12/09/2025,,
SHO0643,FEDEX,23/11/2025,In Transit,Pune,Mumbai,465.32,26/11/2025,,
SHO0646,DHL,25/08/2025,Accepted,Chennai,Delhi,387.94,27/08/2025,,
SHO0653,FEDEX,17/01/2025,Delayed,Mumbai,Hyderabad,116.02,24/01/2025,28/01/2025,
SHO0655,FEDEX,17/03/2025,Accepted,Pune,Hyderabad,34.58,23/03/2025,,
SHO0657,DHL,16/05/2024,In Transit,Delhi,Pune,164.21,20/05/2024,,
SHO0659,FEDEX,25/01/2026,Delayed,Mumbai,Bangalore,171.91,29/01/2026,02/03/2026,
SHO0661,DHL,07/10/2024,In Transit,Mumbai,Pune,458.88,10/12/2024,,
SHO0662,DHL,05/05/2025,Delayed,Delhi,Chennai,215.72,12/05/2025,13/05/2025,
SHO0665,BLUEDART,16/07/2024,Delivered,Bangalore,Hyderabad,178.55,18/07/2024,17/07/2024,0
SHO0668,FEDEX,29/07/2025,Delivered,Chennai,Mumbai,146.34,04/08/2025,06/08/2025,2
SHO0673,FEDEX,25/08/2024,Delivered,Hyderabad,Chennai,341.25,29/08/2024,29/08/2024,0
SHO0674,BLUEDART,13/11/2024,Delayed,Delhi,Pune,433.45,18/11/2024,28/11/2024,
SHO0676,DHL,23/01/2026,Accepted,Pune,Bangalore,116.27,30/01/2026,,
SHO0681,DHL,23/11/2024,Delayed,Bangalore,Hyderabad,146.55,30/11/2024,12/08/2024,
SHO0684,DHL,06/01/2025,Pending,Hyderabad,Pune,194.88,09/01/2025,,
SHO0686,BLUEDART,16/03/2024,Pending,Pune,Bangalore,405.71,19/03/2024,,
SHO0690,DHL,05/03/2025,In Transit,Bangalore,Mumbai,298.57,08/05/2025,,
SHO0691,FEDEX,15/10/2024,Delayed,Pune,Delhi,234.11,17/10/2024,21/10/2024,
SHO0692,DHL,16/02/2024,Delayed,Chennai,Mumbai,102.46,20/02/2024,21/02/2024,
SHO0696,BLUEDART,04/04/2026,Delayed,Mumbai,Pune,2.72,04/08/2026,17/04/2026,
SHO0699,BLUEDART,17/12/2025,Accepted,Pune,Delhi,245.26,20/12/2025,,
SHO0700,FEDEX,19/10/2025,Pending,Mumbai,Chennai,442.07,24/10/2025,,
SHO0702,DHL,04/03/2024,Delivered,Chennai,Mumbai,129.67,09/03/2024,14/03/2024,5
SHO0708,DHL,26/10/2025,Pending,Bangalore,Mumbai,160.15,30/10/2025,,
SHO0711,DHL,25/01/2025,Delayed,Mumbai,Bangalore,33.42,30/01/2025,02/01/2025,
SHO0713,FEDEX,16/03/2025,In Transit,Hyderabad,Bangalore,242.33,21/03/2025,,
SHO0717,BLUEDART,25/03/2024,Delayed,Pune,Mumbai,283.91,01/04/2024,04/11/2024,
SHO0718,FEDEX,13/04/2024,Pending,Hyderabad,Chennai,381.36,18/04/2024,,
SHO0719,DHL,11/01/2024,Delayed,Hyderabad,Mumbai,302.61,18/01/2024,28/01/2024,
SHO0722,FEDEX,12/04/2025,Accepted,Hyderabad,Delhi,434.64,08/12/2025,,
SHO0724,DHL,23/08/2025,In Transit,Chennai,Delhi,90.21,30/08/2025,,
SHO0732,FEDEX,21/05/2024,Pending,Delhi,Hyderabad,187.2,24/05/2024,,
SHO0737,DHL,02/05/2025,Delivered,Delhi,Pune,227.91,05/06/2025,08/05/2025,0
SHO0738,FEDEX,26/10/2025,In Transit,Pune,Hyderabad,344.56,31/10/2025,,
SHO0745,BLUEDART,24/05/2025,Delayed,Hyderabad,Mumbai,61.73,31/05/2025,,
SHO0747,BLUEDART,25/03/2026,Pending,Pune,Chennai,248.66,29/03/2026,,
SHO0751,BLUEDART,03/04/2026,Pending,Mumbai,Delhi,0.72,06/04/2026,,
SHO0754,FEDEX,18/04/2025,Delivered,Bangalore,Pune,362.54,24/04/2025,29/04/2025,5
SHO0758,DHL,23/06/2024,Pending,Hyderabad,Delhi,350.17,29/06/2024,,
SHO0759,FEDEX,20/04/2025,Accepted,Bangalore,Pune,391.83,23/04/2025,,
SHO0760,BLUEDART,29/12/2024,Delayed,Mumbai,Pune,191.39,05/01/2025,13/01/2025,
SHO0766,DHL,27/07/2024,Delayed,Bangalore,Pune,389.81,29/07/2024,08/04/2024,
SHO0768,DHL,13/04/2024,Delayed,Chennai,Delhi,209.25,15/04/2024,25/04/2024,
SHO0769,DHL,07/01/2025,Pending,Delhi,Pune,60.01,07/07/2025,,
SHO0770,FEDEX,03/02/2024,In Transit,Bangalore,Pune,164.42,06/02/2024,,
SHO0771,DHL,04/04/2026,Pending,Mumbai,Pune,444.51,11/04/2026,,
SHO0773,DHL,30/05/2026,In Transit,Chennai,Bangalore,315.53,06/06/2026,,
SHO0774,DHL,22/09/2025,Accepted,Mumbai,Pune,124.04,26/09/2025,,
SHO0775,BLUEDART,01/04/2026,Delayed,Chennai,Pune,426.49,04/04/2026,05/04/2026,
SHO0779,DHL,25/08/2025,Accepted,Delhi,Mumbai,94.24,27/08/2025,,
SHO0780,FEDEX,29/06/2025,Delayed,Hyderabad,Chennai,303.03,01/07/2025,07/10/2025,
SHO0783,DHL,29/10/2024,In Transit,Hyderabad,Bangalore,251.23,31/10/2024,,
SHO0785,DHL,10/10/2024,Pending,Chennai,Pune,239.84,12/10/2024,,
SHO0787,BLUEDART,05/01/2026,Delayed,Delhi,Bangalore,268.34,01/09/2026,01/11/2026,
SHO0789,DHL,24/10/2024,Delayed,Delhi,Pune,448.89,26/10/2024,28/10/2024,
SHO0790,BLUEDART,25/01/2025,Delivered,Pune,Delhi,498.74,27/01/2025,26/01/2025,0
SHO0791,DHL,06/11/2025,Pending,Chennai,Mumbai,221.79,10/11/2025,,
SHO0792,FEDEX,10/12/2025,In Transit,Delhi,Pune,178.1,15/12/2025,,
SHO0795,DHL,25/01/2024,Delivered,Pune,Chennai,16.82,27/01/2024,27/01/2024,0
SHO0799,DHL,16/03/2025,Pending,Bangalore,Hyderabad,81.39,22/03/2025,,
SHO0801,DHL,15/10/2024,Pending,Delhi,Hyderabad,167.37,20/10/2024,,
SHO0810,BLUEDART,20/09/2025,Pending,Hyderabad,Pune,111.22,26/09/2025,,
SHO0811,BLUEDART,15/06/2025,In Transit,Pune,Hyderabad,130.02,18/06/2025,,
SHO0816,FEDEX,01/01/2026,Delayed,Delhi,Bangalore,182.32,07/01/2026,01/08/2026,
SHO0817,DHL,31/07/2024,Accepted,Chennai,Hyderabad,466.41,06/08/2024,,
SHO0820,DHL,19/06/2024,In Transit,Chennai,Pune,173.81,21/06/2024,,
SHO0822,BLUEDART,15/06/2025,Pending,Bangalore,Delhi,65.72,20/06/2025,,
SHO0824,FEDEX,23/06/2026,In Transit,Bangalore,Chennai,120.08,25/06/2026,,
SHO0827,BLUEDART,17/06/2024,Pending,Hyderabad,Delhi,427.28,21/06/2024,,
SHO0828,DHL,21/01/2025,Delivered,Chennai,Mumbai,143.61,26/01/2025,29/01/2025,3
SHO0833,BLUEDART,23/12/2025,Delivered,Bangalore,Hyderabad,22.61,26/12/2025,25/12/2025,0
SHO0837,BLUEDART,21/11/2024,Pending,Pune,Delhi,283.44,23/11/2024,,
SHO0838,BLUEDART,13/11/2024,Delayed,Hyderabad,Delhi,140.0,17/11/2024,20/11/2024,
SHO0845,BLUEDART,10/11/2025,In Transit,Hyderabad,Delhi,377.37,12/11/2025,,
SHO0847,BLUEDART,16/12/2025,In Transit,Bangalore,Mumbai,449.44,23/12/2025,,
SHO0850,FEDEX,14/11/2024,In Transit,Hyderabad,Mumbai,311.66,19/11/2024,,
SHO0853,DHL,16/02/2026,In Transit,Mumbai,Bangalore,424.78,18/02/2026,,
SHO0858,FEDEX,23/01/2024,Delayed,Mumbai,Chennai,471.21,27/01/2024,29/01/2024,
SHO0862,FEDEX,22/04/2026,Pending,Delhi,Mumbai,8.03,29/04/2026,,
SHO0864,BLUEDART,17/03/2025,In Transit,Delhi,Bangalore,497.58,19/03/2025,,
SHO0865,DHL,11/08/2024,In Transit,Pune,Chennai,495.44,17/08/2024,,
SHO0867,FEDEX,20/10/2024,Accepted,Mumbai,Chennai,456.24,23/10/2024,,
SHO0871,BLUEDART,26/03/2026,Delayed,Mumbai,Hyderabad,484.23,01/04/2026,03/04/2026,
SHO0873,BLUEDART,13/02/2025,Delivered,Pune,Mumbai,457.89,20/02/2025,25/02/2025,5
SHO0874,FEDEX,25/05/2024,In Transit,Bangalore,Delhi,381.42,28/05/2024,,
SHO0875,FEDEX,12/04/2024,Delivered,Delhi,Chennai,181.22,08/12/2024,10/12/2024,2
SHO0878,FEDEX,24/08/2025,Accepted,Bangalore,Hyderabad,210.64,30/08/2025,,
SHO0879,DHL,16/12/2024,In Transit,Bangalore,Pune,99.4,19/12/2024,,
SHO0882,BLUEDART,11/10/2024,Delayed,Delhi,Bangalore,351.0,18/10/2024,20/10/2024,
SHO0884,DHL,07/03/2026,Delivered,Bangalore,Mumbai,32.98,14/03/2026,19/03/2026,5
SHO0889,DHL,14/01/2026,In Transit,Delhi,Mumbai,400.95,18/01/2026,,
SHO0891,BLUEDART,24/09/2025,Pending,Hyderabad,Delhi,175.26,28/09/2025,,
SHO0892,DHL,05/12/2025,Delivered,Bangalore,Mumbai,202.48,09/12/2025,13/12/2025,4
SHO0896,DHL,02/02/2024,Pending,Chennai,Mumbai,426.39,02/06/2024,,
SHO0897,DHL,28/03/2026,Pending,Chennai,Hyderabad,410.85,30/03/2026,,
SHO0901,DHL,23/08/2024,Delivered,Delhi,Mumbai,41.11,27/08/2024,27/08/2024,0
SHO0902,FEDEX,07/06/2026,Delivered,Pune,Chennai,415.43,06/10/2026,14/06/2026,0
SHO0907,BLUEDART,19/06/2026,Delayed,Hyderabad,Mumbai,376.2,21/06/2026,29/06/2026,
SHO0909,FEDEX,17/05/2024,Accepted,Chennai,Mumbai,269.9,24/05/2024,,
SHO0910,BLUEDART,04/05/2025,Pending,Bangalore,Pune,354.26,10/05/2025,,
SHO0913,BLUEDART,14/06/2024,In Transit,Pune,Delhi,107.07,20/06/2024,,
SHO0915,BLUEDART,15/11/2025,Accepted,Mumbai,Pune,118.58,21/11/2025,,
SHO0920,BLUEDART,08/01/2024,Delivered,Bangalore,Delhi,275.61,03/08/2024,01/08/2024,0
SHO0921,DHL,04/02/2025,Pending,Bangalore,Mumbai,32.16,08/02/2025,,
SHO0925,FEDEX,14/09/2024,Delivered,Bangalore,Delhi,214.54,19/09/2024,21/09/2024,2
SHO0934,FEDEX,25/03/2024,In Transit,Chennai,Bangalore,499.67,30/03/2024,,
SHO0935,DHL,25/10/2025,Delivered,Hyderabad,Chennai,45.26,27/10/2025,29/10/2025,2
SHO0940,BLUEDART,17/05/2025,In Transit,Pune,Bangalore,328.45,20/05/2025,,
SHO0941,BLUEDART,23/02/2026,Pending,Mumbai,Hyderabad,488.5,01/03/2026,,
SHO0942,DHL,17/01/2026,Delayed,Chennai,Mumbai,344.88,20/01/2026,30/01/2026,
SHO0943,BLUEDART,25/01/2025,Delivered,Mumbai,Chennai,195.16,29/01/2025,29/01/2025,0
SHO0945,BLUEDART,30/11/2024,In Transit,Pune,Hyderabad,97.63,06/12/2024,,
SHO0947,DHL,20/04/2024,In Transit,Delhi,Mumbai,316.16,26/04/2024,,
SHO0948,BLUEDART,13/03/2026,Pending,Chennai,Mumbai,467.53,20/03/2026,,
SHO0950,BLUEDART,20/10/2025,In Transit,Mumbai,Bangalore,83.89,23/10/2025,,
SHO0952,BLUEDART,18/10/2025,In Transit,Chennai,Hyderabad,348.77,24/10/2025,,
SHO0955,FEDEX,26/04/2026,In Transit,Hyderabad,Chennai,135.63,01/05/2026,,
SHO0958,FEDEX,18/10/2024,Pending,Bangalore,Mumbai,86.13,24/10/2024,,
SHO0959,DHL,06/02/2024,Pending,Hyderabad,Bangalore,197.72,08/02/2024,,
SHO0961,FEDEX,18/04/2025,In Transit,Hyderabad,Mumbai,442.91,20/04/2025,,
SHO0962,FEDEX,12/03/2024,Accepted,Pune,Chennai,62.55,18/03/2024,,
SHO0965,BLUEDART,13/10/2025,Pending,Delhi,Mumbai,197.89,16/10/2025,,
SHO0966,FEDEX,27/01/2026,Delayed,Hyderabad,Mumbai,170.41,31/01/2026,02/03/2026,
SHO0967,FEDEX,16/04/2025,Delivered,Mumbai,Chennai,182.34,21/04/2025,26/04/2025,5
SHO0970,DHL,26/02/2026,Delayed,Delhi,Bangalore,291.92,03/04/2026,08/03/2026,
SHO0971,BLUEDART,23/11/2025,Delayed,Chennai,Pune,376.44,25/11/2025,26/11/2025,
SHO0972,DHL,19/11/2024,Pending,Delhi,Bangalore,444.62,24/11/2024,,
SHO0974,FEDEX,18/05/2024,In Transit,Pune,Hyderabad,194.23,23/05/2024,,
SHO0975,DHL,18/12/2024,In Transit,Mumbai,Bangalore,492.93,22/12/2024,,
SHO0976,BLUEDART,26/10/2024,Delivered,Hyderabad,Mumbai,379.81,28/10/2024,31/10/2024,3
SHO0978,DHL,11/01/2024,Delivered,Hyderabad,Bangalore,252.72,15/01/2024,19/01/2024,4
SHO0979,FEDEX,15/05/2024,In Transit,Mumbai,Delhi,337.09,21/05/2024,,
SHO0980,BLUEDART,10/04/2026,Delayed,Pune,Hyderabad,387.61,12/04/2026,16/04/2026,
SHO0988,FEDEX,08/04/2025,Delayed,Mumbai,Chennai,2.41,13/04/2025,20/04/2025,
SHO0990,FEDEX,13/05/2025,Pending,Hyderabad,Delhi,339.76,18/05/2025,,
SHO0993,FEDEX,11/06/2026,In Transit,Bangalore,Hyderabad,287.65,16/06/2026,,
SHO0994,BLUEDART,16/09/2025,In Transit,Hyderabad,Bangalore,391.73,19/09/2025,,
SHO0995,DHL,18/04/2025,Pending,Chennai,Mumbai,442.25,25/04/2025,,
SHO1001,DHL,10/01/2026,Delivered,Chennai,Pune,333.93,15/01/2026,14/01/2026,0
SHO1005,FEDEX,19/12/2025,Delayed,Pune,Mumbai,257.32,23/12/2025,,
SHO1006,FEDEX,11/02/2026,Pending,Hyderabad,Delhi,68.64,14/02/2026,,
SHO1007,FEDEX,25/04/2024,Delayed,Hyderabad,Delhi,144.72,27/04/2024,,
SHO1010,DHL,27/05/2026,Delayed,Chennai,Pune,469.14,29/05/2026,,
SHO1013,DHL,31/01/2024,Delayed,Mumbai,Chennai,208.51,05/02/2024,02/12/2024,
SHO1015,BLUEDART,02/01/2026,Accepted,Mumbai,Hyderabad,350.67,06/01/2026,,
SHO1016,BLUEDART,24/11/2024,Delivered,Chennai,Hyderabad,290.8,29/11/2024,29/11/2024,0
SHO1018,BLUEDART,15/12/2024,Pending,Hyderabad,Bangalore,286.96,22/12/2024,,
SHO1020,BLUEDART,08/02/2025,Pending,Delhi,Bangalore,301.0,13/02/2025,,
SHO1021,BLUEDART,23/03/2026,Pending,Hyderabad,Pune,383.96,28/03/2026,,
SHO1023,BLUEDART,02/01/2025,In Transit,Delhi,Mumbai,40.9,02/06/2025,,
SHO1024,FEDEX,18/12/2025,Pending,Pune,Mumbai,419.48,23/12/2025,,
SHO1025,FEDEX,16/02/2026,Delayed,Pune,Chennai,195.43,22/02/2026,,
SHO1026,FEDEX,13/11/2024,Pending,Pune,Mumbai,370.75,18/11/2024,,
SHO1027,FEDEX,07/04/2024,Pending,Pune,Bangalore,79.35,07/10/2024,,
SHO1034,FEDEX,10/11/2025,Pending,Hyderabad,Delhi,197.4,13/11/2025,,
SHO1035,BLUEDART,05/04/2025,Pending,Hyderabad,Pune,494.12,06/05/2025,,
SHO1039,FEDEX,30/01/2025,Delivered,Chennai,Mumbai,425.27,06/02/2025,06/02/2025,0
SHO1040,FEDEX,09/06/2025,In Transit,Delhi,Bangalore,101.57,13/06/2025,,
SHO1043,FEDEX,04/07/2025,In Transit,Chennai,Mumbai,4.88,10/07/2025,,
SHO1044,FEDEX,17/07/2025,Pending,Mumbai,Chennai,396.27,23/07/2025,,
SHO1046,BLUEDART,11/01/2024,Delayed,Chennai,Pune,115.81,17/01/2024,22/01/2024,
SHO1047,DHL,21/08/2025,In Transit,Pune,Bangalore,362.16,24/08/2025,,
SHO1048,FEDEX,09/09/2024,Accepted,Pune,Hyderabad,155.71,09/12/2024,,
SHO1050,FEDEX,23/03/2025,Delivered,Hyderabad,Chennai,427.59,27/03/2025,30/03/2025,3
SHO1052,BLUEDART,08/04/2025,Delivered,Hyderabad,Pune,384.06,13/04/2025,16/04/2025,3
SHO1055,BLUEDART,11/06/2026,Delayed,Pune,Delhi,280.15,17/06/2026,20/06/2026,
SHO1062,FEDEX,15/01/2025,In Transit,Mumbai,Chennai,188.71,20/01/2025,,
SHO1064,BLUEDART,13/04/2024,Accepted,Hyderabad,Pune,351.72,19/04/2024,24/04/2024,
SHO1070,BLUEDART,14/04/2026,Delayed,Hyderabad,Delhi,171.65,18/04/2026,24/04/2026,
SHO1072,DHL,11/09/2025,Delayed,Chennai,Mumbai,369.48,11/11/2025,18/11/2025,
SHO1073,FEDEX,07/08/2024,In Transit,Mumbai,Bangalore,169.46,10/08/2024,,
SHO1077,BLUEDART,23/05/2025,Pending,Chennai,Pune,49.8,27/05/2025,,
SHO1078,FEDEX,04/03/2025,Delivered,Bangalore,Mumbai,459.69,08/03/2025,03/11/2025,240
SHO1082,FEDEX,24/06/2026,Accepted,Hyderabad,Pune,59.21,30/06/2026,,
SHO1083,FEDEX,09/05/2025,Delivered,Pune,Hyderabad,398.11,15/05/2025,16/05/2025,1
SHO1084,BLUEDART,20/07/2024,In Transit,Chennai,Bangalore,366.43,27/07/2024,,
SHO1090,DHL,13/06/2026,Delayed,Pune,Delhi,414.76,15/06/2026,19/06/2026,
SHO1094,FEDEX,31/01/2025,In Transit,Chennai,Mumbai,292.67,03/02/2025,,
SHO1095,FEDEX,18/11/2024,Accepted,Bangalore,Pune,188.82,21/11/2024,,
SHO1096,FEDEX,10/04/2026,Delayed,Pune,Bangalore,375.96,17/04/2026,23/04/2026,
SHO1097,DHL,15/04/2026,In Transit,Bangalore,Delhi,499.58,19/04/2026,,
SHO1103,FEDEX,19/05/2025,Pending,Chennai,Hyderabad,57.99,24/05/2025,,
SHO1107,DHL,24/02/2025,In Transit,Delhi,Mumbai,302.52,03/03/2025,,
SHO1111,DHL,08/01/2026,In Transit,Pune,Mumbai,222.78,15/01/2026,,
SHO1114,FEDEX,19/07/2024,In Transit,Mumbai,Bangalore,108.33,23/07/2024,,
SHO1115,DHL,24/08/2024,In Transit,Chennai,Hyderabad,422.6,27/08/2024,,
SHO1118,DHL,12/04/2024,Delayed,Mumbai,Delhi,212.15,15/04/2024,25/04/2024,
SHO1121,DHL,29/06/2025,Delayed,Delhi,Pune,316.97,04/07/2025,06/07/2025,
SHO1123,FEDEX,12/09/2025,In Transit,Delhi,Mumbai,457.2,14/09/2025,,
SHO1125,DHL,28/05/2026,Pending,Pune,Bangalore,235.33,30/05/2026,,
SHO1127,BLUEDART,17/06/2024,Delivered,Delhi,Chennai,80.26,21/06/2024,19/06/2024,0
SHO1128,BLUEDART,24/03/2024,Delayed,Bangalore,Chennai,319.01,29/03/2024,,
SHO1129,FEDEX,24/03/2026,Pending,Mumbai,Pune,294.45,28/03/2026,,
SHO1137,BLUEDART,08/07/2024,Delayed,Chennai,Mumbai,99.56,11/08/2024,13/08/2024,
SHO1141,FEDEX,09/08/2024,In Transit,Hyderabad,Delhi,482.44,13/08/2024,,
SHO1143,DHL,21/10/2025,In Transit,Hyderabad,Chennai,499.68,23/10/2025,,
SHO1146,BLUEDART,04/01/2024,Pending,Pune,Chennai,314.47,01/09/2024,,
SHO1147,BLUEDART,20/10/2024,Delayed,Bangalore,Chennai,232.75,23/10/2024,,
SHO1148,DHL,09/08/2025,Pending,Hyderabad,Bangalore,5.77,11/09/2025,,
SHO1153,FEDEX,23/03/2026,Pending,Chennai,Pune,491.39,26/03/2026,,
SHO1155,FEDEX,07/05/2024,Delayed,Delhi,Bangalore,334.5,10/07/2024,15/07/2024,
SHO1157,FEDEX,14/10/2025,Pending,Chennai,Mumbai,63.96,18/10/2025,,
SHO1158,DHL,08/07/2024,Accepted,Hyderabad,Pune,372.59,11/07/2024,,
SHO1161,FEDEX,25/05/2024,Delivered,Bangalore,Pune,248.44,30/05/2024,02/06/2024,3
SHO1162,BLUEDART,22/01/2025,In Transit,Mumbai,Bangalore,156.02,24/01/2025,,
SHO1165,FEDEX,17/03/2024,Delayed,Chennai,Hyderabad,307.62,23/03/2024,29/03/2024,
SHO1167,BLUEDART,18/01/2024,Pending,Delhi,Mumbai,175.58,24/01/2024,,
SHO1169,BLUEDART,24/01/2024,In Transit,Pune,Mumbai,463.21,31/01/2024,,
SHO1170,FEDEX,26/07/2024,Accepted,Delhi,Hyderabad,451.18,31/07/2024,,
SHO1171,DHL,16/06/2024,Delayed,Pune,Bangalore,140.3,19/06/2024,,
SHO1173,DHL,18/10/2024,Delayed,Mumbai,Delhi,57.17,21/10/2024,26/10/2024,
SHO1174,DHL,05/03/2026,Delayed,Pune,Hyderabad,290.66,08/05/2026,18/05/2026,
SHO1177,FEDEX,14/06/2025,Delivered,Hyderabad,Chennai,388.41,16/06/2025,19/06/2025,3
SHO1181,BLUEDART,11/01/2024,Pending,Delhi,Hyderabad,115.88,11/08/2024,,
SHO1182,DHL,04/03/2024,In Transit,Bangalore,Mumbai,455.72,04/06/2024,,
SHO1183,FEDEX,03/09/2026,Delayed,Delhi,Chennai,478.84,03/11/2026,19/03/2026,
SHO1186,DHL,22/05/2026,In Transit,Bangalore,Delhi,75.63,25/05/2026,,
SHO1187,DHL,30/11/2025,Pending,Bangalore,Hyderabad,348.83,04/12/2025,,
SHO1193,DHL,15/01/2026,Accepted,Mumbai,Chennai,471.36,17/01/2026,,
SHO1201,FEDEX,20/10/2025,In Transit,Bangalore,Delhi,6.83,22/10/2025,,
SHO1204,FEDEX,24/12/2025,Delayed,Mumbai,Bangalore,305.79,27/12/2025,30/12/2025,
SHO1210,FEDEX,10/04/2026,Delivered,Delhi,Bangalore,208.91,17/04/2026,16/04/2026,0
SHO1214,BLUEDART,28/03/2026,Accepted,Mumbai,Pune,455.08,30/03/2026,,
SHO1217,DHL,26/05/2025,Delayed,Hyderabad,Bangalore,273.04,28/05/2025,,
SHO1218,FEDEX,09/02/2026,Delivered,Mumbai,Chennai,0.99,11/02/2026,02/10/2026,233
SHO1220,BLUEDART,28/10/2025,Delivered,Hyderabad,Chennai,390.53,03/11/2025,02/11/2025,0
SHO1221,FEDEX,11/11/2025,In Transit,Pune,Bangalore,489.55,14/11/2025,,
SHO1224,DHL,27/01/2024,Delayed,Bangalore,Hyderabad,494.26,29/01/2024,02/05/2024,
SHO1225,BLUEDART,17/03/2025,In Transit,Bangalore,Pune,419.94,19/03/2025,,
SHO1228,FEDEX,06/05/2026,Delivered,Pune,Delhi,65.64,11/05/2026,05/09/2026,117
SHO1229,BLUEDART,23/08/2024,Delayed,Mumbai,Bangalore,180.61,27/08/2024,29/08/2024,
SHO1231,DHL,27/06/2025,Accepted,Delhi,Mumbai,205.38,30/06/2025,,
SHO1232,BLUEDART,12/03/2025,Delivered,Delhi,Chennai,169.1,16/03/2025,21/03/2025,5
SHO1238,DHL,20/02/2024,Pending,Mumbai,Delhi,198.34,24/02/2024,,
SHO1239,BLUEDART,19/08/2025,Pending,Chennai,Delhi,448.94,25/08/2025,,
SHO1244,FEDEX,13/11/2025,Delayed,Delhi,Chennai,400.71,16/11/2025,20/11/2025,
SHO1245,FEDEX,10/03/2024,Delivered,Bangalore,Chennai,15.9,10/10/2024,14/10/2024,4
SHO1246,BLUEDART,14/02/2024,Pending,Pune,Mumbai,125.69,21/02/2024,,
SHO1247,BLUEDART,30/06/2024,Pending,Bangalore,Hyderabad,84.79,07/07/2024,,
SHO1250,DHL,10/08/2024,Pending,Bangalore,Mumbai,237.09,10/10/2024,,
SHO1251,DHL,21/09/2024,In Transit,Mumbai,Hyderabad,198.12,27/09/2024,,
SHO1256,DHL,22/03/2024,Pending,Pune,Mumbai,77.1,28/03/2024,,
SHO1260,DHL,12/04/2024,Accepted,Mumbai,Hyderabad,255.98,16/04/2024,,
SHO1262,FEDEX,19/03/2026,In Transit,Pune,Mumbai,72.04,21/03/2026,,
SHO1263,FEDEX,15/07/2024,Delivered,Delhi,Hyderabad,213.72,21/07/2024,19/07/2024,0
SHO1271,FEDEX,19/10/2024,Delivered,Bangalore,Delhi,190.99,26/10/2024,26/10/2024,0
SHO1275,DHL,22/08/2024,In Transit,Delhi,Bangalore,411.71,26/08/2024,,
SHO1279,BLUEDART,25/06/2026,Delivered,Chennai,Hyderabad,320.55,27/06/2026,29/06/2026,2
SHO1281,DHL,22/03/2026,Delayed,Hyderabad,Bangalore,7.55,24/03/2026,04/02/2026,
SHO1288,FEDEX,12/04/2024,Accepted,Chennai,Delhi,276.19,18/04/2024,,
SHO1289,BLUEDART,21/07/2025,Delayed,Hyderabad,Mumbai,139.19,28/07/2025,08/07/2025,
SHO1292,BLUEDART,26/07/2025,Accepted,Chennai,Bangalore,426.16,31/07/2025,,
SHO1293,DHL,01/04/2025,In Transit,Pune,Chennai,216.09,01/06/2025,,
SHO1294,DHL,20/11/2025,Delivered,Pune,Bangalore,404.18,26/11/2025,26/11/2025,0
SHO1297,DHL,12/08/2024,Delivered,Bangalore,Mumbai,441.12,17/08/2024,19/08/2024,2
SHO1298,BLUEDART,27/06/2026,Delivered,Chennai,Delhi,433.58,01/07/2026,29/06/2026,0
SHO1299,DHL,05/03/2025,Delayed,Pune,Delhi,145.9,03/11/2025,17/03/2025,
SHO1300,BLUEDART,17/09/2025,Delayed,Delhi,Pune,409.43,19/09/2025,21/09/2025,
SHO1305,BLUEDART,19/09/2024,Pending,Delhi,Chennai,363.09,22/09/2024,,
SHO1306,FEDEX,15/07/2025,In Transit,Hyderabad,Bangalore,494.04,19/07/2025,,
SHO1317,FEDEX,03/01/2024,In Transit,Pune,Hyderabad,478.98,07/03/2024,,
SHO1319,FEDEX,16/12/2025,In Transit,Delhi,Bangalore,419.9,18/12/2025,,
SHO1320,BLUEDART,15/03/2024,Pending,Delhi,Pune,43.26,20/03/2024,,
SHO1323,BLUEDART,25/11/2025,In Transit,Pune,Mumbai,475.46,30/11/2025,,
SHO1324,BLUEDART,28/02/2026,In Transit,Bangalore,Chennai,100.78,05/03/2026,,
SHO1325,DHL,28/12/2024,Pending,Mumbai,Delhi,28.19,01/01/2025,,
SHO1327,FEDEX,03/12/2025,In Transit,Bangalore,Pune,248.02,08/12/2025,,
SHO1328,FEDEX,07/12/2025,Pending,Chennai,Mumbai,17.14,14/12/2025,,
SHO1330,FEDEX,10/06/2025,Delayed,Pune,Hyderabad,17.51,15/06/2025,18/06/2025,
SHO1337,BLUEDART,26/09/2025,In Transit,Delhi,Pune,147.29,29/09/2025,,
SHO1339,FEDEX,03/08/2026,Delivered,Chennai,Delhi,374.27,03/12/2026,03/10/2026,0
SHO1340,DHL,20/01/2025,Delayed,Delhi,Bangalore,183.1,23/01/2025,26/01/2025,
SHO1343,DHL,04/04/2026,In Transit,Chennai,Delhi,434.67,04/11/2026,,
SHO1346,DHL,23/03/2025,In Transit,Delhi,Hyderabad,247.3,27/03/2025,,
SHO1349,FEDEX,11/01/2025,Delivered,Hyderabad,Delhi,336.09,13/01/2025,15/01/2025,2
SHO1351,DHL,23/10/2025,Delivered,Pune,Bangalore,343.9,28/10/2025,31/10/2025,3
SHO1352,DHL,26/01/2026,Accepted,Delhi,Mumbai,171.11,01/02/2026,,
SHO1360,BLUEDART,21/02/2026,Pending,Mumbai,Pune,388.02,24/02/2026,,
SHO1362,BLUEDART,04/05/2025,In Transit,Delhi,Chennai,108.1,08/05/2025,,
SHO1363,BLUEDART,11/10/2025,Delayed,Chennai,Pune,357.54,15/10/2025,20/10/2025,
SHO1368,BLUEDART,20/03/2024,Pending,Delhi,Pune,364.53,27/03/2024,,
SHO1369,DHL,06/04/2025,Accepted,Chennai,Delhi,208.06,04/09/2025,,
SHO1370,DHL,08/04/2024,Delayed,Chennai,Mumbai,342.8,10/04/2024,13/04/2024,
SHO1371,BLUEDART,07/02/2024,Pending,Mumbai,Chennai,473.84,12/02/2024,,
SHO1377,DHL,02/08/2024,Pending,Mumbai,Hyderabad,348.69,02/12/2024,,
SHO1378,DHL,16/08/2024,In Transit,Chennai,Mumbai,39.42,23/08/2024,,
SHO1379,BLUEDART,11/02/2024,In Transit,Hyderabad,Chennai,492.72,06/11/2024,,
SHO1382,BLUEDART,24/06/2024,Delayed,Bangalore,Chennai,50.23,30/06/2024,06/07/2024,
SHO1386,FEDEX,24/12/2025,Pending,Delhi,Bangalore,147.13,28/12/2025,,
SHO1390,BLUEDART,05/08/2025,Accepted,Delhi,Hyderabad,82.74,11/08/2025,,
SHO1393,DHL,10/08/2025,Delayed,Delhi,Chennai,45.01,12/08/2025,16/08/2025,
SHO1394,FEDEX,24/03/2025,Accepted,Delhi,Pune,167.58,29/03/2025,,
SHO1398,DHL,30/01/2025,In Transit,Delhi,Pune,291.09,02/02/2025,,
SHO1400,BLUEDART,10/08/2025,Delivered,Hyderabad,Chennai,465.48,13/08/2025,12/08/2025,0
SHO1404,DHL,09/12/2025,Pending,Hyderabad,Pune,393.54,12/12/2025,,
SHO1408,DHL,09/08/2025,Delivered,Pune,Mumbai,457.92,12/08/2025,14/08/2025,2
SHO1410,DHL,21/01/2025,Delayed,Pune,Chennai,114.43,25/01/2025,,
SHO1414,BLUEDART,15/10/2025,Pending,Mumbai,Chennai,198.66,19/10/2025,,
SHO1416,DHL,16/06/2024,Pending,Pune,Mumbai,66.7,19/06/2024,,
SHO1417,DHL,04/02/2025,Delayed,Mumbai,Bangalore,398.72,04/07/2025,17/04/2025,
SHO1421,DHL,14/05/2026,Pending,Hyderabad,Delhi,495.91,17/05/2026,,
SHO1423,DHL,21/03/2026,Delayed,Bangalore,Chennai,36.65,24/03/2026,,
SHO1427,BLUEDART,20/01/2025,In Transit,Hyderabad,Chennai,323.64,25/01/2025,,
SHO1428,FEDEX,30/08/2025,Pending,Chennai,Bangalore,436.84,02/09/2025,,
SHO1429,DHL,24/01/2024,Pending,Chennai,Bangalore,75.51,29/01/2024,,
SHO1431,DHL,01/04/2026,Pending,Chennai,Hyderabad,385.15,04/05/2026,,
SHO1432,BLUEDART,19/04/2024,In Transit,Chennai,Bangalore,89.92,25/04/2024,,
SHO1435,FEDEX,18/07/2025,In Transit,Delhi,Bangalore,278.94,25/07/2025,,
SHO1437,FEDEX,09/04/2024,Pending,Mumbai,Delhi,71.41,15/04/2024,,
SHO1439,FEDEX,14/05/2024,Pending,Delhi,Mumbai,265.28,16/05/2024,,
SHO1440,DHL,21/01/2025,Delayed,Delhi,Pune,376.69,24/01/2025,26/01/2025,
SHO1444,DHL,30/08/2024,Delivered,Bangalore,Mumbai,291.25,06/09/2024,09/11/2024,64
SHO1447,BLUEDART,01/03/2026,Delayed,Hyderabad,Mumbai,92.59,03/07/2026,12/03/2026,
SHO1448,BLUEDART,07/12/2024,In Transit,Hyderabad,Pune,203.23,13/12/2024,,
SHO1449,BLUEDART,07/05/2024,In Transit,Chennai,Bangalore,463.08,07/11/2024,,
SHO1451,FEDEX,09/05/2025,Delivered,Bangalore,Hyderabad,387.35,15/05/2025,13/05/2025,0
SHO1452,DHL,29/03/2025,Delivered,Bangalore,Mumbai,139.76,01/04/2025,05/04/2025,4
SHO1456,BLUEDART,22/12/2024,Delivered,Bangalore,Chennai,221.54,28/12/2024,27/12/2024,0
SHO1457,BLUEDART,11/02/2024,Pending,Pune,Delhi,233.46,11/09/2024,,
SHO1459,DHL,08/02/2024,Pending,Bangalore,Pune,211.61,07/08/2024,,
SHO1462,BLUEDART,18/07/2024,Delayed,Pune,Mumbai,310.53,20/07/2024,22/07/2024,
SHO1465,FEDEX,14/02/2026,In Transit,Hyderabad,Chennai,1.12,19/02/2026,,
SHO1466,BLUEDART,03/10/2025,In Transit,Pune,Hyderabad,235.84,08/10/2025,,
SHO1467,FEDEX,14/05/2025,Pending,Hyderabad,Bangalore,27.84,18/05/2025,,
SHO1471,FEDEX,27/09/2024,Delayed,Hyderabad,Pune,202.23,30/09/2024,07/10/2024,
SHO1473,DHL,26/06/2024,Pending,Chennai,Hyderabad,231.22,30/06/2024,,
SHO1476,BLUEDART,08/07/2024,In Transit,Hyderabad,Delhi,84.7,12/08/2024,,
SHO1478,DHL,17/09/2025,Accepted,Hyderabad,Pune,340.01,21/09/2025,29/09/2025,
SHO1492,BLUEDART,09/05/2024,In Transit,Bangalore,Mumbai,188.89,05/11/2024,,
SHO1498,BLUEDART,20/04/2026,In Transit,Bangalore,Hyderabad,0.54,25/04/2026,,
SHO1499,BLUEDART,10/01/2024,Pending,Pune,Chennai,381.19,14/01/2024,,
SHO1502,FEDEX,11/03/2024,In Transit,Bangalore,Pune,38.0,14/03/2024,,
SHO1504,DHL,06/04/2024,Delayed,Bangalore,Chennai,298.52,10/06/2024,18/06/2024,
SHO1506,DHL,06/04/2024,Delivered,Hyderabad,Bangalore,244.81,04/09/2024,12/04/2024,0
SHO1508,DHL,24/07/2024,Delayed,Pune,Delhi,249.32,31/07/2024,07/08/2024,
SHO1509,FEDEX,17/08/2024,Accepted,Mumbai,Delhi,367.7,24/08/2024,,
SHO1510,FEDEX,27/01/2025,Accepted,Hyderabad,Mumbai,480.51,29/01/2025,,
SHO1511,BLUEDART,15/05/2026,Delayed,Delhi,Chennai,70.49,19/05/2026,28/05/2026,
SHO1514,DHL,16/10/2025,In Transit,Chennai,Pune,129.73,18/10/2025,,
SHO1515,FEDEX,11/10/2024,Delayed,Delhi,Hyderabad,98.2,15/11/2024,22/11/2024,
SHO1517,BLUEDART,12/09/2024,Delayed,Hyderabad,Chennai,417.16,17/09/2024,21/09/2024,
SHO1519,FEDEX,03/11/2025,Delivered,Delhi,Hyderabad,81.8,10/11/2025,10/11/2025,0
SHO1520,DHL,12/04/2024,Delivered,Mumbai,Hyderabad,343.39,18/04/2024,22/04/2024,4
SHO1525,FEDEX,29/01/2024,Pending,Pune,Chennai,320.35,31/01/2024,,
SHO1529,FEDEX,08/03/2024,In Transit,Bangalore,Delhi,279.45,03/10/2024,,
SHO1532,DHL,07/09/2025,Delivered,Bangalore,Mumbai,389.5,09/09/2025,12/09/2025,3
SHO1533,FEDEX,17/02/2025,Accepted,Bangalore,Delhi,380.63,20/02/2025,,
SHO1534,FEDEX,17/05/2025,Pending,Delhi,Hyderabad,395.75,23/05/2025,,
SHO1535,BLUEDART,19/05/2025,In Transit,Pune,Chennai,388.16,22/05/2025,,
SHO1536,BLUEDART,17/04/2025,Delayed,Pune,Bangalore,51.71,22/04/2025,23/04/2025,
SHO1539,FEDEX,18/11/2025,Delayed,Bangalore,Mumbai,142.33,21/11/2025,01/12/2025,
SHO1540,BLUEDART,04/04/2025,In Transit,Delhi,Pune,168.59,04/07/2025,,
SHO1541,DHL,14/01/2026,Pending,Delhi,Hyderabad,480.8,19/01/2026,,
SHO1543,DHL,04/05/2026,Pending,Bangalore,Chennai,367.76,05/09/2026,,
SHO1545,DHL,04/09/2024,Accepted,Chennai,Pune,373.13,08/09/2024,,
SHO1546,BLUEDART,20/10/2025,Delayed,Hyderabad,Delhi,199.64,22/10/2025,,
SHO1547,FEDEX,23/06/2026,Accepted,Hyderabad,Bangalore,135.73,27/06/2026,,
SHO1553,FEDEX,31/05/2026,Delayed,Hyderabad,Bangalore,12.84,06/06/2026,08/06/2026,
SHO1556,DHL,01/08/2025,Accepted,Bangalore,Pune,409.78,07/08/2025,,
SHO1557,BLUEDART,22/09/2024,Pending,Pune,Mumbai,252.0,24/09/2024,,
SHO1558,DHL,11/02/2024,Delayed,Delhi,Pune,389.56,18/02/2024,24/02/2024,
SHO1562,FEDEX,18/03/2024,Pending,Mumbai,Hyderabad,186.68,24/03/2024,,
SHO1563,BLUEDART,16/12/2024,Pending,Hyderabad,Chennai,491.87,18/12/2024,,
SHO1566,FEDEX,30/05/2026,In Transit,Bangalore,Hyderabad,125.68,03/06/2026,,
SHO1567,DHL,11/05/2025,Pending,Chennai,Mumbai,187.38,14/05/2025,,
SHO1573,BLUEDART,21/06/2024,Delivered,Bangalore,Mumbai,432.1,25/06/2024,30/06/2024,5
SHO1576,DHL,21/02/2024,Delivered,Chennai,Pune,360.95,27/02/2024,28/02/2024,1
SHO1577,DHL,12/12/2025,Delayed,Mumbai,Pune,163.53,14/12/2025,23/12/2025,
SHO1579,FEDEX,27/05/2026,In Transit,Bangalore,Hyderabad,310.51,30/05/2026,,
SHO1582,BLUEDART,29/03/2024,Accepted,Mumbai,Pune,410.81,04/04/2024,,
SHO1583,FEDEX,20/03/2024,Delivered,Delhi,Mumbai,207.8,23/03/2024,25/03/2024,2
SHO1584,DHL,03/02/2026,Pending,Delhi,Mumbai,134.44,05/03/2026,,
SHO1585,BLUEDART,30/10/2025,Delayed,Delhi,Pune,487.97,01/11/2025,11/11/2025,
SHO1586,BLUEDART,24/11/2024,Delivered,Delhi,Hyderabad,262.18,26/11/2024,24/11/2024,0
SHO1587,BLUEDART,15/08/2024,Pending,Pune,Mumbai,213.01,21/08/2024,,
SHO1588,FEDEX,28/02/2025,Accepted,Mumbai,Delhi,191.07,07/03/2025,,
SHO1589,BLUEDART,16/01/2025,Accepted,Pune,Bangalore,220.17,22/01/2025,,
SHO1591,FEDEX,29/08/2025,Accepted,Delhi,Chennai,62.48,31/08/2025,,
SHO1593,DHL,23/11/2025,Pending,Chennai,Delhi,388.84,25/11/2025,,
SHO1599,BLUEDART,28/01/2024,Accepted,Mumbai,Chennai,267.31,30/01/2024,,
SHO1603,DHL,13/02/2024,Pending,Mumbai,Delhi,430.3,16/02/2024,,
SHO1606,BLUEDART,06/01/2026,Pending,Bangalore,Pune,433.04,11/01/2026,,
SHO1612,DHL,14/06/2026,Delivered,Pune,Mumbai,250.57,19/06/2026,20/06/2026,1
SHO1613,FEDEX,10/09/2025,Delivered,Mumbai,Chennai,282.46,16/09/2025,20/09/2025,4
SHO1614,DHL,19/09/2024,Delayed,Hyderabad,Pune,270.8,24/09/2024,,
SHO1617,BLUEDART,19/06/2025,Accepted,Hyderabad,Pune,388.34,25/06/2025,,
SHO1619,FEDEX,23/05/2026,Delayed,Bangalore,Hyderabad,425.01,30/05/2026,09/06/2026,
SHO1625,DHL,23/05/2025,Pending,Pune,Hyderabad,207.6,30/05/2025,,
SHO1626,DHL,12/12/2025,In Transit,Pune,Delhi,403.33,19/12/2025,,
SHO1628,DHL,08/03/2024,Accepted,Hyderabad,Mumbai,321.26,13/03/2024,20/03/2024,
SHO1633,DHL,07/02/2025,Delivered,Chennai,Mumbai,12.98,14/02/2025,12/02/2025,0
SHO1635,DHL,16/12/2024,Delivered,Hyderabad,Delhi,162.16,19/12/2024,17/12/2024,0
SHO1644,BLUEDART,30/05/2026,In Transit,Pune,Hyderabad,260.25,05/06/2026,,
SHO1647,BLUEDART,15/10/2024,Delivered,Chennai,Bangalore,85.48,19/10/2024,20/10/2024,1
SHO1648,BLUEDART,26/06/2026,Accepted,Hyderabad,Mumbai,410.26,30/06/2026,,
SHO1649,DHL,24/01/2025,Accepted,Delhi,Chennai,56.15,29/01/2025,,
SHO1650,FEDEX,20/07/2024,In Transit,Pune,Delhi,383.87,22/07/2024,,
SHO1657,FEDEX,08/06/2026,Pending,Pune,Delhi,454.5,12/06/2026,,
SHO1659,DHL,14/09/2024,Delivered,Chennai,Pune,495.11,16/09/2024,20/09/2024,4
SHO1660,DHL,21/06/2025,Delayed,Chennai,Bangalore,435.89,23/06/2025,01/07/2025,
SHO1661,FEDEX,12/07/2025,Pending,Mumbai,Bangalore,280.95,10/12/2025,,
SHO1665,FEDEX,02/06/2025,Delayed,Mumbai,Delhi,168.26,06/07/2025,10/06/2025,
SHO1666,BLUEDART,11/10/2025,Accepted,Bangalore,Delhi,380.44,16/10/2025,,
SHO1668,FEDEX,27/01/2026,Pending,Pune,Bangalore,435.47,31/01/2026,,
SHO1669,DHL,02/02/2026,In Transit,Hyderabad,Delhi,485.71,06/02/2026,,
SHO1671,DHL,16/04/2026,Pending,Hyderabad,Delhi,483.86,23/04/2026,,
SHO1675,BLUEDART,04/01/2024,Accepted,Chennai,Hyderabad,280.12,09/01/2024,,
SHO1678,BLUEDART,30/11/2025,Delayed,Hyderabad,Mumbai,127.3,05/12/2025,12/12/2025,
SHO1679,BLUEDART,01/06/2024,Delayed,Mumbai,Delhi,384.97,01/09/2024,,
SHO1680,BLUEDART,21/01/2024,In Transit,Pune,Chennai,156.76,23/01/2024,,
SHO1681,BLUEDART,07/07/2025,Pending,Delhi,Pune,346.81,07/10/2025,,
SHO1682,FEDEX,23/04/2026,Pending,Bangalore,Pune,195.87,28/04/2026,,
SHO1690,FEDEX,06/08/2024,Delivered,Hyderabad,Bangalore,480.63,13/08/2024,08/12/2024,117
SHO1693,FEDEX,10/04/2025,Delivered,Delhi,Bangalore,179.85,10/11/2025,13/10/2025,0
SHO1696,DHL,31/05/2026,Delayed,Chennai,Pune,476.5,07/06/2026,15/06/2026,
SHO1697,DHL,25/01/2026,Delayed,Bangalore,Delhi,237.37,31/01/2026,,
SHO1701,BLUEDART,10/05/2026,Delivered,Pune,Delhi,301.76,13/05/2026,12/05/2026,0
SHO1702,BLUEDART,04/05/2025,Pending,Pune,Bangalore,270.03,05/11/2025,,
SHO1708,DHL,12/01/2025,Delivered,Delhi,Bangalore,303.9,19/01/2025,19/01/2025,0
SHO1709,FEDEX,20/08/2025,In Transit,Chennai,Hyderabad,382.32,22/08/2025,,
SHO1711,DHL,19/03/2024,Pending,Hyderabad,Delhi,305.35,24/03/2024,,
SHO1712,FEDEX,30/01/2025,Accepted,Bangalore,Mumbai,435.83,06/02/2025,,
SHO1713,DHL,22/10/2024,Delivered,Chennai,Mumbai,289.41,25/10/2024,26/10/2024,1
SHO1721,BLUEDART,24/05/2024,Delayed,Mumbai,Chennai,229.4,30/05/2024,03/06/2024,
SHO1722,BLUEDART,17/01/2025,Delivered,Bangalore,Pune,199.68,23/01/2025,24/01/2025,1
SHO1724,BLUEDART,12/04/2024,Delivered,Pune,Hyderabad,324.09,17/04/2024,18/04/2024,1
SHO1726,FEDEX,19/10/2025,Pending,Pune,Chennai,297.98,21/10/2025,,
SHO1732,BLUEDART,02/05/2026,Accepted,Delhi,Mumbai,158.8,06/05/2026,,
SHO1733,DHL,20/08/2025,Pending,Hyderabad,Mumbai,169.43,23/08/2025,,
SHO1734,BLUEDART,10/10/2024,Delivered,Mumbai,Hyderabad,252.25,17/10/2024,20/10/2024,3
SHO1743,DHL,13/03/2026,In Transit,Delhi,Chennai,263.45,17/03/2026,,
SHO1747,DHL,04/08/2025,Pending,Mumbai,Hyderabad,77.82,10/08/2025,,
SHO1751,DHL,28/05/2025,Delivered,Hyderabad,Mumbai,462.03,01/06/2025,03/06/2025,2
SHO1754,DHL,10/05/2026,Pending,Pune,Delhi,186.44,17/05/2026,,
SHO1757,FEDEX,09/03/2025,Delivered,Pune,Chennai,171.34,10/09/2025,09/10/2025,29
SHO1760,BLUEDART,09/01/2025,In Transit,Mumbai,Hyderabad,371.41,13/01/2025,,
SHO1766,DHL,29/05/2024,Delayed,Delhi,Chennai,364.36,04/06/2024,14/06/2024,
SHO1771,FEDEX,26/11/2024,In Transit,Delhi,Bangalore,450.68,30/11/2024,,
SHO1774,BLUEDART,23/05/2024,In Transit,Chennai,Pune,47.57,25/05/2024,,
SHO1775,FEDEX,03/03/2026,Accepted,Delhi,Chennai,209.36,06/03/2026,,
SHO1777,FEDEX,28/01/2025,Delayed,Chennai,Pune,403.78,03/02/2025,10/02/2025,
SHO1784,DHL,16/08/2025,Pending,Bangalore,Mumbai,390.9,19/08/2025,,
SHO1786,FEDEX,17/12/2025,Delayed,Hyderabad,Bangalore,453.6,24/12/2025,01/01/2026,
SHO1789,BLUEDART,06/07/2025,In Transit,Mumbai,Pune,259.75,07/08/2025,,
SHO1790,DHL,16/05/2026,Delayed,Pune,Mumbai,271.64,19/05/2026,,
SHO1794,FEDEX,14/05/2025,Delayed,Pune,Delhi,496.19,18/05/2025,24/05/2025,
SHO1795,FEDEX,27/03/2025,Pending,Delhi,Bangalore,90.23,01/04/2025,,
SHO1798,DHL,12/08/2025,Delayed,Pune,Delhi,94.67,19/08/2025,25/08/2025,
SHO1799,BLUEDART,20/10/2024,In Transit,Bangalore,Pune,484.03,27/10/2024,,
SHO1800,DHL,27/10/2025,Pending,Hyderabad,Delhi,227.23,29/10/2025,,
SHO1801,BLUEDART,11/12/2025,Delayed,Bangalore,Hyderabad,457.35,18/12/2025,,
SHO1803,DHL,26/10/2024,Pending,Bangalore,Chennai,452.5,29/10/2024,,
SHO1805,FEDEX,16/05/2024,Delayed,Mumbai,Bangalore,246.13,20/05/2024,,
SHO1806,BLUEDART,21/02/2024,Accepted,Hyderabad,Mumbai,298.79,23/02/2024,,
SHO1813,BLUEDART,22/12/2024,In Transit,Pune,Bangalore,109.75,29/12/2024,,
SHO1817,FEDEX,01/05/2024,Accepted,Pune,Delhi,235.73,01/08/2024,01/06/2024,
SHO1818,BLUEDART,23/03/2026,Pending,Hyderabad,Chennai,192.1,30/03/2026,,
SHO1820,FEDEX,23/12/2024,Delivered,Hyderabad,Pune,302.02,30/12/2024,01/04/2025,92
SHO1826,BLUEDART,01/01/2025,Pending,Chennai,Hyderabad,438.77,07/01/2025,,
SHO1828,FEDEX,29/05/2024,Delivered,Mumbai,Delhi,220.7,02/06/2024,06/06/2024,4
SHO1834,DHL,21/11/2025,Delivered,Hyderabad,Delhi,168.87,23/11/2025,26/11/2025,3
SHO1836,FEDEX,25/07/2025,Pending,Hyderabad,Pune,492.71,01/08/2025,,
SHO1837,BLUEDART,11/04/2026,Pending,Pune,Chennai,167.74,18/04/2026,,
SHO1838,FEDEX,11/07/2025,Pending,Hyderabad,Chennai,445.51,18/07/2025,,
SHO1840,FEDEX,17/07/2025,Delivered,Hyderabad,Delhi,269.29,24/07/2025,22/07/2025,0
SHO1851,BLUEDART,10/07/2025,Accepted,Chennai,Mumbai,415.71,10/12/2025,16/10/2025,
SHO1854,FEDEX,22/02/2024,Pending,Hyderabad,Pune,34.3,25/02/2024,,
SHO1855,BLUEDART,12/10/2025,Delivered,Delhi,Mumbai,454.81,19/10/2025,17/10/2025,0
SHO1857,BLUEDART,24/04/2026,In Transit,Bangalore,Hyderabad,355.35,30/04/2026,,
SHO1858,DHL,14/02/2025,In Transit,Delhi,Hyderabad,27.1,19/02/2025,,
SHO1861,BLUEDART,18/05/2024,Pending,Pune,Chennai,28.16,20/05/2024,,
SHO1870,FEDEX,07/04/2025,In Transit,Delhi,Pune,417.2,13/04/2025,,
SHO1871,DHL,30/08/2025,Pending,Hyderabad,Pune,62.79,05/09/2025,,
SHO1873,DHL,03/05/2026,Delivered,Pune,Delhi,138.82,03/11/2026,03/12/2026,30
SHO1876,DHL,12/04/2024,Accepted,Pune,Mumbai,61.85,17/04/2024,,
SHO1880,BLUEDART,24/03/2026,Delivered,Delhi,Pune,309.35,30/03/2026,02/04/2026,3
SHO1883,DHL,22/02/2026,Accepted,Bangalore,Mumbai,141.38,27/02/2026,,
SHO1894,FEDEX,17/04/2026,Delayed,Delhi,Chennai,352.01,22/04/2026,24/04/2026,
SHO1896,DHL,22/12/2024,In Transit,Mumbai,Chennai,381.3,29/12/2024,,
SHO1897,DHL,31/05/2026,Pending,Mumbai,Bangalore,111.07,06/06/2026,,
SHO1902,BLUEDART,27/08/2024,Delayed,Delhi,Mumbai,102.09,30/08/2024,31/08/2024,
SHO1904,FEDEX,12/02/2024,Delivered,Mumbai,Hyderabad,468.51,12/04/2024,08/12/2024,240
SHO1905,FEDEX,03/05/2024,Pending,Bangalore,Hyderabad,300.98,10/05/2024,,
SHO1910,FEDEX,27/02/2024,Pending,Pune,Bangalore,447.39,01/03/2024,,
SHO1913,DHL,14/10/2024,Delivered,Delhi,Hyderabad,285.94,17/10/2024,19/10/2024,2
SHO1916,DHL,16/06/2024,Delivered,Chennai,Delhi,414.49,23/06/2024,26/06/2024,3
SHO1918,BLUEDART,19/05/2024,Pending,Delhi,Mumbai,215.02,24/05/2024,,
SHO1919,FEDEX,05/07/2025,Pending,Mumbai,Bangalore,256.05,07/10/2025,,
SHO1927,DHL,16/07/2025,Pending,Hyderabad,Chennai,138.88,20/07/2025,,
SHO1928,BLUEDART,24/12/2024,Pending,Mumbai,Chennai,138.11,29/12/2024,,
SHO1929,BLUEDART,10/05/2025,Pending,Delhi,Hyderabad,69.74,10/11/2025,,
SHO1931,FEDEX,22/11/2025,Accepted,Mumbai,Hyderabad,436.31,27/11/2025,,
SHO1934,FEDEX,29/12/2024,Delayed,Mumbai,Chennai,98.71,03/01/2025,09/01/2025,
SHO1935,DHL,08/07/2025,Accepted,Pune,Hyderabad,81.1,09/08/2025,,
SHO1937,DHL,22/04/2025,Delayed,Pune,Mumbai,416.17,28/04/2025,,
SHO1938,BLUEDART,28/05/2025,Pending,Bangalore,Chennai,263.11,02/06/2025,,
SHO1940,BLUEDART,25/02/2025,In Transit,Mumbai,Bangalore,309.3,02/03/2025,,
SHO1943,FEDEX,11/11/2024,Pending,Mumbai,Pune,98.37,14/11/2024,,
SHO1948,DHL,11/06/2024,Delivered,Chennai,Bangalore,433.99,11/08/2024,08/11/2024,89
SHO1950,DHL,07/03/2024,Accepted,Hyderabad,Bangalore,69.76,12/03/2024,,
SHO1955,DHL,28/05/2026,Pending,Mumbai,Bangalore,74.8,31/05/2026,,
SHO1956,DHL,18/10/2025,In Transit,Bangalore,Mumbai,320.21,20/10/2025,,
SHO1957,FEDEX,18/02/2025,Pending,Hyderabad,Pune,2.01,24/02/2025,,
SHO1960,BLUEDART,26/07/2025,In Transit,Mumbai,Delhi,277.1,02/08/2025,,
SHO1966,FEDEX,22/09/2025,Delayed,Pune,Bangalore,44.31,24/09/2025,,
SHO1972,BLUEDART,02/10/2024,Delivered,Hyderabad,Chennai,82.82,06/10/2024,11/10/2024,5
SHO1973,BLUEDART,10/05/2025,Delayed,Delhi,Bangalore,455.78,12/10/2025,22/10/2025,
SHO1975,FEDEX,24/02/2026,In Transit,Delhi,Pune,371.62,01/03/2026,,
SHO1976,DHL,25/12/2024,Delivered,Chennai,Hyderabad,212.5,28/12/2024,26/12/2024,0
SHO1978,FEDEX,25/03/2024,Accepted,Mumbai,Pune,287.59,31/03/2024,29/03/2024,
SHO1979,BLUEDART,24/03/2026,Pending,Hyderabad,Mumbai,151.5,31/03/2026,,
SHO1982,DHL,24/11/2024,Delivered,Pune,Mumbai,433.92,01/12/2024,02/12/2024,1
SHO1984,FEDEX,13/11/2025,Delivered,Delhi,Pune,438.35,20/11/2025,19/11/2025,0
SHO1985,FEDEX,13/12/2024,In Transit,Chennai,Hyderabad,309.87,18/12/2024,,
SHO1986,BLUEDART,26/03/2025,Pending,Mumbai,Delhi,171.94,31/03/2025,,
SHO1989,FEDEX,18/04/2025,Pending,Bangalore,Delhi,418.11,22/04/2025,,
SHO1990,FEDEX,27/05/2025,In Transit,Delhi,Chennai,152.75,29/05/2025,,
SHO1995,FEDEX,01/01/2026,Delivered,Delhi,Mumbai,153.4,03/01/2026,01/08/2026,210
SHO1998,DHL,21/12/2025,Pending,Delhi,Mumbai,264.72,23/12/2025,,
SHO2001,DHL,03/04/2026,Accepted,Mumbai,Hyderabad,369.02,04/08/2026,,
SHO2004,BLUEDART,13/05/2026,In Transit,Chennai,Hyderabad,389.81,17/05/2026,,
SHO2006,FEDEX,07/06/2025,Delayed,Mumbai,Hyderabad,318.55,06/10/2025,,
SHO2008,FEDEX,09/04/2024,Delayed,Delhi,Pune,27.06,04/12/2024,21/04/2024,
SHO2016,FEDEX,10/06/2025,Delayed,Delhi,Mumbai,2.11,16/06/2025,20/06/2025,
SHO2021,BLUEDART,13/02/2026,Pending,Delhi,Pune,183.06,18/02/2026,,
SHO2023,BLUEDART,07/12/2024,Delivered,Bangalore,Mumbai,490.51,11/12/2024,14/12/2024,3
SHO2024,BLUEDART,08/07/2025,Delayed,Hyderabad,Pune,494.68,13/07/2025,14/07/2025,
SHO2026,FEDEX,17/04/2025,Delayed,Mumbai,Delhi,216.81,22/04/2025,,
SHO2029,FEDEX,06/08/2025,Pending,Pune,Delhi,437.99,08/11/2025,,
SHO2030,BLUEDART,24/03/2025,Delivered,Pune,Hyderabad,58.25,28/03/2025,27/03/2025,0
SHO2035,FEDEX,15/05/2024,In Transit,Mumbai,Delhi,113.15,17/05/2024,,
SHO2040,BLUEDART,10/01/2026,Pending,Pune,Hyderabad,129.29,14/01/2026,,
SHO2044,DHL,12/05/2025,Accepted,Hyderabad,Chennai,75.38,19/05/2025,,
SHO2051,FEDEX,16/08/2024,Pending,Mumbai,Delhi,422.6,23/08/2024,,
SHO2055,DHL,03/08/2024,Accepted,Mumbai,Delhi,204.98,03/12/2024,,
SHO2056,DHL,17/09/2025,Pending,Hyderabad,Mumbai,491.33,21/09/2025,,
SHO2057,FEDEX,12/01/2025,In Transit,Chennai,Mumbai,448.72,06/12/2025,,
SHO2059,FEDEX,10/03/2024,Accepted,Mumbai,Chennai,407.61,14/03/2024,,
SHO2063,FEDEX,14/12/2024,In Transit,Hyderabad,Mumbai,284.86,21/12/2024,,
SHO2065,DHL,18/04/2026,Delayed,Delhi,Pune,202.73,20/04/2026,26/04/2026,
SHO2066,FEDEX,25/10/2025,Accepted,Hyderabad,Delhi,318.5,29/10/2025,,
SHO2069,FEDEX,26/06/2024,Pending,Mumbai,Hyderabad,286.45,29/06/2024,,
SHO2070,BLUEDART,11/03/2025,In Transit,Bangalore,Chennai,437.23,10/11/2025,,
SHO2071,FEDEX,17/11/2024,Pending,Hyderabad,Pune,246.18,22/11/2024,,
SHO2072,BLUEDART,01/06/2025,Delayed,Mumbai,Pune,352.19,07/06/2025,08/06/2025,
SHO2075,DHL,25/01/2025,Accepted,Bangalore,Chennai,496.09,31/01/2025,,
SHO2079,FEDEX,16/02/2024,In Transit,Delhi,Chennai,307.92,20/02/2024,,
SHO2081,FEDEX,07/05/2025,Accepted,Mumbai,Bangalore,263.3,10/05/2025,17/05/2025,
SHO2082,FEDEX,24/11/2024,Delayed,Delhi,Mumbai,301.75,28/11/2024,12/03/2024,
SHO2085,DHL,08/02/2025,Delivered,Mumbai,Bangalore,159.41,06/08/2025,08/10/2025,63
SHO2090,FEDEX,08/06/2024,Delayed,Delhi,Mumbai,3.95,12/06/2024,21/06/2024,
SHO2092,DHL,22/02/2025,Delayed,Bangalore,Chennai,142.28,24/02/2025,03/01/2025,
SHO2094,DHL,16/04/2024,Delayed,Pune,Bangalore,467.44,22/04/2024,24/04/2024,
SHO2102,FEDEX,13/06/2025,Delayed,Chennai,Delhi,191.03,20/06/2025,24/06/2025,
SHO2103,DHL,16/11/2024,Pending,Bangalore,Mumbai,446.32,22/11/2024,,
SHO2104,DHL,02/05/2026,Delayed,Chennai,Mumbai,495.77,06/05/2026,16/05/2026,
SHO2106,DHL,18/04/2026,In Transit,Mumbai,Pune,341.6,22/04/2026,,
SHO2108,DHL,22/05/2025,Delivered,Delhi,Bangalore,339.21,25/05/2025,28/05/2025,3
SHO2111,BLUEDART,11/07/2024,In Transit,Chennai,Bangalore,355.07,16/07/2024,,
SHO2114,DHL,26/03/2024,Accepted,Bangalore,Pune,109.49,28/03/2024,,
SHO2116,BLUEDART,21/02/2026,Delivered,Chennai,Pune,318.23,28/02/2026,04/03/2026,4
SHO2121,BLUEDART,14/04/2024,Delayed,Mumbai,Chennai,140.71,20/04/2024,24/04/2024,
SHO2123,DHL,12/03/2026,In Transit,Pune,Mumbai,48.06,17/03/2026,,
SHO2127,DHL,15/05/2025,Accepted,Chennai,Delhi,255.74,19/05/2025,,
SHO2130,BLUEDART,14/10/2025,Pending,Hyderabad,Mumbai,0.8,19/10/2025,,
SHO2137,BLUEDART,10/01/2024,In Transit,Bangalore,Delhi,39.68,12/01/2024,,
SHO2139,FEDEX,12/06/2025,Delayed,Bangalore,Hyderabad,260.08,16/06/2025,,
SHO2140,FEDEX,05/05/2024,In Transit,Pune,Delhi,405.15,12/05/2024,,
SHO2141,FEDEX,16/07/2024,Pending,Chennai,Bangalore,295.79,23/07/2024,,
SHO2142,FEDEX,03/02/2026,Accepted,Hyderabad,Mumbai,312.29,09/02/2026,,
SHO2143,BLUEDART,19/04/2025,Pending,Mumbai,Hyderabad,328.39,25/04/2025,,
SHO2156,BLUEDART,28/01/2026,Delayed,Bangalore,Chennai,188.0,03/02/2026,13/02/2026,
SHO2160,DHL,21/04/2026,Delivered,Pune,Delhi,384.67,25/04/2026,26/04/2026,1
SHO2166,BLUEDART,23/03/2026,In Transit,Chennai,Delhi,54.61,26/03/2026,,
SHO2174,FEDEX,21/12/2025,In Transit,Delhi,Chennai,132.09,27/12/2025,,
SHO2176,FEDEX,25/04/2025,Pending,Bangalore,Delhi,237.52,01/05/2025,,
SHO2177,DHL,25/05/2024,Pending,Mumbai,Pune,218.09,31/05/2024,,
SHO2178,DHL,25/12/2025,Delivered,Mumbai,Pune,358.42,29/12/2025,28/12/2025,0
SHO2180,FEDEX,27/05/2024,Pending,Bangalore,Pune,257.93,30/05/2024,,
SHO2188,FEDEX,18/10/2024,Delayed,Pune,Chennai,122.55,25/10/2024,29/10/2024,
SHO2190,DHL,17/12/2024,Pending,Chennai,Delhi,364.76,22/12/2024,,
SHO2191,FEDEX,18/09/2025,Delayed,Delhi,Bangalore,218.99,21/09/2025,,
SHO2195,DHL,28/09/2024,Delayed,Bangalore,Mumbai,120.78,03/10/2024,06/10/2024,
SHO2198,FEDEX,05/02/2026,Delayed,Hyderabad,Bangalore,165.82,05/07/2026,,
SHO2201,DHL,28/01/2024,Delayed,Chennai,Bangalore,8.85,01/02/2024,02/10/2024,
SHO2203,FEDEX,06/06/2026,In Transit,Chennai,Pune,481.32,08/06/2026,,
SHO2208,FEDEX,01/01/2026,Pending,Mumbai,Bangalore,225.06,01/05/2026,,
SHO2209,FEDEX,09/05/2024,Delayed,Hyderabad,Pune,308.51,09/12/2024,15/09/2024,
SHO2210,DHL,25/01/2025,Pending,Hyderabad,Chennai,173.16,29/01/2025,,
SHO2216,BLUEDART,16/04/2024,Delayed,Pune,Mumbai,161.03,22/04/2024,05/01/2024,
SHO2218,DHL,07/12/2025,Accepted,Chennai,Pune,84.39,13/12/2025,19/12/2025,
SHO2219,BLUEDART,19/08/2025,Accepted,Delhi,Mumbai,263.84,23/08/2025,,
SHO2220,DHL,18/08/2024,Accepted,Bangalore,Pune,474.02,24/08/2024,,
SHO2225,DHL,01/10/2025,In Transit,Chennai,Hyderabad,466.39,08/10/2025,,
SHO2226,BLUEDART,16/06/2024,Delivered,Chennai,Bangalore,360.4,21/06/2024,24/06/2024,3
SHO2229,DHL,19/08/2025,Accepted,Bangalore,Hyderabad,499.23,24/08/2025,,
SHO2230,BLUEDART,01/05/2026,Accepted,Pune,Mumbai,302.82,01/09/2026,,
SHO2232,BLUEDART,25/09/2024,Delivered,Bangalore,Hyderabad,211.36,29/09/2024,04/10/2024,5
SHO2234,DHL,23/10/2024,Pending,Pune,Hyderabad,418.39,29/10/2024,,
SHO2238,DHL,20/02/2026,In Transit,Hyderabad,Pune,78.01,24/02/2026,,
SHO2241,BLUEDART,11/07/2024,Accepted,Mumbai,Pune,417.0,17/07/2024,21/07/2024,
SHO2243,DHL,06/06/2026,Delayed,Chennai,Mumbai,79.12,08/06/2026,17/06/2026,
SHO2246,FEDEX,14/11/2024,Pending,Pune,Delhi,419.92,17/11/2024,,
SHO2250,DHL,29/12/2025,In Transit,Bangalore,Delhi,327.77,31/12/2025,,
SHO2251,DHL,14/09/2025,Delayed,Pune,Bangalore,151.81,21/09/2025,22/09/2025,
SHO2254,DHL,03/05/2026,Delayed,Hyderabad,Chennai,474.75,03/11/2026,18/03/2026,
SHO2258,FEDEX,30/12/2025,Delivered,Chennai,Delhi,254.31,06/01/2026,01/05/2026,115
SHO2259,DHL,12/05/2026,Accepted,Bangalore,Mumbai,324.93,16/05/2026,,
SHO2261,DHL,23/04/2026,Delayed,Chennai,Hyderabad,165.09,30/04/2026,,
SHO2266,FEDEX,20/03/2026,Pending,Pune,Bangalore,81.01,27/03/2026,,
SHO2267,FEDEX,15/04/2024,Pending,Mumbai,Pune,416.63,18/04/2024,,
SHO2270,DHL,12/02/2026,Accepted,Chennai,Hyderabad,155.58,18/02/2026,28/02/2026,
SHO2271,DHL,28/04/2026,Pending,Chennai,Hyderabad,295.02,02/05/2026,,
SHO2272,DHL,30/11/2025,Delivered,Pune,Delhi,193.98,07/12/2025,05/12/2025,0
SHO2274,BLUEDART,12/01/2025,Delayed,Mumbai,Chennai,277.1,05/12/2025,,
SHO2275,BLUEDART,02/03/2026,Pending,Delhi,Pune,215.7,03/08/2026,,
SHO2276,DHL,22/02/2026,Delayed,Delhi,Mumbai,357.78,24/02/2026,27/02/2026,
SHO2280,DHL,14/12/2025,In Transit,Chennai,Delhi,12.42,20/12/2025,,
SHO2289,BLUEDART,16/02/2025,Delivered,Mumbai,Pune,185.49,20/02/2025,25/02/2025,5
SHO2298,DHL,04/03/2025,In Transit,Bangalore,Delhi,477.59,03/08/2025,,
SHO2300,FEDEX,29/03/2025,Accepted,Bangalore,Mumbai,264.18,04/04/2025,13/04/2025,
SHO2301,BLUEDART,10/06/2024,Delivered,Pune,Chennai,107.55,13/06/2024,14/06/2024,1
SHO2302,FEDEX,03/04/2026,Accepted,Hyderabad,Mumbai,54.67,03/08/2026,,
SHO2303,DHL,06/03/2024,Accepted,Chennai,Mumbai,222.25,08/03/2024,03/12/2024,
SHO2306,FEDEX,17/06/2025,Pending,Pune,Mumbai,48.53,20/06/2025,,
SHO2310,FEDEX,19/03/2025,Delivered,Pune,Bangalore,302.95,21/03/2025,26/03/2025,5
SHO2311,BLUEDART,18/01/2024,Pending,Bangalore,Delhi,452.68,25/01/2024,,
SHO2314,BLUEDART,01/03/2024,In Transit,Pune,Delhi,263.31,03/05/2024,,
SHO2316,FEDEX,01/03/2024,In Transit,Chennai,Hyderabad,377.06,04/03/2024,,
SHO2321,FEDEX,13/05/2025,Accepted,Chennai,Pune,2.16,17/05/2025,,
SHO2324,DHL,12/05/2024,Pending,Hyderabad,Chennai,387.85,17/05/2024,,
SHO2326,FEDEX,02/02/2026,Pending,Hyderabad,Chennai,396.48,06/02/2026,,
SHO2328,FEDEX,03/07/2024,Delayed,Pune,Chennai,129.94,05/07/2024,,
SHO2333,FEDEX,18/12/2024,Pending,Hyderabad,Chennai,221.2,24/12/2024,,
SHO2335,FEDEX,22/04/2025,Pending,Pune,Hyderabad,314.15,25/04/2025,,
SHO2339,DHL,16/01/2024,Delivered,Pune,Hyderabad,144.86,20/01/2024,22/01/2024,2
SHO2344,DHL,22/08/2024,Accepted,Hyderabad,Delhi,269.21,26/08/2024,,
SHO2346,FEDEX,04/01/2024,Delivered,Mumbai,Pune,480.85,01/09/2024,09/01/2024,0
SHO2348,FEDEX,21/10/2025,Pending,Bangalore,Delhi,499.01,26/10/2025,,
SHO2349,BLUEDART,06/04/2024,Delayed,Delhi,Hyderabad,37.38,13/04/2024,18/04/2024,
SHO2352,FEDEX,19/06/2024,Delayed,Chennai,Delhi,281.15,24/06/2024,04/07/2024,
SHO2353,FEDEX,16/06/2025,Pending,Mumbai,Chennai,196.22,20/06/2025,,
SHO2354,BLUEDART,20/12/2024,In Transit,Pune,Bangalore,369.17,26/12/2024,,
SHO2358,FEDEX,08/09/2025,In Transit,Mumbai,Bangalore,187.84,08/12/2025,,
SHO2361,FEDEX,17/01/2026,Accepted,Hyderabad,Delhi,413.03,19/01/2026,,
SHO2362,DHL,17/12/2024,Delivered,Pune,Bangalore,270.87,20/12/2024,23/12/2024,3
SHO2364,FEDEX,14/06/2025,Pending,Delhi,Mumbai,300.38,19/06/2025,,
SHO2366,BLUEDART,26/07/2025,Accepted,Bangalore,Pune,78.28,02/08/2025,,
SHO2371,DHL,21/04/2026,Delivered,Mumbai,Hyderabad,250.82,26/04/2026,28/04/2026,2
SHO2372,DHL,10/05/2025,Pending,Pune,Delhi,173.0,10/10/2025,,
SHO2373,FEDEX,11/10/2025,Pending,Mumbai,Bangalore,37.27,14/10/2025,,
SHO2375,FEDEX,12/08/2024,In Transit,Chennai,Mumbai,358.61,10/12/2024,,
SHO2376,DHL,07/04/2024,Accepted,Bangalore,Mumbai,46.68,09/04/2024,,
SHO2378,BLUEDART,05/01/2024,Delayed,Mumbai,Delhi,394.83,05/05/2024,05/06/2024,
SHO2380,FEDEX,05/05/2025,Delayed,Chennai,Hyderabad,218.16,11/05/2025,05/12/2025,
SHO2383,DHL,11/06/2024,In Transit,Bangalore,Delhi,403.37,18/06/2024,,
SHO2384,DHL,20/05/2026,In Transit,Hyderabad,Mumbai,124.52,22/05/2026,,
SHO2386,BLUEDART,15/02/2026,Accepted,Hyderabad,Pune,415.51,21/02/2026,21/02/2026,
SHO2387,FEDEX,21/10/2024,Delivered,Delhi,Bangalore,180.01,27/10/2024,30/10/2024,3
SHO2389,FEDEX,29/12/2024,Accepted,Hyderabad,Bangalore,474.88,04/01/2025,,
SHO2392,BLUEDART,20/02/2025,Delivered,Delhi,Mumbai,88.48,23/02/2025,26/02/2025,3
SHO2394,FEDEX,13/06/2026,Delayed,Delhi,Bangalore,134.56,20/06/2026,22/06/2026,
SHO2395,BLUEDART,20/05/2025,Delayed,Pune,Hyderabad,332.2,24/05/2025,30/05/2025,
SHO2401,FEDEX,30/04/2025,Delayed,Hyderabad,Pune,134.92,04/05/2025,12/05/2025,
SHO2405,DHL,21/09/2025,In Transit,Chennai,Bangalore,226.36,25/09/2025,,
SHO2406,DHL,10/07/2025,In Transit,Bangalore,Pune,93.41,17/07/2025,,
SHO2409,FEDEX,23/03/2026,Pending,Chennai,Hyderabad,277.63,27/03/2026,,
SHO2410,DHL,22/03/2026,Delivered,Hyderabad,Chennai,258.33,24/03/2026,28/03/2026,4
SHO2411,BLUEDART,13/08/2025,Delivered,Hyderabad,Delhi,378.59,16/08/2025,16/08/2025,0
SHO2415,FEDEX,23/04/2025,Delayed,Hyderabad,Delhi,133.23,25/04/2025,30/04/2025,
SHO2416,BLUEDART,13/09/2024,Pending,Mumbai,Chennai,334.91,17/09/2024,,
SHO2417,BLUEDART,22/02/2025,Accepted,Pune,Mumbai,283.86,25/02/2025,,
SHO2421,DHL,08/08/2024,In Transit,Pune,Mumbai,444.07,14/08/2024,,
SHO2424,DHL,15/02/2025,Delayed,Hyderabad,Delhi,444.51,19/02/2025,25/02/2025,
SHO2426,BLUEDART,14/05/2025,Delayed,Mumbai,Bangalore,167.23,16/05/2025,22/05/2025,
SHO2428,FEDEX,17/04/2026,Delayed,Delhi,Chennai,439.9,23/04/2026,28/04/2026,
SHO2429,BLUEDART,26/01/2026,Delayed,Delhi,Mumbai,252.65,29/01/2026,,
SHO2430,BLUEDART,18/10/2024,In Transit,Hyderabad,Delhi,369.32,25/10/2024,,
SHO2436,BLUEDART,09/06/2026,In Transit,Bangalore,Delhi,400.26,16/06/2026,,
SHO2437,FEDEX,24/09/2024,In Transit,Pune,Bangalore,24.36,26/09/2024,,
SHO2440,BLUEDART,14/05/2026,Delivered,Pune,Mumbai,307.63,21/05/2026,26/05/2026,5
SHO2441,DHL,12/09/2024,In Transit,Pune,Bangalore,295.54,16/12/2024,,
SHO2442,FEDEX,03/12/2025,Delayed,Bangalore,Chennai,494.48,06/12/2025,09/12/2025,
SHO2448,BLUEDART,15/05/2024,Pending,Mumbai,Bangalore,382.75,22/05/2024,,
SHO2451,BLUEDART,17/01/2025,Accepted,Bangalore,Mumbai,359.66,24/01/2025,,
SHO2454,FEDEX,13/08/2025,Delayed,Hyderabad,Delhi,156.02,18/08/2025,,
SHO2456,DHL,29/03/2026,Delayed,Pune,Bangalore,212.86,04/05/2026,15/04/2026,
SHO2457,FEDEX,25/06/2025,Accepted,Delhi,Hyderabad,382.01,02/07/2025,,
SHO2458,BLUEDART,20/10/2024,Accepted,Pune,Chennai,461.15,27/10/2024,,
SHO2461,DHL,14/08/2025,Delivered,Pune,Chennai,127.33,19/08/2025,20/08/2025,1
SHO2472,DHL,09/04/2024,Pending,Delhi,Hyderabad,165.87,09/06/2024,,
SHO2475,DHL,01/01/2026,Accepted,Bangalore,Chennai,205.97,01/04/2026,,
SHO2483,FEDEX,27/01/2024,Pending,Pune,Hyderabad,158.22,31/01/2024,,
SHO2484,BLUEDART,21/01/2026,Delayed,Pune,Mumbai,66.05,26/01/2026,30/01/2026,
SHO2487,DHL,18/08/2025,In Transit,Mumbai,Delhi,61.62,23/08/2025,,
SHO2489,BLUEDART,31/03/2026,Accepted,Pune,Bangalore,61.2,05/04/2026,,
SHO2494,BLUEDART,11/03/2025,Delayed,Mumbai,Hyderabad,203.69,11/05/2025,14/11/2025,
SHO2495,FEDEX,10/08/2024,Pending,Delhi,Pune,198.62,17/08/2024,,
SHO2496,BLUEDART,11/10/2024,Pending,Hyderabad,Pune,196.4,13/10/2024,,
SHO2501,BLUEDART,20/11/2025,In Transit,Delhi,Hyderabad,74.85,22/11/2025,,
SHO2502,BLUEDART,29/03/2026,Accepted,Hyderabad,Delhi,362.13,31/03/2026,,
SHO2504,BLUEDART,13/03/2025,In Transit,Delhi,Bangalore,200.42,19/03/2025,,
SHO2508,BLUEDART,10/08/2025,Delayed,Chennai,Bangalore,71.45,16/08/2025,19/08/2025,
SHO2511,BLUEDART,24/01/2025,Delayed,Delhi,Hyderabad,102.82,31/01/2025,03/02/2025,
SHO2516,DHL,16/05/2024,In Transit,Hyderabad,Delhi,121.46,20/05/2024,,
SHO2517,BLUEDART,14/06/2025,Delayed,Hyderabad,Bangalore,114.92,19/06/2025,,
SHO2524,FEDEX,04/06/2025,Pending,Hyderabad,Bangalore,70.02,06/08/2025,,
SHO2528,FEDEX,16/06/2024,Pending,Pune,Hyderabad,139.11,22/06/2024,,
SHO2529,BLUEDART,05/03/2025,Delivered,Hyderabad,Pune,296.91,10/05/2025,13/05/2025,3
SHO2533,FEDEX,27/01/2024,In Transit,Hyderabad,Pune,25.28,02/02/2024,,
SHO2534,FEDEX,11/05/2026,In Transit,Chennai,Hyderabad,190.9,14/05/2026,,
SHO2545,BLUEDART,07/04/2025,Pending,Chennai,Mumbai,437.81,07/07/2025,,
SHO2546,FEDEX,18/06/2025,Accepted,Delhi,Bangalore,457.26,22/06/2025,,
SHO2548,DHL,10/05/2025,Delayed,Delhi,Chennai,493.62,13/05/2025,17/05/2025,
SHO2549,DHL,04/07/2024,In Transit,Hyderabad,Mumbai,369.84,09/07/2024,,
SHO2551,BLUEDART,25/08/2025,Pending,Hyderabad,Delhi,107.44,01/09/2025,,
SHO2553,BLUEDART,17/01/2026,Accepted,Chennai,Pune,303.08,21/01/2026,,
SHO2555,BLUEDART,17/02/2026,Pending,Hyderabad,Mumbai,340.17,21/02/2026,,
SHO2558,BLUEDART,05/03/2025,Pending,Delhi,Mumbai,455.72,10/03/2025,,
SHO2559,DHL,03/03/2025,Pending,Delhi,Mumbai,261.68,06/03/2025,,
SHO2560,BLUEDART,16/01/2025,Accepted,Mumbai,Chennai,194.82,21/01/2025,,
SHO2561,BLUEDART,23/08/2025,In Transit,Delhi,Hyderabad,100.29,27/08/2025,,
SHO2562,BLUEDART,27/05/2024,Pending,Chennai,Mumbai,129.14,03/06/2024,,
SHO2564,FEDEX,21/08/2025,Delayed,Mumbai,Hyderabad,62.54,23/08/2025,28/08/2025,
SHO2565,DHL,31/03/2026,Accepted,Pune,Hyderabad,214.82,04/07/2026,,
SHO2570,BLUEDART,31/03/2026,Delivered,Hyderabad,Chennai,462.8,04/04/2026,04/04/2026,0
SHO2574,FEDEX,27/01/2025,Delayed,Hyderabad,Delhi,107.36,03/02/2025,12/02/2025,
SHO2581,BLUEDART,19/09/2025,Delivered,Bangalore,Chennai,433.48,25/09/2025,25/09/2025,0
SHO2582,DHL,24/04/2024,Delivered,Hyderabad,Chennai,268.3,27/04/2024,02/05/2024,5
SHO2587,DHL,18/01/2026,Accepted,Delhi,Bangalore,165.99,23/01/2026,,
SHO2593,FEDEX,27/05/2024,In Transit,Pune,Mumbai,97.99,29/05/2024,,
SHO2604,DHL,28/01/2026,In Transit,Mumbai,Bangalore,75.36,02/02/2026,,
SHO2609,FEDEX,28/10/2024,Accepted,Hyderabad,Delhi,99.17,31/10/2024,,
SHO2612,DHL,20/06/2024,Delayed,Hyderabad,Delhi,140.65,27/06/2024,28/06/2024,
SHO2613,FEDEX,28/01/2025,Delayed,Hyderabad,Chennai,129.35,04/02/2025,05/02/2025,
SHO2615,BLUEDART,24/01/2026,Delayed,Chennai,Mumbai,472.79,26/01/2026,29/01/2026,
SHO2622,FEDEX,06/01/2026,Delayed,Mumbai,Pune,187.32,13/01/2026,20/01/2026,
SHO2631,DHL,11/09/2024,In Transit,Hyderabad,Chennai,484.52,14/09/2024,,
SHO2633,DHL,29/03/2026,Accepted,Mumbai,Hyderabad,226.34,03/04/2026,,
SHO2638,FEDEX,27/03/2026,Pending,Bangalore,Pune,47.74,31/03/2026,,
SHO2654,FEDEX,11/04/2026,Delivered,Delhi,Bangalore,383.36,15/04/2026,15/04/2026,0
SHO2655,BLUEDART,25/03/2024,Delivered,Bangalore,Pune,205.23,29/03/2024,29/03/2024,0
SHO2659,DHL,07/06/2025,In Transit,Delhi,Pune,1.63,12/06/2025,,
SHO2661,FEDEX,26/07/2024,Accepted,Pune,Delhi,348.03,02/08/2024,,
SHO2662,FEDEX,24/11/2025,Delayed,Pune,Delhi,285.67,27/11/2025,29/11/2025,
SHO2663,FEDEX,25/05/2025,Pending,Bangalore,Mumbai,374.21,30/05/2025,,
SHO2664,DHL,31/05/2025,Delayed,Hyderabad,Mumbai,275.76,07/06/2025,,
SHO2666,FEDEX,18/11/2024,In Transit,Bangalore,Chennai,353.09,20/11/2024,,
SHO2668,DHL,07/11/2025,Delayed,Bangalore,Delhi,182.84,13/11/2025,21/11/2025,
SHO2669,BLUEDART,22/08/2024,Delivered,Pune,Delhi,382.61,26/08/2024,27/08/2024,1
SHO2671,FEDEX,01/11/2024,In Transit,Bangalore,Delhi,65.82,05/11/2024,,
SHO2672,BLUEDART,22/05/2025,Pending,Chennai,Mumbai,131.98,26/05/2025,,
SHO2675,DHL,14/08/2024,Delivered,Mumbai,Pune,92.88,21/08/2024,26/08/2024,5
SHO2678,BLUEDART,02/08/2025,In Transit,Delhi,Pune,163.94,08/09/2025,,
SHO2679,DHL,31/07/2024,Pending,Pune,Delhi,113.85,03/08/2024,,
SHO2681,BLUEDART,22/02/2025,Delivered,Bangalore,Chennai,34.95,28/02/2025,04/03/2025,4
SHO2682,DHL,13/04/2026,Pending,Hyderabad,Mumbai,344.43,18/04/2026,,
SHO2683,DHL,03/02/2025,In Transit,Pune,Chennai,484.36,02/09/2025,,
SHO2684,FEDEX,19/08/2024,Delivered,Bangalore,Delhi,145.22,24/08/2024,24/08/2024,0
SHO2689,BLUEDART,14/10/2025,In Transit,Pune,Delhi,165.86,19/10/2025,,
SHO2693,DHL,08/05/2024,Delivered,Mumbai,Pune,417.71,13/05/2024,16/05/2024,3
SHO2694,BLUEDART,29/05/2025,Delayed,Hyderabad,Bangalore,447.41,05/06/2025,07/06/2025,
SHO2695,FEDEX,27/02/2025,Accepted,Delhi,Chennai,120.9,05/03/2025,,
SHO2706,DHL,19/05/2026,Accepted,Delhi,Pune,372.16,24/05/2026,,
SHO2707,DHL,15/06/2025,Pending,Mumbai,Hyderabad,464.15,19/06/2025,,
SHO2708,BLUEDART,13/10/2025,Delayed,Hyderabad,Bangalore,241.59,17/10/2025,19/10/2025,
SHO2712,DHL,18/01/2024,Delivered,Hyderabad,Mumbai,43.22,24/01/2024,29/01/2024,5
SHO2715,FEDEX,19/05/2024,Delivered,Pune,Bangalore,373.7,26/05/2024,26/05/2024,0
SHO2717,FEDEX,22/01/2025,In Transit,Bangalore,Hyderabad,118.13,27/01/2025,,
SHO2718,BLUEDART,19/11/2024,In Transit,Bangalore,Delhi,182.51,22/11/2024,,
SHO2720,BLUEDART,12/09/2024,Delivered,Mumbai,Chennai,54.69,16/09/2024,15/09/2024,0
SHO2721,BLUEDART,11/07/2025,In Transit,Pune,Bangalore,212.32,14/07/2025,,
SHO2723,FEDEX,26/02/2026,In Transit,Hyderabad,Mumbai,182.2,02/03/2026,,
SHO2728,FEDEX,28/05/2025,In Transit,Bangalore,Pune,79.25,01/06/2025,,
SHO2729,DHL,22/02/2024,In Transit,Delhi,Pune,121.35,25/02/2024,,
SHO2730,BLUEDART,04/02/2025,Pending,Pune,Mumbai,391.73,08/04/2025,,
SHO2731,DHL,03/02/2024,Pending,Hyderabad,Mumbai,162.34,03/08/2024,,
SHO2732,BLUEDART,08/03/2024,Delayed,Chennai,Hyderabad,254.44,07/08/2024,16/08/2024,
SHO2740,DHL,18/07/2024,In Transit,Chennai,Bangalore,74.32,22/07/2024,,
SHO2741,FEDEX,09/06/2024,Delivered,Pune,Delhi,302.09,09/10/2024,09/08/2024,0
SHO2743,BLUEDART,14/03/2024,In Transit,Bangalore,Chennai,375.96,17/03/2024,,
SHO2744,DHL,03/03/2025,Pending,Pune,Delhi,169.46,07/03/2025,,
SHO2747,BLUEDART,20/01/2024,In Transit,Delhi,Bangalore,50.36,22/01/2024,,
SHO2749,FEDEX,17/04/2024,Delayed,Mumbai,Hyderabad,276.29,22/04/2024,27/04/2024,
SHO2750,BLUEDART,24/07/2024,Delivered,Pune,Hyderabad,68.6,29/07/2024,31/07/2024,2
SHO2751,FEDEX,18/05/2024,In Transit,Pune,Chennai,148.38,25/05/2024,,
SHO2752,DHL,31/08/2025,In Transit,Mumbai,Bangalore,210.62,03/09/2025,,
SHO2753,FEDEX,19/01/2024,Delayed,Pune,Chennai,149.64,26/01/2024,01/02/2024,
SHO2754,BLUEDART,13/03/2025,In Transit,Bangalore,Pune,152.22,19/03/2025,,
SHO2755,FEDEX,29/04/2026,Pending,Hyderabad,Bangalore,53.42,05/05/2026,,
SHO2757,FEDEX,15/05/2025,Accepted,Chennai,Bangalore,337.49,20/05/2025,,
SHO2759,BLUEDART,09/03/2026,Delayed,Mumbai,Pune,304.73,16/03/2026,21/03/2026,
SHO2763,BLUEDART,27/05/2024,Accepted,Pune,Bangalore,366.72,29/05/2024,,
SHO2767,DHL,14/01/2026,In Transit,Pune,Hyderabad,101.16,16/01/2026,,
SHO2768,FEDEX,06/06/2024,Pending,Bangalore,Delhi,455.88,13/06/2024,,
SHO2773,FEDEX,15/04/2024,Pending,Chennai,Mumbai,169.39,22/04/2024,,
SHO2775,BLUEDART,09/09/2024,Delayed,Delhi,Mumbai,149.83,12/09/2024,22/09/2024,
SHO2777,FEDEX,20/09/2024,Delayed,Pune,Delhi,326.91,25/09/2024,29/09/2024,
SHO2778,FEDEX,28/11/2024,In Transit,Delhi,Pune,346.81,01/12/2024,,
SHO2787,DHL,15/03/2024,Pending,Chennai,Mumbai,243.85,19/03/2024,,
SHO2790,BLUEDART,20/01/2025,Delivered,Pune,Mumbai,48.39,27/01/2025,31/01/2025,4
SHO2791,BLUEDART,23/01/2024,Delayed,Delhi,Chennai,477.27,25/01/2024,28/01/2024,
SHO2792,FEDEX,03/06/2026,In Transit,Chennai,Bangalore,149.99,06/06/2026,,
SHO2793,BLUEDART,09/05/2025,Delayed,Bangalore,Delhi,411.4,10/09/2025,11/09/2025,
SHO2796,DHL,28/04/2025,Delayed,Hyderabad,Pune,496.07,05/05/2025,14/05/2025,
SHO2800,FEDEX,25/03/2024,Delivered,Chennai,Hyderabad,20.93,29/03/2024,30/03/2024,1
SHO2801,FEDEX,13/06/2024,Delivered,Chennai,Pune,458.42,16/06/2024,14/06/2024,0
SHO2803,DHL,07/09/2024,In Transit,Bangalore,Hyderabad,346.85,07/11/2024,,
SHO2805,DHL,09/09/2024,Delivered,Chennai,Delhi,191.6,15/09/2024,15/09/2024,0
SHO2806,DHL,25/05/2024,Delayed,Bangalore,Delhi,108.21,31/05/2024,04/06/2024,
SHO2814,BLUEDART,11/03/2026,Pending,Hyderabad,Bangalore,139.86,15/03/2026,,
SHO2815,BLUEDART,21/01/2024,Delayed,Hyderabad,Delhi,239.08,28/01/2024,30/01/2024,
SHO2816,FEDEX,15/05/2025,In Transit,Pune,Mumbai,259.98,17/05/2025,,
SHO2818,BLUEDART,07/02/2025,In Transit,Bangalore,Chennai,122.75,14/02/2025,,
SHO2823,BLUEDART,02/05/2024,Delivered,Pune,Chennai,462.72,05/06/2024,05/07/2024,30
SHO2828,DHL,24/07/2024,In Transit,Pune,Chennai,4.15,26/07/2024,,
SHO2835,FEDEX,06/09/2025,Delayed,Delhi,Bangalore,9.98,13/09/2025,,
SHO2836,BLUEDART,14/07/2025,Delivered,Hyderabad,Delhi,424.47,17/07/2025,18/07/2025,1
SHO2839,FEDEX,09/07/2025,Delayed,Pune,Mumbai,297.3,13/07/2025,22/07/2025,
SHO2841,DHL,16/04/2026,Pending,Hyderabad,Mumbai,176.76,23/04/2026,,
SHO2842,BLUEDART,29/05/2025,Delayed,Mumbai,Hyderabad,277.36,31/05/2025,06/06/2025,
SHO2844,DHL,10/03/2024,Accepted,Chennai,Pune,470.7,08/10/2024,,
SHO2846,FEDEX,30/11/2025,Delivered,Chennai,Bangalore,120.89,07/12/2025,10/12/2025,3
SHO2847,BLUEDART,21/03/2025,In Transit,Mumbai,Pune,409.67,25/03/2025,,
SHO2848,DHL,11/06/2025,Pending,Chennai,Delhi,177.74,16/06/2025,,
SHO2851,DHL,16/09/2025,In Transit,Hyderabad,Delhi,63.24,18/09/2025,,
SHO2854,DHL,25/02/2025,Delayed,Mumbai,Chennai,250.15,03/04/2025,14/03/2025,
SHO2857,DHL,23/11/2024,In Transit,Mumbai,Chennai,258.75,30/11/2024,,
SHO2859,BLUEDART,23/03/2025,Pending,Mumbai,Hyderabad,45.82,29/03/2025,,
SHO2861,BLUEDART,05/04/2025,Pending,Delhi,Hyderabad,428.9,11/04/2025,,
SHO2862,DHL,06/12/2025,In Transit,Pune,Chennai,248.49,12/12/2025,,
SHO2869,BLUEDART,28/10/2025,In Transit,Chennai,Pune,99.9,01/11/2025,,
SHO2870,DHL,18/03/2026,Delivered,Bangalore,Hyderabad,148.37,24/03/2026,25/03/2026,1
SHO2876,DHL,25/08/2024,Delayed,Delhi,Chennai,9.78,29/08/2024,02/09/2024,
SHO2877,BLUEDART,21/03/2026,Delivered,Delhi,Chennai,290.55,25/03/2026,30/03/2026,5
SHO2878,DHL,04/01/2024,Delivered,Bangalore,Hyderabad,115.37,06/04/2024,05/04/2024,0
SHO2879,DHL,07/02/2024,Accepted,Mumbai,Delhi,73.65,09/02/2024,,
SHO2882,DHL,03/01/2024,Accepted,Mumbai,Chennai,384.96,01/07/2024,06/01/2024,
SHO2883,DHL,29/11/2024,In Transit,Delhi,Hyderabad,118.06,01/12/2024,,
SHO2886,DHL,17/04/2024,Delivered,Mumbai,Bangalore,374.15,20/04/2024,24/04/2024,4
SHO2892,BLUEDART,21/10/2025,Accepted,Bangalore,Chennai,131.91,24/10/2025,,
SHO2894,FEDEX,24/05/2024,In Transit,Mumbai,Pune,449.45,31/05/2024,,
SHO2895,FEDEX,14/12/2025,Delayed,Pune,Bangalore,423.92,19/12/2025,21/12/2025,
SHO2896,BLUEDART,29/10/2025,Delayed,Chennai,Mumbai,148.92,05/11/2025,15/11/2025,
SHO2900,FEDEX,03/01/2026,Pending,Chennai,Bangalore,409.01,09/01/2026,,
SHO2902,FEDEX,25/10/2024,In Transit,Mumbai,Delhi,291.71,31/10/2024,,
SHO2909,DHL,05/01/2025,Delayed,Chennai,Bangalore,241.37,11/01/2025,01/12/2025,
SHO2910,FEDEX,30/03/2024,Pending,Chennai,Delhi,383.87,02/04/2024,,
SHO2911,BLUEDART,10/04/2024,Delayed,Mumbai,Chennai,150.17,14/04/2024,21/04/2024,
SHO2914,DHL,05/04/2024,Delayed,Delhi,Pune,69.67,12/04/2024,17/04/2024,
SHO2915,DHL,30/03/2025,Delayed,Bangalore,Hyderabad,455.39,04/04/2025,09/04/2025,
SHO2918,BLUEDART,08/05/2026,In Transit,Mumbai,Delhi,70.53,05/10/2026,,
SHO2919,FEDEX,27/12/2025,Accepted,Bangalore,Pune,173.86,30/12/2025,,
SHO2922,FEDEX,20/09/2025,Delayed,Pune,Mumbai,58.08,27/09/2025,04/10/2025,
SHO2925,BLUEDART,05/05/2026,Delivered,Mumbai,Bangalore,354.66,10/05/2026,14/05/2026,4
SHO2929,DHL,03/02/2024,Pending,Delhi,Mumbai,123.06,02/09/2024,,
SHO2931,BLUEDART,27/01/2026,Pending,Mumbai,Hyderabad,217.42,02/02/2026,,
SHO2932,DHL,16/04/2025,Pending,Hyderabad,Pune,112.7,19/04/2025,,
SHO2934,FEDEX,12/10/2024,Delivered,Pune,Delhi,21.19,19/10/2024,24/10/2024,5
SHO2935,BLUEDART,13/01/2024,Pending,Delhi,Hyderabad,66.53,15/01/2024,,
SHO2936,BLUEDART,16/12/2024,Delayed,Delhi,Hyderabad,486.97,23/12/2024,,
SHO2937,BLUEDART,12/06/2025,Accepted,Delhi,Mumbai,348.73,12/12/2025,,
SHO2942,BLUEDART,29/07/2024,Pending,Mumbai,Bangalore,278.42,31/07/2024,,
SHO2943,BLUEDART,02/04/2025,Delayed,Chennai,Hyderabad,135.98,04/08/2025,04/12/2025,
SHO2944,DHL,27/10/2025,Pending,Mumbai,Delhi,434.98,30/10/2025,,
SHO2945,FEDEX,11/11/2024,Delayed,Delhi,Mumbai,174.98,16/11/2024,17/11/2024,
SHO2946,BLUEDART,14/11/2025,Delayed,Bangalore,Pune,371.85,16/11/2025,,
SHO2955,FEDEX,09/03/2026,Delayed,Bangalore,Chennai,398.14,14/03/2026,19/03/2026,
SHO2956,FEDEX,05/03/2025,Pending,Bangalore,Delhi,382.59,03/09/2025,,
SHO2958,FEDEX,12/11/2024,Pending,Mumbai,Delhi,69.28,14/11/2024,,
SHO2959,FEDEX,21/03/2026,In Transit,Mumbai,Bangalore,91.5,27/03/2026,,
SHO2960,FEDEX,17/05/2024,In Transit,Mumbai,Chennai,177.22,19/05/2024,,
SHO2962,DHL,25/03/2025,Accepted,Delhi,Pune,406.15,27/03/2025,,
SHO2964,FEDEX,15/06/2024,In Transit,Mumbai,Pune,98.23,20/06/2024,,
SHO2969,FEDEX,29/07/2024,Pending,Chennai,Mumbai,228.06,02/08/2024,,
SHO2970,BLUEDART,11/09/2024,Pending,Chennai,Mumbai,172.43,14/11/2024,,
SHO2972,BLUEDART,09/02/2026,Accepted,Delhi,Chennai,179.55,15/02/2026,,
SHO2974,FEDEX,14/12/2025,Delayed,Bangalore,Pune,128.79,18/12/2025,23/12/2025,
SHO2976,BLUEDART,04/09/2024,Accepted,Mumbai,Hyderabad,116.19,08/09/2024,,
SHO2977,DHL,13/06/2024,Pending,Bangalore,Mumbai,458.55,18/06/2024,,
SHO2980,BLUEDART,27/02/2024,Pending,Delhi,Pune,269.83,03/03/2024,,
SHO2984,FEDEX,15/02/2026,Delivered,Chennai,Hyderabad,81.65,19/02/2026,18/02/2026,0
SHO2986,FEDEX,23/12/2024,Delayed,Delhi,Bangalore,486.83,30/12/2024,02/01/2025,
SHO2987,FEDEX,23/10/2025,Pending,Bangalore,Mumbai,67.21,26/10/2025,,
SHO2997,FEDEX,08/07/2024,Delayed,Hyderabad,Pune,329.27,15/07/2024,23/07/2024,
SHO2998,DHL,08/02/2025,Delayed,Pune,Mumbai,159.96,04/08/2025,13/08/2025,
SHO3000,FEDEX,29/04/2026,Pending,Pune,Hyderabad,332.51,01/05/2026,,
SHO3001,FEDEX,29/02/2024,Accepted,Chennai,Mumbai,479.19,03/05/2024,,
SHO3002,FEDEX,03/03/2025,Delayed,Chennai,Mumbai,411.46,03/07/2025,16/03/2025,
SHO3019,DHL,31/01/2025,Pending,Chennai,Pune,75.57,02/06/2025,,
SHO3025,DHL,06/06/2025,Delayed,Mumbai,Hyderabad,210.8,08/06/2025,,
SHO3028,BLUEDART,21/09/2024,Delivered,Pune,Chennai,456.52,25/09/2024,28/09/2024,3
SHO3030,DHL,19/02/2024,In Transit,Hyderabad,Bangalore,487.68,23/02/2024,,
SHO3032,DHL,31/07/2024,In Transit,Mumbai,Delhi,122.97,07/08/2024,,
SHO3033,FEDEX,17/02/2026,Delayed,Mumbai,Bangalore,133.53,23/02/2026,05/03/2026,
SHO3034,BLUEDART,10/03/2026,In Transit,Mumbai,Chennai,59.12,17/03/2026,,
SHO3037,FEDEX,30/05/2025,Delayed,Hyderabad,Chennai,127.02,04/06/2025,06/08/2025,
SHO3038,DHL,27/03/2026,Pending,Pune,Bangalore,234.36,31/03/2026,,
SHO3039,DHL,07/11/2025,Delivered,Chennai,Bangalore,428.23,14/11/2025,18/11/2025,4
SHO3049,BLUEDART,16/09/2024,Delayed,Delhi,Chennai,363.1,20/09/2024,28/09/2024,
SHO3050,FEDEX,19/11/2024,In Transit,Delhi,Hyderabad,305.11,23/11/2024,,
SHO3051,FEDEX,05/01/2026,In Transit,Hyderabad,Delhi,193.86,01/09/2026,,
SHO3052,BLUEDART,20/02/2025,Delivered,Hyderabad,Bangalore,231.78,23/02/2025,24/02/2025,1
SHO3053,FEDEX,27/01/2026,In Transit,Mumbai,Bangalore,28.3,01/02/2026,,
SHO3056,DHL,30/12/2024,Accepted,Mumbai,Chennai,306.28,03/01/2025,,
SHO3059,FEDEX,16/02/2024,Delivered,Chennai,Pune,179.51,23/02/2024,27/02/2024,4
SHO3060,FEDEX,31/05/2024,Pending,Delhi,Hyderabad,496.49,04/06/2024,,
SHO3061,BLUEDART,17/05/2026,In Transit,Delhi,Pune,484.43,21/05/2026,,
SHO3067,BLUEDART,23/01/2024,Delayed,Bangalore,Pune,265.93,28/01/2024,06/02/2024,
SHO3072,DHL,16/06/2024,Delayed,Hyderabad,Bangalore,289.56,18/06/2024,,
SHO3076,FEDEX,15/06/2024,Delivered,Bangalore,Delhi,482.9,18/06/2024,22/06/2024,4
SHO3077,BLUEDART,06/03/2025,In Transit,Chennai,Hyderabad,182.38,10/06/2025,,
SHO3078,FEDEX,09/09/2025,Delivered,Pune,Mumbai,254.83,09/12/2025,17/09/2025,0
SHO3080,FEDEX,25/05/2024,Delayed,Delhi,Pune,385.52,27/05/2024,28/05/2024,
SHO3087,FEDEX,20/03/2026,Delayed,Pune,Hyderabad,463.87,22/03/2026,31/03/2026,
SHO3089,DHL,16/12/2024,Pending,Mumbai,Delhi,139.52,20/12/2024,,
SHO3090,DHL,25/08/2025,Accepted,Bangalore,Hyderabad,196.43,29/08/2025,28/08/2025,
SHO3091,DHL,12/06/2026,In Transit,Chennai,Delhi,361.24,15/06/2026,,
SHO3092,FEDEX,13/08/2024,Accepted,Hyderabad,Chennai,404.5,15/08/2024,,
SHO3094,FEDEX,13/08/2024,In Transit,Chennai,Pune,411.47,18/08/2024,,
SHO3095,FEDEX,17/03/2025,Delivered,Mumbai,Bangalore,37.58,23/03/2025,25/03/2025,2
SHO3096,DHL,11/09/2025,Accepted,Hyderabad,Delhi,459.49,14/09/2025,,
SHO3100,FEDEX,15/09/2025,Delivered,Mumbai,Delhi,401.32,17/09/2025,18/09/2025,1
SHO3101,BLUEDART,08/06/2025,In Transit,Pune,Mumbai,290.44,11/08/2025,,
SHO3103,BLUEDART,10/04/2024,Pending,Pune,Mumbai,361.14,16/04/2024,,
SHO3106,FEDEX,24/07/2025,Delayed,Mumbai,Pune,118.53,30/07/2025,,
SHO3108,BLUEDART,21/03/2025,Delayed,Chennai,Bangalore,368.44,28/03/2025,,
SHO3110,DHL,08/02/2026,Pending,Hyderabad,Chennai,324.47,13/02/2026,,
SHO3111,BLUEDART,27/09/2024,Accepted,Delhi,Mumbai,322.59,01/10/2024,,
SHO3112,FEDEX,08/03/2026,Delayed,Chennai,Delhi,309.88,03/12/2026,14/03/2026,
SHO3115,FEDEX,27/05/2026,Delivered,Bangalore,Delhi,108.9,31/05/2026,29/05/2026,0
SHO3117,BLUEDART,24/01/2025,Delayed,Mumbai,Hyderabad,223.67,28/01/2025,,
SHO3119,FEDEX,05/06/2025,Delivered,Mumbai,Bangalore,311.87,08/06/2025,13/06/2025,5
SHO3121,FEDEX,12/05/2025,Delivered,Delhi,Chennai,130.98,08/12/2025,13/12/2025,5
SHO3124,BLUEDART,15/06/2025,Accepted,Chennai,Hyderabad,8.14,18/06/2025,17/06/2025,
SHO3125,FEDEX,08/09/2024,In Transit,Pune,Hyderabad,297.54,15/09/2024,,
SHO3126,DHL,27/01/2025,Pending,Bangalore,Chennai,94.05,30/01/2025,,
SHO3128,FEDEX,03/06/2025,Delivered,Chennai,Pune,113.54,09/06/2025,11/06/2025,2
SHO3129,BLUEDART,22/05/2025,Accepted,Bangalore,Mumbai,161.67,28/05/2025,,
SHO3133,FEDEX,18/07/2025,Delayed,Chennai,Bangalore,426.27,24/07/2025,,
SHO3138,DHL,22/08/2024,In Transit,Bangalore,Delhi,477.14,26/08/2024,,
SHO3140,FEDEX,04/06/2026,Accepted,Hyderabad,Pune,461.85,07/06/2026,,
SHO3142,DHL,11/01/2024,Delayed,Pune,Bangalore,147.27,08/11/2024,15/11/2024,
SHO3151,BLUEDART,27/12/2025,In Transit,Pune,Mumbai,305.71,01/01/2026,,
SHO3155,BLUEDART,09/03/2025,Delivered,Hyderabad,Bangalore,303.36,13/03/2025,17/03/2025,4
SHO3156,FEDEX,19/04/2025,Pending,Mumbai,Delhi,393.63,24/04/2025,,
SHO3158,DHL,25/06/2025,Delivered,Delhi,Hyderabad,417.83,29/06/2025,02/07/2025,3
SHO3159,DHL,31/05/2026,Accepted,Chennai,Pune,246.42,06/06/2026,,
SHO3164,BLUEDART,17/06/2024,Delivered,Mumbai,Hyderabad,196.0,20/06/2024,22/06/2024,2
SHO3167,BLUEDART,13/09/2024,Delivered,Hyderabad,Chennai,303.72,18/09/2024,19/09/2024,1
SHO3173,BLUEDART,18/03/2025,Delayed,Chennai,Hyderabad,191.03,22/03/2025,29/03/2025,
SHO3177,BLUEDART,28/06/2024,Delayed,Hyderabad,Pune,36.06,03/07/2024,,
SHO3179,DHL,03/03/2025,Pending,Chennai,Pune,231.48,03/06/2025,,
SHO3181,FEDEX,16/01/2026,Delayed,Chennai,Bangalore,60.92,19/01/2026,,
SHO3183,DHL,27/06/2026,Delayed,Hyderabad,Bangalore,68.09,02/07/2026,07/04/2026,
SHO3185,DHL,17/10/2025,Delayed,Chennai,Delhi,329.42,22/10/2025,31/10/2025,
SHO3190,BLUEDART,24/03/2025,Accepted,Pune,Delhi,158.4,27/03/2025,29/03/2025,
SHO3192,DHL,30/07/2024,Pending,Mumbai,Bangalore,378.61,06/08/2024,,
SHO3194,BLUEDART,14/03/2026,In Transit,Mumbai,Pune,148.69,18/03/2026,,
SHO3196,FEDEX,20/01/2025,Pending,Bangalore,Delhi,188.55,26/01/2025,,
SHO3199,FEDEX,23/07/2025,Delayed,Delhi,Bangalore,87.3,27/07/2025,28/07/2025,
SHO3200,BLUEDART,19/09/2025,Delayed,Hyderabad,Chennai,422.25,22/09/2025,10/02/2025,
SHO3201,DHL,12/04/2024,Accepted,Delhi,Mumbai,174.93,10/12/2024,,
SHO3202,FEDEX,28/02/2024,In Transit,Hyderabad,Delhi,291.57,03/04/2024,,
SHO3208,FEDEX,12/10/2024,Delayed,Delhi,Chennai,185.66,17/10/2024,20/10/2024,
SHO3210,BLUEDART,22/06/2026,Delayed,Hyderabad,Bangalore,52.46,27/06/2026,,
SHO3212,FEDEX,03/02/2026,Delivered,Bangalore,Delhi,389.75,03/05/2026,04/03/2026,0
SHO3213,DHL,25/03/2026,In Transit,Mumbai,Hyderabad,364.05,30/03/2026,,
SHO3214,BLUEDART,06/11/2024,Delayed,Chennai,Mumbai,273.82,11/11/2024,,
SHO3217,FEDEX,12/03/2025,Pending,Mumbai,Bangalore,162.88,14/03/2025,,
SHO3219,BLUEDART,04/03/2026,In Transit,Chennai,Hyderabad,51.2,04/07/2026,,
SHO3221,DHL,28/06/2026,In Transit,Bangalore,Mumbai,307.65,05/07/2026,,
SHO3222,FEDEX,10/05/2024,Accepted,Mumbai,Pune,302.27,05/12/2024,,
SHO3223,DHL,24/09/2025,Delayed,Chennai,Bangalore,329.11,30/09/2025,,
SHO3229,DHL,29/12/2024,Delayed,Pune,Bangalore,474.39,04/01/2025,12/01/2025,
SHO3230,BLUEDART,02/02/2026,Pending,Hyderabad,Delhi,12.25,07/02/2026,,
SHO3232,BLUEDART,14/03/2024,Delayed,Delhi,Hyderabad,255.44,18/03/2024,20/03/2024,
SHO3233,DHL,14/12/2024,Pending,Bangalore,Chennai,24.46,20/12/2024,,
SHO3235,BLUEDART,04/01/2024,In Transit,Mumbai,Chennai,449.08,01/09/2024,,
SHO3239,DHL,22/01/2026,In Transit,Chennai,Pune,278.66,29/01/2026,,
SHO3240,FEDEX,15/05/2025,Delivered,Pune,Hyderabad,252.42,19/05/2025,19/05/2025,0
SHO3241,DHL,18/03/2024,Accepted,Pune,Hyderabad,144.03,25/03/2024,26/03/2024,
SHO3242,BLUEDART,29/12/2025,Delivered,Mumbai,Chennai,75.32,31/12/2025,04/01/2026,4
SHO3247,BLUEDART,20/08/2025,Accepted,Chennai,Bangalore,282.97,27/08/2025,,
SHO3250,DHL,19/04/2026,Delivered,Mumbai,Hyderabad,37.35,22/04/2026,25/04/2026,3
SHO3251,BLUEDART,20/07/2025,Accepted,Pune,Mumbai,391.94,27/07/2025,,
SHO3253,DHL,04/07/2024,Accepted,Chennai,Bangalore,302.51,04/12/2024,,
SHO3254,BLUEDART,15/03/2024,Delayed,Mumbai,Pune,182.16,17/03/2024,24/03/2024,
SHO3261,BLUEDART,25/12/2024,Delayed,Chennai,Pune,290.56,28/12/2024,01/02/2025,
SHO3262,FEDEX,18/10/2024,Pending,Chennai,Hyderabad,4.08,25/10/2024,,
SHO3265,FEDEX,16/08/2024,Delayed,Mumbai,Hyderabad,419.7,19/08/2024,25/08/2024,
SHO3266,DHL,29/09/2025,Pending,Delhi,Pune,485.34,06/10/2025,,
SHO3267,BLUEDART,28/03/2026,In Transit,Mumbai,Bangalore,465.25,30/03/2026,,
SHO3271,FEDEX,20/06/2026,In Transit,Pune,Delhi,388.02,24/06/2026,,
SHO3276,BLUEDART,07/06/2024,Delivered,Delhi,Pune,247.73,12/06/2024,16/06/2024,4
SHO3277,DHL,23/11/2024,In Transit,Chennai,Mumbai,23.48,28/11/2024,,
SHO3278,BLUEDART,08/01/2024,Delivered,Chennai,Pune,63.51,01/10/2024,13/01/2024,0
SHO3279,BLUEDART,22/02/2024,Delivered,Bangalore,Hyderabad,499.17,24/02/2024,29/02/2024,5
SHO3280,BLUEDART,25/10/2025,In Transit,Mumbai,Chennai,17.05,29/10/2025,,
SHO3281,BLUEDART,21/01/2026,Delayed,Hyderabad,Chennai,279.4,24/01/2026,,
SHO3283,DHL,19/05/2026,Pending,Delhi,Mumbai,212.41,24/05/2026,,
SHO3284,FEDEX,28/01/2024,In Transit,Pune,Bangalore,106.28,03/02/2024,,
SHO3287,FEDEX,10/03/2024,Pending,Chennai,Mumbai,69.33,05/10/2024,,
SHO3289,BLUEDART,04/02/2025,In Transit,Bangalore,Delhi,317.66,09/04/2025,,
SHO3290,DHL,01/10/2024,In Transit,Bangalore,Chennai,394.41,08/10/2024,,
SHO3292,BLUEDART,11/11/2024,Delivered,Mumbai,Hyderabad,76.2,16/11/2024,14/11/2024,0
SHO3295,FEDEX,15/06/2026,In Transit,Chennai,Mumbai,184.88,18/06/2026,,
SHO3296,FEDEX,21/12/2024,Delayed,Bangalore,Delhi,112.48,26/12/2024,01/04/2025,
SHO3298,DHL,31/03/2025,Pending,Hyderabad,Mumbai,215.63,03/04/2025,,
SHO3299,BLUEDART,06/02/2024,In Transit,Delhi,Mumbai,306.49,11/02/2024,,
SHO3302,FEDEX,22/02/2024,Accepted,Hyderabad,Chennai,73.13,28/02/2024,,
SHO3306,FEDEX,02/11/2024,Delayed,Bangalore,Mumbai,1.17,09/11/2024,18/11/2024,
SHO3308,FEDEX,24/01/2026,In Transit,Pune,Delhi,363.66,28/01/2026,,
SHO3310,DHL,24/07/2024,Accepted,Chennai,Mumbai,207.57,26/07/2024,29/07/2024,
SHO3311,DHL,01/02/2025,In Transit,Bangalore,Mumbai,401.64,05/02/2025,,
SHO3316,BLUEDART,10/01/2024,Delayed,Hyderabad,Delhi,213.82,10/03/2024,,
SHO3320,BLUEDART,23/10/2025,In Transit,Bangalore,Pune,107.38,28/10/2025,,
SHO3321,FEDEX,03/03/2024,In Transit,Hyderabad,Pune,58.67,05/03/2024,,
SHO3323,DHL,21/07/2025,In Transit,Hyderabad,Delhi,314.01,23/07/2025,,
SHO3327,BLUEDART,16/08/2025,In Transit,Mumbai,Chennai,45.01,18/08/2025,,
SHO3329,DHL,24/08/2025,Delayed,Mumbai,Hyderabad,89.06,30/08/2025,,
SHO3330,BLUEDART,13/10/2024,In Transit,Hyderabad,Pune,16.38,16/10/2024,,
SHO3342,BLUEDART,13/03/2024,In Transit,Hyderabad,Chennai,6.63,20/03/2024,,
SHO3359,FEDEX,13/06/2025,In Transit,Mumbai,Bangalore,304.67,18/06/2025,,
SHO3362,FEDEX,05/03/2026,Delayed,Chennai,Mumbai,486.98,07/03/2026,,
SHO3368,FEDEX,30/08/2024,Delayed,Chennai,Pune,405.8,01/09/2024,09/09/2024,
SHO3370,DHL,23/02/2024,Delivered,Chennai,Delhi,232.26,29/02/2024,03/04/2024,34
SHO3373,DHL,17/05/2026,In Transit,Chennai,Hyderabad,69.11,19/05/2026,,
SHO3374,FEDEX,12/02/2025,Delayed,Pune,Chennai,246.25,17/02/2025,,
SHO3384,DHL,21/01/2025,In Transit,Bangalore,Delhi,269.55,23/01/2025,,
SHO3385,FEDEX,04/12/2025,Pending,Hyderabad,Delhi,331.61,07/12/2025,,
SHO3386,BLUEDART,23/12/2025,Pending,Pune,Mumbai,323.69,29/12/2025,,
SHO3390,BLUEDART,29/10/2025,In Transit,Mumbai,Pune,147.63,03/11/2025,,
SHO3392,BLUEDART,11/04/2024,Pending,Hyderabad,Chennai,118.37,09/11/2024,,
SHO3393,FEDEX,22/03/2024,Pending,Mumbai,Pune,308.43,24/03/2024,,
SHO3394,BLUEDART,19/05/2026,Delivered,Chennai,Hyderabad,111.43,25/05/2026,29/05/2026,4
SHO3396,BLUEDART,07/04/2024,Pending,Mumbai,Delhi,49.2,07/11/2024,,
SHO3397,DHL,11/10/2025,Pending,Delhi,Bangalore,358.47,17/10/2025,,
SHO3398,DHL,26/05/2026,Pending,Bangalore,Pune,71.96,28/05/2026,,
SHO3400,BLUEDART,06/04/2025,Delayed,Hyderabad,Bangalore,413.75,10/04/2025,,
SHO3403,FEDEX,14/05/2025,Delayed,Bangalore,Hyderabad,98.26,19/05/2025,21/05/2025,
SHO3404,FEDEX,28/01/2026,Pending,Hyderabad,Pune,42.74,02/02/2026,,
SHO3405,DHL,11/02/2025,In Transit,Chennai,Pune,160.93,18/02/2025,,
SHO3406,BLUEDART,06/05/2025,In Transit,Bangalore,Mumbai,19.93,13/05/2025,,
SHO3408,DHL,03/07/2025,In Transit,Delhi,Chennai,321.28,06/07/2025,,
SHO3409,DHL,14/09/2024,In Transit,Mumbai,Hyderabad,76.24,18/09/2024,,
SHO3410,BLUEDART,12/07/2024,Delayed,Pune,Bangalore,177.88,13/12/2024,14/12/2024,
SHO3411,DHL,16/11/2024,Accepted,Mumbai,Delhi,241.05,19/11/2024,,
SHO3414,DHL,14/01/2025,In Transit,Delhi,Mumbai,386.67,17/01/2025,,
SHO3416,DHL,10/10/2025,Delayed,Chennai,Hyderabad,138.66,17/10/2025,18/10/2025,
SHO3417,FEDEX,05/08/2024,Delivered,Mumbai,Delhi,361.5,08/12/2024,15/08/2024,0
SHO3421,FEDEX,02/03/2025,Delayed,Hyderabad,Delhi,451.12,07/03/2025,12/03/2025,
SHO3425,DHL,19/01/2024,Pending,Bangalore,Mumbai,143.3,22/01/2024,,
SHO3426,DHL,27/02/2025,Delayed,Pune,Bangalore,468.63,03/03/2025,,
SHO3429,FEDEX,12/04/2024,Delayed,Bangalore,Delhi,448.76,18/04/2024,,
SHO3430,FEDEX,04/12/2025,Delayed,Mumbai,Chennai,282.19,11/12/2025,17/12/2025,
SHO3432,BLUEDART,10/06/2025,Delivered,Delhi,Chennai,35.94,17/06/2025,15/06/2025,0
SHO3436,FEDEX,17/12/2025,Pending,Delhi,Hyderabad,143.41,21/12/2025,,
SHO3441,BLUEDART,27/10/2024,In Transit,Delhi,Pune,98.22,01/11/2024,,
SHO3443,FEDEX,28/03/2024,Delayed,Mumbai,Hyderabad,326.08,02/04/2024,05/04/2024,
SHO3444,FEDEX,04/02/2026,Accepted,Chennai,Bangalore,354.76,06/02/2026,,
SHO3445,FEDEX,10/03/2025,In Transit,Delhi,Hyderabad,1.53,05/10/2025,,
SHO3447,DHL,11/05/2026,Pending,Delhi,Mumbai,219.1,13/05/2026,,
SHO3448,DHL,20/05/2026,Delayed,Hyderabad,Mumbai,47.37,22/05/2026,24/05/2026,
SHO3450,FEDEX,13/02/2025,Pending,Chennai,Mumbai,462.32,18/02/2025,,
SHO3456,FEDEX,24/10/2025,In Transit,Pune,Mumbai,462.75,30/10/2025,,
SHO3459,DHL,24/08/2024,Pending,Delhi,Mumbai,272.31,27/08/2024,,
SHO3463,DHL,19/10/2025,Delayed,Mumbai,Chennai,402.81,26/10/2025,01/11/2025,
SHO3468,DHL,16/12/2024,In Transit,Pune,Bangalore,337.99,22/12/2024,,
SHO3472,FEDEX,03/02/2024,Pending,Hyderabad,Delhi,399.55,07/02/2024,,
SHO3473,BLUEDART,06/02/2025,Accepted,Chennai,Delhi,31.64,07/06/2025,,
SHO3474,BLUEDART,06/04/2025,Accepted,Mumbai,Bangalore,445.22,12/04/2025,,
SHO3475,DHL,07/01/2025,Accepted,Chennai,Hyderabad,5.81,12/01/2025,20/01/2025,
SHO3476,BLUEDART,12/02/2025,Pending,Bangalore,Chennai,65.2,14/02/2025,,
SHO3477,FEDEX,22/08/2025,In Transit,Hyderabad,Chennai,33.9,28/08/2025,,
SHO3483,DHL,22/12/2024,In Transit,Chennai,Hyderabad,236.84,24/12/2024,,
SHO3489,BLUEDART,10/06/2024,Pending,Delhi,Mumbai,397.47,17/06/2024,,
SHO3494,DHL,12/12/2024,Accepted,Pune,Chennai,327.34,14/12/2024,,
SHO3504,DHL,24/09/2024,Pending,Hyderabad,Mumbai,284.37,01/10/2024,,
SHO3507,BLUEDART,31/01/2026,Delayed,Pune,Chennai,134.11,04/02/2026,14/02/2026,
SHO3510,DHL,19/03/2026,Pending,Pune,Chennai,392.88,25/03/2026,,
SHO3511,DHL,01/04/2024,Pending,Pune,Mumbai,169.42,07/04/2024,,
SHO3512,FEDEX,29/01/2025,Delivered,Delhi,Bangalore,69.55,02/02/2025,31/01/2025,0
SHO3515,FEDEX,13/06/2024,Pending,Bangalore,Delhi,358.33,16/06/2024,,
SHO3516,FEDEX,07/02/2025,Delivered,Hyderabad,Mumbai,316.21,07/06/2025,07/05/2025,0
SHO3517,DHL,20/08/2024,Pending,Delhi,Mumbai,321.54,23/08/2024,,
SHO3519,FEDEX,13/09/2025,Pending,Hyderabad,Pune,343.99,20/09/2025,,
SHO3529,DHL,08/11/2025,Accepted,Mumbai,Delhi,348.81,14/11/2025,,
SHO3532,DHL,20/01/2025,Pending,Pune,Bangalore,495.01,27/01/2025,,
SHO3533,DHL,09/03/2024,In Transit,Chennai,Bangalore,498.39,10/09/2024,,
SHO3537,DHL,26/01/2024,In Transit,Chennai,Pune,413.09,31/01/2024,,
SHO3542,DHL,09/02/2026,Pending,Pune,Delhi,183.25,15/02/2026,,
SHO3544,BLUEDART,17/06/2024,Pending,Hyderabad,Pune,85.69,20/06/2024,,
SHO3548,DHL,05/09/2025,Delivered,Mumbai,Chennai,368.98,10/09/2025,12/09/2025,2
SHO3549,BLUEDART,13/11/2024,Accepted,Mumbai,Pune,16.1,17/11/2024,,
SHO3555,BLUEDART,26/05/2024,Delayed,Chennai,Delhi,239.07,31/05/2024,,
SHO3559,BLUEDART,04/10/2025,In Transit,Hyderabad,Bangalore,105.91,10/10/2025,,
SHO3561,BLUEDART,17/11/2025,In Transit,Mumbai,Pune,260.44,19/11/2025,,
SHO3562,BLUEDART,25/08/2025,Accepted,Delhi,Mumbai,131.4,28/08/2025,,
SHO3566,BLUEDART,05/09/2024,Delivered,Bangalore,Pune,233.55,10/09/2024,15/09/2024,5
SHO3567,DHL,16/09/2025,In Transit,Hyderabad,Chennai,428.9,19/09/2025,,
SHO3568,DHL,30/05/2025,Pending,Hyderabad,Chennai,367.69,04/06/2025,,
SHO3572,BLUEDART,21/05/2025,Pending,Pune,Delhi,312.06,24/05/2025,,
SHO3575,DHL,10/01/2024,Delayed,Pune,Delhi,185.1,08/10/2024,,
SHO3582,FEDEX,25/01/2026,Delayed,Hyderabad,Chennai,499.21,29/01/2026,01/02/2026,
SHO3583,BLUEDART,14/02/2026,Delayed,Hyderabad,Mumbai,27.9,19/02/2026,,
SHO3584,FEDEX,26/05/2026,In Transit,Pune,Hyderabad,57.0,29/05/2026,,
SHO3587,BLUEDART,24/06/2025,Delayed,Bangalore,Pune,448.92,30/06/2025,07/10/2025,
SHO3588,FEDEX,24/07/2024,Delivered,Delhi,Hyderabad,452.58,31/07/2024,03/08/2024,3
SHO3590,DHL,22/10/2025,Delayed,Pune,Bangalore,314.8,27/10/2025,31/10/2025,
SHO3593,DHL,07/08/2025,Pending,Mumbai,Chennai,284.54,09/08/2025,,
SHO3595,DHL,15/08/2024,Delayed,Pune,Delhi,145.6,19/08/2024,,
SHO3597,FEDEX,05/06/2026,In Transit,Chennai,Pune,51.59,07/06/2026,,
SHO3600,BLUEDART,20/01/2025,In Transit,Delhi,Chennai,390.81,25/01/2025,,
SHO3601,FEDEX,11/06/2024,Accepted,Bangalore,Delhi,460.16,16/06/2024,,
SHO3603,DHL,03/01/2025,Pending,Bangalore,Pune,373.4,07/01/2025,,
SHO3604,BLUEDART,12/12/2025,Delivered,Mumbai,Pune,29.65,18/12/2025,23/12/2025,5
SHO3606,DHL,03/01/2025,Accepted,Bangalore,Chennai,237.87,07/03/2025,,
SHO3608,DHL,25/10/2025,Delayed,Bangalore,Chennai,344.11,29/10/2025,02/11/2025,
SHO3609,FEDEX,19/06/2025,Accepted,Pune,Chennai,291.71,24/06/2025,,
SHO3610,FEDEX,21/11/2025,Delivered,Mumbai,Bangalore,456.38,27/11/2025,29/11/2025,2
SHO3614,DHL,19/05/2025,In Transit,Hyderabad,Chennai,227.74,21/05/2025,,
SHO3616,BLUEDART,21/04/2025,Pending,Pune,Bangalore,383.82,24/04/2025,,
SHO3621,FEDEX,14/06/2025,Pending,Mumbai,Bangalore,408.99,16/06/2025,,
SHO3622,DHL,31/01/2026,Delayed,Chennai,Hyderabad,130.42,06/02/2026,13/02/2026,
SHO3624,DHL,29/11/2024,Accepted,Chennai,Hyderabad,383.71,06/12/2024,,
SHO3625,DHL,14/09/2024,Delivered,Delhi,Hyderabad,365.06,19/09/2024,20/09/2024,1
SHO3627,FEDEX,14/06/2025,Accepted,Delhi,Mumbai,23.17,21/06/2025,29/06/2025,
SHO3628,DHL,30/01/2025,In Transit,Bangalore,Chennai,147.02,04/02/2025,,
SHO3634,BLUEDART,25/07/2024,Pending,Delhi,Mumbai,494.24,28/07/2024,,
SHO3638,DHL,18/04/2025,Delivered,Delhi,Bangalore,453.28,22/04/2025,20/04/2025,0
SHO3641,DHL,26/06/2024,In Transit,Bangalore,Chennai,420.83,29/06/2024,,
SHO3642,FEDEX,30/05/2026,Pending,Delhi,Hyderabad,211.7,04/06/2026,,
SHO3643,DHL,17/11/2025,Delivered,Pune,Chennai,69.22,22/11/2025,21/11/2025,0
SHO3644,BLUEDART,08/12/2025,Pending,Bangalore,Hyderabad,341.23,12/12/2025,,
SHO3651,DHL,13/12/2024,In Transit,Delhi,Pune,255.9,17/12/2024,,
SHO3652,BLUEDART,14/12/2025,Delivered,Hyderabad,Mumbai,217.83,20/12/2025,19/12/2025,0
SHO3657,BLUEDART,30/01/2024,Accepted,Delhi,Mumbai,144.37,02/02/2024,02/04/2024,
SHO3662,FEDEX,13/04/2026,In Transit,Mumbai,Bangalore,154.24,15/04/2026,,
SHO3667,DHL,17/09/2025,Pending,Chennai,Pune,197.17,23/09/2025,,
SHO3669,DHL,12/03/2025,Pending,Delhi,Hyderabad,276.51,06/12/2025,,
SHO3670,FEDEX,30/07/2024,Delayed,Hyderabad,Pune,410.53,04/08/2024,09/08/2024,
SHO3673,DHL,27/08/2024,Delivered,Delhi,Pune,113.57,30/08/2024,31/08/2024,1
SHO3674,FEDEX,14/03/2025,Delivered,Delhi,Mumbai,102.88,21/03/2025,23/03/2025,2
SHO3675,DHL,29/11/2024,Pending,Hyderabad,Mumbai,235.11,04/12/2024,,
SHO3682,FEDEX,04/08/2024,Accepted,Bangalore,Delhi,468.78,04/12/2024,,
SHO3686,DHL,02/03/2024,Accepted,Mumbai,Delhi,52.42,04/03/2024,07/03/2024,
SHO3687,DHL,01/07/2024,Accepted,Hyderabad,Mumbai,246.45,07/07/2024,,
SHO3688,DHL,16/03/2026,Delivered,Chennai,Delhi,314.23,19/03/2026,24/03/2026,5
SHO3692,FEDEX,06/07/2024,In Transit,Bangalore,Delhi,382.97,13/07/2024,,
SHO3693,DHL,08/05/2025,Accepted,Chennai,Bangalore,399.3,05/11/2025,,
SHO3695,DHL,01/12/2025,Pending,Bangalore,Mumbai,164.66,03/12/2025,,
SHO3696,BLUEDART,04/04/2024,Pending,Mumbai,Delhi,149.91,07/04/2024,,
SHO3697,FEDEX,15/06/2024,Accepted,Chennai,Mumbai,366.69,18/06/2024,,
SHO3698,DHL,08/07/2025,In Transit,Chennai,Bangalore,415.48,14/08/2025,,
SHO3703,FEDEX,16/08/2025,Delayed,Hyderabad,Pune,71.18,21/08/2025,26/08/2025,
SHO3707,BLUEDART,04/05/2025,Pending,Mumbai,Bangalore,61.87,05/11/2025,,
SHO3708,BLUEDART,06/01/2026,Delivered,Hyderabad,Bangalore,151.16,01/12/2026,12/01/2026,0
SHO3710,DHL,19/06/2025,Delayed,Chennai,Bangalore,138.6,25/06/2025,30/06/2025,
SHO3711,BLUEDART,08/07/2025,In Transit,Delhi,Pune,188.95,15/07/2025,,
SHO3713,BLUEDART,16/03/2025,Pending,Mumbai,Delhi,470.78,22/03/2025,,
SHO3717,DHL,21/06/2025,Delivered,Chennai,Delhi,426.38,23/06/2025,21/06/2025,0
SHO3718,FEDEX,12/07/2025,Delayed,Bangalore,Delhi,459.27,09/12/2025,14/12/2025,
SHO3719,FEDEX,25/01/2025,Accepted,Delhi,Hyderabad,90.33,31/01/2025,,
SHO3721,DHL,03/04/2026,In Transit,Hyderabad,Chennai,350.45,03/09/2026,,
SHO3728,BLUEDART,28/05/2024,Delayed,Hyderabad,Bangalore,79.73,31/05/2024,06/09/2024,
SHO3731,FEDEX,31/08/2025,Accepted,Delhi,Pune,60.25,05/09/2025,,
SHO3733,DHL,05/10/2024,Delivered,Chennai,Delhi,146.98,07/10/2024,10/10/2024,3
SHO3734,FEDEX,30/05/2026,In Transit,Bangalore,Delhi,171.0,01/06/2026,,
SHO3738,DHL,20/02/2024,Delayed,Pune,Bangalore,173.38,25/02/2024,28/02/2024,
SHO3739,DHL,06/09/2024,Delayed,Chennai,Bangalore,498.09,09/10/2024,13/09/2024,
SHO3741,DHL,23/07/2025,Pending,Pune,Mumbai,301.4,30/07/2025,,
SHO3742,FEDEX,12/05/2025,Delivered,Hyderabad,Bangalore,386.76,09/12/2025,14/12/2025,5
SHO3745,BLUEDART,24/10/2024,Accepted,Chennai,Delhi,374.59,31/10/2024,,
SHO3747,FEDEX,25/01/2025,In Transit,Hyderabad,Delhi,484.04,31/01/2025,,
SHO3750,DHL,02/05/2026,Delayed,Mumbai,Hyderabad,51.46,02/11/2026,13/02/2026,
SHO3752,FEDEX,05/06/2026,Pending,Delhi,Pune,33.28,06/10/2026,,
SHO3753,DHL,02/06/2025,In Transit,Mumbai,Pune,349.65,06/06/2025,,
SHO3754,BLUEDART,16/04/2024,In Transit,Hyderabad,Mumbai,454.7,22/04/2024,,
SHO3755,DHL,14/09/2024,Pending,Bangalore,Mumbai,447.87,18/09/2024,,
SHO3758,DHL,19/12/2024,Delayed,Bangalore,Delhi,100.74,23/12/2024,,
SHO3759,DHL,09/01/2025,In Transit,Mumbai,Hyderabad,167.28,03/09/2025,,
SHO3760,BLUEDART,31/12/2025,Delayed,Hyderabad,Chennai,487.84,01/07/2026,,
SHO3762,BLUEDART,01/01/2026,Delayed,Mumbai,Hyderabad,388.51,06/01/2026,01/09/2026,
SHO3764,BLUEDART,23/03/2026,Accepted,Hyderabad,Pune,361.65,26/03/2026,,
SHO3767,BLUEDART,22/10/2024,Accepted,Hyderabad,Mumbai,20.53,24/10/2024,,
SHO3768,FEDEX,22/09/2025,In Transit,Mumbai,Bangalore,231.91,28/09/2025,,
SHO3769,FEDEX,29/06/2024,Pending,Mumbai,Delhi,77.05,04/07/2024,,
SHO3773,BLUEDART,06/12/2025,In Transit,Hyderabad,Mumbai,460.54,10/12/2025,,
SHO3775,DHL,17/02/2024,Delivered,Pune,Bangalore,447.8,19/02/2024,20/02/2024,1
SHO3776,FEDEX,17/08/2024,Delayed,Chennai,Bangalore,30.8,23/08/2024,29/08/2024,
SHO3783,BLUEDART,23/10/2025,Delayed,Pune,Bangalore,434.41,30/10/2025,,
SHO3784,DHL,23/10/2024,Delayed,Pune,Delhi,130.13,25/10/2024,11/02/2024,
SHO3785,FEDEX,31/05/2025,Delivered,Pune,Delhi,392.66,06/06/2025,06/10/2025,122
SHO3788,DHL,15/08/2025,Delivered,Chennai,Bangalore,111.79,20/08/2025,25/08/2025,5
SHO3789,FEDEX,21/06/2024,In Transit,Hyderabad,Pune,330.18,27/06/2024,,
SHO3790,DHL,18/02/2024,Delivered,Bangalore,Delhi,253.06,25/02/2024,24/02/2024,0
SHO3791,BLUEDART,05/05/2025,Delivered,Hyderabad,Mumbai,78.2,05/08/2025,12/05/2025,0
SHO3796,BLUEDART,20/03/2024,Delayed,Delhi,Bangalore,192.12,27/03/2024,31/03/2024,
SHO3797,BLUEDART,11/11/2024,Delivered,Mumbai,Pune,56.69,16/11/2024,19/11/2024,3
SHO3798,DHL,08/01/2024,In Transit,Hyderabad,Pune,456.48,01/11/2024,,
SHO3799,DHL,31/12/2024,Delayed,Pune,Hyderabad,265.01,06/01/2025,01/10/2025,
SHO3802,BLUEDART,05/08/2024,Delayed,Bangalore,Hyderabad,431.18,08/12/2024,,
SHO3804,DHL,31/03/2024,Delayed,Mumbai,Delhi,33.84,07/04/2024,09/04/2024,
SHO3805,FEDEX,13/02/2025,In Transit,Pune,Hyderabad,2.21,20/02/2025,,
SHO3806,BLUEDART,24/07/2024,Accepted,Bangalore,Mumbai,458.57,28/07/2024,,
SHO3807,FEDEX,31/01/2025,Pending,Delhi,Hyderabad,162.54,02/07/2025,,
SHO3809,DHL,02/01/2024,Delayed,Pune,Chennai,291.77,01/07/2024,15/01/2024,
SHO3813,DHL,19/10/2024,Delivered,Pune,Delhi,354.1,24/10/2024,23/10/2024,0
SHO3815,DHL,23/01/2026,Pending,Hyderabad,Mumbai,7.06,26/01/2026,,
SHO3816,BLUEDART,20/02/2026,Delivered,Chennai,Mumbai,192.37,23/02/2026,28/02/2026,5
SHO3821,FEDEX,13/12/2024,Delayed,Delhi,Bangalore,423.45,17/12/2024,21/12/2024,
SHO3823,BLUEDART,11/01/2025,Delivered,Delhi,Pune,168.15,04/11/2025,05/11/2025,1
SHO3827,DHL,22/06/2025,Delayed,Chennai,Delhi,451.11,24/06/2025,26/06/2025,
SHO3830,FEDEX,19/03/2024,Accepted,Pune,Bangalore,277.1,25/03/2024,,
SHO3831,BLUEDART,30/04/2025,In Transit,Bangalore,Delhi,495.0,07/05/2025,,
SHO3833,FEDEX,30/07/2025,In Transit,Hyderabad,Mumbai,48.22,05/08/2025,,
SHO3838,BLUEDART,22/04/2024,Pending,Bangalore,Delhi,346.65,25/04/2024,,
SHO3840,BLUEDART,07/05/2025,Delayed,Pune,Mumbai,371.83,11/05/2025,19/05/2025,
SHO3844,BLUEDART,07/02/2025,Delayed,Bangalore,Delhi,407.48,07/07/2025,,
SHO3849,BLUEDART,12/06/2025,Delivered,Chennai,Pune,31.88,18/06/2025,22/06/2025,4
SHO3850,FEDEX,25/06/2026,Delayed,Mumbai,Chennai,184.14,02/07/2026,07/10/2026,
SHO3855,DHL,06/05/2026,Pending,Hyderabad,Mumbai,393.02,12/05/2026,,
SHO3857,DHL,28/05/2025,Delivered,Hyderabad,Pune,250.87,31/05/2025,02/06/2025,2
SHO3862,FEDEX,09/06/2024,Pending,Bangalore,Mumbai,136.32,12/06/2024,,
SHO3865,FEDEX,05/06/2026,Pending,Mumbai,Chennai,108.61,08/06/2026,,
SHO3868,DHL,27/05/2024,Delayed,Mumbai,Delhi,306.87,01/06/2024,05/06/2024,
SHO3870,FEDEX,13/05/2025,Accepted,Hyderabad,Chennai,249.74,18/05/2025,,
SHO3871,BLUEDART,12/04/2024,Delivered,Hyderabad,Pune,327.68,12/11/2024,14/12/2024,32
SHO3872,BLUEDART,28/05/2026,In Transit,Bangalore,Mumbai,367.7,01/06/2026,,
SHO3875,FEDEX,25/01/2026,Delayed,Delhi,Pune,72.52,30/01/2026,,
SHO3876,DHL,23/01/2025,Pending,Delhi,Pune,58.32,25/01/2025,,
SHO3878,FEDEX,02/06/2024,Pending,Bangalore,Hyderabad,24.67,08/06/2024,,
SHO3886,DHL,11/06/2024,Delivered,Hyderabad,Delhi,169.93,16/06/2024,17/06/2024,1
SHO3888,FEDEX,03/02/2026,In Transit,Hyderabad,Pune,237.83,09/02/2026,,
SHO3889,DHL,29/07/2024,Delayed,Hyderabad,Mumbai,448.69,05/08/2024,07/08/2024,
SHO3891,BLUEDART,11/05/2026,Accepted,Bangalore,Hyderabad,94.08,18/05/2026,,
SHO3897,BLUEDART,13/08/2024,Accepted,Bangalore,Delhi,304.01,20/08/2024,21/08/2024,
SHO3898,BLUEDART,03/12/2025,Delayed,Mumbai,Pune,477.11,05/12/2025,14/12/2025,
SHO3901,DHL,11/06/2025,Pending,Bangalore,Mumbai,285.16,17/06/2025,,
SHO3902,DHL,06/06/2024,Delivered,Delhi,Pune,97.12,10/06/2024,08/06/2024,0
SHO3904,BLUEDART,25/02/2025,Accepted,Bangalore,Delhi,417.01,27/02/2025,,
SHO3911,FEDEX,17/01/2024,Delayed,Chennai,Delhi,307.22,24/01/2024,02/02/2024,
SHO3912,BLUEDART,16/02/2025,Delivered,Hyderabad,Delhi,82.3,20/02/2025,25/02/2025,5
SHO3913,DHL,08/03/2025,In Transit,Pune,Hyderabad,31.7,10/03/2025,,
SHO3914,DHL,18/06/2026,In Transit,Chennai,Hyderabad,15.72,25/06/2026,,
SHO3916,BLUEDART,24/12/2025,Accepted,Hyderabad,Pune,492.46,28/12/2025,06/01/2026,
SHO3919,BLUEDART,12/12/2024,Delivered,Chennai,Hyderabad,119.01,15/12/2024,13/12/2024,0
SHO3920,DHL,23/09/2025,Delayed,Delhi,Mumbai,337.04,25/09/2025,04/10/2025,
SHO3926,FEDEX,21/01/2025,Delayed,Delhi,Mumbai,220.27,28/01/2025,02/02/2025,
SHO3929,BLUEDART,21/01/2025,In Transit,Pune,Delhi,158.63,27/01/2025,,
SHO3932,DHL,21/06/2025,Delayed,Bangalore,Mumbai,31.44,28/06/2025,02/07/2025,
SHO3934,BLUEDART,24/03/2024,Pending,Delhi,Hyderabad,497.09,27/03/2024,,
SHO3943,BLUEDART,12/10/2024,In Transit,Delhi,Pune,404.54,16/10/2024,,
SHO3945,BLUEDART,20/01/2024,Delayed,Mumbai,Delhi,178.94,24/01/2024,29/01/2024,
SHO3946,DHL,17/04/2025,Delayed,Mumbai,Delhi,388.1,24/04/2025,,
SHO3947,FEDEX,07/10/2024,Accepted,Delhi,Hyderabad,79.77,10/12/2024,,
SHO3948,DHL,03/05/2026,Pending,Delhi,Pune,80.83,05/08/2026,,
SHO3949,DHL,20/02/2024,Delayed,Mumbai,Pune,93.55,27/02/2024,03/08/2024,
SHO3951,BLUEDART,05/11/2025,In Transit,Bangalore,Hyderabad,394.58,10/11/2025,,
SHO3954,FEDEX,07/04/2024,Pending,Chennai,Pune,1.57,10/04/2024,,
SHO3956,BLUEDART,16/09/2024,Delayed,Pune,Bangalore,74.55,21/09/2024,29/09/2024,
SHO3958,BLUEDART,18/06/2026,In Transit,Bangalore,Mumbai,2.08,25/06/2026,,
SHO3959,BLUEDART,06/02/2025,Pending,Bangalore,Hyderabad,352.75,09/02/2025,,
SHO3961,BLUEDART,08/12/2025,In Transit,Pune,Chennai,25.85,12/12/2025,,
SHO3962,FEDEX,01/05/2024,Pending,Bangalore,Delhi,471.32,05/05/2024,,
SHO3963,DHL,14/03/2026,Accepted,Bangalore,Chennai,351.46,21/03/2026,29/03/2026,
SHO3964,FEDEX,30/03/2025,Delayed,Hyderabad,Chennai,70.25,03/04/2025,12/04/2025,
SHO3968,DHL,24/01/2024,Delayed,Delhi,Pune,381.26,27/01/2024,30/01/2024,
SHO3969,BLUEDART,06/12/2024,Delivered,Chennai,Hyderabad,275.17,13/12/2024,15/12/2024,2
SHO3970,FEDEX,13/01/2024,In Transit,Mumbai,Pune,199.08,19/01/2024,,
SHO3973,DHL,29/10/2024,Accepted,Hyderabad,Chennai,454.23,05/11/2024,,
SHO3981,FEDEX,17/12/2025,Delayed,Pune,Hyderabad,248.76,19/12/2025,21/12/2025,
SHO3986,FEDEX,03/08/2025,Delayed,Chennai,Bangalore,300.18,08/08/2025,13/08/2025,
SHO3987,DHL,15/06/2024,Accepted,Delhi,Bangalore,406.55,21/06/2024,,
SHO3988,BLUEDART,21/06/2025,In Transit,Hyderabad,Pune,423.27,28/06/2025,,
SHO3992,DHL,05/04/2025,Pending,Chennai,Pune,418.6,09/04/2025,,
SHO3993,DHL,30/03/2025,In Transit,Delhi,Bangalore,103.03,01/04/2025,,
SHO3995,FEDEX,23/06/2024,Delivered,Chennai,Mumbai,351.25,27/06/2024,27/06/2024,0
SHO3996,BLUEDART,13/04/2025,In Transit,Bangalore,Pune,146.42,18/04/2025,,
SHO3998,FEDEX,13/02/2024,Delivered,Hyderabad,Mumbai,382.51,18/02/2024,16/02/2024,0
SHO4001,BLUEDART,22/02/2024,Accepted,Bangalore,Pune,108.09,29/02/2024,,
SHO4003,FEDEX,06/03/2026,Pending,Hyderabad,Pune,70.01,03/09/2026,,
SHO4005,BLUEDART,04/01/2024,Delayed,Pune,Chennai,216.9,01/06/2024,12/01/2024,
SHO4010,BLUEDART,23/01/2026,Delivered,Bangalore,Hyderabad,414.47,30/01/2026,02/02/2026,3
SHO4013,FEDEX,14/11/2024,Pending,Hyderabad,Pune,117.44,19/11/2024,,
SHO4014,FEDEX,18/05/2024,Accepted,Bangalore,Hyderabad,368.06,24/05/2024,,
SHO4020,DHL,01/07/2025,Delayed,Delhi,Hyderabad,175.59,05/07/2025,12/07/2025,
SHO4021,FEDEX,07/03/2026,Delayed,Bangalore,Chennai,404.86,03/12/2026,15/03/2026,
SHO4024,DHL,06/11/2024,Pending,Chennai,Bangalore,290.37,10/11/2024,,
SHO4027,FEDEX,06/09/2024,Pending,Mumbai,Hyderabad,71.73,10/09/2024,,
SHO4031,FEDEX,01/12/2024,Accepted,Mumbai,Hyderabad,414.36,07/12/2024,,
SHO4032,DHL,14/06/2024,In Transit,Pune,Hyderabad,48.61,21/06/2024,,
SHO4033,FEDEX,24/01/2024,In Transit,Delhi,Mumbai,285.3,28/01/2024,,
SHO4034,BLUEDART,20/01/2024,Accepted,Mumbai,Hyderabad,121.26,24/01/2024,,
SHO4035,BLUEDART,20/11/2024,Delayed,Delhi,Mumbai,9.4,26/11/2024,01/12/2024,
SHO4039,BLUEDART,07/06/2024,Delivered,Delhi,Pune,279.91,07/08/2024,13/07/2024,0
SHO4044,DHL,17/11/2024,Delivered,Delhi,Pune,496.58,23/11/2024,23/11/2024,0
SHO4045,FEDEX,13/10/2024,In Transit,Hyderabad,Chennai,346.29,18/10/2024,,
SHO4046,BLUEDART,18/02/2025,Delivered,Pune,Hyderabad,220.4,24/02/2025,27/02/2025,3
SHO4049,BLUEDART,25/08/2025,Accepted,Mumbai,Pune,390.49,28/08/2025,,
SHO4050,FEDEX,05/06/2025,Delayed,Bangalore,Pune,354.67,06/07/2025,17/06/2025,
SHO4054,DHL,09/06/2025,Delivered,Bangalore,Hyderabad,498.44,14/06/2025,12/06/2025,0
SHO4058,DHL,15/04/2024,In Transit,Chennai,Bangalore,281.59,18/04/2024,,
SHO4059,DHL,22/09/2024,Delayed,Hyderabad,Mumbai,75.4,27/09/2024,28/09/2024,
SHO4060,BLUEDART,17/11/2025,Delayed,Bangalore,Hyderabad,44.48,20/11/2025,,
SHO4061,DHL,23/02/2026,Pending,Chennai,Pune,152.01,26/02/2026,,
SHO4062,DHL,11/08/2025,In Transit,Delhi,Mumbai,398.74,12/11/2025,,
SHO4064,FEDEX,21/06/2025,In Transit,Bangalore,Pune,374.31,26/06/2025,,
SHO4066,DHL,24/04/2025,Accepted,Bangalore,Delhi,55.93,27/04/2025,,
SHO4070,FEDEX,12/06/2024,Delivered,Bangalore,Delhi,147.04,11/12/2024,13/12/2024,2
SHO4073,BLUEDART,23/09/2025,Delivered,Pune,Delhi,32.59,26/09/2025,24/09/2025,0
SHO4074,BLUEDART,24/03/2026,Delivered,Delhi,Pune,76.93,30/03/2026,29/03/2026,0
SHO4076,DHL,30/04/2026,Pending,Delhi,Chennai,245.84,03/05/2026,,
SHO4081,FEDEX,27/01/2025,Accepted,Pune,Chennai,55.64,30/01/2025,,
SHO4084,FEDEX,25/02/2026,Delayed,Hyderabad,Chennai,108.87,03/03/2026,,
SHO4085,DHL,20/01/2026,In Transit,Chennai,Hyderabad,37.95,27/01/2026,,
SHO4086,BLUEDART,01/10/2025,In Transit,Chennai,Pune,53.91,08/10/2025,,
SHO4087,BLUEDART,08/05/2025,Delayed,Delhi,Mumbai,177.34,13/05/2025,23/05/2025,
SHO4092,DHL,24/10/2024,Accepted,Chennai,Delhi,202.62,27/10/2024,,
SHO4094,BLUEDART,28/03/2026,Delivered,Mumbai,Chennai,190.56,31/03/2026,29/03/2026,0
SHO4098,FEDEX,15/07/2025,Pending,Delhi,Hyderabad,330.54,21/07/2025,,
SHO4100,BLUEDART,10/02/2025,Delayed,Delhi,Mumbai,63.42,04/10/2025,10/12/2025,
SHO4101,FEDEX,16/06/2025,In Transit,Bangalore,Mumbai,246.85,21/06/2025,,
SHO4102,FEDEX,12/12/2025,Pending,Pune,Bangalore,404.91,14/12/2025,,
SHO4105,BLUEDART,07/05/2026,Pending,Hyderabad,Delhi,55.78,11/05/2026,,
SHO4106,BLUEDART,22/01/2026,Delayed,Hyderabad,Bangalore,123.07,26/01/2026,02/02/2026,
SHO4110,BLUEDART,19/10/2024,Delivered,Chennai,Mumbai,95.59,24/10/2024,25/10/2024,1
SHO4112,BLUEDART,24/05/2026,Pending,Hyderabad,Delhi,329.5,28/05/2026,,
SHO4113,BLUEDART,14/06/2024,In Transit,Delhi,Chennai,152.55,20/06/2024,,
SHO4116,BLUEDART,18/08/2025,In Transit,Pune,Mumbai,297.5,22/08/2025,,
SHO4118,DHL,21/01/2024,In Transit,Pune,Hyderabad,439.61,28/01/2024,,
SHO4119,FEDEX,22/12/2025,Pending,Delhi,Bangalore,437.83,27/12/2025,,
SHO4120,DHL,15/02/2026,Delayed,Delhi,Pune,9.4,21/02/2026,23/02/2026,
SHO4121,BLUEDART,02/02/2026,In Transit,Mumbai,Chennai,446.67,07/02/2026,,
SHO4123,BLUEDART,11/04/2025,Pending,Delhi,Pune,360.25,14/04/2025,,
SHO4127,BLUEDART,25/09/2024,Delivered,Chennai,Pune,263.41,01/10/2024,04/10/2024,3
SHO4131,DHL,25/12/2025,In Transit,Delhi,Mumbai,465.78,31/12/2025,,
SHO4132,DHL,19/01/2024,In Transit,Mumbai,Pune,478.78,24/01/2024,,
SHO4135,FEDEX,18/04/2025,In Transit,Mumbai,Hyderabad,429.04,22/04/2025,,
SHO4137,FEDEX,10/03/2025,Pending,Mumbai,Delhi,130.81,03/12/2025,,
SHO4140,BLUEDART,17/01/2025,In Transit,Chennai,Mumbai,222.42,21/01/2025,,
SHO4141,FEDEX,24/05/2024,Pending,Delhi,Mumbai,21.74,29/05/2024,,
SHO4142,BLUEDART,28/05/2026,Delayed,Delhi,Hyderabad,362.56,31/05/2026,02/06/2026,
SHO4144,DHL,09/08/2024,Pending,Delhi,Bangalore,142.29,11/09/2024,,
SHO4148,FEDEX,10/01/2025,Delayed,Mumbai,Pune,186.79,03/10/2025,09/10/2025,
SHO4149,FEDEX,05/05/2024,Pending,Chennai,Bangalore,222.29,11/05/2024,,
SHO4156,FEDEX,13/07/2024,Delayed,Delhi,Bangalore,237.39,16/07/2024,,
SHO4158,BLUEDART,22/02/2025,Pending,Delhi,Hyderabad,320.17,25/02/2025,,
SHO4162,DHL,29/10/2024,In Transit,Bangalore,Delhi,403.91,03/11/2024,,
SHO4163,FEDEX,16/04/2025,In Transit,Hyderabad,Delhi,115.82,23/04/2025,,
SHO4173,BLUEDART,03/09/2025,Delayed,Bangalore,Delhi,185.65,06/09/2025,09/12/2025,
SHO4176,FEDEX,15/11/2024,In Transit,Delhi,Pune,201.74,21/11/2024,,
SHO4191,BLUEDART,21/03/2025,Delivered,Pune,Hyderabad,165.18,25/03/2025,29/03/2025,4
SHO4195,FEDEX,06/02/2026,Delivered,Hyderabad,Chennai,41.66,02/09/2026,08/02/2026,0
SHO4196,DHL,24/08/2024,Pending,Pune,Hyderabad,264.79,30/08/2024,,
SHO4200,BLUEDART,13/06/2026,In Transit,Hyderabad,Delhi,256.3,20/06/2026,,
SHO4204,FEDEX,17/08/2025,In Transit,Bangalore,Chennai,293.66,20/08/2025,,
SHO4206,BLUEDART,10/11/2024,Delivered,Chennai,Hyderabad,465.35,14/11/2024,14/11/2024,0
SHO4209,FEDEX,17/02/2024,In Transit,Hyderabad,Mumbai,272.01,22/02/2024,,
SHO4210,BLUEDART,17/03/2026,In Transit,Mumbai,Chennai,403.68,23/03/2026,,
SHO4212,BLUEDART,18/12/2024,Pending,Bangalore,Hyderabad,288.57,21/12/2024,,
SHO4215,DHL,13/06/2024,Delayed,Mumbai,Hyderabad,425.63,19/06/2024,24/06/2024,
SHO4219,BLUEDART,10/01/2026,In Transit,Mumbai,Delhi,33.6,13/01/2026,,
SHO4226,FEDEX,02/05/2026,Pending,Hyderabad,Mumbai,341.22,07/05/2026,,
SHO4230,BLUEDART,25/12/2025,Accepted,Bangalore,Pune,12.85,30/12/2025,,
SHO4233,DHL,13/09/2024,Pending,Delhi,Hyderabad,78.02,15/09/2024,,
SHO4238,FEDEX,24/01/2025,In Transit,Pune,Mumbai,122.24,28/01/2025,,
SHO4239,BLUEDART,23/02/2024,In Transit,Mumbai,Hyderabad,475.24,26/02/2024,,
SHO4240,DHL,30/01/2024,Delayed,Mumbai,Delhi,140.26,02/03/2024,12/02/2024,
SHO4242,BLUEDART,17/02/2024,Pending,Delhi,Bangalore,252.46,24/02/2024,,
SHO4250,FEDEX,21/08/2024,In Transit,Mumbai,Chennai,468.47,23/08/2024,,
SHO4251,DHL,22/02/2026,Accepted,Chennai,Hyderabad,317.91,25/02/2026,,
SHO4253,BLUEDART,27/04/2026,Delivered,Chennai,Bangalore,437.19,02/05/2026,07/05/2026,5
SHO4254,BLUEDART,26/10/2025,Accepted,Bangalore,Mumbai,450.13,30/10/2025,01/11/2025,
SHO4257,DHL,03/06/2026,In Transit,Bangalore,Delhi,48.18,06/06/2026,,
SHO4258,BLUEDART,24/03/2025,In Transit,Chennai,Mumbai,110.45,31/03/2025,,
SHO4272,BLUEDART,09/07/2024,Accepted,Bangalore,Mumbai,282.91,12/07/2024,10/07/2024,
SHO4273,FEDEX,22/12/2024,Delayed,Delhi,Mumbai,111.02,26/12/2024,28/12/2024,
SHO4276,DHL,12/08/2025,Delivered,Mumbai,Bangalore,350.26,14/08/2025,14/08/2025,0
SHO4277,FEDEX,21/09/2025,Delayed,Mumbai,Bangalore,428.42,26/09/2025,10/05/2025,
SHO4282,DHL,18/10/2024,Pending,Pune,Hyderabad,293.96,23/10/2024,,
SHO4283,FEDEX,12/04/2025,In Transit,Mumbai,Pune,421.43,15/04/2025,,
SHO4285,DHL,16/05/2025,In Transit,Mumbai,Hyderabad,77.19,21/05/2025,,
SHO4286,DHL,03/04/2026,Delivered,Bangalore,Pune,403.34,04/05/2026,04/05/2026,0
SHO4292,DHL,09/10/2025,Pending,Chennai,Hyderabad,317.11,15/10/2025,,
SHO4295,BLUEDART,15/05/2026,Accepted,Delhi,Mumbai,149.45,18/05/2026,25/05/2026,
SHO4297,DHL,31/01/2025,Delivered,Hyderabad,Delhi,445.72,05/02/2025,02/03/2025,25
SHO4298,BLUEDART,09/10/2025,Delayed,Mumbai,Bangalore,376.7,12/10/2025,18/10/2025,
SHO4299,BLUEDART,15/02/2026,Delayed,Pune,Mumbai,165.01,20/02/2026,25/02/2026,
SHO4302,BLUEDART,11/01/2024,Pending,Delhi,Chennai,30.37,16/01/2024,,
SHO4305,FEDEX,01/03/2026,Delivered,Chennai,Bangalore,36.72,04/03/2026,03/05/2026,60
SHO4306,BLUEDART,02/01/2024,Delivered,Bangalore,Chennai,224.58,01/04/2024,03/01/2024,0
SHO4311,FEDEX,24/09/2025,In Transit,Bangalore,Mumbai,306.44,27/09/2025,,
SHO4314,FEDEX,19/04/2025,In Transit,Hyderabad,Mumbai,438.04,26/04/2025,,
SHO4315,FEDEX,20/01/2025,In Transit,Delhi,Chennai,380.07,26/01/2025,,
SHO4320,BLUEDART,20/11/2024,Delayed,Chennai,Mumbai,459.35,22/11/2024,28/11/2024,
SHO4322,DHL,14/03/2024,In Transit,Bangalore,Chennai,391.2,20/03/2024,,
SHO4333,BLUEDART,01/10/2025,Delivered,Chennai,Mumbai,423.66,05/10/2025,09/10/2025,4
SHO4334,BLUEDART,02/04/2026,Pending,Delhi,Hyderabad,165.75,06/04/2026,,
SHO4335,FEDEX,21/12/2024,Delivered,Chennai,Delhi,391.06,28/12/2024,02/01/2025,5
SHO4339,BLUEDART,30/03/2024,Accepted,Delhi,Pune,201.56,04/04/2024,05/04/2024,
SHO4340,DHL,01/03/2025,Pending,Mumbai,Bangalore,477.61,03/06/2025,,
SHO4342,FEDEX,12/05/2025,Pending,Mumbai,Bangalore,180.27,10/12/2025,,
SHO4345,FEDEX,25/09/2025,Delayed,Chennai,Delhi,7.02,28/09/2025,29/09/2025,
SHO4346,DHL,25/03/2024,Pending,Bangalore,Pune,301.81,27/03/2024,,
SHO4347,DHL,29/01/2024,Accepted,Pune,Chennai,404.07,02/03/2024,,
SHO4350,DHL,10/07/2025,In Transit,Hyderabad,Pune,420.91,17/07/2025,,
SHO4351,DHL,23/09/2024,Accepted,Chennai,Bangalore,239.37,27/09/2024,,
SHO4352,BLUEDART,16/01/2024,Delivered,Mumbai,Delhi,191.68,23/01/2024,25/01/2024,2
SHO4357,BLUEDART,25/12/2024,Accepted,Mumbai,Chennai,158.46,28/12/2024,,
SHO4362,FEDEX,14/12/2024,In Transit,Pune,Delhi,477.6,21/12/2024,,
SHO4363,FEDEX,03/02/2026,In Transit,Mumbai,Pune,169.87,02/09/2026,,
SHO4367,BLUEDART,27/12/2025,In Transit,Pune,Mumbai,289.65,01/02/2026,,
SHO4368,DHL,24/12/2025,Pending,Bangalore,Pune,264.58,27/12/2025,,
SHO4370,FEDEX,23/09/2025,In Transit,Bangalore,Mumbai,83.4,30/09/2025,,
SHO4371,BLUEDART,11/07/2024,Pending,Chennai,Pune,107.13,15/07/2024,,
SHO4373,FEDEX,22/06/2025,Pending,Pune,Hyderabad,271.67,29/06/2025,,
SHO4376,BLUEDART,06/03/2024,Delayed,Pune,Chennai,485.21,09/06/2024,19/06/2024,
SHO4389,FEDEX,21/10/2025,Pending,Pune,Mumbai,446.83,24/10/2025,,
SHO4392,FEDEX,19/01/2024,In Transit,Pune,Bangalore,442.22,25/01/2024,,
SHO4395,FEDEX,11/04/2026,Delayed,Bangalore,Mumbai,56.63,18/04/2026,,
SHO4397,FEDEX,03/02/2025,Accepted,Mumbai,Delhi,162.21,05/03/2025,,
SHO4399,FEDEX,06/02/2024,Delayed,Mumbai,Chennai,274.56,02/10/2024,20/02/2024,
SHO4404,DHL,14/07/2025,Delivered,Bangalore,Chennai,128.48,19/07/2025,24/07/2025,5
SHO4405,FEDEX,14/10/2025,In Transit,Mumbai,Pune,146.31,16/10/2025,,
SHO4406,BLUEDART,24/11/2024,Pending,Delhi,Hyderabad,104.9,27/11/2024,,
SHO4410,BLUEDART,02/02/2025,In Transit,Hyderabad,Bangalore,58.58,02/04/2025,,
SHO4411,DHL,29/12/2024,Delayed,Delhi,Pune,397.98,01/01/2025,06/01/2025,
SHO4415,DHL,16/03/2024,Delivered,Chennai,Hyderabad,10.21,18/03/2024,16/03/2024,0
SHO4418,FEDEX,20/04/2024,Accepted,Chennai,Pune,449.39,22/04/2024,,
SHO4420,BLUEDART,15/10/2024,Pending,Delhi,Bangalore,159.66,17/10/2024,,
SHO4425,DHL,18/12/2024,In Transit,Delhi,Chennai,49.92,21/12/2024,,
SHO4436,DHL,30/04/2026,Delayed,Bangalore,Hyderabad,81.35,02/05/2026,05/10/2026,
SHO4438,FEDEX,02/04/2024,Accepted,Mumbai,Bangalore,135.51,04/08/2024,,
SHO4440,DHL,13/09/2025,Delivered,Bangalore,Hyderabad,320.73,17/09/2025,20/09/2025,3
SHO4441,BLUEDART,11/03/2026,In Transit,Bangalore,Pune,75.49,13/03/2026,,
SHO4446,FEDEX,13/11/2025,In Transit,Bangalore,Pune,465.3,18/11/2025,,
SHO4448,DHL,08/08/2025,In Transit,Bangalore,Mumbai,88.45,11/08/2025,,
SHO4450,FEDEX,21/06/2024,Delivered,Pune,Delhi,77.13,28/06/2024,26/06/2024,0
SHO4452,DHL,13/03/2026,Delivered,Delhi,Bangalore,127.03,18/03/2026,22/03/2026,4
SHO4457,FEDEX,03/01/2024,Delivered,Chennai,Mumbai,245.68,08/01/2024,13/01/2024,5
SHO4462,BLUEDART,02/03/2025,Delivered,Bangalore,Delhi,174.82,08/03/2025,08/03/2025,0
SHO4463,FEDEX,14/12/2025,Accepted,Mumbai,Pune,348.19,19/12/2025,,
SHO4470,DHL,17/09/2024,Delayed,Bangalore,Pune,472.29,19/09/2024,,
SHO4471,DHL,21/05/2025,Delayed,Chennai,Pune,31.16,24/05/2025,06/03/2025,
SHO4472,FEDEX,16/05/2024,Accepted,Bangalore,Chennai,401.99,20/05/2024,,
SHO4474,BLUEDART,22/05/2024,Delivered,Pune,Hyderabad,453.82,27/05/2024,28/05/2024,1
SHO4476,BLUEDART,21/08/2025,Delivered,Pune,Chennai,491.63,28/08/2025,30/08/2025,2
SHO4479,FEDEX,28/07/2024,Pending,Mumbai,Delhi,185.22,30/07/2024,,
SHO4480,DHL,01/03/2024,Delivered,Chennai,Delhi,461.29,04/03/2024,07/03/2024,3
SHO4482,DHL,10/08/2025,In Transit,Delhi,Mumbai,253.32,17/08/2025,,
SHO4486,FEDEX,02/05/2026,Delivered,Hyderabad,Bangalore,433.32,06/05/2026,04/05/2026,0
SHO4488,BLUEDART,21/03/2024,In Transit,Mumbai,Hyderabad,51.66,25/03/2024,,
SHO4490,DHL,13/01/2025,In Transit,Bangalore,Hyderabad,42.45,20/01/2025,,
SHO4491,FEDEX,30/01/2025,In Transit,Bangalore,Delhi,230.47,03/02/2025,,
SHO4493,BLUEDART,17/11/2024,In Transit,Delhi,Bangalore,487.4,20/11/2024,,
SHO4495,FEDEX,24/09/2025,In Transit,Chennai,Hyderabad,250.62,27/09/2025,,
SHO4498,FEDEX,13/07/2025,Pending,Pune,Chennai,101.12,19/07/2025,,
SHO4505,DHL,16/10/2025,Delivered,Mumbai,Pune,214.08,18/10/2025,20/10/2025,2
SHO4509,FEDEX,27/09/2024,Delayed,Delhi,Hyderabad,132.29,03/10/2024,13/10/2024,
SHO4510,BLUEDART,06/09/2024,Accepted,Delhi,Mumbai,18.31,06/12/2024,,
SHO4516,DHL,03/10/2025,Pending,Pune,Bangalore,155.8,09/10/2025,,
SHO4519,BLUEDART,27/11/2025,In Transit,Pune,Delhi,52.67,01/12/2025,,
SHO4520,DHL,27/07/2025,Accepted,Hyderabad,Chennai,314.15,30/07/2025,28/07/2025,
SHO4526,FEDEX,21/05/2024,In Transit,Chennai,Pune,344.57,27/05/2024,,
SHO4528,FEDEX,22/05/2026,In Transit,Pune,Bangalore,429.33,28/05/2026,,
SHO4529,BLUEDART,18/04/2026,Delivered,Delhi,Mumbai,488.16,24/04/2026,26/04/2026,2
SHO4531,BLUEDART,08/03/2025,Accepted,Hyderabad,Bangalore,406.93,03/10/2025,19/03/2025,
SHO4541,FEDEX,05/11/2025,Delivered,Delhi,Bangalore,318.4,10/11/2025,08/11/2025,0
SHO4543,DHL,30/01/2024,In Transit,Hyderabad,Bangalore,184.32,02/02/2024,,
SHO4544,FEDEX,05/04/2025,In Transit,Chennai,Hyderabad,73.76,10/05/2025,,
SHO4545,DHL,06/02/2025,Pending,Bangalore,Mumbai,253.13,06/08/2025,,
SHO4548,FEDEX,25/02/2026,Accepted,Bangalore,Mumbai,86.95,27/02/2026,04/03/2026,
SHO4549,DHL,05/02/2026,Delayed,Pune,Delhi,166.9,12/02/2026,,
SHO4552,FEDEX,30/06/2026,Accepted,Chennai,Delhi,222.8,05/07/2026,,
SHO4553,BLUEDART,12/07/2025,In Transit,Pune,Mumbai,123.09,12/12/2025,,
SHO4555,DHL,08/07/2025,Delivered,Mumbai,Delhi,428.36,12/07/2025,17/07/2025,5
SHO4556,DHL,13/05/2026,Delayed,Hyderabad,Pune,96.15,16/05/2026,,
SHO4557,BLUEDART,17/12/2024,Pending,Hyderabad,Pune,377.08,19/12/2024,,
SHO4559,FEDEX,31/12/2024,Delayed,Pune,Mumbai,308.65,01/06/2025,01/08/2025,
SHO4560,BLUEDART,13/12/2024,Delayed,Pune,Delhi,85.25,20/12/2024,27/12/2024,
SHO4565,DHL,15/12/2024,Accepted,Hyderabad,Bangalore,454.74,19/12/2024,,
SHO4566,DHL,22/01/2026,In Transit,Hyderabad,Delhi,458.08,25/01/2026,,
SHO4569,DHL,17/02/2024,Pending,Hyderabad,Delhi,298.5,19/02/2024,,
SHO4575,DHL,24/10/2025,Delivered,Mumbai,Hyderabad,271.94,26/10/2025,29/10/2025,3
SHO4577,DHL,18/12/2024,Delivered,Hyderabad,Mumbai,178.07,24/12/2024,23/12/2024,0
SHO4594,FEDEX,06/03/2024,In Transit,Delhi,Hyderabad,133.37,05/06/2024,,
SHO4596,BLUEDART,06/11/2025,In Transit,Mumbai,Chennai,318.54,11/12/2025,,
SHO4597,DHL,18/08/2025,Pending,Bangalore,Mumbai,266.43,25/08/2025,,
SHO4598,BLUEDART,28/08/2024,Delivered,Chennai,Bangalore,61.12,30/08/2024,28/08/2024,0
SHO4603,DHL,16/02/2025,Pending,Bangalore,Chennai,366.58,20/02/2025,,
SHO4608,FEDEX,04/05/2024,Pending,Pune,Mumbai,29.27,05/08/2024,,
SHO4609,DHL,17/08/2024,Delivered,Delhi,Pune,333.02,20/08/2024,23/08/2024,3
SHO4613,BLUEDART,12/05/2025,In Transit,Chennai,Pune,60.1,19/05/2025,,
SHO4615,BLUEDART,14/04/2026,Delayed,Chennai,Hyderabad,155.73,21/04/2026,,
SHO4617,BLUEDART,03/01/2026,Delayed,Mumbai,Bangalore,430.6,08/01/2026,16/01/2026,
SHO4619,BLUEDART,05/06/2025,Pending,Mumbai,Bangalore,479.18,06/10/2025,,
SHO4620,DHL,22/10/2024,Delayed,Chennai,Delhi,75.5,25/10/2024,11/01/2024,
SHO4621,BLUEDART,18/06/2024,Accepted,Bangalore,Hyderabad,382.44,22/06/2024,,
SHO4623,DHL,09/06/2025,Delayed,Mumbai,Bangalore,101.9,12/06/2025,16/06/2025,
SHO4625,DHL,23/02/2024,In Transit,Delhi,Mumbai,231.53,27/02/2024,,
SHO4630,BLUEDART,21/06/2026,In Transit,Delhi,Pune,34.4,27/06/2026,,
SHO4633,FEDEX,14/01/2024,Pending,Mumbai,Delhi,306.46,21/01/2024,,
SHO4634,FEDEX,25/09/2025,Delayed,Hyderabad,Mumbai,320.28,28/09/2025,08/10/2025,
SHO4636,DHL,08/07/2025,Accepted,Pune,Chennai,157.1,13/08/2025,,
SHO4637,DHL,24/07/2024,In Transit,Delhi,Mumbai,268.35,27/07/2024,,
SHO4639,FEDEX,11/01/2025,In Transit,Mumbai,Pune,84.0,15/01/2025,,
SHO4641,FEDEX,19/06/2025,Delivered,Mumbai,Pune,475.09,24/06/2025,28/06/2025,4
SHO4647,DHL,27/07/2024,Pending,Chennai,Hyderabad,289.93,29/07/2024,,
SHO4648,FEDEX,24/10/2025,Accepted,Hyderabad,Delhi,308.31,30/10/2025,,
SHO4650,BLUEDART,22/07/2025,Delivered,Mumbai,Hyderabad,300.45,24/07/2025,26/07/2025,2
SHO4653,DHL,20/02/2026,Pending,Hyderabad,Mumbai,61.42,25/02/2026,,
SHO4656,FEDEX,13/06/2025,Delayed,Pune,Delhi,158.5,18/06/2025,28/06/2025,
SHO4658,BLUEDART,28/07/2024,Delayed,Hyderabad,Mumbai,497.19,02/08/2024,05/08/2024,
SHO4659,FEDEX,17/01/2024,Accepted,Pune,Delhi,202.7,23/01/2024,,
SHO4660,DHL,04/04/2025,Delayed,Bangalore,Chennai,2.37,08/04/2025,,
SHO4664,FEDEX,09/07/2025,Delayed,Hyderabad,Pune,158.42,11/07/2025,15/07/2025,
SHO4666,FEDEX,22/05/2025,Pending,Hyderabad,Chennai,120.78,27/05/2025,,
SHO4669,DHL,11/01/2025,Delivered,Chennai,Hyderabad,216.89,16/01/2025,18/01/2025,2
SHO4674,BLUEDART,29/05/2025,Delayed,Mumbai,Chennai,69.45,03/06/2025,,
SHO4676,FEDEX,02/02/2025,Delivered,Chennai,Mumbai,221.92,08/02/2025,02/10/2025,236
SHO4681,BLUEDART,07/06/2025,Delayed,Chennai,Pune,451.24,12/06/2025,14/06/2025,
SHO4684,DHL,22/09/2025,In Transit,Bangalore,Delhi,223.69,28/09/2025,,
SHO4691,FEDEX,29/12/2025,Pending,Delhi,Mumbai,399.65,01/01/2026,,
SHO4692,DHL,11/08/2025,Delayed,Pune,Hyderabad,138.47,15/08/2025,22/08/2025,
SHO4693,FEDEX,08/05/2026,Pending,Mumbai,Hyderabad,472.47,15/05/2026,,
SHO4694,FEDEX,26/03/2025,Delayed,Pune,Delhi,175.11,28/03/2025,,
SHO4696,BLUEDART,24/09/2025,Delayed,Bangalore,Mumbai,319.11,01/10/2025,10/09/2025,
SHO4697,DHL,22/05/2024,In Transit,Chennai,Mumbai,269.17,27/05/2024,,
SHO4699,BLUEDART,17/07/2024,Pending,Pune,Hyderabad,454.44,23/07/2024,,
SHO4708,BLUEDART,22/05/2025,Delivered,Chennai,Mumbai,126.64,25/05/2025,29/05/2025,4
SHO4712,BLUEDART,23/01/2024,In Transit,Chennai,Mumbai,304.83,25/01/2024,,
SHO4714,FEDEX,06/03/2026,Pending,Bangalore,Delhi,273.29,08/03/2026,,
SHO4716,FEDEX,10/05/2025,In Transit,Pune,Bangalore,61.89,08/10/2025,,
SHO4718,BLUEDART,25/06/2025,Delayed,Hyderabad,Bangalore,221.34,28/06/2025,05/07/2025,
SHO4723,FEDEX,12/06/2026,Delivered,Delhi,Bangalore,347.26,18/06/2026,16/06/2026,0
SHO4724,BLUEDART,27/06/2024,Pending,Mumbai,Chennai,475.09,04/07/2024,,
SHO4725,FEDEX,01/06/2024,Accepted,Bangalore,Hyderabad,109.85,06/06/2024,,
SHO4729,FEDEX,19/04/2024,Delayed,Pune,Mumbai,399.24,26/04/2024,02/05/2024,
SHO4735,BLUEDART,24/06/2025,In Transit,Bangalore,Delhi,213.48,26/06/2025,,
SHO4738,BLUEDART,30/06/2026,Delayed,Chennai,Mumbai,453.1,05/07/2026,15/07/2026,
SHO4741,FEDEX,28/01/2026,Accepted,Hyderabad,Bangalore,413.6,31/01/2026,,
SHO4746,BLUEDART,11/04/2025,In Transit,Chennai,Bangalore,186.84,17/04/2025,,
SHO4747,DHL,22/05/2025,Accepted,Mumbai,Pune,499.28,25/05/2025,,
SHO4748,DHL,22/11/2025,Pending,Pune,Hyderabad,12.91,24/11/2025,,
SHO4753,BLUEDART,24/09/2024,Accepted,Mumbai,Bangalore,323.86,01/10/2024,,
SHO4754,FEDEX,21/03/2024,In Transit,Chennai,Hyderabad,111.38,26/03/2024,,
SHO4755,FEDEX,06/03/2025,Delayed,Delhi,Bangalore,224.98,06/09/2025,13/06/2025,
SHO4757,DHL,11/10/2024,In Transit,Delhi,Mumbai,79.26,13/11/2024,,
SHO4760,BLUEDART,21/06/2025,Pending,Chennai,Hyderabad,186.24,24/06/2025,,
SHO4762,FEDEX,12/07/2025,Delayed,Mumbai,Pune,367.79,16/07/2025,19/07/2025,
SHO4767,FEDEX,12/07/2024,In Transit,Pune,Delhi,159.37,18/07/2024,,
SHO4771,BLUEDART,25/04/2025,Delayed,Bangalore,Delhi,15.83,27/04/2025,05/05/2025,
SHO4772,BLUEDART,15/10/2025,Pending,Chennai,Mumbai,147.22,20/10/2025,,
SHO4773,FEDEX,22/02/2024,In Transit,Chennai,Bangalore,211.22,26/02/2024,,
SHO4774,DHL,18/06/2025,Delayed,Pune,Bangalore,407.8,25/06/2025,30/06/2025,
SHO4778,DHL,09/02/2024,In Transit,Bangalore,Delhi,476.34,09/08/2024,,
SHO4780,FEDEX,17/08/2024,Delivered,Hyderabad,Delhi,202.08,19/08/2024,20/08/2024,1
SHO4782,BLUEDART,19/05/2024,Delayed,Hyderabad,Delhi,301.94,23/05/2024,,
SHO4784,FEDEX,13/10/2024,Delayed,Bangalore,Hyderabad,391.25,16/10/2024,26/10/2024,
SHO4785,BLUEDART,16/05/2025,Delivered,Hyderabad,Bangalore,71.81,22/05/2025,20/05/2025,0
SHO4787,DHL,29/06/2025,In Transit,Hyderabad,Mumbai,37.63,06/07/2025,,
SHO4790,FEDEX,01/03/2026,Delivered,Mumbai,Hyderabad,298.97,05/03/2026,08/03/2026,3
SHO4792,BLUEDART,10/07/2025,In Transit,Hyderabad,Delhi,369.3,10/09/2025,,
SHO4793,DHL,10/01/2025,Pending,Mumbai,Pune,483.56,10/05/2025,,
SHO4794,FEDEX,12/08/2025,Delayed,Chennai,Pune,282.49,16/08/2025,26/08/2025,
SHO4796,DHL,14/05/2026,In Transit,Bangalore,Pune,340.93,16/05/2026,,
SHO4801,DHL,14/11/2024,Accepted,Chennai,Pune,429.58,18/11/2024,,
SHO4803,FEDEX,28/02/2025,Delayed,Pune,Hyderabad,413.78,06/03/2025,,
SHO4804,BLUEDART,14/05/2026,In Transit,Mumbai,Chennai,309.01,17/05/2026,,
SHO4806,DHL,10/04/2026,Delayed,Mumbai,Chennai,33.71,13/04/2026,21/04/2026,
SHO4807,BLUEDART,17/06/2026,Accepted,Delhi,Bangalore,44.2,22/06/2026,,
SHO4809,DHL,17/03/2026,Pending,Pune,Delhi,276.48,23/03/2026,,
SHO4812,FEDEX,21/09/2024,In Transit,Pune,Chennai,95.04,23/09/2024,,
SHO4815,BLUEDART,15/03/2026,Delivered,Chennai,Delhi,259.72,20/03/2026,24/03/2026,4
SHO4820,FEDEX,09/01/2026,Delayed,Chennai,Pune,289.31,12/01/2026,14/01/2026,
SHO4823,FEDEX,02/05/2025,Accepted,Delhi,Mumbai,34.22,04/05/2025,,
SHO4827,BLUEDART,17/01/2024,Pending,Mumbai,Chennai,334.49,19/01/2024,,
SHO4829,BLUEDART,02/03/2025,Delivered,Chennai,Hyderabad,20.26,03/06/2025,09/03/2025,0
SHO4831,FEDEX,06/05/2024,In Transit,Chennai,Hyderabad,458.78,05/09/2024,,
SHO4833,BLUEDART,18/07/2025,Delayed,Chennai,Mumbai,110.16,24/07/2025,26/07/2025,
SHO4834,FEDEX,08/12/2025,Accepted,Bangalore,Chennai,165.68,15/12/2025,24/12/2025,
SHO4835,DHL,21/08/2025,Delivered,Delhi,Bangalore,173.97,25/08/2025,30/08/2025,5
SHO4838,DHL,28/06/2024,In Transit,Chennai,Pune,446.14,02/07/2024,,
SHO4841,FEDEX,16/01/2026,Pending,Chennai,Bangalore,88.97,22/01/2026,,
SHO4846,BLUEDART,02/07/2025,Pending,Chennai,Hyderabad,323.81,08/07/2025,,
SHO4848,BLUEDART,20/07/2024,Delayed,Chennai,Bangalore,355.43,23/07/2024,28/07/2024,
SHO4852,BLUEDART,06/05/2026,Delayed,Mumbai,Pune,233.13,12/05/2026,,
SHO4855,BLUEDART,25/11/2024,In Transit,Mumbai,Chennai,307.7,30/11/2024,,
SHO4857,DHL,18/12/2024,Accepted,Mumbai,Hyderabad,261.84,25/12/2024,,
SHO4858,DHL,01/02/2024,Pending,Bangalore,Pune,267.11,07/02/2024,,
SHO4863,FEDEX,10/12/2025,Accepted,Pune,Mumbai,334.29,15/12/2025,,
SHO4864,FEDEX,15/09/2025,Delivered,Mumbai,Bangalore,177.19,18/09/2025,23/09/2025,5
SHO4866,FEDEX,14/08/2025,Accepted,Chennai,Delhi,19.6,17/08/2025,,
SHO4869,BLUEDART,04/05/2024,Pending,Delhi,Pune,399.57,05/11/2024,,
SHO4871,FEDEX,21/10/2025,Pending,Bangalore,Mumbai,365.13,26/10/2025,,
SHO4873,BLUEDART,18/05/2026,In Transit,Chennai,Delhi,88.54,24/05/2026,,
SHO4875,FEDEX,29/07/2024,Delayed,Hyderabad,Pune,447.22,31/07/2024,06/08/2024,
SHO4879,FEDEX,10/07/2024,Delayed,Pune,Delhi,96.19,15/07/2024,19/07/2024,
SHO4880,FEDEX,06/06/2026,Delayed,Chennai,Bangalore,383.8,06/08/2026,12/06/2026,
SHO4882,BLUEDART,10/11/2025,Delivered,Hyderabad,Chennai,130.88,15/11/2025,13/11/2025,0
SHO4886,BLUEDART,13/04/2024,Delivered,Mumbai,Chennai,320.5,19/04/2024,19/04/2024,0
SHO4887,BLUEDART,28/08/2025,Pending,Chennai,Pune,434.72,04/09/2025,,
SHO4891,FEDEX,22/09/2024,Pending,Mumbai,Chennai,226.54,29/09/2024,,
SHO4898,DHL,18/01/2024,Pending,Delhi,Mumbai,112.55,23/01/2024,,
SHO4899,DHL,14/11/2024,Delayed,Chennai,Mumbai,411.89,21/11/2024,22/11/2024,
SHO4901,BLUEDART,30/06/2026,Pending,Bangalore,Pune,376.87,07/07/2026,,
SHO4903,FEDEX,23/06/2024,Delayed,Delhi,Pune,334.19,28/06/2024,,
SHO4905,BLUEDART,15/10/2024,Delayed,Mumbai,Pune,190.8,21/10/2024,25/10/2024,
SHO4907,DHL,26/12/2025,Accepted,Chennai,Pune,218.71,30/12/2025,04/01/2026,
SHO4909,BLUEDART,20/02/2025,Accepted,Chennai,Mumbai,344.05,26/02/2025,,
SHO4911,DHL,08/01/2024,Delayed,Hyderabad,Delhi,95.71,07/08/2024,,
SHO4912,BLUEDART,04/02/2025,Accepted,Bangalore,Chennai,396.61,05/04/2025,,
SHO4914,DHL,15/01/2026,Accepted,Chennai,Delhi,432.9,22/01/2026,26/01/2026,
SHO4920,BLUEDART,20/07/2025,Delivered,Chennai,Mumbai,241.87,25/07/2025,23/07/2025,0
SHO4921,DHL,21/01/2026,In Transit,Chennai,Bangalore,207.38,24/01/2026,,
SHO4927,DHL,06/04/2026,Delivered,Pune,Bangalore,5.78,13/04/2026,13/04/2026,0
SHO4929,BLUEDART,26/04/2025,In Transit,Mumbai,Pune,421.94,02/05/2025,,
SHO4931,FEDEX,06/02/2024,Pending,Bangalore,Mumbai,149.33,09/02/2024,,
SHO4933,FEDEX,06/07/2024,Delayed,Mumbai,Delhi,131.1,07/12/2024,15/07/2024,
SHO4934,FEDEX,29/01/2025,Delayed,Bangalore,Chennai,272.76,05/02/2025,13/02/2025,
SHO4937,DHL,30/12/2025,Accepted,Hyderabad,Delhi,162.13,05/01/2026,,
SHO4942,DHL,16/02/2026,Delivered,Bangalore,Chennai,393.05,18/02/2026,17/02/2026,0
SHO4945,BLUEDART,05/05/2025,Delayed,Chennai,Bangalore,441.83,09/05/2025,14/05/2025,
SHO4946,FEDEX,04/12/2024,Pending,Mumbai,Chennai,473.8,06/12/2024,,
SHO4949,FEDEX,12/09/2025,Delayed,Hyderabad,Chennai,131.38,15/09/2025,18/09/2025,
SHO4951,FEDEX,17/08/2024,Delayed,Chennai,Bangalore,207.07,21/08/2024,,
SHO4957,BLUEDART,01/05/2026,In Transit,Pune,Chennai,471.51,05/05/2026,,
SHO4959,FEDEX,27/02/2024,In Transit,Chennai,Mumbai,477.6,01/03/2024,,
SHO4962,BLUEDART,01/01/2026,Pending,Chennai,Delhi,486.55,01/03/2026,,
SHO4963,DHL,05/04/2024,Delivered,Pune,Bangalore,79.79,10/05/2024,14/05/2024,4
SHO4969,BLUEDART,01/03/2025,In Transit,Hyderabad,Delhi,382.54,03/03/2025,,
SHO4973,DHL,26/08/2025,In Transit,Hyderabad,Bangalore,62.32,29/08/2025,,
SHO4977,FEDEX,09/04/2024,Pending,Pune,Chennai,98.21,14/04/2024,,
SHO4980,FEDEX,26/07/2025,Pending,Hyderabad,Mumbai,278.97,28/07/2025,,
SHO4983,BLUEDART,13/12/2025,Accepted,Chennai,Hyderabad,96.28,16/12/2025,,
SHO4986,BLUEDART,10/06/2024,Delayed,Hyderabad,Chennai,391.48,16/06/2024,19/06/2024,
SHO4988,BLUEDART,18/12/2025,Delivered,Chennai,Bangalore,151.15,23/12/2025,24/12/2025,1
SHO4989,BLUEDART,13/09/2024,Delayed,Delhi,Bangalore,185.08,17/09/2024,21/09/2024,
SHO4990,BLUEDART,25/12/2025,Pending,Chennai,Mumbai,117.03,31/12/2025,,
SHO4991,DHL,10/02/2024,Pending,Bangalore,Mumbai,476.88,17/02/2024,,
SHO4992,BLUEDART,28/02/2025,Delivered,Delhi,Hyderabad,238.34,03/06/2025,03/04/2025,0
SHO4993,DHL,15/05/2025,In Transit,Chennai,Mumbai,182.06,17/05/2025,,
SHO4995,FEDEX,13/01/2024,Accepted,Delhi,Chennai,248.7,18/01/2024,,
SHO5004,BLUEDART,11/07/2025,In Transit,Bangalore,Chennai,60.97,14/07/2025,,
SHO5009,DHL,10/05/2026,Delayed,Pune,Delhi,35.54,15/05/2026,22/05/2026,
SHO5011,BLUEDART,31/07/2025,Delayed,Delhi,Pune,64.54,03/08/2025,06/08/2025,
SHO5022,FEDEX,20/03/2026,In Transit,Chennai,Mumbai,297.95,23/03/2026,,
SHO5024,DHL,20/11/2024,Delivered,Pune,Bangalore,319.8,27/11/2024,02/12/2024,5
SHO5025,DHL,25/08/2025,Delayed,Pune,Delhi,348.47,28/08/2025,29/08/2025,
SHO5033,FEDEX,02/08/2024,Delivered,Mumbai,Delhi,19.18,08/09/2024,12/08/2024,0
SHO5036,BLUEDART,25/11/2025,Delayed,Mumbai,Pune,497.36,02/12/2025,,
SHO5037,DHL,18/02/2026,Pending,Pune,Chennai,447.69,25/02/2026,,
SHO5040,BLUEDART,09/09/2025,Delayed,Chennai,Mumbai,257.16,09/11/2025,20/09/2025,
SHO5041,BLUEDART,30/05/2026,Delayed,Hyderabad,Chennai,435.68,03/06/2026,,
SHO5042,FEDEX,17/05/2025,Pending,Chennai,Hyderabad,298.13,20/05/2025,,
SHO5044,DHL,23/12/2024,Accepted,Pune,Bangalore,77.5,27/12/2024,,
SHO5054,BLUEDART,20/11/2025,In Transit,Mumbai,Chennai,178.95,25/11/2025,,
SHO5056,DHL,15/03/2025,In Transit,Delhi,Mumbai,482.89,18/03/2025,,
SHO5057,BLUEDART,07/05/2025,Pending,Delhi,Chennai,453.18,05/10/2025,,
SHO5058,BLUEDART,25/07/2024,Accepted,Hyderabad,Chennai,312.12,27/07/2024,,
SHO5059,FEDEX,17/04/2026,Delayed,Pune,Mumbai,22.45,19/04/2026,21/04/2026,
SHO5061,DHL,31/12/2024,Accepted,Pune,Hyderabad,1.89,03/01/2025,,
SHO5062,BLUEDART,17/02/2026,In Transit,Chennai,Mumbai,88.0,20/02/2026,,
SHO5066,DHL,20/01/2024,Pending,Hyderabad,Bangalore,186.13,23/01/2024,,
SHO5068,DHL,21/02/2025,In Transit,Chennai,Bangalore,376.09,28/02/2025,,
SHO5070,FEDEX,28/06/2026,In Transit,Bangalore,Chennai,33.91,04/07/2026,,
SHO5074,BLUEDART,22/02/2024,In Transit,Pune,Hyderabad,458.02,29/02/2024,,
SHO5077,BLUEDART,20/06/2024,Accepted,Mumbai,Bangalore,153.96,22/06/2024,,
SHO5082,BLUEDART,19/04/2026,In Transit,Mumbai,Chennai,262.74,24/04/2026,,
SHO5084,BLUEDART,19/10/2024,Delayed,Hyderabad,Pune,185.79,22/10/2024,26/10/2024,
SHO5090,DHL,09/02/2025,Delayed,Mumbai,Delhi,3.95,16/02/2025,24/02/2025,
SHO5096,DHL,02/02/2026,Pending,Chennai,Bangalore,18.37,06/02/2026,,
SHO5098,FEDEX,08/04/2024,Pending,Chennai,Bangalore,417.44,15/04/2024,,
SHO5099,FEDEX,22/01/2025,In Transit,Bangalore,Delhi,449.14,24/01/2025,,
SHO5102,BLUEDART,11/02/2026,Accepted,Hyderabad,Bangalore,411.88,17/02/2026,,
SHO5107,DHL,25/05/2026,Delayed,Delhi,Mumbai,318.69,01/06/2026,10/06/2026,
SHO5108,FEDEX,03/01/2025,In Transit,Chennai,Pune,404.37,01/05/2025,,
SHO5109,FEDEX,18/10/2025,Accepted,Bangalore,Pune,166.4,20/10/2025,,
SHO5110,DHL,08/05/2025,Delivered,Chennai,Hyderabad,488.6,14/05/2025,16/05/2025,2
SHO5112,DHL,26/12/2024,Pending,Hyderabad,Chennai,255.59,29/12/2024,,
SHO5113,DHL,15/09/2024,In Transit,Mumbai,Bangalore,352.32,19/09/2024,,
SHO5115,FEDEX,06/03/2024,Delayed,Bangalore,Mumbai,45.9,08/06/2024,06/09/2024,
SHO5116,FEDEX,29/12/2024,In Transit,Hyderabad,Mumbai,306.81,01/03/2025,,
SHO5117,DHL,01/04/2026,Accepted,Bangalore,Hyderabad,150.54,01/07/2026,,
SHO5120,FEDEX,14/08/2024,Accepted,Hyderabad,Bangalore,21.09,19/08/2024,,
SHO5121,FEDEX,14/04/2026,Delivered,Delhi,Mumbai,48.29,21/04/2026,25/04/2026,4
SHO5122,FEDEX,19/06/2024,Pending,Bangalore,Hyderabad,331.45,25/06/2024,,
SHO5124,DHL,19/02/2024,Delivered,Mumbai,Delhi,255.63,24/02/2024,24/02/2024,0
SHO5126,DHL,04/06/2024,Delayed,Mumbai,Bangalore,81.76,07/06/2024,16/06/2024,
SHO5130,BLUEDART,20/01/2025,Accepted,Delhi,Mumbai,234.94,27/01/2025,,
SHO5131,DHL,26/05/2024,Accepted,Chennai,Hyderabad,403.79,28/05/2024,,
SHO5134,BLUEDART,18/11/2024,Delivered,Delhi,Chennai,222.19,21/11/2024,22/11/2024,1
SHO5142,DHL,13/02/2025,In Transit,Mumbai,Pune,164.79,15/02/2025,,
SHO5143,BLUEDART,10/10/2025,Accepted,Mumbai,Hyderabad,248.33,13/10/2025,,
SHO5149,FEDEX,09/12/2025,Delivered,Pune,Chennai,255.21,13/12/2025,13/12/2025,0
SHO5154,BLUEDART,15/08/2025,Delayed,Bangalore,Chennai,7.79,22/08/2025,,
SHO5156,BLUEDART,02/08/2024,Pending,Mumbai,Delhi,393.83,07/08/2024,,
SHO5157,FEDEX,30/08/2024,Pending,Hyderabad,Bangalore,473.45,06/09/2024,,
SHO5158,DHL,15/03/2025,Accepted,Pune,Mumbai,403.61,17/03/2025,,
SHO5159,FEDEX,12/06/2024,Delivered,Pune,Delhi,403.02,16/06/2024,15/06/2024,0
SHO5162,FEDEX,10/05/2025,Accepted,Chennai,Delhi,277.26,15/05/2025,,
SHO5163,FEDEX,11/04/2025,Delayed,Pune,Bangalore,161.46,13/04/2025,22/04/2025,
SHO5169,FEDEX,16/10/2025,Delayed,Mumbai,Hyderabad,28.92,21/10/2025,22/10/2025,
SHO5170,DHL,09/09/2025,Accepted,Bangalore,Chennai,206.55,09/12/2025,,
SHO5179,BLUEDART,21/07/2024,Delivered,Pune,Delhi,490.34,23/07/2024,24/07/2024,1
SHO5183,DHL,08/03/2026,Delayed,Pune,Hyderabad,249.76,14/03/2026,19/03/2026,
SHO5186,DHL,28/09/2025,In Transit,Delhi,Hyderabad,137.72,01/10/2025,,
SHO5190,FEDEX,31/03/2024,In Transit,Chennai,Bangalore,470.22,02/04/2024,,
SHO5192,DHL,15/04/2024,Pending,Bangalore,Mumbai,457.87,19/04/2024,,
SHO5194,FEDEX,29/06/2026,Accepted,Delhi,Bangalore,325.99,06/07/2026,,
SHO5196,BLUEDART,18/05/2024,Delivered,Delhi,Pune,384.42,23/05/2024,21/05/2024,0
SHO5197,FEDEX,19/03/2025,Delivered,Bangalore,Delhi,26.51,24/03/2025,27/03/2025,3
SHO5202,DHL,07/02/2025,Accepted,Pune,Bangalore,481.92,06/07/2025,,
SHO5203,DHL,03/01/2026,Delayed,Hyderabad,Mumbai,479.07,01/09/2026,16/01/2026,
SHO5204,BLUEDART,12/05/2025,Delayed,Delhi,Hyderabad,243.87,10/12/2025,18/12/2025,
SHO5205,FEDEX,12/02/2025,Pending,Chennai,Delhi,150.42,12/07/2025,,
SHO5209,BLUEDART,04/07/2024,Delivered,Chennai,Mumbai,409.77,06/07/2024,07/07/2024,1
SHO5210,BLUEDART,22/06/2024,Delayed,Pune,Mumbai,390.71,28/06/2024,01/07/2024,
SHO5211,FEDEX,23/06/2025,Delivered,Pune,Hyderabad,141.71,30/06/2025,30/06/2025,0
SHO5213,FEDEX,08/10/2024,Pending,Bangalore,Pune,402.73,13/10/2024,,
SHO5216,DHL,22/10/2024,Delayed,Chennai,Bangalore,10.73,24/10/2024,03/11/2024,
SHO5218,BLUEDART,24/10/2025,Delayed,Mumbai,Delhi,84.95,28/10/2025,04/11/2025,
SHO5220,DHL,27/08/2024,In Transit,Bangalore,Mumbai,366.76,30/08/2024,,
SHO5221,BLUEDART,13/11/2024,Accepted,Delhi,Mumbai,432.59,19/11/2024,,
SHO5222,DHL,18/01/2026,In Transit,Hyderabad,Pune,50.91,23/01/2026,,
SHO5229,BLUEDART,28/02/2024,Pending,Hyderabad,Pune,25.41,01/03/2024,,
SHO5230,DHL,10/05/2026,Pending,Chennai,Bangalore,82.08,16/05/2026,,
SHO5233,BLUEDART,23/05/2026,Delivered,Pune,Bangalore,406.22,28/05/2026,28/05/2026,0
SHO5235,BLUEDART,04/06/2025,Pending,Delhi,Chennai,233.68,06/09/2025,,
SHO5236,BLUEDART,06/02/2026,Delayed,Pune,Chennai,249.03,13/02/2026,21/02/2026,
SHO5238,FEDEX,27/10/2024,Delivered,Bangalore,Chennai,26.69,31/10/2024,04/11/2024,4
SHO5239,FEDEX,03/03/2026,Pending,Pune,Hyderabad,351.79,06/03/2026,,
SHO5245,DHL,20/06/2026,In Transit,Pune,Delhi,276.39,26/06/2026,,
SHO5248,BLUEDART,24/07/2025,Accepted,Mumbai,Bangalore,375.07,30/07/2025,,
SHO5249,FEDEX,16/10/2024,Delivered,Hyderabad,Chennai,234.55,18/10/2024,17/10/2024,0
SHO5255,FEDEX,12/01/2024,Accepted,Bangalore,Pune,495.73,15/01/2024,,
SHO5258,BLUEDART,18/01/2026,Delayed,Hyderabad,Pune,12.58,22/01/2026,01/02/2026,
SHO5262,FEDEX,20/09/2025,In Transit,Hyderabad,Chennai,210.27,27/09/2025,,
SHO5263,BLUEDART,18/03/2026,Delayed,Bangalore,Hyderabad,6.09,23/03/2026,01/04/2026,
SHO5264,DHL,24/04/2025,Pending,Delhi,Bangalore,103.74,29/04/2025,,
SHO5267,FEDEX,19/05/2024,Pending,Delhi,Mumbai,440.12,22/05/2024,,
SHO5268,FEDEX,17/01/2026,Delayed,Pune,Bangalore,65.51,21/01/2026,31/01/2026,
SHO5272,FEDEX,24/06/2025,Pending,Delhi,Chennai,254.9,28/06/2025,,
SHO5275,BLUEDART,09/02/2026,Delayed,Pune,Mumbai,202.74,12/02/2026,,
SHO5278,FEDEX,31/08/2024,Pending,Bangalore,Hyderabad,411.42,04/09/2024,,
SHO5279,DHL,20/06/2025,Accepted,Pune,Delhi,390.4,24/06/2025,,
SHO5283,BLUEDART,14/11/2024,Delayed,Delhi,Mumbai,120.41,19/11/2024,25/11/2024,
SHO5285,FEDEX,20/11/2024,Pending,Bangalore,Delhi,458.48,24/11/2024,,
SHO5286,BLUEDART,20/04/2024,Delayed,Pune,Delhi,73.52,27/04/2024,03/05/2024,
SHO5287,BLUEDART,27/02/2024,In Transit,Hyderabad,Bangalore,226.32,01/03/2024,,
SHO5288,DHL,03/02/2024,Delivered,Hyderabad,Chennai,476.12,05/02/2024,08/02/2024,3
SHO5291,DHL,24/05/2026,Delayed,Chennai,Mumbai,343.0,30/05/2026,01/06/2026,
SHO5295,DHL,23/10/2024,Delivered,Delhi,Pune,439.21,29/10/2024,03/11/2024,5
SHO5297,DHL,24/04/2024,Pending,Mumbai,Chennai,149.43,29/04/2024,,
SHO5298,FEDEX,13/06/2026,Pending,Chennai,Delhi,488.18,20/06/2026,,
SHO5299,FEDEX,03/02/2026,Pending,Bangalore,Chennai,216.46,07/02/2026,,
SHO5300,DHL,07/03/2025,Pending,Mumbai,Chennai,465.61,10/03/2025,,
SHO5301,DHL,06/03/2024,In Transit,Pune,Hyderabad,472.3,06/05/2024,,
SHO5302,BLUEDART,03/02/2026,Delivered,Delhi,Chennai,262.11,08/02/2026,07/02/2026,0
SHO5307,BLUEDART,20/09/2025,Delivered,Delhi,Hyderabad,307.28,25/09/2025,27/09/2025,2
SHO5309,BLUEDART,20/11/2024,In Transit,Chennai,Pune,107.53,22/11/2024,,
SHO5310,DHL,24/10/2024,Delayed,Bangalore,Pune,75.88,27/10/2024,11/02/2024,
SHO5313,FEDEX,24/05/2025,Pending,Pune,Bangalore,234.27,29/05/2025,,
SHO5320,FEDEX,06/03/2025,Accepted,Mumbai,Pune,63.52,10/06/2025,08/06/2025,
SHO5321,BLUEDART,12/06/2025,In Transit,Mumbai,Chennai,359.84,16/06/2025,,
SHO5323,BLUEDART,12/11/2025,In Transit,Bangalore,Mumbai,318.98,18/11/2025,,
SHO5324,BLUEDART,12/07/2025,Delivered,Pune,Delhi,59.52,15/07/2025,20/07/2025,5
SHO5327,FEDEX,11/11/2024,In Transit,Hyderabad,Delhi,287.67,18/11/2024,,
SHO5333,DHL,15/01/2025,Delivered,Delhi,Pune,442.66,17/01/2025,18/01/2025,1
SHO5334,DHL,18/04/2026,Delayed,Hyderabad,Delhi,157.18,20/04/2026,27/04/2026,
SHO5336,DHL,11/04/2024,Delivered,Bangalore,Hyderabad,457.82,11/09/2024,11/11/2024,61
SHO5339,BLUEDART,23/08/2025,Delivered,Bangalore,Chennai,110.99,28/08/2025,28/08/2025,0
SHO5343,DHL,23/07/2025,Delayed,Pune,Bangalore,173.31,25/07/2025,30/07/2025,
SHO5347,BLUEDART,02/03/2026,Accepted,Mumbai,Hyderabad,168.93,03/09/2026,,
SHO5350,FEDEX,12/02/2026,In Transit,Bangalore,Delhi,11.08,14/02/2026,,
SHO5351,DHL,24/01/2026,Accepted,Pune,Hyderabad,133.5,26/01/2026,,
SHO5353,BLUEDART,03/02/2026,Pending,Pune,Mumbai,77.04,07/03/2026,,
SHO5356,DHL,19/03/2025,Pending,Pune,Mumbai,495.22,25/03/2025,,
SHO5358,BLUEDART,27/05/2025,Accepted,Hyderabad,Mumbai,463.45,02/06/2025,,
SHO5365,BLUEDART,27/05/2024,Pending,Bangalore,Mumbai,216.39,01/06/2024,,
SHO5368,BLUEDART,08/06/2026,Delivered,Pune,Mumbai,179.11,13/06/2026,16/06/2026,3
SHO5371,BLUEDART,17/01/2024,Delayed,Delhi,Chennai,288.83,24/01/2024,29/01/2024,
SHO5376,DHL,13/07/2024,Pending,Mumbai,Bangalore,422.4,15/07/2024,,
SHO5381,DHL,28/12/2025,In Transit,Pune,Delhi,138.77,04/01/2026,,
SHO5390,DHL,24/11/2024,Delivered,Hyderabad,Delhi,357.41,30/11/2024,05/12/2024,5
SHO5391,DHL,25/03/2026,Delayed,Chennai,Hyderabad,246.37,30/03/2026,04/05/2026,
SHO5393,DHL,19/01/2025,In Transit,Bangalore,Delhi,405.23,21/01/2025,,
SHO5395,DHL,22/10/2025,Accepted,Hyderabad,Delhi,314.03,29/10/2025,,
SHO5396,FEDEX,18/01/2026,Pending,Hyderabad,Delhi,279.12,21/01/2026,,
SHO5398,FEDEX,22/04/2024,Delayed,Bangalore,Delhi,198.54,24/04/2024,,
SHO5399,BLUEDART,16/03/2026,Delivered,Mumbai,Pune,299.7,23/03/2026,26/03/2026,3
SHO5405,DHL,18/02/2024,Delayed,Chennai,Hyderabad,255.84,23/02/2024,03/01/2024,
SHO5407,DHL,19/06/2024,Accepted,Chennai,Mumbai,433.16,26/06/2024,,
SHO5408,BLUEDART,11/10/2025,Accepted,Hyderabad,Chennai,197.36,13/10/2025,17/10/2025,
SHO5412,FEDEX,26/05/2026,Pending,Mumbai,Bangalore,307.51,29/05/2026,,
SHO5413,BLUEDART,16/09/2024,Delayed,Delhi,Chennai,281.7,20/09/2024,,
SHO5414,BLUEDART,22/06/2025,In Transit,Pune,Chennai,203.02,29/06/2025,,
SHO5419,DHL,29/09/2024,In Transit,Mumbai,Chennai,316.52,05/10/2024,,
SHO5421,DHL,17/11/2024,In Transit,Hyderabad,Pune,390.02,21/11/2024,,
SHO5426,DHL,30/03/2026,Accepted,Mumbai,Hyderabad,27.46,03/04/2026,04/02/2026,
SHO5431,DHL,24/11/2024,Accepted,Pune,Mumbai,214.74,27/11/2024,,
SHO5432,BLUEDART,19/05/2024,In Transit,Chennai,Hyderabad,190.4,22/05/2024,,
SHO5433,FEDEX,23/08/2025,Pending,Mumbai,Hyderabad,243.46,26/08/2025,,
SHO5435,FEDEX,29/02/2024,Delayed,Chennai,Bangalore,417.88,05/03/2024,13/03/2024,
SHO5437,FEDEX,31/01/2026,Delivered,Hyderabad,Mumbai,393.01,02/03/2026,08/02/2026,0
SHO5438,DHL,03/01/2024,Delivered,Chennai,Pune,435.58,03/03/2024,08/03/2024,5
SHO5439,DHL,27/06/2024,Pending,Bangalore,Chennai,261.67,04/07/2024,,
SHO5440,DHL,24/09/2024,Pending,Chennai,Hyderabad,480.39,30/09/2024,,
SHO5445,FEDEX,13/04/2025,Delayed,Pune,Hyderabad,66.52,20/04/2025,21/04/2025,
SHO5446,BLUEDART,07/05/2024,Pending,Pune,Hyderabad,142.82,05/09/2024,,
SHO5447,BLUEDART,14/02/2025,Pending,Bangalore,Delhi,424.69,16/02/2025,,
SHO5448,DHL,23/04/2024,Delivered,Chennai,Hyderabad,195.95,30/04/2024,30/04/2024,0
SHO5456,FEDEX,14/03/2024,In Transit,Chennai,Delhi,86.89,21/03/2024,,
SHO5457,DHL,11/05/2025,Delayed,Pune,Bangalore,336.72,13/05/2025,,
SHO5458,BLUEDART,21/01/2025,Delivered,Chennai,Hyderabad,6.31,24/01/2025,28/01/2025,4
SHO5462,DHL,01/04/2026,In Transit,Mumbai,Chennai,268.67,08/04/2026,,
SHO5470,FEDEX,07/02/2025,In Transit,Mumbai,Delhi,483.75,13/02/2025,,
SHO5473,BLUEDART,20/11/2024,Pending,Chennai,Hyderabad,77.23,23/11/2024,,
SHO5474,BLUEDART,07/03/2024,In Transit,Mumbai,Pune,355.41,07/06/2024,,
SHO5475,BLUEDART,25/05/2026,Pending,Mumbai,Hyderabad,60.95,01/06/2026,,
SHO5476,FEDEX,18/06/2025,In Transit,Bangalore,Pune,15.63,21/06/2025,,
SHO5477,FEDEX,20/03/2025,Pending,Delhi,Chennai,12.34,27/03/2025,,
SHO5478,BLUEDART,17/04/2025,Pending,Bangalore,Chennai,342.72,22/04/2025,,
SHO5479,BLUEDART,08/12/2025,Delayed,Mumbai,Chennai,322.27,10/12/2025,20/12/2025,
SHO5480,DHL,20/05/2024,In Transit,Chennai,Bangalore,201.68,24/05/2024,,
SHO5486,BLUEDART,17/07/2024,Delayed,Mumbai,Pune,479.71,24/07/2024,03/08/2024,
SHO5487,BLUEDART,09/08/2025,Delivered,Chennai,Mumbai,31.95,09/10/2025,09/12/2025,61
SHO5488,FEDEX,30/01/2024,In Transit,Chennai,Mumbai,421.4,02/02/2024,,
SHO5490,DHL,24/10/2025,Delayed,Delhi,Pune,229.18,26/10/2025,,
SHO5492,BLUEDART,21/12/2025,Accepted,Mumbai,Hyderabad,122.52,25/12/2025,,
SHO5501,FEDEX,10/08/2024,Delayed,Bangalore,Delhi,238.56,10/10/2024,20/10/2024,
SHO5503,BLUEDART,05/11/2024,Accepted,Delhi,Hyderabad,260.12,07/11/2024,,
SHO5506,BLUEDART,21/06/2025,Delayed,Mumbai,Chennai,190.15,27/06/2025,29/06/2025,
SHO5507,DHL,20/01/2025,Delivered,Bangalore,Chennai,310.93,24/01/2025,27/01/2025,3
SHO5513,FEDEX,05/09/2026,Accepted,Bangalore,Hyderabad,192.36,05/11/2026,,
SHO5514,BLUEDART,16/02/2025,Delayed,Chennai,Hyderabad,171.51,21/02/2025,28/02/2025,
SHO5515,DHL,21/02/2025,Accepted,Hyderabad,Pune,21.92,28/02/2025,,
SHO5517,DHL,26/02/2024,Accepted,Hyderabad,Mumbai,258.36,28/02/2024,,
SHO5518,FEDEX,13/01/2024,Pending,Hyderabad,Mumbai,24.2,20/01/2024,,
SHO5520,DHL,09/08/2024,Pending,Mumbai,Pune,255.57,12/08/2024,,
SHO5521,BLUEDART,12/02/2024,Delayed,Bangalore,Delhi,459.3,12/05/2024,,
SHO5523,BLUEDART,31/03/2024,Delayed,Hyderabad,Delhi,237.36,06/04/2024,15/04/2024,
SHO5524,DHL,21/01/2025,Delayed,Pune,Delhi,125.0,26/01/2025,31/01/2025,
SHO5530,FEDEX,09/06/2024,In Transit,Mumbai,Delhi,495.34,13/09/2024,,
SHO5532,BLUEDART,15/09/2024,In Transit,Chennai,Hyderabad,165.35,18/09/2024,,
SHO5534,BLUEDART,21/01/2026,Pending,Pune,Hyderabad,75.17,25/01/2026,,
SHO5536,DHL,21/06/2024,Pending,Delhi,Mumbai,458.97,28/06/2024,,
SHO5537,DHL,25/05/2026,Pending,Hyderabad,Bangalore,429.08,27/05/2026,,
SHO5538,FEDEX,11/11/2025,Pending,Bangalore,Delhi,277.83,13/11/2025,,
SHO5539,FEDEX,31/07/2025,In Transit,Hyderabad,Mumbai,33.61,04/08/2025,,
SHO5540,BLUEDART,07/06/2024,In Transit,Hyderabad,Chennai,253.78,06/12/2024,,
SHO5543,BLUEDART,22/11/2024,Delayed,Pune,Hyderabad,170.02,29/11/2024,30/11/2024,
SHO5545,DHL,06/05/2024,Delayed,Hyderabad,Delhi,72.55,12/05/2024,22/05/2024,
SHO5547,FEDEX,14/06/2026,Accepted,Pune,Bangalore,461.19,18/06/2026,,
SHO5548,FEDEX,01/02/2024,Pending,Hyderabad,Mumbai,499.38,07/02/2024,,
SHO5555,DHL,20/12/2025,Delayed,Bangalore,Mumbai,2.38,25/12/2025,04/01/2026,
SHO5561,DHL,06/06/2025,Pending,Mumbai,Delhi,22.45,08/06/2025,,
SHO5566,DHL,02/08/2024,Delivered,Hyderabad,Mumbai,169.64,08/09/2024,13/08/2024,0
SHO5568,BLUEDART,09/09/2024,Delayed,Mumbai,Pune,183.63,13/09/2024,22/09/2024,
SHO5574,FEDEX,26/09/2024,Accepted,Bangalore,Pune,48.54,30/09/2024,,
SHO5575,DHL,03/10/2025,Pending,Chennai,Bangalore,320.01,05/10/2025,,
SHO5576,DHL,12/09/2024,In Transit,Hyderabad,Mumbai,72.01,14/09/2024,,
SHO5577,BLUEDART,24/06/2025,Accepted,Hyderabad,Delhi,472.69,27/06/2025,,
SHO5579,FEDEX,10/04/2024,Delayed,Hyderabad,Delhi,200.27,08/10/2024,17/10/2024,
SHO5582,DHL,12/07/2024,Delivered,Chennai,Bangalore,442.55,16/07/2024,19/07/2024,3
SHO5583,BLUEDART,26/10/2024,In Transit,Delhi,Chennai,2.7,28/10/2024,,
SHO5584,BLUEDART,15/09/2025,Delayed,Hyderabad,Chennai,146.42,19/09/2025,24/09/2025,
SHO5586,FEDEX,07/12/2024,Delayed,Chennai,Delhi,367.98,11/12/2024,17/12/2024,
SHO5587,BLUEDART,22/10/2025,Pending,Chennai,Pune,365.44,29/10/2025,,
SHO5589,FEDEX,05/03/2025,Accepted,Pune,Delhi,474.6,05/05/2025,,
SHO5591,DHL,13/05/2026,Pending,Hyderabad,Bangalore,199.01,15/05/2026,,
SHO5595,BLUEDART,19/04/2024,Accepted,Pune,Hyderabad,89.31,21/04/2024,,
SHO5596,DHL,06/10/2024,Delayed,Pune,Delhi,470.31,12/10/2024,,
SHO5597,FEDEX,03/05/2024,Pending,Pune,Mumbai,359.96,05/05/2024,,
SHO5600,DHL,23/09/2024,In Transit,Mumbai,Hyderabad,287.06,30/09/2024,,
SHO5603,DHL,19/05/2025,Pending,Bangalore,Mumbai,215.05,25/05/2025,,
SHO5604,BLUEDART,30/01/2026,Pending,Chennai,Bangalore,441.7,05/02/2026,,
SHO5609,DHL,14/04/2026,Delayed,Chennai,Pune,201.06,21/04/2026,27/04/2026,
SHO5612,BLUEDART,15/02/2024,Delayed,Mumbai,Pune,34.72,20/02/2024,27/02/2024,
SHO5616,BLUEDART,01/07/2025,Delivered,Mumbai,Bangalore,217.11,07/07/2025,08/07/2025,1
SHO5617,FEDEX,11/04/2025,Delivered,Delhi,Pune,457.5,06/11/2025,11/05/2025,0
SHO5621,BLUEDART,27/04/2026,In Transit,Bangalore,Delhi,433.02,29/04/2026,,
SHO5623,BLUEDART,18/10/2025,In Transit,Mumbai,Delhi,160.81,23/10/2025,,
SHO5629,DHL,30/05/2024,In Transit,Bangalore,Hyderabad,431.19,05/06/2024,,
SHO5631,BLUEDART,21/01/2024,Delivered,Delhi,Bangalore,460.93,27/01/2024,25/01/2024,0
SHO5634,FEDEX,14/10/2025,Delivered,Mumbai,Bangalore,466.28,21/10/2025,24/10/2025,3
SHO5636,DHL,02/09/2024,Accepted,Mumbai,Hyderabad,469.78,05/09/2024,,
SHO5637,DHL,12/09/2025,Pending,Chennai,Mumbai,408.64,16/12/2025,,
SHO5643,FEDEX,16/11/2025,Pending,Chennai,Mumbai,35.27,22/11/2025,,
SHO5645,FEDEX,19/04/2026,Delayed,Bangalore,Hyderabad,319.35,24/04/2026,05/01/2026,
SHO5650,BLUEDART,31/12/2025,Pending,Pune,Hyderabad,278.52,06/01/2026,,
SHO5654,FEDEX,18/10/2024,Pending,Bangalore,Hyderabad,178.01,22/10/2024,,
SHO5656,FEDEX,10/03/2024,In Transit,Chennai,Pune,128.63,15/03/2024,,
SHO5657,BLUEDART,20/04/2025,In Transit,Chennai,Pune,487.67,27/04/2025,,
SHO5658,BLUEDART,15/03/2025,Pending,Chennai,Pune,383.14,18/03/2025,,
SHO5660,FEDEX,25/01/2024,Delayed,Pune,Hyderabad,41.89,31/01/2024,08/02/2024,
SHO5664,BLUEDART,12/03/2025,Delivered,Delhi,Pune,453.65,12/06/2025,12/09/2025,92
SHO5665,DHL,04/02/2025,Delayed,Bangalore,Mumbai,240.58,04/08/2025,17/04/2025,
SHO5669,DHL,12/06/2025,Delivered,Pune,Chennai,400.32,18/06/2025,23/06/2025,5
SHO5673,BLUEDART,24/10/2024,In Transit,Bangalore,Hyderabad,92.9,27/10/2024,,
SHO5676,DHL,21/04/2026,Delivered,Chennai,Bangalore,266.75,24/04/2026,22/04/2026,0
SHO5679,BLUEDART,24/02/2026,Delayed,Delhi,Chennai,57.12,01/03/2026,03/06/2026,
SHO5681,DHL,20/11/2024,Accepted,Delhi,Pune,192.79,26/11/2024,29/11/2024,
SHO5684,FEDEX,21/06/2024,In Transit,Delhi,Mumbai,103.23,27/06/2024,,
SHO5696,BLUEDART,06/02/2025,Delayed,Hyderabad,Mumbai,112.76,06/06/2025,08/06/2025,
SHO5700,DHL,26/04/2024,Delayed,Hyderabad,Mumbai,27.01,02/05/2024,05/03/2024,
SHO5701,DHL,26/05/2025,Delayed,Pune,Chennai,191.84,31/05/2025,10/06/2025,
SHO5703,DHL,04/01/2026,In Transit,Mumbai,Bangalore,382.65,03/04/2026,,
SHO5706,DHL,27/06/2024,Pending,Mumbai,Bangalore,387.35,29/06/2024,,
SHO5707,DHL,15/06/2026,Accepted,Delhi,Bangalore,199.07,18/06/2026,,
SHO5709,DHL,23/10/2024,In Transit,Bangalore,Chennai,454.04,25/10/2024,,
SHO5710,DHL,04/10/2024,Delayed,Bangalore,Delhi,63.02,09/10/2024,10/11/2024,
SHO5711,DHL,27/10/2025,Delivered,Chennai,Mumbai,398.45,03/11/2025,08/11/2025,5
SHO5713,FEDEX,15/12/2024,Delayed,Chennai,Mumbai,317.94,20/12/2024,30/12/2024,
SHO5716,BLUEDART,20/12/2024,Delayed,Pune,Chennai,101.9,22/12/2024,26/12/2024,
SHO5717,FEDEX,21/09/2025,In Transit,Bangalore,Chennai,410.74,25/09/2025,,
SHO5718,FEDEX,19/03/2024,Accepted,Bangalore,Chennai,31.8,25/03/2024,28/03/2024,
SHO5719,DHL,30/03/2026,Delayed,Chennai,Bangalore,265.24,01/04/2026,04/09/2026,
SHO5720,BLUEDART,17/04/2024,Pending,Bangalore,Mumbai,175.84,19/04/2024,,
SHO5722,DHL,26/06/2025,In Transit,Chennai,Bangalore,40.67,30/06/2025,,
SHO5723,FEDEX,16/07/2024,Delayed,Hyderabad,Chennai,109.1,18/07/2024,24/07/2024,
SHO5725,FEDEX,13/10/2024,In Transit,Pune,Bangalore,398.42,20/10/2024,,
SHO5738,BLUEDART,15/05/2025,In Transit,Bangalore,Chennai,8.01,20/05/2025,,
SHO5740,FEDEX,11/02/2025,Delivered,Bangalore,Delhi,481.47,11/09/2025,09/11/2025,59
SHO5741,DHL,15/07/2024,Pending,Hyderabad,Bangalore,402.6,17/07/2024,,
SHO5743,DHL,20/05/2025,Delayed,Chennai,Pune,200.8,24/05/2025,28/05/2025,
SHO5749,FEDEX,25/02/2026,Delivered,Mumbai,Bangalore,99.38,03/03/2026,05/03/2026,2
SHO5750,DHL,17/06/2026,Delivered,Delhi,Chennai,123.82,23/06/2026,25/06/2026,2
SHO5753,FEDEX,18/11/2025,In Transit,Bangalore,Chennai,463.65,24/11/2025,,
SHO5754,FEDEX,21/01/2026,Delivered,Chennai,Pune,269.43,24/01/2026,26/01/2026,2
SHO5755,DHL,20/03/2024,In Transit,Delhi,Mumbai,155.55,27/03/2024,,
SHO5762,FEDEX,27/07/2025,Accepted,Hyderabad,Chennai,338.92,02/08/2025,,
SHO5766,BLUEDART,11/02/2024,Delayed,Hyderabad,Chennai,335.45,13/02/2024,16/02/2024,
SHO5770,BLUEDART,26/01/2025,In Transit,Delhi,Chennai,308.86,29/01/2025,,
SHO5771,BLUEDART,26/01/2025,Pending,Bangalore,Mumbai,324.85,29/01/2025,,
SHO5778,DHL,13/06/2026,Delivered,Mumbai,Chennai,239.7,15/06/2026,13/06/2026,0
SHO5782,DHL,09/06/2025,Accepted,Bangalore,Pune,465.01,14/06/2025,,
SHO5784,BLUEDART,03/02/2024,Pending,Mumbai,Bangalore,241.52,03/06/2024,,
SHO5785,FEDEX,15/12/2025,In Transit,Pune,Delhi,181.48,21/12/2025,,
SHO5786,DHL,14/03/2025,Delayed,Chennai,Bangalore,345.03,21/03/2025,25/03/2025,
SHO5789,FEDEX,21/03/2025,In Transit,Chennai,Hyderabad,10.81,24/03/2025,,
SHO5790,DHL,15/12/2024,In Transit,Hyderabad,Pune,250.27,18/12/2024,,
SHO5792,DHL,15/08/2025,Delayed,Pune,Bangalore,243.64,21/08/2025,,
SHO5796,FEDEX,20/06/2026,Pending,Chennai,Pune,448.98,26/06/2026,,
SHO5799,DHL,13/03/2025,In Transit,Bangalore,Hyderabad,308.27,18/03/2025,,
SHO5802,FEDEX,12/05/2024,Pending,Hyderabad,Chennai,413.51,14/05/2024,,
SHO5804,DHL,07/09/2024,Accepted,Pune,Mumbai,302.14,09/09/2024,,
SHO5806,BLUEDART,14/03/2026,Pending,Delhi,Hyderabad,191.51,21/03/2026,,
SHO5810,DHL,10/08/2024,Pending,Delhi,Chennai,312.7,15/10/2024,,
SHO5811,FEDEX,04/01/2026,In Transit,Chennai,Pune,185.9,07/01/2026,,
SHO5812,FEDEX,20/11/2024,Accepted,Bangalore,Mumbai,30.64,22/11/2024,,
SHO5813,BLUEDART,24/01/2024,Accepted,Delhi,Chennai,478.71,26/01/2024,,
SHO5814,FEDEX,07/06/2024,In Transit,Hyderabad,Bangalore,79.49,13/07/2024,,
SHO5816,BLUEDART,02/01/2025,Delayed,Bangalore,Chennai,274.08,08/02/2025,02/12/2025,
SHO5820,DHL,06/05/2026,Pending,Pune,Mumbai,430.28,06/09/2026,,
SHO5821,BLUEDART,25/04/2025,Delivered,Chennai,Bangalore,267.49,27/04/2025,02/05/2025,5
SHO5822,BLUEDART,17/12/2025,Accepted,Hyderabad,Delhi,346.0,20/12/2025,,
SHO5825,FEDEX,20/09/2025,Accepted,Pune,Mumbai,220.11,24/09/2025,,
SHO5826,BLUEDART,15/12/2024,Delayed,Chennai,Mumbai,103.84,20/12/2024,,
SHO5827,BLUEDART,20/05/2024,In Transit,Mumbai,Delhi,96.32,22/05/2024,,
SHO5838,FEDEX,01/01/2026,Delivered,Delhi,Mumbai,28.37,04/01/2026,01/05/2026,117
SHO5847,BLUEDART,15/09/2024,Pending,Bangalore,Mumbai,125.69,18/09/2024,,
SHO5849,BLUEDART,06/01/2024,Pending,Chennai,Pune,216.0,06/04/2024,,
SHO5851,BLUEDART,18/03/2026,Accepted,Bangalore,Mumbai,391.91,20/03/2026,,
SHO5852,FEDEX,19/05/2026,Pending,Pune,Chennai,242.37,22/05/2026,,
SHO5853,FEDEX,18/10/2025,Accepted,Bangalore,Chennai,164.73,21/10/2025,20/10/2025,
SHO5854,FEDEX,23/12/2025,In Transit,Pune,Chennai,258.59,27/12/2025,,
SHO5856,DHL,30/06/2024,Delayed,Chennai,Hyderabad,225.35,02/07/2024,03/07/2024,
SHO5857,BLUEDART,29/08/2024,Delayed,Pune,Bangalore,431.14,01/09/2024,09/07/2024,
SHO5858,BLUEDART,13/05/2024,Accepted,Mumbai,Hyderabad,45.88,15/05/2024,23/05/2024,
SHO5860,DHL,25/06/2024,Pending,Bangalore,Chennai,270.82,28/06/2024,,
SHO5862,DHL,18/05/2026,Pending,Chennai,Bangalore,205.3,21/05/2026,,
SHO5863,DHL,10/10/2025,In Transit,Bangalore,Mumbai,35.13,14/10/2025,,
SHO5864,BLUEDART,14/11/2024,Delayed,Pune,Mumbai,305.13,20/11/2024,29/11/2024,
SHO5865,BLUEDART,21/04/2024,In Transit,Pune,Bangalore,38.42,26/04/2024,,
SHO5866,FEDEX,12/11/2025,Pending,Hyderabad,Delhi,1.49,15/12/2025,,
SHO5867,BLUEDART,18/01/2025,Pending,Bangalore,Chennai,259.39,24/01/2025,,
SHO5874,BLUEDART,23/12/2025,In Transit,Pune,Delhi,162.15,28/12/2025,,
SHO5876,DHL,13/06/2024,Delayed,Mumbai,Delhi,233.05,18/06/2024,19/06/2024,
SHO5877,FEDEX,25/09/2025,In Transit,Bangalore,Mumbai,421.88,01/10/2025,,
SHO5878,BLUEDART,30/11/2025,Pending,Bangalore,Delhi,192.96,04/12/2025,,
SHO5879,BLUEDART,26/01/2024,Delivered,Chennai,Bangalore,140.02,31/01/2024,02/02/2024,2
SHO5880,FEDEX,18/09/2025,Pending,Delhi,Bangalore,124.87,22/09/2025,,
SHO5881,BLUEDART,04/02/2025,Delayed,Delhi,Mumbai,412.51,10/02/2025,13/02/2025,
SHO5883,DHL,21/09/2025,Delayed,Hyderabad,Mumbai,209.84,23/09/2025,30/09/2025,
SHO5884,FEDEX,07/06/2026,Pending,Hyderabad,Pune,449.43,06/09/2026,,
SHO5886,FEDEX,16/09/2025,Pending,Delhi,Bangalore,142.99,23/09/2025,,
SHO5888,FEDEX,06/07/2025,In Transit,Chennai,Bangalore,183.41,13/07/2025,,
SHO5891,FEDEX,21/10/2024,Pending,Bangalore,Delhi,38.43,24/10/2024,,
SHO5892,DHL,09/07/2024,Delayed,Chennai,Bangalore,368.51,09/09/2024,14/09/2024,
SHO5899,FEDEX,06/04/2024,Pending,Delhi,Pune,242.75,11/06/2024,,
SHO5905,FEDEX,04/01/2024,Delivered,Hyderabad,Pune,492.1,07/01/2024,01/08/2024,207
SHO5906,BLUEDART,09/10/2025,Accepted,Mumbai,Delhi,232.54,11/10/2025,,
SHO5908,DHL,12/11/2025,Delayed,Delhi,Hyderabad,220.43,15/11/2025,19/11/2025,
SHO5911,BLUEDART,24/06/2026,In Transit,Bangalore,Delhi,51.32,01/07/2026,,
SHO5913,BLUEDART,11/09/2025,Delayed,Chennai,Bangalore,374.57,16/09/2025,,
SHO5916,DHL,14/05/2026,In Transit,Mumbai,Pune,304.71,16/05/2026,,
SHO5918,FEDEX,30/01/2025,Pending,Hyderabad,Pune,135.02,02/02/2025,,
SHO5919,DHL,04/04/2024,Delayed,Pune,Bangalore,443.82,04/07/2024,,
SHO5925,DHL,24/06/2026,In Transit,Bangalore,Pune,446.41,26/06/2026,,
SHO5926,DHL,22/06/2024,Pending,Hyderabad,Pune,178.6,28/06/2024,,
SHO5930,DHL,13/12/2024,Delayed,Delhi,Chennai,331.82,17/12/2024,,
SHO5931,BLUEDART,18/07/2024,In Transit,Pune,Delhi,413.73,22/07/2024,,
SHO5932,FEDEX,06/07/2024,Pending,Bangalore,Hyderabad,37.97,06/10/2024,,
SHO5933,DHL,12/03/2026,Accepted,Hyderabad,Pune,337.02,16/03/2026,,
SHO5934,FEDEX,19/04/2024,Delivered,Hyderabad,Mumbai,387.6,23/04/2024,21/04/2024,0
SHO5938,BLUEDART,25/12/2024,Delayed,Chennai,Delhi,115.52,29/12/2024,30/12/2024,
SHO5939,FEDEX,25/11/2025,Delayed,Mumbai,Bangalore,14.41,01/12/2025,,
SHO5941,FEDEX,21/05/2024,Delivered,Delhi,Chennai,271.82,26/05/2024,31/05/2024,5
SHO5942,FEDEX,19/08/2024,Pending,Delhi,Bangalore,97.31,24/08/2024,,
SHO5946,BLUEDART,19/06/2024,Accepted,Bangalore,Pune,320.55,21/06/2024,,
SHO5949,DHL,04/08/2025,Pending,Mumbai,Chennai,20.18,08/10/2025,,
SHO5951,DHL,06/09/2025,Delivered,Delhi,Chennai,445.8,12/09/2025,10/09/2025,0
SHO5953,FEDEX,24/12/2024,Pending,Pune,Chennai,491.46,26/12/2024,,
SHO5954,FEDEX,24/04/2025,Delayed,Mumbai,Chennai,293.73,26/04/2025,,
SHO5955,BLUEDART,26/01/2024,Pending,Chennai,Mumbai,289.34,30/01/2024,,
SHO5956,BLUEDART,30/01/2025,In Transit,Pune,Bangalore,399.92,02/02/2025,,
SHO5958,FEDEX,12/06/2025,In Transit,Pune,Hyderabad,51.77,17/06/2025,,
SHO5962,DHL,24/08/2025,Delivered,Delhi,Pune,123.31,27/08/2025,25/08/2025,0
SHO5964,BLUEDART,14/01/2024,Delayed,Hyderabad,Mumbai,50.76,21/01/2024,27/01/2024,
SHO5965,DHL,23/01/2026,Delivered,Bangalore,Chennai,128.08,30/01/2026,30/01/2026,0
SHO5970,DHL,23/05/2026,Accepted,Pune,Hyderabad,459.75,27/05/2026,,
SHO5973,BLUEDART,31/03/2025,Delayed,Chennai,Delhi,152.26,04/04/2025,09/04/2025,
SHO5978,FEDEX,27/01/2024,In Transit,Pune,Chennai,2.07,29/01/2024,,
SHO5981,FEDEX,06/06/2025,Delayed,Mumbai,Hyderabad,53.87,08/06/2025,17/06/2025,
SHO5982,FEDEX,25/12/2025,Pending,Hyderabad,Chennai,372.71,27/12/2025,,
SHO5985,FEDEX,07/11/2024,In Transit,Mumbai,Pune,302.3,13/11/2024,,
SHO5986,FEDEX,14/09/2024,Pending,Hyderabad,Bangalore,181.16,21/09/2024,,
SHO5987,BLUEDART,11/04/2024,Pending,Delhi,Chennai,347.49,09/11/2024,,
SHO5989,FEDEX,18/02/2025,In Transit,Delhi,Hyderabad,132.62,20/02/2025,,
SHO5990,FEDEX,07/06/2025,Delivered,Chennai,Hyderabad,301.2,10/07/2025,13/07/2025,3
SHO5992,DHL,23/11/2024,In Transit,Pune,Bangalore,59.6,30/11/2024,,
SHO5993,DHL,04/02/2026,Delayed,Hyderabad,Pune,421.3,08/04/2026,17/04/2026,
SHO5995,BLUEDART,28/07/2025,In Transit,Hyderabad,Delhi,417.89,30/07/2025,,
SHO5998,BLUEDART,27/02/2025,Accepted,Mumbai,Delhi,289.09,03/04/2025,,
SHO6003,BLUEDART,06/06/2026,Delivered,Pune,Mumbai,68.56,09/06/2026,08/06/2026,0
SHO6005,DHL,19/05/2025,In Transit,Bangalore,Delhi,323.45,23/05/2025,,
SHO6011,BLUEDART,24/01/2024,Delivered,Mumbai,Bangalore,242.49,29/01/2024,02/03/2024,33
SHO6013,BLUEDART,27/11/2024,In Transit,Chennai,Mumbai,9.68,03/12/2024,,
SHO6015,FEDEX,24/04/2025,Delivered,Chennai,Mumbai,453.08,29/04/2025,27/04/2025,0
SHO6017,BLUEDART,09/08/2025,Pending,Pune,Hyderabad,458.47,10/09/2025,,
SHO6024,BLUEDART,17/11/2025,Pending,Bangalore,Hyderabad,324.89,20/11/2025,,
SHO6027,BLUEDART,30/07/2024,Pending,Hyderabad,Pune,229.94,03/08/2024,,
SHO6029,FEDEX,28/03/2024,Delayed,Pune,Delhi,201.22,04/04/2024,12/04/2024,
SHO6031,BLUEDART,12/12/2024,Delivered,Hyderabad,Bangalore,220.28,14/12/2024,15/12/2024,1
SHO6034,BLUEDART,23/09/2025,Pending,Mumbai,Bangalore,207.24,26/09/2025,,
SHO6035,FEDEX,26/07/2024,Delivered,Delhi,Hyderabad,340.92,31/07/2024,01/08/2024,1
SHO6037,BLUEDART,28/02/2026,Delayed,Mumbai,Chennai,396.99,02/03/2026,03/11/2026,
SHO6038,BLUEDART,24/08/2024,Pending,Delhi,Bangalore,248.97,31/08/2024,,
SHO6039,FEDEX,20/06/2024,Delivered,Bangalore,Chennai,247.22,26/06/2024,27/06/2024,1
SHO6041,BLUEDART,26/02/2025,In Transit,Mumbai,Bangalore,317.37,05/03/2025,,
SHO6045,DHL,19/03/2025,Pending,Bangalore,Chennai,465.49,22/03/2025,,
SHO6046,FEDEX,20/01/2025,In Transit,Bangalore,Delhi,1.64,27/01/2025,,
SHO6047,DHL,01/03/2024,Delayed,Hyderabad,Mumbai,404.09,07/03/2024,,
SHO6053,FEDEX,22/02/2026,Delayed,Hyderabad,Pune,373.12,28/02/2026,02/03/2026,
SHO6058,DHL,27/02/2026,In Transit,Hyderabad,Bangalore,291.3,04/03/2026,,
SHO6061,DHL,09/08/2024,Accepted,Pune,Delhi,188.0,15/08/2024,,
SHO6062,BLUEDART,08/01/2026,Delivered,Chennai,Hyderabad,114.88,14/01/2026,19/01/2026,5
SHO6063,DHL,26/01/2026,Accepted,Bangalore,Chennai,397.78,29/01/2026,,
SHO6064,BLUEDART,18/09/2024,Delivered,Pune,Delhi,429.33,25/09/2024,28/09/2024,3
SHO6065,DHL,17/03/2024,Pending,Pune,Hyderabad,361.5,22/03/2024,,
SHO6069,BLUEDART,16/06/2025,Delivered,Hyderabad,Delhi,137.84,23/06/2025,27/06/2025,4
SHO6082,BLUEDART,02/02/2026,Pending,Chennai,Pune,124.1,06/02/2026,,
SHO6083,DHL,07/02/2025,Delayed,Mumbai,Pune,369.34,09/07/2025,19/07/2025,
SHO6084,DHL,28/10/2025,Pending,Delhi,Bangalore,126.23,02/11/2025,,
SHO6088,FEDEX,01/07/2025,Pending,Pune,Chennai,13.04,01/09/2025,,
SHO6089,FEDEX,04/04/2024,Pending,Delhi,Mumbai,352.5,09/04/2024,,
SHO6090,FEDEX,15/09/2024,In Transit,Delhi,Bangalore,140.77,22/09/2024,,
SHO6094,DHL,02/02/2026,Pending,Mumbai,Bangalore,135.12,02/07/2026,,
SHO6097,FEDEX,01/01/2025,Pending,Chennai,Delhi,293.25,06/01/2025,,
SHO6099,BLUEDART,23/01/2024,Pending,Mumbai,Delhi,132.48,27/01/2024,,
SHO6100,FEDEX,07/10/2025,Delivered,Hyderabad,Bangalore,320.1,14/10/2025,16/10/2025,2
SHO6102,BLUEDART,25/05/2026,Pending,Bangalore,Chennai,424.52,28/05/2026,,
SHO6105,FEDEX,22/03/2025,Accepted,Delhi,Bangalore,256.13,26/03/2025,,
SHO6109,BLUEDART,17/10/2025,Pending,Bangalore,Mumbai,230.17,23/10/2025,,
SHO6111,BLUEDART,15/05/2026,Delayed,Pune,Bangalore,131.1,20/05/2026,30/05/2026,
SHO6121,BLUEDART,25/01/2026,Delayed,Hyderabad,Delhi,360.73,01/02/2026,08/02/2026,
SHO6124,BLUEDART,22/05/2024,In Transit,Hyderabad,Chennai,124.65,27/05/2024,,
SHO6125,BLUEDART,28/06/2024,Pending,Pune,Delhi,30.07,30/06/2024,,
SHO6128,BLUEDART,22/02/2025,Pending,Bangalore,Delhi,493.52,24/02/2025,,
SHO6131,DHL,07/12/2024,Pending,Hyderabad,Pune,108.02,12/12/2024,,
SHO6137,DHL,23/02/2025,In Transit,Bangalore,Chennai,168.34,26/02/2025,,
SHO6139,FEDEX,19/10/2024,In Transit,Pune,Delhi,332.14,21/10/2024,,
SHO6140,BLUEDART,22/08/2024,In Transit,Pune,Mumbai,211.3,27/08/2024,,
SHO6141,FEDEX,23/04/2026,Pending,Chennai,Delhi,308.13,27/04/2026,,
SHO6142,DHL,23/12/2025,Delayed,Hyderabad,Mumbai,50.21,30/12/2025,01/04/2026,
SHO6143,DHL,05/03/2025,Delayed,Mumbai,Delhi,483.67,05/07/2025,09/05/2025,
SHO6144,FEDEX,17/04/2025,Pending,Delhi,Bangalore,221.28,21/04/2025,,
SHO6146,BLUEDART,23/03/2026,In Transit,Delhi,Chennai,463.55,25/03/2026,,
SHO6149,FEDEX,01/03/2024,Delayed,Bangalore,Chennai,239.18,07/03/2024,09/03/2024,
SHO6153,BLUEDART,24/06/2026,Delayed,Bangalore,Pune,485.27,30/06/2026,09/07/2026,
SHO6156,FEDEX,12/10/2024,Pending,Chennai,Hyderabad,49.17,17/10/2024,,
SHO6157,BLUEDART,18/11/2025,Pending,Mumbai,Pune,419.79,24/11/2025,,
SHO6158,DHL,17/12/2024,Delivered,Mumbai,Hyderabad,364.12,22/12/2024,22/12/2024,0
SHO6159,FEDEX,02/01/2026,Accepted,Delhi,Hyderabad,420.24,07/01/2026,,
SHO6161,BLUEDART,15/04/2025,Pending,Hyderabad,Delhi,325.49,19/04/2025,,
SHO6162,BLUEDART,29/02/2024,Pending,Mumbai,Chennai,401.12,03/05/2024,,
SHO6167,FEDEX,09/04/2025,In Transit,Chennai,Delhi,272.22,09/10/2025,,
SHO6170,DHL,16/03/2025,Delivered,Hyderabad,Chennai,465.62,19/03/2025,17/03/2025,0
SHO6172,FEDEX,26/06/2026,Pending,Hyderabad,Pune,230.18,01/07/2026,,
SHO6174,BLUEDART,18/08/2024,In Transit,Pune,Bangalore,35.18,22/08/2024,,
SHO6177,DHL,07/03/2024,Delivered,Chennai,Bangalore,480.18,07/06/2024,07/04/2024,0
SHO6178,FEDEX,29/09/2024,Accepted,Chennai,Pune,132.09,05/10/2024,,
SHO6179,DHL,21/05/2024,In Transit,Chennai,Delhi,339.81,23/05/2024,,
SHO6181,BLUEDART,12/11/2025,Delayed,Hyderabad,Bangalore,329.41,13/12/2025,21/12/2025,
SHO6186,FEDEX,20/04/2024,Pending,Mumbai,Pune,86.25,26/04/2024,,
SHO6188,BLUEDART,22/06/2024,Delayed,Mumbai,Chennai,84.57,26/06/2024,,
SHO6189,FEDEX,07/08/2024,Delivered,Hyderabad,Chennai,490.79,14/08/2024,15/08/2024,1
SHO6191,FEDEX,27/11/2025,Delivered,Chennai,Bangalore,199.38,30/11/2025,29/11/2025,0
SHO6196,DHL,11/05/2024,Accepted,Bangalore,Chennai,51.29,11/11/2024,,
SHO6198,FEDEX,24/07/2025,Accepted,Delhi,Hyderabad,222.92,30/07/2025,,
SHO6201,BLUEDART,19/09/2024,Pending,Delhi,Mumbai,351.87,23/09/2024,,
SHO6205,DHL,21/02/2024,In Transit,Bangalore,Hyderabad,215.91,27/02/2024,,
SHO6208,BLUEDART,15/04/2026,Delivered,Hyderabad,Mumbai,381.66,17/04/2026,22/04/2026,5
SHO6210,FEDEX,18/05/2025,In Transit,Hyderabad,Delhi,248.7,22/05/2025,,
SHO6211,BLUEDART,21/08/2025,In Transit,Mumbai,Bangalore,61.03,24/08/2025,,
SHO6212,DHL,01/04/2024,Accepted,Delhi,Mumbai,431.82,06/04/2024,,
SHO6213,FEDEX,12/08/2024,In Transit,Mumbai,Delhi,472.58,15/08/2024,,
SHO6214,BLUEDART,06/02/2024,Accepted,Chennai,Pune,200.99,06/06/2024,,
SHO6215,DHL,08/05/2025,Accepted,Pune,Mumbai,70.42,12/05/2025,,
SHO6221,DHL,11/01/2025,Pending,Hyderabad,Chennai,319.4,17/01/2025,,
SHO6222,BLUEDART,27/05/2024,Pending,Bangalore,Pune,203.51,31/05/2024,,
SHO6228,DHL,07/04/2024,Delivered,Pune,Chennai,266.37,13/04/2024,18/04/2024,5
SHO6229,DHL,29/06/2025,Delayed,Hyderabad,Mumbai,8.17,03/07/2025,,
SHO6230,FEDEX,19/02/2026,Pending,Delhi,Bangalore,488.95,25/02/2026,,
SHO6233,DHL,26/01/2025,Accepted,Mumbai,Delhi,274.41,28/01/2025,04/02/2025,
SHO6235,FEDEX,21/01/2024,Delayed,Mumbai,Hyderabad,338.08,23/01/2024,30/01/2024,
SHO6236,DHL,04/03/2025,Accepted,Chennai,Bangalore,496.69,03/09/2025,,
SHO6238,DHL,07/05/2024,In Transit,Hyderabad,Chennai,197.47,12/07/2024,,
SHO6242,DHL,29/09/2025,Accepted,Bangalore,Delhi,405.29,02/10/2025,,
SHO6243,DHL,17/04/2025,Delayed,Bangalore,Chennai,446.15,23/04/2025,,
SHO6247,DHL,14/12/2025,Pending,Chennai,Hyderabad,347.95,20/12/2025,,
SHO6250,FEDEX,18/09/2025,Delayed,Bangalore,Chennai,387.49,22/09/2025,28/09/2025,
SHO6253,BLUEDART,07/09/2024,Delayed,Chennai,Pune,135.44,11/09/2024,16/09/2024,
SHO6254,BLUEDART,10/08/2025,Delayed,Bangalore,Hyderabad,34.15,12/08/2025,19/08/2025,
SHO6255,BLUEDART,19/06/2025,Delivered,Chennai,Hyderabad,369.9,21/06/2025,25/06/2025,4
SHO6256,BLUEDART,19/04/2024,Pending,Bangalore,Delhi,189.25,23/04/2024,,
SHO6259,FEDEX,10/05/2026,Delayed,Bangalore,Hyderabad,493.16,12/05/2026,21/05/2026,
SHO6261,BLUEDART,15/10/2024,In Transit,Delhi,Pune,391.91,22/10/2024,,
SHO6262,FEDEX,30/01/2025,Delivered,Mumbai,Pune,384.88,02/02/2025,02/04/2025,59
SHO6263,FEDEX,12/09/2024,Delayed,Mumbai,Delhi,469.11,19/09/2024,24/09/2024,
SHO6264,DHL,16/09/2024,Accepted,Hyderabad,Pune,416.69,22/09/2024,,
SHO6265,BLUEDART,11/10/2025,Pending,Bangalore,Mumbai,431.63,14/10/2025,,
SHO6272,FEDEX,14/04/2024,In Transit,Chennai,Mumbai,289.92,19/04/2024,,
SHO6276,FEDEX,07/01/2024,Pending,Chennai,Mumbai,311.8,03/07/2024,,
SHO6278,FEDEX,16/05/2024,Delayed,Pune,Delhi,1.62,23/05/2024,28/05/2024,
SHO6279,FEDEX,06/02/2025,In Transit,Chennai,Delhi,359.48,04/06/2025,,
SHO6280,DHL,19/08/2025,Pending,Hyderabad,Bangalore,73.99,26/08/2025,,
SHO6283,FEDEX,16/04/2025,Delivered,Hyderabad,Pune,442.46,21/04/2025,21/04/2025,0
SHO6289,BLUEDART,22/01/2025,In Transit,Pune,Bangalore,36.73,24/01/2025,,
SHO6290,DHL,15/06/2026,In Transit,Bangalore,Pune,115.11,22/06/2026,,
SHO6291,DHL,22/05/2026,Pending,Pune,Mumbai,281.04,25/05/2026,,
SHO6295,DHL,23/08/2024,In Transit,Pune,Bangalore,379.83,29/08/2024,,
SHO6296,DHL,25/07/2025,Delayed,Mumbai,Delhi,84.77,31/07/2025,06/08/2025,
SHO6297,FEDEX,16/03/2026,Delivered,Mumbai,Pune,264.72,18/03/2026,16/03/2026,0
SHO6301,DHL,19/05/2025,In Transit,Bangalore,Chennai,72.41,22/05/2025,,
SHO6303,FEDEX,04/04/2025,In Transit,Hyderabad,Pune,171.45,08/04/2025,,
SHO6306,BLUEDART,24/12/2024,Accepted,Chennai,Mumbai,363.02,26/12/2024,,
SHO6309,BLUEDART,11/10/2025,Delivered,Bangalore,Pune,68.55,16/10/2025,17/10/2025,1
SHO6310,FEDEX,24/05/2026,Accepted,Delhi,Hyderabad,427.92,29/05/2026,,
SHO6311,BLUEDART,15/06/2026,Pending,Pune,Delhi,241.51,19/06/2026,,
SHO6312,DHL,26/09/2025,In Transit,Bangalore,Mumbai,376.45,30/09/2025,,
SHO6313,DHL,10/05/2025,In Transit,Pune,Chennai,413.62,07/10/2025,,
SHO6315,FEDEX,15/05/2025,Pending,Delhi,Bangalore,172.87,21/05/2025,,
SHO6316,FEDEX,15/08/2025,In Transit,Chennai,Pune,425.29,17/08/2025,,
SHO6317,FEDEX,23/08/2025,Pending,Delhi,Pune,251.4,26/08/2025,,
SHO6322,BLUEDART,28/07/2025,Pending,Pune,Bangalore,373.1,30/07/2025,,
SHO6326,BLUEDART,16/10/2025,Delayed,Hyderabad,Chennai,105.79,23/10/2025,11/02/2025,
SHO6330,BLUEDART,14/09/2024,Pending,Pune,Chennai,112.52,17/09/2024,,
SHO6332,DHL,25/06/2024,In Transit,Chennai,Delhi,251.05,28/06/2024,,
SHO6334,DHL,10/02/2024,Delivered,Pune,Mumbai,450.19,10/05/2024,10/06/2024,31
SHO6336,BLUEDART,02/06/2024,Accepted,Delhi,Mumbai,417.5,04/06/2024,,
SHO6338,DHL,05/05/2024,Delayed,Chennai,Pune,372.09,05/11/2024,13/05/2024,
SHO6340,FEDEX,27/02/2024,In Transit,Pune,Bangalore,161.27,01/03/2024,,
SHO6341,DHL,26/11/2025,Pending,Bangalore,Chennai,372.19,28/11/2025,,
SHO6344,BLUEDART,31/01/2026,In Transit,Mumbai,Hyderabad,113.0,02/07/2026,,
SHO6347,DHL,06/02/2026,Pending,Hyderabad,Chennai,201.06,05/06/2026,,
SHO6348,DHL,23/12/2024,Pending,Hyderabad,Mumbai,405.87,29/12/2024,,
SHO6349,BLUEDART,20/11/2024,In Transit,Mumbai,Bangalore,111.16,25/11/2024,,
SHO6351,FEDEX,09/03/2025,Accepted,Delhi,Mumbai,387.85,09/09/2025,,
SHO6354,BLUEDART,06/07/2025,Delivered,Pune,Mumbai,218.42,07/12/2025,07/10/2025,0
SHO6356,BLUEDART,23/05/2026,Pending,Hyderabad,Delhi,39.04,26/05/2026,,
SHO6357,BLUEDART,16/02/2025,Delivered,Chennai,Delhi,315.03,20/02/2025,24/02/2025,4
SHO6360,BLUEDART,15/02/2025,Pending,Bangalore,Chennai,278.22,21/02/2025,,
SHO6362,DHL,18/04/2024,Pending,Delhi,Mumbai,205.05,23/04/2024,,
SHO6363,BLUEDART,06/06/2024,Delivered,Hyderabad,Pune,422.76,09/06/2024,11/06/2024,2
SHO6364,BLUEDART,29/11/2025,In Transit,Bangalore,Mumbai,107.61,06/12/2025,,
SHO6365,BLUEDART,17/07/2025,In Transit,Mumbai,Delhi,296.92,23/07/2025,,
SHO6370,BLUEDART,21/11/2025,In Transit,Bangalore,Mumbai,462.46,23/11/2025,,
SHO6371,DHL,08/02/2024,Pending,Bangalore,Mumbai,231.29,12/02/2024,,
SHO6372,BLUEDART,17/04/2025,Delivered,Delhi,Chennai,0.53,24/04/2025,28/04/2025,4
SHO6373,BLUEDART,18/07/2024,Delayed,Delhi,Hyderabad,104.89,23/07/2024,,
SHO6376,BLUEDART,25/07/2025,In Transit,Bangalore,Mumbai,206.19,01/08/2025,,
SHO6378,FEDEX,13/05/2026,Delayed,Pune,Mumbai,201.5,17/05/2026,26/05/2026,
SHO6379,FEDEX,14/09/2025,Pending,Hyderabad,Pune,405.41,21/09/2025,,
SHO6385,FEDEX,26/04/2024,In Transit,Hyderabad,Pune,446.5,29/04/2024,,
SHO6390,BLUEDART,11/11/2024,Pending,Bangalore,Chennai,105.97,15/11/2024,,
SHO6391,FEDEX,26/01/2024,Delivered,Delhi,Mumbai,392.97,31/01/2024,29/01/2024,0
SHO6397,FEDEX,25/03/2025,In Transit,Pune,Delhi,24.75,28/03/2025,,
SHO6398,FEDEX,05/02/2024,Delayed,Bangalore,Delhi,271.94,08/02/2024,,
SHO6399,DHL,24/11/2024,In Transit,Bangalore,Chennai,316.08,28/11/2024,,
SHO6407,FEDEX,24/03/2024,In Transit,Pune,Delhi,336.76,30/03/2024,,
SHO6408,FEDEX,16/09/2024,Delayed,Delhi,Hyderabad,391.65,23/09/2024,25/09/2024,
SHO6410,BLUEDART,28/07/2025,Delivered,Delhi,Pune,91.16,02/08/2025,01/08/2025,0
SHO6411,BLUEDART,02/05/2024,Delayed,Mumbai,Bangalore,171.6,08/05/2024,05/09/2024,
SHO6412,BLUEDART,08/08/2024,Delayed,Mumbai,Chennai,178.92,15/08/2024,24/08/2024,
SHO6413,DHL,19/04/2024,Accepted,Bangalore,Chennai,362.98,21/04/2024,,
SHO6415,FEDEX,15/04/2024,Pending,Mumbai,Bangalore,199.77,21/04/2024,,
SHO6419,FEDEX,29/06/2025,In Transit,Bangalore,Pune,327.58,05/07/2025,,
SHO6420,BLUEDART,05/02/2024,Delivered,Pune,Chennai,493.82,11/02/2024,15/02/2024,4
SHO6421,DHL,03/02/2025,Pending,Chennai,Mumbai,342.31,10/02/2025,,
SHO6424,FEDEX,27/02/2025,Accepted,Hyderabad,Mumbai,150.41,03/03/2025,02/03/2025,
SHO6426,DHL,27/06/2024,Pending,Mumbai,Pune,178.65,30/06/2024,,
SHO6427,FEDEX,03/06/2024,Delivered,Delhi,Mumbai,219.38,09/06/2024,06/07/2024,27
SHO6429,FEDEX,14/08/2025,Pending,Chennai,Mumbai,374.38,18/08/2025,,
SHO6431,DHL,15/10/2024,Pending,Mumbai,Hyderabad,107.62,20/10/2024,,
SHO6433,FEDEX,25/10/2024,In Transit,Delhi,Pune,486.73,29/10/2024,,
SHO6436,DHL,02/01/2026,Delayed,Delhi,Hyderabad,250.15,01/04/2026,01/06/2026,
SHO6439,DHL,21/05/2025,Accepted,Pune,Hyderabad,433.93,28/05/2025,,
SHO6442,BLUEDART,30/04/2025,Accepted,Mumbai,Pune,332.6,05/05/2025,,
SHO6445,DHL,28/07/2025,Pending,Chennai,Mumbai,166.06,30/07/2025,,
SHO6446,BLUEDART,06/02/2026,Pending,Mumbai,Chennai,272.85,11/02/2026,,
SHO6451,DHL,05/08/2024,Accepted,Delhi,Chennai,414.46,07/08/2024,08/08/2024,
SHO6452,FEDEX,10/01/2024,Accepted,Bangalore,Pune,278.72,12/01/2024,,
SHO6453,FEDEX,09/02/2026,Pending,Bangalore,Delhi,67.81,02/12/2026,,
SHO6455,BLUEDART,14/11/2024,Accepted,Pune,Mumbai,176.38,17/11/2024,27/11/2024,
SHO6459,BLUEDART,26/10/2025,In Transit,Bangalore,Chennai,14.99,31/10/2025,,
SHO6460,BLUEDART,26/09/2024,Accepted,Pune,Mumbai,57.69,29/09/2024,10/09/2024,
SHO6463,BLUEDART,17/01/2024,Delayed,Delhi,Hyderabad,82.24,22/01/2024,,
SHO6466,FEDEX,22/05/2026,Delivered,Chennai,Bangalore,467.2,26/05/2026,29/05/2026,3
SHO6470,BLUEDART,26/10/2025,Delayed,Mumbai,Pune,57.8,30/10/2025,11/08/2025,
SHO6471,DHL,02/01/2025,Delivered,Hyderabad,Delhi,366.83,02/05/2025,02/06/2025,31
SHO6472,BLUEDART,02/05/2026,Pending,Pune,Chennai,241.07,02/11/2026,,
SHO6475,BLUEDART,22/06/2026,Delivered,Hyderabad,Pune,42.82,24/06/2026,22/06/2026,0
SHO6477,FEDEX,03/06/2026,Delayed,Bangalore,Delhi,252.94,07/06/2026,,
SHO6480,DHL,14/10/2025,Delayed,Hyderabad,Pune,145.01,17/10/2025,21/10/2025,
SHO6483,DHL,05/04/2025,Accepted,Delhi,Mumbai,83.24,07/04/2025,,
SHO6484,BLUEDART,17/09/2024,Delayed,Chennai,Bangalore,289.39,23/09/2024,29/09/2024,
SHO6486,DHL,25/02/2026,Delivered,Bangalore,Hyderabad,486.49,27/02/2026,28/02/2026,1
SHO6487,FEDEX,05/08/2025,Delivered,Mumbai,Bangalore,221.34,08/11/2025,08/09/2025,0
SHO6489,BLUEDART,23/11/2024,Pending,Pune,Delhi,139.41,28/11/2024,,
SHO6504,BLUEDART,10/10/2025,In Transit,Delhi,Hyderabad,396.27,17/10/2025,,
SHO6505,BLUEDART,29/05/2024,Pending,Hyderabad,Delhi,31.94,31/05/2024,,
SHO6508,BLUEDART,04/01/2025,Delivered,Bangalore,Pune,298.57,03/04/2025,02/04/2025,0
SHO6510,BLUEDART,11/05/2026,Delayed,Hyderabad,Bangalore,384.24,18/05/2026,28/05/2026,
SHO6511,DHL,13/06/2025,Delivered,Hyderabad,Mumbai,163.22,18/06/2025,21/06/2025,3
SHO6516,FEDEX,09/04/2026,Pending,Delhi,Mumbai,391.39,13/04/2026,,
SHO6518,BLUEDART,13/06/2025,Delayed,Chennai,Hyderabad,178.22,16/06/2025,23/06/2025,
SHO6520,FEDEX,15/09/2025,Delayed,Bangalore,Delhi,267.65,17/09/2025,24/09/2025,
SHO6530,FEDEX,15/05/2025,Pending,Delhi,Mumbai,65.33,22/05/2025,,
SHO6531,BLUEDART,08/03/2025,Accepted,Pune,Hyderabad,393.33,15/03/2025,16/03/2025,
SHO6533,BLUEDART,28/04/2024,Pending,Delhi,Pune,187.35,04/05/2024,,
SHO6536,DHL,05/04/2025,In Transit,Pune,Chennai,219.56,09/04/2025,,
SHO6537,DHL,06/06/2025,Delayed,Chennai,Delhi,180.18,06/10/2025,16/06/2025,
SHO6538,DHL,18/12/2025,Delivered,Bangalore,Delhi,205.85,21/12/2025,21/12/2025,0
SHO6541,DHL,14/05/2026,Delayed,Mumbai,Bangalore,160.41,21/05/2026,,
SHO6543,BLUEDART,17/01/2025,Accepted,Pune,Hyderabad,234.17,23/01/2025,,
SHO6547,BLUEDART,29/07/2025,Pending,Mumbai,Hyderabad,92.8,04/08/2025,,
SHO6549,DHL,19/09/2025,Accepted,Pune,Chennai,144.98,23/09/2025,,
SHO6553,DHL,18/02/2026,Delivered,Chennai,Bangalore,444.79,22/02/2026,26/02/2026,4
SHO6556,DHL,29/07/2024,Pending,Pune,Bangalore,254.43,01/08/2024,,
SHO6557,FEDEX,20/06/2025,In Transit,Delhi,Pune,310.0,27/06/2025,,
SHO6560,DHL,24/10/2025,Delayed,Delhi,Hyderabad,393.12,29/10/2025,,
SHO6561,FEDEX,18/03/2024,Pending,Hyderabad,Chennai,483.77,24/03/2024,,
SHO6562,FEDEX,23/06/2025,In Transit,Bangalore,Delhi,36.66,26/06/2025,,
SHO6564,DHL,14/05/2025,Delayed,Hyderabad,Delhi,249.55,18/05/2025,26/05/2025,
SHO6565,FEDEX,05/06/2026,Accepted,Mumbai,Delhi,48.9,06/09/2026,08/06/2026,
SHO6568,DHL,02/09/2024,Accepted,Delhi,Chennai,286.02,06/09/2024,,
SHO6570,BLUEDART,23/01/2024,Delayed,Chennai,Pune,93.79,25/01/2024,03/02/2024,
SHO6575,BLUEDART,30/05/2025,Pending,Chennai,Bangalore,7.36,04/06/2025,,
SHO6577,BLUEDART,30/04/2025,Delivered,Mumbai,Pune,35.72,05/05/2025,10/05/2025,5
SHO6579,FEDEX,08/03/2025,Delayed,Bangalore,Pune,9.36,13/03/2025,19/03/2025,
SHO6582,DHL,24/12/2024,Delayed,Hyderabad,Bangalore,61.24,31/12/2024,09/01/2025,
SHO6584,FEDEX,13/04/2025,Accepted,Hyderabad,Mumbai,244.73,15/04/2025,,
SHO6587,FEDEX,16/11/2025,Delivered,Delhi,Mumbai,477.1,22/11/2025,23/11/2025,1
SHO6588,DHL,10/12/2024,Delayed,Bangalore,Pune,166.28,15/12/2024,21/12/2024,
SHO6593,FEDEX,10/03/2024,Delivered,Bangalore,Mumbai,168.13,08/10/2024,13/10/2024,5
SHO6594,FEDEX,28/01/2026,Accepted,Bangalore,Hyderabad,21.33,03/02/2026,,
SHO6595,BLUEDART,29/03/2025,Delivered,Chennai,Bangalore,115.6,02/04/2025,06/04/2025,4
SHO6597,FEDEX,06/04/2025,In Transit,Hyderabad,Bangalore,393.0,04/11/2025,,
SHO6599,DHL,27/01/2024,Accepted,Delhi,Hyderabad,370.87,31/01/2024,,
SHO6602,BLUEDART,18/04/2024,Accepted,Chennai,Bangalore,121.35,25/04/2024,,
SHO6603,DHL,28/02/2025,In Transit,Hyderabad,Pune,439.12,06/03/2025,,
SHO6605,DHL,12/07/2024,Delivered,Chennai,Delhi,148.18,12/11/2024,14/12/2024,32
SHO6610,DHL,20/01/2024,Accepted,Hyderabad,Bangalore,242.24,27/01/2024,,
SHO6614,DHL,24/02/2024,Pending,Mumbai,Hyderabad,401.63,27/02/2024,,
SHO6615,FEDEX,09/05/2026,Accepted,Hyderabad,Mumbai,350.87,15/05/2026,,
SHO6617,DHL,09/12/2025,Delayed,Delhi,Bangalore,91.65,13/12/2025,18/12/2025,
SHO6624,DHL,08/11/2024,In Transit,Hyderabad,Mumbai,178.5,14/11/2024,,
SHO6625,DHL,19/08/2025,In Transit,Delhi,Chennai,450.8,24/08/2025,,
SHO6626,DHL,29/06/2026,Delivered,Pune,Delhi,392.41,04/07/2026,03/07/2026,0
SHO6629,FEDEX,27/11/2025,In Transit,Delhi,Mumbai,214.92,02/12/2025,,
SHO6631,BLUEDART,16/06/2025,In Transit,Bangalore,Delhi,33.68,21/06/2025,,
SHO6632,BLUEDART,19/09/2024,Delayed,Delhi,Mumbai,296.81,23/09/2024,10/03/2024,
SHO6634,BLUEDART,17/05/2024,Delayed,Bangalore,Mumbai,471.71,21/05/2024,28/05/2024,
SHO6642,DHL,24/11/2025,In Transit,Mumbai,Pune,116.85,30/11/2025,,
SHO6643,DHL,16/07/2024,Accepted,Bangalore,Hyderabad,419.11,21/07/2024,,
SHO6644,BLUEDART,15/04/2026,Delayed,Delhi,Pune,164.52,19/04/2026,28/04/2026,
SHO6645,BLUEDART,24/04/2024,Delivered,Pune,Hyderabad,152.89,30/04/2024,28/04/2024,0
SHO6649,FEDEX,18/07/2024,Delayed,Mumbai,Bangalore,380.53,22/07/2024,,
SHO6656,DHL,20/11/2025,Accepted,Bangalore,Mumbai,28.39,22/11/2025,,
SHO6658,BLUEDART,22/05/2026,In Transit,Pune,Hyderabad,299.62,24/05/2026,,
SHO6659,FEDEX,23/05/2026,Delivered,Hyderabad,Mumbai,52.01,26/05/2026,25/05/2026,0
SHO6660,FEDEX,27/06/2024,Delayed,Bangalore,Hyderabad,398.14,02/07/2024,,
SHO6663,BLUEDART,16/03/2025,Pending,Bangalore,Mumbai,90.4,21/03/2025,,
SHO6666,BLUEDART,12/01/2024,In Transit,Bangalore,Pune,102.67,17/01/2024,,
SHO6669,FEDEX,09/04/2024,In Transit,Pune,Mumbai,474.17,09/09/2024,,
SHO6670,DHL,06/01/2026,In Transit,Chennai,Pune,323.58,13/01/2026,,
SHO6672,BLUEDART,26/04/2026,In Transit,Bangalore,Pune,427.63,29/04/2026,,
SHO6673,DHL,11/09/2024,Pending,Delhi,Mumbai,243.71,12/11/2024,,
SHO6674,DHL,04/11/2025,Pending,Hyderabad,Bangalore,157.86,11/11/2025,,
SHO6676,BLUEDART,24/03/2026,Accepted,Pune,Mumbai,329.09,27/03/2026,,
SHO6679,DHL,28/03/2024,Accepted,Mumbai,Pune,369.93,04/04/2024,,
SHO6681,DHL,15/03/2025,Delayed,Bangalore,Hyderabad,384.06,22/03/2025,31/03/2025,
SHO6683,FEDEX,19/02/2025,Delivered,Bangalore,Hyderabad,348.48,23/02/2025,27/02/2025,4
SHO6686,DHL,06/04/2025,Delayed,Chennai,Delhi,290.03,09/04/2025,19/04/2025,
SHO6690,DHL,06/02/2025,Delayed,Bangalore,Pune,289.76,05/06/2025,08/06/2025,
SHO6691,FEDEX,08/04/2026,Pending,Chennai,Bangalore,153.42,04/10/2026,,
SHO6695,DHL,28/09/2024,Delayed,Delhi,Pune,111.63,02/10/2024,07/10/2024,
SHO6698,DHL,03/03/2025,In Transit,Bangalore,Delhi,184.05,03/05/2025,,
SHO6701,DHL,18/06/2025,Delayed,Chennai,Delhi,72.6,21/06/2025,28/06/2025,
SHO6702,FEDEX,10/01/2025,Delayed,Delhi,Chennai,109.46,06/10/2025,13/10/2025,
SHO6706,BLUEDART,07/06/2025,In Transit,Hyderabad,Pune,350.67,12/06/2025,,
SHO6708,DHL,24/03/2024,Accepted,Delhi,Pune,236.42,31/03/2024,,
SHO6710,DHL,30/01/2024,Pending,Hyderabad,Pune,285.17,06/02/2024,,
SHO6716,FEDEX,18/04/2024,Pending,Hyderabad,Delhi,182.76,23/04/2024,,
SHO6717,DHL,08/12/2024,Pending,Mumbai,Delhi,334.0,10/12/2024,,
SHO6720,FEDEX,20/03/2025,Delayed,Mumbai,Hyderabad,133.77,25/03/2025,27/03/2025,
SHO6723,BLUEDART,28/04/2025,Accepted,Chennai,Hyderabad,436.05,01/05/2025,,
SHO6724,FEDEX,11/10/2024,Pending,Chennai,Delhi,198.02,13/11/2024,,
SHO6725,BLUEDART,28/02/2024,Delivered,Pune,Mumbai,263.41,03/03/2024,07/03/2024,4
SHO6728,BLUEDART,17/09/2024,Pending,Delhi,Pune,498.55,24/09/2024,,
SHO6729,BLUEDART,18/09/2024,Delivered,Chennai,Pune,162.02,21/09/2024,23/09/2024,2
SHO6730,DHL,22/08/2025,Delivered,Chennai,Bangalore,123.3,29/08/2025,31/08/2025,2
SHO6732,FEDEX,02/05/2024,In Transit,Pune,Mumbai,6.75,02/12/2024,,
SHO6734,BLUEDART,03/07/2025,Accepted,Mumbai,Chennai,310.52,05/07/2025,07/07/2025,
SHO6736,FEDEX,13/04/2024,Pending,Chennai,Delhi,203.55,16/04/2024,,
SHO6737,BLUEDART,11/12/2024,Pending,Delhi,Pune,142.77,14/12/2024,,
SHO6740,BLUEDART,21/01/2025,Pending,Delhi,Hyderabad,203.56,26/01/2025,,
SHO6743,DHL,13/05/2026,In Transit,Mumbai,Delhi,277.58,18/05/2026,,
SHO6746,FEDEX,17/02/2024,Delayed,Bangalore,Delhi,320.98,24/02/2024,,
SHO6749,FEDEX,08/06/2025,In Transit,Pune,Chennai,9.83,11/06/2025,,
SHO6750,FEDEX,02/12/2025,Delayed,Chennai,Hyderabad,273.54,06/12/2025,16/12/2025,
SHO6752,BLUEDART,17/09/2025,Delayed,Hyderabad,Delhi,246.56,24/09/2025,10/02/2025,
SHO6758,BLUEDART,08/08/2025,Pending,Delhi,Chennai,490.11,15/08/2025,,
SHO6760,DHL,27/04/2026,Pending,Bangalore,Mumbai,109.34,02/05/2026,,
SHO6764,FEDEX,23/08/2024,Accepted,Delhi,Hyderabad,446.7,28/08/2024,,
SHO6765,DHL,21/01/2026,Pending,Mumbai,Chennai,39.52,28/01/2026,,
SHO6767,FEDEX,18/07/2025,Pending,Pune,Bangalore,448.97,23/07/2025,,
SHO6769,DHL,02/01/2026,In Transit,Delhi,Mumbai,262.11,02/07/2026,,
SHO6771,BLUEDART,11/04/2026,Delayed,Pune,Delhi,37.28,16/04/2026,19/04/2026,
SHO6773,FEDEX,02/05/2025,In Transit,Delhi,Hyderabad,466.52,02/09/2025,,
SHO6776,FEDEX,12/04/2024,In Transit,Pune,Delhi,293.11,18/04/2024,,
SHO6777,BLUEDART,25/03/2025,Delivered,Delhi,Pune,206.9,29/03/2025,02/04/2025,4
SHO6779,BLUEDART,24/02/2026,Delivered,Delhi,Hyderabad,207.81,26/02/2026,02/03/2026,4
SHO6784,DHL,10/07/2025,Delayed,Hyderabad,Mumbai,164.49,17/07/2025,23/07/2025,
SHO6786,BLUEDART,09/04/2025,Delayed,Hyderabad,Bangalore,265.61,13/04/2025,14/04/2025,
SHO6788,FEDEX,25/07/2025,Delayed,Chennai,Hyderabad,164.52,29/07/2025,08/04/2025,
SHO6793,FEDEX,01/04/2026,In Transit,Hyderabad,Bangalore,236.42,01/07/2026,,
SHO6801,FEDEX,17/01/2025,In Transit,Mumbai,Delhi,48.64,23/01/2025,,
SHO6802,FEDEX,11/02/2024,Delivered,Bangalore,Hyderabad,151.09,09/11/2024,11/10/2024,0
SHO6803,FEDEX,13/09/2025,Accepted,Chennai,Delhi,34.51,18/09/2025,,
SHO6813,BLUEDART,16/06/2025,Delivered,Delhi,Pune,243.77,22/06/2025,24/06/2025,2
SHO6815,DHL,05/07/2024,Pending,Delhi,Chennai,454.08,12/07/2024,,
SHO6824,DHL,25/07/2025,Pending,Chennai,Pune,223.0,27/07/2025,,
SHO6826,DHL,18/06/2025,Delivered,Delhi,Pune,151.09,21/06/2025,22/06/2025,1
SHO6828,DHL,20/01/2026,Delivered,Bangalore,Pune,195.7,27/01/2026,27/01/2026,0
SHO6830,FEDEX,22/12/2024,Pending,Delhi,Chennai,168.19,24/12/2024,,
SHO6832,BLUEDART,10/06/2025,Delayed,Hyderabad,Chennai,320.5,14/06/2025,21/06/2025,
SHO6834,BLUEDART,05/03/2025,Delivered,Delhi,Chennai,151.8,03/11/2025,13/03/2025,0
SHO6835,DHL,17/02/2024,Pending,Bangalore,Chennai,283.88,20/02/2024,,
SHO6836,FEDEX,25/12/2025,In Transit,Hyderabad,Delhi,136.9,29/12/2025,,
SHO6839,FEDEX,05/07/2024,In Transit,Chennai,Delhi,139.69,10/07/2024,,
SHO6840,BLUEDART,14/11/2024,Pending,Chennai,Pune,315.34,18/11/2024,,
SHO6841,BLUEDART,19/12/2025,In Transit,Delhi,Chennai,129.18,26/12/2025,,
SHO6843,BLUEDART,25/03/2026,In Transit,Delhi,Pune,259.34,30/03/2026,,
SHO6848,DHL,17/12/2024,Pending,Chennai,Bangalore,42.55,22/12/2024,,
SHO6855,DHL,04/08/2024,Accepted,Chennai,Delhi,232.76,06/08/2024,,
SHO6858,DHL,25/10/2025,In Transit,Hyderabad,Bangalore,136.8,28/10/2025,,
SHO6860,BLUEDART,24/05/2026,In Transit,Mumbai,Bangalore,483.79,26/05/2026,,
SHO6863,DHL,20/06/2026,In Transit,Hyderabad,Chennai,131.58,27/06/2026,,
SHO6864,FEDEX,14/07/2024,Delayed,Delhi,Bangalore,240.66,18/07/2024,24/07/2024,
SHO6866,FEDEX,26/10/2024,Delayed,Mumbai,Pune,381.03,28/10/2024,11/02/2024,
SHO6867,BLUEDART,04/07/2024,Pending,Bangalore,Mumbai,263.34,07/07/2024,,
SHO6868,BLUEDART,05/05/2024,Accepted,Chennai,Mumbai,4.19,05/12/2024,,
SHO6870,DHL,15/08/2025,Pending,Mumbai,Chennai,409.99,19/08/2025,,
SHO6872,FEDEX,17/01/2024,Pending,Chennai,Mumbai,434.69,20/01/2024,,
SHO6873,BLUEDART,06/04/2024,Pending,Chennai,Pune,334.7,04/08/2024,,
SHO6874,BLUEDART,11/04/2024,In Transit,Pune,Mumbai,234.86,06/11/2024,,
SHO6878,BLUEDART,03/02/2025,Delayed,Mumbai,Bangalore,249.25,02/07/2025,,
SHO6881,BLUEDART,11/02/2026,Pending,Chennai,Hyderabad,137.24,18/02/2026,,
SHO6883,BLUEDART,08/05/2024,Delayed,Delhi,Pune,64.52,15/05/2024,22/05/2024,
SHO6884,BLUEDART,02/04/2025,In Transit,Hyderabad,Pune,476.13,05/04/2025,,
SHO6886,FEDEX,25/06/2026,Pending,Pune,Hyderabad,436.06,02/07/2026,,
SHO6890,BLUEDART,08/10/2024,In Transit,Mumbai,Hyderabad,416.81,14/10/2024,,
SHO6893,FEDEX,19/11/2024,Delivered,Mumbai,Chennai,395.08,26/11/2024,27/11/2024,1
SHO6898,BLUEDART,15/08/2024,In Transit,Delhi,Bangalore,197.98,18/08/2024,,
SHO6901,DHL,19/07/2025,Pending,Mumbai,Hyderabad,494.2,24/07/2025,,
SHO6904,FEDEX,07/04/2024,Pending,Pune,Hyderabad,380.89,07/08/2024,,
SHO6905,BLUEDART,27/04/2024,Delayed,Chennai,Hyderabad,36.69,02/05/2024,11/05/2024,
SHO6908,FEDEX,24/07/2024,Delayed,Hyderabad,Delhi,175.44,27/07/2024,04/08/2024,
SHO6912,BLUEDART,03/02/2025,Pending,Bangalore,Chennai,385.93,09/02/2025,,
SHO6914,FEDEX,29/12/2024,In Transit,Hyderabad,Pune,157.19,04/01/2025,,
SHO6916,DHL,02/05/2025,Accepted,Pune,Chennai,69.76,08/05/2025,10/05/2025,
SHO6920,BLUEDART,25/09/2025,In Transit,Pune,Delhi,400.32,27/09/2025,,
SHO6923,DHL,14/07/2025,Accepted,Mumbai,Bangalore,234.38,21/07/2025,,
SHO6924,DHL,12/03/2025,Delivered,Mumbai,Bangalore,17.43,16/03/2025,15/03/2025,0
SHO6927,FEDEX,03/01/2024,Accepted,Delhi,Bangalore,211.63,01/07/2024,,
SHO6928,FEDEX,16/07/2025,Pending,Delhi,Hyderabad,180.19,19/07/2025,,
SHO6929,DHL,12/04/2024,Delivered,Hyderabad,Delhi,393.41,15/04/2024,13/04/2024,0
SHO6931,DHL,18/08/2024,In Transit,Mumbai,Pune,404.36,23/08/2024,,
SHO6932,DHL,02/01/2024,Pending,Hyderabad,Pune,271.07,06/01/2024,,
SHO6934,FEDEX,13/04/2024,Pending,Pune,Delhi,206.27,15/04/2024,,
SHO6940,DHL,23/05/2025,Accepted,Mumbai,Chennai,313.19,25/05/2025,,
SHO6944,FEDEX,20/12/2024,Pending,Delhi,Pune,49.72,26/12/2024,,
SHO6948,DHL,25/07/2025,In Transit,Bangalore,Delhi,411.73,28/07/2025,,
SHO6950,DHL,29/10/2024,Delivered,Hyderabad,Delhi,11.63,31/10/2024,01/11/2024,1
SHO6953,DHL,12/12/2025,Delayed,Bangalore,Delhi,189.38,15/12/2025,21/12/2025,
SHO6954,BLUEDART,15/04/2025,Pending,Mumbai,Bangalore,143.72,17/04/2025,,
SHO6958,FEDEX,20/02/2026,Delayed,Mumbai,Chennai,147.14,22/02/2026,,
SHO6961,DHL,20/01/2024,Delivered,Pune,Bangalore,73.9,25/01/2024,23/01/2024,0
SHO6962,DHL,27/10/2025,In Transit,Bangalore,Delhi,260.18,03/11/2025,,
SHO6971,BLUEDART,20/03/2026,Delivered,Delhi,Bangalore,412.29,26/03/2026,26/03/2026,0
SHO6976,DHL,30/01/2026,Delivered,Mumbai,Hyderabad,180.75,05/02/2026,10/02/2026,5
SHO6979,BLUEDART,27/02/2024,Delayed,Hyderabad,Chennai,143.78,01/03/2024,03/11/2024,
SHO6983,DHL,24/12/2025,Delayed,Bangalore,Hyderabad,446.04,29/12/2025,04/01/2026,
SHO6985,BLUEDART,18/11/2024,In Transit,Pune,Chennai,125.85,25/11/2024,,
SHO6986,DHL,22/08/2024,Pending,Pune,Delhi,125.68,27/08/2024,,
SHO6988,BLUEDART,08/06/2026,Delivered,Bangalore,Chennai,81.71,12/06/2026,15/06/2026,3
SHO6992,DHL,08/01/2024,In Transit,Chennai,Hyderabad,431.43,14/01/2024,,
SHO6993,BLUEDART,23/03/2026,Delayed,Chennai,Delhi,279.07,26/03/2026,31/03/2026,
SHO6998,FEDEX,20/11/2025,Accepted,Hyderabad,Mumbai,282.85,27/11/2025,,
SHO6999,BLUEDART,23/12/2024,Delayed,Mumbai,Hyderabad,286.71,29/12/2024,30/12/2024,
SHO7003,BLUEDART,18/03/2025,Pending,Bangalore,Mumbai,101.3,20/03/2025,,
SHO7004,DHL,09/09/2025,Pending,Pune,Delhi,12.5,15/09/2025,,
SHO7005,FEDEX,28/03/2025,Delayed,Bangalore,Chennai,212.98,31/03/2025,04/03/2025,
SHO7006,FEDEX,06/06/2024,Pending,Hyderabad,Chennai,381.92,08/06/2024,,
SHO7010,FEDEX,15/06/2024,Delivered,Hyderabad,Delhi,419.21,17/06/2024,16/06/2024,0
SHO7012,BLUEDART,29/02/2024,In Transit,Mumbai,Bangalore,154.41,03/03/2024,,
SHO7017,BLUEDART,24/10/2025,Delayed,Mumbai,Delhi,136.0,27/10/2025,04/11/2025,
SHO7018,BLUEDART,26/05/2024,Delayed,Bangalore,Delhi,154.33,28/05/2024,06/03/2024,
SHO7019,FEDEX,22/11/2024,Delayed,Chennai,Bangalore,76.78,27/11/2024,07/12/2024,
SHO7020,DHL,03/07/2024,Delivered,Chennai,Bangalore,66.2,06/07/2024,04/07/2024,0
SHO7023,BLUEDART,02/02/2026,In Transit,Bangalore,Mumbai,70.77,09/02/2026,,
SHO7025,DHL,02/04/2024,Delayed,Bangalore,Chennai,487.19,02/08/2024,12/02/2024,
SHO7026,DHL,23/09/2025,Delayed,Delhi,Hyderabad,469.54,25/09/2025,10/05/2025,
SHO7027,FEDEX,27/02/2025,In Transit,Mumbai,Delhi,478.2,04/03/2025,,
SHO7028,DHL,04/04/2025,In Transit,Pune,Chennai,273.85,09/04/2025,,
SHO7029,BLUEDART,18/11/2024,Delivered,Mumbai,Hyderabad,309.49,20/11/2024,18/11/2024,0
SHO7031,BLUEDART,10/02/2025,Accepted,Chennai,Delhi,149.23,10/05/2025,,
SHO7034,DHL,11/11/2024,Delayed,Mumbai,Bangalore,434.5,18/11/2024,,
SHO7038,DHL,22/06/2024,Delayed,Mumbai,Delhi,315.04,24/06/2024,27/06/2024,
SHO7040,FEDEX,11/11/2024,Accepted,Pune,Delhi,286.36,18/11/2024,,
SHO7042,FEDEX,20/08/2024,Delivered,Hyderabad,Delhi,82.08,22/08/2024,20/08/2024,0
SHO7044,FEDEX,22/01/2026,Delayed,Chennai,Bangalore,86.33,28/01/2026,02/05/2026,
SHO7049,DHL,08/06/2026,Pending,Chennai,Mumbai,498.31,06/11/2026,,
SHO7052,DHL,20/11/2024,Accepted,Delhi,Bangalore,212.14,25/11/2024,,
SHO7055,DHL,13/04/2025,Accepted,Mumbai,Chennai,373.84,16/04/2025,,
SHO7057,DHL,06/04/2024,Accepted,Mumbai,Pune,169.44,04/12/2024,,
SHO7061,FEDEX,19/06/2025,Delivered,Chennai,Delhi,213.38,21/06/2025,22/06/2025,1
SHO7062,BLUEDART,11/11/2025,Accepted,Hyderabad,Chennai,144.31,16/11/2025,,
SHO7064,BLUEDART,30/03/2026,Accepted,Chennai,Pune,317.75,04/05/2026,04/11/2026,
SHO7066,FEDEX,03/01/2026,Delivered,Chennai,Delhi,30.07,07/03/2026,03/06/2026,88
SHO7067,BLUEDART,17/02/2026,Pending,Bangalore,Delhi,403.79,20/02/2026,,
SHO7068,FEDEX,21/07/2024,Delivered,Bangalore,Delhi,431.34,26/07/2024,29/07/2024,3
SHO7072,DHL,08/06/2026,In Transit,Hyderabad,Pune,168.98,13/06/2026,,
SHO7076,DHL,21/12/2024,Delayed,Hyderabad,Pune,338.69,26/12/2024,03/01/2025,
SHO7077,DHL,22/03/2024,Delivered,Hyderabad,Mumbai,278.0,26/03/2024,24/03/2024,0
SHO7079,BLUEDART,09/03/2024,In Transit,Chennai,Mumbai,463.72,08/09/2024,,
SHO7086,DHL,14/02/2025,In Transit,Hyderabad,Pune,452.73,19/02/2025,,
SHO7095,DHL,03/05/2025,Delivered,Bangalore,Chennai,320.01,03/08/2025,03/10/2025,61
SHO7103,DHL,18/07/2024,Pending,Mumbai,Hyderabad,267.83,24/07/2024,,
SHO7106,FEDEX,09/07/2025,Delivered,Pune,Hyderabad,66.87,13/07/2025,17/07/2025,4
SHO7107,FEDEX,29/04/2026,In Transit,Chennai,Pune,337.16,05/05/2026,,
SHO7108,BLUEDART,24/09/2024,Delayed,Mumbai,Chennai,190.04,27/09/2024,29/09/2024,
SHO7111,FEDEX,01/01/2025,Delayed,Delhi,Chennai,86.34,08/01/2025,15/01/2025,
SHO7112,FEDEX,21/03/2025,Delayed,Delhi,Chennai,470.67,23/03/2025,26/03/2025,
SHO7114,FEDEX,23/01/2025,Delivered,Pune,Hyderabad,60.0,27/01/2025,28/01/2025,1
SHO7117,DHL,05/09/2025,Pending,Pune,Chennai,413.9,10/09/2025,,
SHO7118,DHL,15/03/2025,Delivered,Pune,Delhi,52.2,22/03/2025,26/03/2025,4
SHO7119,DHL,05/03/2026,Accepted,Pune,Hyderabad,481.28,08/03/2026,,
SHO7129,DHL,20/04/2024,Accepted,Chennai,Hyderabad,5.36,23/04/2024,27/04/2024,
SHO7132,DHL,06/09/2025,Delayed,Pune,Mumbai,143.7,08/09/2025,13/09/2025,
SHO7133,BLUEDART,06/08/2024,In Transit,Bangalore,Chennai,39.02,09/08/2024,,
SHO7134,FEDEX,29/01/2024,Pending,Mumbai,Chennai,474.55,01/02/2024,,
SHO7135,DHL,07/12/2025,Delayed,Delhi,Mumbai,173.43,11/12/2025,,
SHO7140,DHL,14/11/2024,Delivered,Mumbai,Bangalore,340.76,16/11/2024,19/11/2024,3
SHO7142,FEDEX,20/06/2025,Pending,Delhi,Hyderabad,109.97,26/06/2025,,
SHO7144,BLUEDART,02/04/2025,In Transit,Pune,Chennai,125.34,04/08/2025,,
SHO7146,FEDEX,30/06/2025,In Transit,Pune,Delhi,205.86,02/07/2025,,
SHO7147,BLUEDART,05/12/2025,Pending,Hyderabad,Mumbai,499.62,11/12/2025,,
SHO7152,BLUEDART,12/02/2025,Delayed,Bangalore,Pune,480.35,16/02/2025,26/02/2025,
SHO7153,DHL,16/05/2026,Delayed,Chennai,Bangalore,130.09,22/05/2026,26/05/2026,
SHO7154,FEDEX,30/05/2024,Accepted,Bangalore,Chennai,205.6,06/06/2024,,
SHO7155,BLUEDART,11/05/2026,Delayed,Hyderabad,Chennai,123.15,13/05/2026,18/05/2026,
SHO7156,FEDEX,10/08/2025,In Transit,Hyderabad,Mumbai,205.15,13/08/2025,,
SHO7157,DHL,20/03/2024,Delayed,Bangalore,Hyderabad,234.45,27/03/2024,02/04/2024,
SHO7159,DHL,14/07/2025,Delayed,Pune,Chennai,477.6,19/07/2025,24/07/2025,
SHO7160,BLUEDART,22/08/2024,In Transit,Bangalore,Mumbai,329.16,26/08/2024,,
SHO7166,DHL,15/05/2025,Accepted,Bangalore,Mumbai,194.7,18/05/2025,,
SHO7167,BLUEDART,12/11/2024,Delivered,Pune,Chennai,345.29,17/12/2024,16/12/2024,0
SHO7172,FEDEX,18/02/2024,Pending,Chennai,Hyderabad,218.56,21/02/2024,,
SHO7173,BLUEDART,05/02/2025,Pending,Mumbai,Delhi,425.75,02/11/2025,,
SHO7176,BLUEDART,07/03/2024,In Transit,Bangalore,Chennai,433.8,07/06/2024,,
SHO7178,DHL,22/05/2026,Delivered,Chennai,Bangalore,212.56,28/05/2026,02/06/2026,5
SHO7179,BLUEDART,16/02/2025,Accepted,Bangalore,Mumbai,251.35,20/02/2025,,
SHO7181,DHL,27/09/2024,Delayed,Chennai,Hyderabad,126.11,04/10/2024,10/10/2024,
SHO7183,BLUEDART,05/03/2025,Accepted,Pune,Mumbai,449.04,09/05/2025,,
SHO7184,FEDEX,21/09/2025,In Transit,Hyderabad,Mumbai,389.07,24/09/2025,,
SHO7185,FEDEX,06/03/2026,Delivered,Pune,Bangalore,453.88,13/03/2026,14/03/2026,1
SHO7187,BLUEDART,30/08/2024,Pending,Delhi,Chennai,240.92,04/09/2024,,
SHO7189,BLUEDART,03/04/2026,Delayed,Pune,Delhi,77.46,07/04/2026,10/04/2026,
SHO7194,DHL,19/06/2026,Delayed,Pune,Delhi,156.51,22/06/2026,07/01/2026,
SHO7195,BLUEDART,15/10/2024,Delivered,Hyderabad,Bangalore,82.49,18/10/2024,16/10/2024,0
SHO7196,BLUEDART,16/05/2026,Pending,Mumbai,Pune,242.82,21/05/2026,,
SHO7197,BLUEDART,24/06/2024,Pending,Chennai,Hyderabad,309.98,26/06/2024,,
SHO7199,BLUEDART,31/08/2024,In Transit,Mumbai,Bangalore,230.45,04/09/2024,,
SHO7200,BLUEDART,30/04/2024,Delayed,Mumbai,Chennai,57.44,02/05/2024,,
SHO7205,DHL,03/07/2026,Delayed,Mumbai,Chennai,392.61,03/09/2026,15/03/2026,
SHO7206,DHL,10/04/2024,Delayed,Hyderabad,Mumbai,34.23,17/04/2024,,
SHO7209,DHL,25/01/2025,In Transit,Delhi,Pune,414.65,27/01/2025,,
SHO7210,FEDEX,21/12/2024,In Transit,Delhi,Chennai,227.19,24/12/2024,,
SHO7216,FEDEX,20/04/2026,Delayed,Hyderabad,Delhi,361.14,23/04/2026,30/04/2026,
SHO7224,FEDEX,11/03/2025,In Transit,Mumbai,Hyderabad,382.74,16/03/2025,,
SHO7227,DHL,21/03/2026,In Transit,Hyderabad,Pune,131.18,23/03/2026,,
SHO7228,FEDEX,19/03/2024,Pending,Mumbai,Delhi,197.47,23/03/2024,,
SHO7231,DHL,23/03/2025,Delayed,Pune,Mumbai,285.94,28/03/2025,04/05/2025,
SHO7232,FEDEX,21/03/2024,Delayed,Hyderabad,Bangalore,149.11,26/03/2024,28/03/2024,
SHO7233,BLUEDART,06/05/2026,Delivered,Mumbai,Hyderabad,371.48,11/06/2026,16/06/2026,5
SHO7234,BLUEDART,13/04/2026,Pending,Chennai,Bangalore,306.04,19/04/2026,,
SHO7235,FEDEX,06/07/2024,Delayed,Pune,Bangalore,434.15,12/07/2024,14/07/2024,
SHO7236,FEDEX,04/02/2026,Accepted,Chennai,Hyderabad,32.64,09/04/2026,,
SHO7239,DHL,26/06/2025,In Transit,Hyderabad,Bangalore,359.91,30/06/2025,,
SHO7242,BLUEDART,01/03/2025,Delivered,Bangalore,Delhi,354.46,08/03/2025,12/03/2025,4
SHO7246,FEDEX,04/03/2025,In Transit,Hyderabad,Bangalore,99.53,06/03/2025,,
SHO7255,BLUEDART,23/06/2024,Delivered,Delhi,Bangalore,373.44,26/06/2024,28/06/2024,2
SHO7257,FEDEX,30/01/2025,Delayed,Hyderabad,Mumbai,139.17,02/04/2025,10/02/2025,
SHO7259,DHL,04/02/2025,Pending,Hyderabad,Chennai,310.9,10/02/2025,,
SHO7262,DHL,17/05/2026,Delayed,Delhi,Bangalore,314.43,23/05/2026,26/05/2026,
SHO7263,DHL,09/06/2024,Delayed,Mumbai,Chennai,203.06,11/06/2024,14/06/2024,
SHO7264,FEDEX,22/12/2025,Delayed,Mumbai,Bangalore,420.47,24/12/2025,01/01/2026,
SHO7267,DHL,25/01/2026,Delayed,Delhi,Pune,182.25,01/02/2026,02/03/2026,
SHO7270,DHL,14/02/2026,Pending,Delhi,Pune,15.24,19/02/2026,,
SHO7271,FEDEX,04/02/2024,In Transit,Hyderabad,Pune,249.15,04/06/2024,,
SHO7272,DHL,13/03/2024,Accepted,Hyderabad,Chennai,132.49,15/03/2024,,
SHO7275,FEDEX,14/05/2026,Delayed,Delhi,Chennai,285.75,21/05/2026,29/05/2026,
SHO7279,BLUEDART,09/09/2025,Accepted,Mumbai,Delhi,475.01,16/09/2025,,
SHO7282,FEDEX,19/04/2026,Pending,Pune,Delhi,406.2,23/04/2026,,
SHO7284,DHL,19/05/2026,Pending,Pune,Delhi,469.33,21/05/2026,,
SHO7285,DHL,13/01/2024,Delayed,Chennai,Mumbai,324.82,15/01/2024,17/01/2024,
SHO7286,BLUEDART,10/05/2024,Delayed,Bangalore,Hyderabad,323.06,13/05/2024,,
SHO7291,FEDEX,01/01/2025,Delayed,Hyderabad,Bangalore,36.76,01/07/2025,13/01/2025,
SHO7298,BLUEDART,21/11/2024,Delivered,Mumbai,Chennai,56.43,23/11/2024,25/11/2024,2
SHO7302,DHL,28/03/2024,In Transit,Bangalore,Hyderabad,154.3,30/03/2024,,
SHO7306,BLUEDART,08/03/2025,Delivered,Pune,Delhi,45.31,08/06/2025,08/05/2025,0
SHO7307,BLUEDART,25/09/2024,Delayed,Pune,Mumbai,402.36,28/09/2024,,
SHO7308,FEDEX,26/10/2024,In Transit,Mumbai,Hyderabad,21.61,31/10/2024,,
SHO7311,BLUEDART,13/08/2024,Delivered,Pune,Delhi,497.45,15/08/2024,16/08/2024,1
SHO7313,DHL,21/04/2025,Delayed,Bangalore,Chennai,354.67,23/04/2025,30/04/2025,
SHO7314,DHL,04/07/2026,Accepted,Hyderabad,Pune,127.8,04/11/2026,15/04/2026,
SHO7324,DHL,14/01/2024,In Transit,Mumbai,Pune,321.56,16/01/2024,,
SHO7329,DHL,17/01/2025,Pending,Delhi,Pune,341.3,19/01/2025,,
SHO7330,DHL,11/02/2024,Pending,Pune,Hyderabad,276.79,15/02/2024,,
SHO7333,DHL,11/03/2026,Delivered,Hyderabad,Delhi,354.72,16/03/2026,16/03/2026,0
SHO7334,DHL,08/09/2025,Delivered,Chennai,Hyderabad,69.24,11/09/2025,14/09/2025,3
SHO7335,FEDEX,01/06/2024,Pending,Hyderabad,Delhi,15.83,01/08/2024,,
SHO7336,DHL,12/06/2024,Pending,Chennai,Mumbai,360.49,16/06/2024,,
SHO7339,FEDEX,29/01/2026,Delivered,Delhi,Pune,192.45,02/02/2026,02/05/2026,89
SHO7340,DHL,25/01/2024,In Transit,Mumbai,Hyderabad,463.16,31/01/2024,,
SHO7342,FEDEX,12/12/2024,In Transit,Hyderabad,Bangalore,287.54,15/12/2024,,
SHO7344,FEDEX,15/10/2024,Pending,Hyderabad,Mumbai,190.73,18/10/2024,,
SHO7354,BLUEDART,13/12/2025,In Transit,Hyderabad,Mumbai,380.29,18/12/2025,,
SHO7359,DHL,23/08/2025,Delivered,Pune,Chennai,83.91,28/08/2025,28/08/2025,0
SHO7360,DHL,26/01/2026,Delayed,Delhi,Mumbai,1.88,30/01/2026,07/02/2026,
SHO7361,DHL,27/03/2024,Delivered,Bangalore,Hyderabad,473.12,29/03/2024,30/03/2024,1
SHO7364,DHL,16/05/2024,Delayed,Pune,Hyderabad,168.67,19/05/2024,20/05/2024,
SHO7365,DHL,18/07/2025,Pending,Chennai,Hyderabad,320.63,21/07/2025,,
SHO7366,BLUEDART,18/02/2026,Pending,Bangalore,Delhi,288.74,22/02/2026,,
SHO7369,DHL,13/02/2026,In Transit,Bangalore,Mumbai,337.36,17/02/2026,,
SHO7370,FEDEX,02/07/2025,Delivered,Pune,Chennai,295.94,04/07/2025,03/07/2025,0
SHO7371,BLUEDART,07/03/2026,In Transit,Chennai,Hyderabad,475.75,14/03/2026,,
SHO7373,BLUEDART,30/03/2024,In Transit,Bangalore,Hyderabad,26.43,01/04/2024,,
SHO7380,BLUEDART,08/07/2025,Delivered,Chennai,Bangalore,130.26,15/07/2025,18/07/2025,3
SHO7383,FEDEX,20/09/2025,Delayed,Hyderabad,Pune,54.99,25/09/2025,30/09/2025,
SHO7385,FEDEX,03/06/2026,Accepted,Pune,Mumbai,68.3,05/06/2026,,
SHO7388,BLUEDART,21/08/2025,In Transit,Chennai,Bangalore,79.48,27/08/2025,,
SHO7390,FEDEX,26/12/2024,Delayed,Delhi,Bangalore,151.18,31/12/2024,09/01/2025,
SHO7393,FEDEX,20/01/2024,Delivered,Chennai,Pune,380.79,26/01/2024,28/01/2024,2
SHO7397,FEDEX,28/01/2025,In Transit,Mumbai,Bangalore,257.19,30/01/2025,,
SHO7402,BLUEDART,18/11/2025,In Transit,Delhi,Bangalore,335.32,20/11/2025,,
SHO7407,DHL,24/05/2025,Pending,Delhi,Pune,46.82,27/05/2025,,
SHO7409,DHL,09/05/2026,Pending,Bangalore,Hyderabad,413.78,16/05/2026,,
SHO7411,DHL,15/11/2025,In Transit,Chennai,Mumbai,186.98,17/11/2025,,
SHO7412,BLUEDART,09/01/2024,Accepted,Mumbai,Bangalore,434.1,12/01/2024,,
SHO7419,BLUEDART,20/09/2025,Delayed,Mumbai,Hyderabad,63.54,22/09/2025,,
SHO7422,BLUEDART,13/03/2025,Delivered,Chennai,Hyderabad,42.24,16/03/2025,19/03/2025,3
SHO7430,FEDEX,06/08/2024,Delayed,Chennai,Hyderabad,482.07,08/11/2024,21/08/2024,
SHO7432,BLUEDART,31/12/2025,In Transit,Bangalore,Chennai,28.64,04/01/2026,,
SHO7433,BLUEDART,17/09/2024,Delayed,Delhi,Hyderabad,141.46,22/09/2024,29/09/2024,
SHO7435,BLUEDART,08/02/2025,In Transit,Chennai,Hyderabad,86.53,14/02/2025,,
SHO7439,BLUEDART,01/01/2024,Delayed,Bangalore,Mumbai,52.32,06/01/2024,15/01/2024,
SHO7443,FEDEX,18/09/2025,Pending,Hyderabad,Delhi,291.2,24/09/2025,,
SHO7446,DHL,07/06/2026,Delivered,Chennai,Pune,235.12,13/06/2026,15/06/2026,2
SHO7447,DHL,15/12/2025,In Transit,Pune,Mumbai,200.11,19/12/2025,,
SHO7448,DHL,21/06/2024,Delayed,Delhi,Mumbai,499.76,27/06/2024,07/05/2024,
SHO7455,DHL,28/11/2025,Accepted,Hyderabad,Mumbai,285.89,30/11/2025,,
SHO7460,FEDEX,12/06/2025,Delayed,Pune,Bangalore,85.23,15/06/2025,17/06/2025,
SHO7461,DHL,17/07/2024,Delayed,Pune,Chennai,358.66,21/07/2024,,
SHO7462,DHL,15/09/2025,Pending,Pune,Delhi,368.61,18/09/2025,,
SHO7464,DHL,22/03/2026,Delivered,Bangalore,Chennai,188.19,29/03/2026,03/04/2026,5
SHO7473,FEDEX,17/05/2024,Pending,Hyderabad,Bangalore,233.54,24/05/2024,,
SHO7476,DHL,21/06/2026,Delivered,Mumbai,Pune,455.07,24/06/2026,29/06/2026,5
SHO7479,BLUEDART,08/05/2024,Delayed,Delhi,Mumbai,96.43,13/05/2024,,
SHO7481,DHL,25/12/2025,Pending,Mumbai,Hyderabad,308.23,28/12/2025,,
SHO7483,FEDEX,13/11/2025,Accepted,Hyderabad,Chennai,453.97,18/11/2025,,
SHO7485,DHL,02/07/2025,Delivered,Delhi,Pune,93.57,07/09/2025,07/11/2025,61
SHO7487,BLUEDART,20/06/2025,In Transit,Hyderabad,Bangalore,172.6,22/06/2025,,
SHO7488,BLUEDART,12/02/2025,In Transit,Chennai,Delhi,497.84,17/02/2025,,
SHO7489,DHL,02/04/2025,In Transit,Bangalore,Hyderabad,172.25,04/09/2025,,
SHO7494,BLUEDART,22/06/2025,Pending,Pune,Mumbai,430.78,28/06/2025,,
SHO7495,DHL,11/04/2024,In Transit,Chennai,Hyderabad,284.71,17/04/2024,,
SHO7498,FEDEX,07/10/2025,Accepted,Hyderabad,Pune,472.8,10/12/2025,,
SHO7500,FEDEX,21/06/2025,Delayed,Delhi,Bangalore,264.66,27/06/2025,07/04/2025,
SHO7501,FEDEX,29/01/2026,Delivered,Hyderabad,Bangalore,337.14,05/02/2026,02/10/2026,239
SHO7503,FEDEX,18/12/2025,In Transit,Hyderabad,Mumbai,13.3,23/12/2025,,
SHO7504,DHL,17/03/2024,Delivered,Chennai,Pune,282.03,24/03/2024,23/03/2024,0
SHO7506,BLUEDART,24/08/2024,Delivered,Pune,Mumbai,415.09,29/08/2024,31/08/2024,2
SHO7507,BLUEDART,20/02/2025,Delayed,Bangalore,Chennai,371.94,26/02/2025,07/03/2025,
SHO7510,DHL,08/05/2025,Delayed,Pune,Mumbai,259.2,11/08/2025,,
SHO7513,BLUEDART,11/10/2024,Delayed,Chennai,Delhi,440.68,16/10/2024,24/10/2024,
SHO7517,DHL,01/04/2024,Accepted,Mumbai,Delhi,69.75,01/10/2024,09/01/2024,
SHO7519,DHL,22/04/2026,Pending,Pune,Chennai,41.56,25/04/2026,,
SHO7523,BLUEDART,01/04/2025,Pending,Pune,Delhi,119.41,05/04/2025,,
SHO7524,DHL,26/04/2026,Pending,Hyderabad,Chennai,252.86,01/05/2026,,
SHO7530,DHL,23/01/2025,Delivered,Mumbai,Chennai,7.03,28/01/2025,28/01/2025,0
SHO7531,FEDEX,17/06/2026,In Transit,Chennai,Hyderabad,389.68,19/06/2026,,
SHO7538,FEDEX,25/04/2024,Delivered,Delhi,Pune,220.28,29/04/2024,27/04/2024,0
SHO7539,DHL,23/08/2025,In Transit,Chennai,Pune,183.45,25/08/2025,,
SHO7547,FEDEX,16/12/2024,Accepted,Pune,Chennai,230.77,23/12/2024,,
SHO7553,DHL,11/04/2024,Pending,Delhi,Mumbai,344.36,18/04/2024,,
SHO7554,BLUEDART,20/06/2024,Delivered,Hyderabad,Delhi,233.57,22/06/2024,27/06/2024,5
SHO7558,DHL,19/07/2024,Delayed,Bangalore,Delhi,91.78,25/07/2024,30/07/2024,
SHO7563,DHL,14/02/2025,Delayed,Hyderabad,Mumbai,381.52,17/02/2025,26/02/2025,
SHO7564,BLUEDART,15/06/2024,Accepted,Delhi,Bangalore,380.91,21/06/2024,,
SHO7567,BLUEDART,02/04/2026,Pending,Mumbai,Hyderabad,137.99,02/11/2026,,
SHO7570,FEDEX,05/04/2025,In Transit,Mumbai,Pune,285.39,05/06/2025,,
SHO7576,BLUEDART,19/02/2026,Accepted,Delhi,Bangalore,33.76,22/02/2026,,
SHO7580,DHL,15/09/2024,Pending,Mumbai,Hyderabad,471.72,18/09/2024,,
SHO7581,BLUEDART,03/12/2025,In Transit,Bangalore,Hyderabad,152.65,07/12/2025,,
SHO7586,FEDEX,24/04/2025,In Transit,Bangalore,Delhi,423.64,26/04/2025,,
SHO7587,DHL,29/10/2025,In Transit,Delhi,Pune,456.77,04/11/2025,,
SHO7588,DHL,04/03/2025,Pending,Pune,Mumbai,158.85,08/04/2025,,
SHO7593,FEDEX,05/03/2026,Delayed,Mumbai,Hyderabad,387.28,05/06/2026,08/05/2026,
SHO7594,BLUEDART,21/09/2025,In Transit,Pune,Mumbai,150.66,27/09/2025,,
SHO7596,FEDEX,06/12/2024,Accepted,Bangalore,Hyderabad,251.47,13/12/2024,,
SHO7598,BLUEDART,20/04/2025,Pending,Mumbai,Hyderabad,162.83,23/04/2025,,
SHO7600,DHL,26/02/2024,Delayed,Bangalore,Pune,194.15,28/02/2024,06/03/2024,
SHO7602,FEDEX,19/01/2024,In Transit,Mumbai,Hyderabad,3.89,24/01/2024,,
SHO7604,DHL,13/11/2025,In Transit,Chennai,Delhi,375.83,20/11/2025,,
SHO7608,FEDEX,28/09/2024,Delayed,Hyderabad,Bangalore,24.71,02/10/2024,,
SHO7609,FEDEX,12/12/2024,Pending,Pune,Hyderabad,266.29,16/12/2024,,
SHO7610,FEDEX,20/06/2025,Delayed,Chennai,Hyderabad,31.7,27/06/2025,06/07/2025,
SHO7612,FEDEX,15/03/2024,Accepted,Pune,Chennai,274.97,20/03/2024,,
SHO7617,DHL,05/05/2025,Delivered,Pune,Chennai,35.05,05/09/2025,12/05/2025,0
SHO7618,FEDEX,29/07/2024,In Transit,Pune,Delhi,162.29,03/08/2024,,
SHO7623,DHL,01/04/2025,In Transit,Hyderabad,Chennai,314.1,07/04/2025,,
SHO7625,FEDEX,03/05/2025,In Transit,Delhi,Mumbai,310.77,03/11/2025,,
SHO7626,FEDEX,30/03/2025,Delivered,Chennai,Hyderabad,490.21,05/04/2025,08/04/2025,3
SHO7631,DHL,27/05/2026,Delivered,Bangalore,Pune,370.31,03/06/2026,05/06/2026,2
SHO7632,BLUEDART,31/05/2025,In Transit,Bangalore,Pune,342.31,04/06/2025,,
SHO7633,DHL,22/01/2024,Accepted,Chennai,Bangalore,410.98,25/01/2024,,
SHO7634,DHL,20/01/2024,Delayed,Chennai,Bangalore,371.34,27/01/2024,01/02/2024,
SHO7635,BLUEDART,16/06/2026,Pending,Hyderabad,Bangalore,219.24,21/06/2026,,
SHO7637,BLUEDART,09/10/2025,Pending,Pune,Bangalore,330.47,16/10/2025,,
SHO7639,BLUEDART,16/04/2025,Pending,Delhi,Chennai,77.58,21/04/2025,,
SHO7640,FEDEX,20/06/2024,Delayed,Delhi,Hyderabad,307.01,27/06/2024,07/06/2024,
SHO7642,BLUEDART,13/01/2024,Accepted,Delhi,Bangalore,183.19,19/01/2024,,
SHO7644,DHL,23/01/2024,Pending,Pune,Mumbai,211.17,25/01/2024,,
SHO7645,BLUEDART,30/05/2025,Delivered,Chennai,Delhi,473.48,02/06/2025,02/06/2025,0
SHO7649,BLUEDART,28/12/2024,Pending,Chennai,Hyderabad,258.88,03/01/2025,,
SHO7651,DHL,25/12/2025,Delivered,Chennai,Delhi,265.98,30/12/2025,01/01/2026,2
SHO7654,FEDEX,03/03/2025,Delivered,Pune,Hyderabad,65.25,07/03/2025,03/09/2025,180
SHO7655,BLUEDART,26/09/2024,Delayed,Bangalore,Pune,344.88,30/09/2024,01/10/2024,
SHO7659,DHL,18/08/2025,In Transit,Chennai,Delhi,469.92,21/08/2025,,
SHO7664,FEDEX,23/01/2025,Delayed,Mumbai,Delhi,400.37,29/01/2025,01/02/2025,
SHO7665,FEDEX,24/09/2024,Delayed,Delhi,Pune,240.83,30/09/2024,10/05/2024,
SHO7666,FEDEX,23/01/2025,Delivered,Bangalore,Pune,95.53,29/01/2025,27/01/2025,0
SHO7668,FEDEX,25/04/2026,In Transit,Bangalore,Delhi,37.27,01/05/2026,,
SHO7669,BLUEDART,16/04/2026,Delivered,Delhi,Mumbai,88.85,20/04/2026,18/04/2026,0
SHO7672,FEDEX,20/06/2025,Delayed,Delhi,Mumbai,181.05,23/06/2025,26/06/2025,
SHO7674,FEDEX,22/03/2024,Delayed,Pune,Mumbai,273.35,24/03/2024,25/03/2024,
SHO7675,FEDEX,03/05/2025,Delivered,Chennai,Hyderabad,371.58,08/05/2025,07/05/2025,0
SHO7677,BLUEDART,23/10/2025,Pending,Hyderabad,Mumbai,177.65,26/10/2025,,
SHO7678,FEDEX,19/10/2025,Pending,Hyderabad,Delhi,435.19,25/10/2025,,
SHO7679,FEDEX,04/04/2025,Delivered,Delhi,Bangalore,435.37,04/09/2025,04/12/2025,91
SHO7682,BLUEDART,08/10/2025,Delivered,Pune,Chennai,279.22,14/10/2025,14/10/2025,0
SHO7684,BLUEDART,12/02/2024,In Transit,Delhi,Mumbai,338.54,14/02/2024,,
SHO7685,FEDEX,26/03/2025,Delivered,Hyderabad,Pune,19.88,31/03/2025,31/03/2025,0
SHO7686,FEDEX,22/02/2025,In Transit,Hyderabad,Bangalore,166.29,01/03/2025,,
SHO7688,DHL,03/03/2026,Delayed,Mumbai,Delhi,52.36,07/03/2026,15/03/2026,
SHO7690,DHL,08/07/2025,In Transit,Pune,Hyderabad,188.88,15/07/2025,,
SHO7695,BLUEDART,24/11/2025,Delayed,Mumbai,Hyderabad,490.95,28/11/2025,07/12/2025,
SHO7698,FEDEX,24/03/2025,In Transit,Bangalore,Hyderabad,457.06,27/03/2025,,
SHO7702,FEDEX,28/04/2026,Pending,Delhi,Mumbai,432.85,05/05/2026,,
SHO7703,BLUEDART,29/06/2024,Accepted,Chennai,Bangalore,90.24,04/07/2024,,
SHO7704,FEDEX,25/01/2024,Pending,Bangalore,Delhi,219.34,29/01/2024,,
SHO7707,DHL,09/08/2024,Pending,Chennai,Mumbai,402.67,14/08/2024,,
SHO7709,DHL,25/01/2025,Accepted,Chennai,Bangalore,251.52,30/01/2025,02/03/2025,
SHO7711,BLUEDART,30/01/2026,In Transit,Mumbai,Pune,355.3,06/02/2026,,
SHO7712,BLUEDART,05/03/2026,Delivered,Pune,Bangalore,64.96,03/12/2026,17/03/2026,0
SHO7716,DHL,20/05/2025,Delivered,Hyderabad,Chennai,325.33,24/05/2025,25/05/2025,1
SHO7719,FEDEX,30/04/2024,In Transit,Hyderabad,Delhi,43.37,05/05/2024,,
SHO7720,BLUEDART,22/02/2024,Delayed,Pune,Delhi,94.92,28/02/2024,07/03/2024,
SHO7723,FEDEX,17/03/2025,Pending,Mumbai,Delhi,80.19,24/03/2025,,
SHO7724,BLUEDART,10/01/2025,Accepted,Hyderabad,Pune,215.26,05/10/2025,14/10/2025,
SHO7727,FEDEX,31/05/2024,Pending,Pune,Delhi,496.56,04/06/2024,,
SHO7729,BLUEDART,25/09/2024,Accepted,Chennai,Delhi,139.89,01/10/2024,,
SHO7732,FEDEX,23/01/2026,Delayed,Bangalore,Hyderabad,263.78,30/01/2026,,
SHO7734,FEDEX,29/02/2024,In Transit,Bangalore,Pune,328.04,03/05/2024,,
SHO7737,DHL,13/02/2026,Delivered,Hyderabad,Chennai,413.65,17/02/2026,16/02/2026,0
SHO7738,DHL,10/10/2024,Delayed,Hyderabad,Chennai,429.32,14/10/2024,22/10/2024,
SHO7743,FEDEX,01/03/2024,Delivered,Delhi,Mumbai,321.85,06/03/2024,03/08/2024,150
SHO7748,BLUEDART,23/07/2025,In Transit,Chennai,Hyderabad,128.63,25/07/2025,,
SHO7751,BLUEDART,24/12/2025,Accepted,Delhi,Pune,233.49,31/12/2025,,
SHO7755,BLUEDART,22/11/2024,Delayed,Delhi,Bangalore,42.68,26/11/2024,28/11/2024,
SHO7756,BLUEDART,05/12/2025,In Transit,Hyderabad,Bangalore,306.32,07/12/2025,,
SHO7757,DHL,11/02/2024,Delayed,Mumbai,Chennai,108.42,17/02/2024,19/02/2024,
SHO7759,DHL,09/05/2026,Delayed,Hyderabad,Pune,428.28,14/05/2026,21/05/2026,
SHO7760,DHL,27/03/2024,Delayed,Pune,Delhi,413.68,01/04/2024,08/04/2024,
SHO7761,DHL,30/06/2024,Delayed,Hyderabad,Pune,322.84,05/07/2024,,
SHO7763,DHL,30/01/2026,Delayed,Hyderabad,Bangalore,187.54,02/03/2026,10/02/2026,
SHO7769,FEDEX,30/06/2024,In Transit,Pune,Chennai,223.48,07/07/2024,,
SHO7771,DHL,21/12/2024,In Transit,Pune,Chennai,369.06,23/12/2024,,
SHO7772,BLUEDART,25/12/2024,Pending,Delhi,Mumbai,303.38,01/01/2025,,
SHO7773,FEDEX,19/10/2024,In Transit,Pune,Hyderabad,447.62,21/10/2024,,
SHO7779,BLUEDART,26/10/2024,Delayed,Pune,Delhi,102.31,02/11/2024,,
SHO7785,BLUEDART,20/08/2024,Delivered,Chennai,Pune,354.92,26/08/2024,28/08/2024,2
SHO7787,FEDEX,20/11/2024,Pending,Chennai,Mumbai,162.75,22/11/2024,,
SHO7789,FEDEX,11/04/2024,Delayed,Pune,Bangalore,134.89,17/04/2024,23/04/2024,
SHO7791,BLUEDART,17/08/2024,Delivered,Pune,Hyderabad,239.36,19/08/2024,17/08/2024,0
SHO7795,BLUEDART,31/07/2024,Accepted,Chennai,Mumbai,443.91,06/08/2024,,
SHO7799,DHL,10/02/2026,Pending,Hyderabad,Chennai,222.74,13/02/2026,,
SHO7800,DHL,24/09/2024,Delayed,Pune,Mumbai,219.07,27/09/2024,02/10/2024,
SHO7803,BLUEDART,05/01/2026,Delayed,Pune,Mumbai,139.83,01/09/2026,10/01/2026,
SHO7804,FEDEX,19/06/2026,Delayed,Mumbai,Bangalore,367.08,24/06/2026,,
SHO7806,BLUEDART,07/09/2025,Delayed,Hyderabad,Pune,494.39,14/09/2025,22/09/2025,
SHO7809,FEDEX,12/04/2025,Delivered,Chennai,Mumbai,361.92,09/12/2025,07/12/2025,0
SHO7810,DHL,06/05/2025,Accepted,Pune,Delhi,365.7,05/09/2025,,
SHO7811,BLUEDART,09/08/2025,In Transit,Mumbai,Delhi,209.52,08/11/2025,,
SHO7814,BLUEDART,27/03/2025,Accepted,Bangalore,Hyderabad,283.9,31/03/2025,,
SHO7815,FEDEX,22/08/2024,Accepted,Mumbai,Delhi,388.8,26/08/2024,,
SHO7818,BLUEDART,25/02/2024,Delayed,Delhi,Chennai,153.44,02/03/2024,03/06/2024,
SHO7819,FEDEX,17/02/2026,In Transit,Delhi,Bangalore,494.78,23/02/2026,,
SHO7826,DHL,21/02/2024,Accepted,Mumbai,Hyderabad,59.12,25/02/2024,,
SHO7827,DHL,10/06/2024,Accepted,Bangalore,Pune,199.0,15/06/2024,,
SHO7829,BLUEDART,25/06/2025,In Transit,Hyderabad,Pune,234.06,02/07/2025,,
SHO7830,FEDEX,06/06/2024,Delayed,Pune,Chennai,53.52,06/10/2024,20/06/2024,
SHO7833,BLUEDART,21/01/2025,Delayed,Mumbai,Delhi,370.55,25/01/2025,01/02/2025,
SHO7840,FEDEX,21/03/2025,Delayed,Bangalore,Delhi,14.11,23/03/2025,31/03/2025,
SHO7853,FEDEX,21/04/2025,Delivered,Delhi,Bangalore,10.91,25/04/2025,28/04/2025,3
SHO7855,BLUEDART,13/07/2025,In Transit,Chennai,Delhi,316.68,15/07/2025,,
SHO7859,BLUEDART,09/10/2025,Delayed,Chennai,Hyderabad,88.59,15/10/2025,19/10/2025,
SHO7860,FEDEX,08/01/2025,Delayed,Bangalore,Pune,219.48,08/04/2025,13/08/2025,
SHO7864,DHL,06/02/2026,Pending,Bangalore,Delhi,241.16,10/02/2026,,
SHO7866,BLUEDART,19/02/2026,Delayed,Pune,Bangalore,156.46,25/02/2026,27/02/2026,
SHO7869,FEDEX,23/03/2024,Delivered,Mumbai,Bangalore,66.49,27/03/2024,01/04/2024,5
SHO7872,BLUEDART,19/04/2025,Pending,Pune,Mumbai,420.05,25/04/2025,,
SHO7874,DHL,01/11/2024,Pending,Mumbai,Chennai,122.28,08/11/2024,,
SHO7876,FEDEX,30/05/2026,In Transit,Hyderabad,Pune,216.58,02/06/2026,,
SHO7877,FEDEX,17/10/2024,Pending,Delhi,Pune,241.03,24/10/2024,,
SHO7881,FEDEX,18/11/2025,Delayed,Delhi,Mumbai,165.66,21/11/2025,22/11/2025,
SHO7885,BLUEDART,02/01/2026,In Transit,Chennai,Pune,19.04,09/01/2026,,
SHO7887,DHL,24/02/2024,Pending,Delhi,Chennai,178.07,26/02/2024,,
SHO7890,DHL,11/04/2026,Pending,Chennai,Hyderabad,471.57,16/04/2026,,
SHO7893,BLUEDART,29/08/2025,Accepted,Pune,Hyderabad,44.29,05/09/2025,,
SHO7895,DHL,31/01/2024,Delivered,Chennai,Mumbai,232.52,02/03/2024,01/02/2024,0
SHO7898,DHL,19/10/2024,Accepted,Chennai,Bangalore,362.02,23/10/2024,,
SHO7899,DHL,22/09/2025,Pending,Delhi,Chennai,420.28,29/09/2025,,
SHO7901,BLUEDART,07/04/2026,Delayed,Mumbai,Bangalore,186.23,13/04/2026,21/04/2026,
SHO7903,FEDEX,09/02/2024,Delayed,Mumbai,Hyderabad,344.51,09/07/2024,13/09/2024,
SHO7904,BLUEDART,08/03/2025,Delayed,Pune,Chennai,373.09,08/10/2025,15/08/2025,
SHO7905,BLUEDART,14/04/2025,Pending,Mumbai,Hyderabad,92.53,18/04/2025,,
SHO7907,DHL,20/09/2024,In Transit,Chennai,Hyderabad,188.65,24/09/2024,,
SHO7909,FEDEX,06/05/2026,Delayed,Delhi,Pune,470.93,07/06/2026,06/09/2026,
SHO7916,BLUEDART,24/12/2024,Delayed,Chennai,Bangalore,441.37,28/12/2024,,
SHO7920,DHL,27/05/2026,Delayed,Mumbai,Bangalore,381.21,01/06/2026,,
SHO7921,FEDEX,12/01/2025,Pending,Delhi,Pune,297.17,07/12/2025,,
SHO7929,DHL,20/10/2025,In Transit,Bangalore,Mumbai,9.58,23/10/2025,,
SHO7931,FEDEX,06/02/2025,Delayed,Chennai,Pune,392.61,02/09/2025,10/02/2025,
SHO7932,BLUEDART,19/10/2025,In Transit,Pune,Hyderabad,371.19,22/10/2025,,
SHO7934,FEDEX,26/04/2024,In Transit,Bangalore,Delhi,369.28,29/04/2024,,
SHO7939,FEDEX,11/04/2024,Pending,Pune,Chennai,467.12,11/10/2024,,
SHO7943,DHL,07/12/2024,Accepted,Pune,Hyderabad,488.99,13/12/2024,,
SHO7945,FEDEX,19/02/2025,Delivered,Bangalore,Chennai,61.37,23/02/2025,22/02/2025,0
SHO7946,DHL,20/04/2026,In Transit,Pune,Bangalore,210.9,23/04/2026,,
SHO7950,DHL,30/12/2025,Delayed,Delhi,Pune,96.5,04/01/2026,13/01/2026,
SHO7952,DHL,28/06/2024,In Transit,Mumbai,Chennai,171.29,01/07/2024,,
SHO7953,BLUEDART,02/01/2025,In Transit,Mumbai,Chennai,258.21,02/07/2025,,
SHO7961,FEDEX,19/08/2024,Accepted,Mumbai,Pune,34.74,26/08/2024,,
SHO7966,FEDEX,07/07/2024,In Transit,Hyderabad,Pune,143.58,09/07/2024,,
SHO7972,FEDEX,17/12/2025,Pending,Pune,Chennai,43.24,24/12/2025,,
SHO7974,BLUEDART,12/03/2024,In Transit,Chennai,Mumbai,268.28,12/08/2024,,
SHO7976,FEDEX,20/10/2025,Pending,Chennai,Delhi,180.04,27/10/2025,,
SHO7978,FEDEX,20/04/2026,Pending,Chennai,Delhi,483.7,24/04/2026,,
SHO7979,FEDEX,19/11/2024,Delivered,Bangalore,Mumbai,448.46,24/11/2024,25/11/2024,1
SHO7982,BLUEDART,14/03/2025,Delivered,Chennai,Pune,178.39,17/03/2025,19/03/2025,2
SHO7985,BLUEDART,05/07/2024,Delivered,Delhi,Bangalore,235.13,07/09/2024,13/07/2024,0
SHO7986,DHL,21/02/2024,Delayed,Mumbai,Bangalore,71.67,28/02/2024,05/03/2024,
SHO7994,FEDEX,24/01/2026,Delivered,Hyderabad,Bangalore,177.2,26/01/2026,26/01/2026,0
SHO7996,FEDEX,06/01/2026,Delivered,Delhi,Hyderabad,425.75,13/01/2026,18/01/2026,5
SHO7997,DHL,15/10/2024,Delivered,Hyderabad,Chennai,3.04,22/10/2024,21/10/2024,0
SHO8000,BLUEDART,05/12/2024,Delayed,Bangalore,Pune,208.88,12/12/2024,22/12/2024,
SHO8001,BLUEDART,14/01/2024,Delayed,Hyderabad,Delhi,481.66,19/01/2024,,
SHO8004,BLUEDART,14/05/2025,Delayed,Bangalore,Chennai,47.02,18/05/2025,20/05/2025,
SHO8010,FEDEX,16/07/2025,Delayed,Delhi,Hyderabad,185.96,20/07/2025,,
SHO8011,BLUEDART,06/07/2025,Delivered,Chennai,Hyderabad,387.2,07/10/2025,09/07/2025,0
SHO8013,DHL,26/05/2024,Accepted,Chennai,Bangalore,261.71,29/05/2024,,
SHO8016,DHL,05/05/2024,In Transit,Hyderabad,Mumbai,241.08,05/07/2024,,
SHO8017,DHL,18/02/2026,Pending,Hyderabad,Pune,321.77,24/02/2026,,
SHO8020,BLUEDART,10/03/2025,Delayed,Mumbai,Pune,226.21,15/03/2025,22/03/2025,
SHO8021,BLUEDART,09/12/2025,Delayed,Pune,Bangalore,110.63,13/12/2025,,
SHO8024,FEDEX,31/07/2025,In Transit,Hyderabad,Delhi,170.86,06/08/2025,,
SHO8026,BLUEDART,05/11/2024,Pending,Mumbai,Chennai,251.17,11/11/2024,,
SHO8028,FEDEX,31/05/2024,Pending,Mumbai,Hyderabad,31.42,04/06/2024,,
SHO8029,BLUEDART,23/12/2024,Pending,Bangalore,Chennai,394.56,27/12/2024,,
SHO8030,DHL,08/03/2024,Pending,Delhi,Bangalore,395.28,03/10/2024,,
SHO8031,BLUEDART,16/02/2024,Delivered,Pune,Bangalore,329.33,18/02/2024,19/02/2024,1
SHO8033,DHL,09/10/2024,In Transit,Hyderabad,Pune,97.45,14/10/2024,,
SHO8042,FEDEX,25/07/2025,In Transit,Hyderabad,Pune,117.9,30/07/2025,,
SHO8044,DHL,14/06/2026,Delivered,Bangalore,Pune,419.98,17/06/2026,15/06/2026,0
SHO8045,DHL,24/10/2025,Pending,Delhi,Pune,181.84,28/10/2025,,
SHO8046,FEDEX,24/03/2024,In Transit,Hyderabad,Delhi,209.92,26/03/2024,,
SHO8047,DHL,15/05/2025,In Transit,Hyderabad,Delhi,256.38,18/05/2025,,
SHO8049,DHL,18/02/2024,Pending,Pune,Bangalore,84.64,22/02/2024,,
SHO8061,BLUEDART,21/06/2025,Pending,Delhi,Hyderabad,429.1,23/06/2025,,
SHO8063,DHL,22/11/2025,Delayed,Pune,Hyderabad,407.79,24/11/2025,12/04/2025,
SHO8068,BLUEDART,26/01/2025,In Transit,Delhi,Chennai,245.67,28/01/2025,,
SHO8070,BLUEDART,13/10/2024,Pending,Hyderabad,Delhi,97.82,16/10/2024,,
SHO8072,BLUEDART,17/04/2024,Pending,Hyderabad,Pune,26.52,20/04/2024,,
SHO8073,FEDEX,26/07/2024,Delivered,Chennai,Pune,271.95,31/07/2024,03/08/2024,3
SHO8074,BLUEDART,29/05/2024,In Transit,Pune,Chennai,470.25,02/06/2024,,
SHO8082,FEDEX,04/08/2025,In Transit,Mumbai,Bangalore,102.52,09/08/2025,,
SHO8086,BLUEDART,19/08/2024,Pending,Delhi,Pune,112.67,23/08/2024,,
SHO8087,DHL,18/02/2024,Delivered,Delhi,Bangalore,34.48,23/02/2024,25/02/2024,2
SHO8104,BLUEDART,05/09/2024,Delivered,Hyderabad,Chennai,469.75,09/10/2024,09/09/2024,0
SHO8107,FEDEX,04/10/2025,Accepted,Bangalore,Delhi,431.65,06/10/2025,,
SHO8109,BLUEDART,09/06/2025,Delivered,Bangalore,Pune,121.32,14/06/2025,16/06/2025,2
SHO8112,BLUEDART,23/04/2026,In Transit,Chennai,Hyderabad,17.6,29/04/2026,,
SHO8113,BLUEDART,27/06/2026,Delivered,Mumbai,Pune,178.2,02/07/2026,06/07/2026,4
SHO8115,BLUEDART,01/07/2024,Delivered,Mumbai,Pune,154.39,04/07/2024,05/07/2024,1
SHO8116,BLUEDART,12/07/2024,Pending,Chennai,Bangalore,402.49,10/12/2024,,
SHO8118,DHL,04/03/2025,Accepted,Chennai,Mumbai,270.03,03/11/2025,,
SHO8120,DHL,22/04/2024,Pending,Chennai,Bangalore,53.79,28/04/2024,,
SHO8121,FEDEX,18/07/2025,Pending,Bangalore,Chennai,179.69,25/07/2025,,
SHO8122,FEDEX,03/10/2025,Accepted,Bangalore,Chennai,143.81,08/10/2025,14/10/2025,
SHO8123,FEDEX,11/04/2024,Accepted,Mumbai,Hyderabad,355.83,11/11/2024,,
SHO8128,DHL,30/12/2024,Accepted,Mumbai,Pune,476.8,01/05/2025,,
SHO8129,FEDEX,22/10/2025,Pending,Chennai,Delhi,232.4,27/10/2025,,
SHO8133,DHL,20/02/2026,Delivered,Hyderabad,Delhi,345.36,22/02/2026,24/02/2026,2
SHO8134,FEDEX,02/01/2026,Delayed,Bangalore,Hyderabad,373.71,05/01/2026,14/01/2026,
SHO8139,DHL,16/03/2026,Delayed,Pune,Mumbai,227.56,19/03/2026,21/03/2026,
SHO8140,DHL,17/07/2024,In Transit,Pune,Chennai,61.11,24/07/2024,,
SHO8141,DHL,24/09/2025,Accepted,Hyderabad,Pune,243.7,26/09/2025,,
SHO8145,BLUEDART,11/05/2025,In Transit,Chennai,Hyderabad,281.9,16/05/2025,,
SHO8148,DHL,19/04/2025,Delayed,Hyderabad,Mumbai,102.57,23/04/2025,,
SHO8150,BLUEDART,13/04/2026,Accepted,Mumbai,Bangalore,333.44,17/04/2026,,
SHO8153,FEDEX,09/06/2024,Delivered,Chennai,Delhi,75.33,09/09/2024,11/09/2024,2
SHO8160,DHL,16/02/2025,Pending,Delhi,Bangalore,32.75,20/02/2025,,
SHO8162,DHL,08/08/2024,Delayed,Bangalore,Hyderabad,175.3,13/08/2024,15/08/2024,
SHO8167,FEDEX,26/08/2025,Delayed,Hyderabad,Delhi,325.72,31/08/2025,09/08/2025,
SHO8168,DHL,22/06/2025,Accepted,Bangalore,Hyderabad,278.46,28/06/2025,,
SHO8172,DHL,06/11/2025,In Transit,Hyderabad,Pune,331.18,13/11/2025,,
SHO8174,BLUEDART,28/01/2025,Accepted,Bangalore,Pune,66.55,02/04/2025,09/02/2025,
SHO8178,DHL,20/10/2025,In Transit,Delhi,Hyderabad,143.19,22/10/2025,,
SHO8182,BLUEDART,18/01/2025,Delivered,Delhi,Chennai,306.24,24/01/2025,26/01/2025,2
SHO8184,FEDEX,18/01/2026,Delayed,Bangalore,Hyderabad,134.44,20/01/2026,25/01/2026,
SHO8187,BLUEDART,19/05/2025,Delayed,Chennai,Mumbai,51.55,22/05/2025,30/05/2025,
SHO8188,FEDEX,28/12/2024,Pending,Pune,Delhi,448.11,30/12/2024,,
SHO8191,BLUEDART,20/09/2025,In Transit,Bangalore,Delhi,70.28,24/09/2025,,
SHO8196,FEDEX,21/06/2024,Delayed,Hyderabad,Pune,200.6,25/06/2024,01/07/2024,
SHO8203,BLUEDART,27/08/2025,Delivered,Pune,Delhi,404.34,29/08/2025,02/09/2025,4
SHO8204,DHL,07/03/2025,Pending,Delhi,Bangalore,473.27,10/03/2025,,
SHO8206,DHL,23/06/2024,Delivered,Pune,Hyderabad,195.7,28/06/2024,26/06/2024,0
SHO8209,BLUEDART,19/04/2026,Delivered,Chennai,Hyderabad,149.5,24/04/2026,27/04/2026,3
SHO8212,FEDEX,19/08/2025,Pending,Chennai,Bangalore,65.31,21/08/2025,,
SHO8213,FEDEX,07/08/2025,Delayed,Mumbai,Pune,92.08,11/08/2025,12/08/2025,
SHO8214,FEDEX,03/08/2024,In Transit,Delhi,Mumbai,494.78,08/09/2024,,
SHO8215,BLUEDART,15/04/2024,Delivered,Hyderabad,Mumbai,387.84,19/04/2024,20/04/2024,1
SHO8216,BLUEDART,31/10/2025,Delayed,Chennai,Hyderabad,396.94,07/11/2025,11/11/2025,
SHO8217,DHL,04/02/2024,Delayed,Mumbai,Hyderabad,128.55,09/02/2024,19/02/2024,
SHO8218,DHL,03/09/2024,In Transit,Bangalore,Mumbai,345.11,03/11/2024,,
SHO8220,FEDEX,12/07/2025,Delivered,Delhi,Bangalore,420.11,17/07/2025,22/07/2025,5
SHO8221,BLUEDART,26/12/2024,In Transit,Chennai,Bangalore,144.1,30/12/2024,,
SHO8224,BLUEDART,17/05/2026,In Transit,Pune,Delhi,87.55,24/05/2026,,
SHO8225,BLUEDART,27/08/2024,Delayed,Hyderabad,Delhi,171.07,31/08/2024,09/02/2024,
SHO8227,FEDEX,16/05/2026,Delayed,Hyderabad,Mumbai,370.22,23/05/2026,27/05/2026,
SHO8230,FEDEX,14/05/2024,Delivered,Delhi,Hyderabad,54.0,19/05/2024,21/05/2024,2
SHO8231,FEDEX,14/02/2025,Accepted,Chennai,Pune,167.6,16/02/2025,,
SHO8234,FEDEX,28/01/2025,In Transit,Chennai,Delhi,50.19,04/02/2025,,
SHO8236,DHL,13/09/2024,Accepted,Bangalore,Hyderabad,421.85,15/09/2024,17/09/2024,
SHO8237,BLUEDART,27/03/2025,Pending,Mumbai,Chennai,189.54,31/03/2025,,
SHO8238,BLUEDART,25/09/2025,Pending,Pune,Hyderabad,11.75,28/09/2025,,
SHO8244,FEDEX,20/06/2024,Delayed,Bangalore,Delhi,447.22,23/06/2024,24/06/2024,
SHO8245,DHL,13/01/2026,Delayed,Delhi,Mumbai,118.53,20/01/2026,27/01/2026,
SHO8249,DHL,20/12/2024,Delivered,Bangalore,Pune,77.87,22/12/2024,27/12/2024,5
SHO8252,FEDEX,16/11/2024,Accepted,Hyderabad,Mumbai,19.78,20/11/2024,,
SHO8256,DHL,15/09/2024,Pending,Bangalore,Delhi,222.35,18/09/2024,,
SHO8257,DHL,26/07/2025,In Transit,Hyderabad,Delhi,75.73,30/07/2025,,
SHO8258,BLUEDART,05/04/2024,Pending,Hyderabad,Pune,434.5,08/05/2024,,
SHO8263,DHL,21/08/2024,Delivered,Chennai,Bangalore,318.38,27/08/2024,31/08/2024,4
SHO8264,BLUEDART,08/10/2024,Pending,Hyderabad,Mumbai,382.01,15/10/2024,,
SHO8268,FEDEX,11/07/2025,In Transit,Mumbai,Bangalore,242.82,14/07/2025,,
SHO8269,DHL,22/03/2024,In Transit,Bangalore,Pune,283.35,25/03/2024,,
SHO8272,DHL,24/05/2026,In Transit,Mumbai,Delhi,279.69,31/05/2026,,
SHO8274,DHL,04/02/2026,In Transit,Mumbai,Bangalore,324.47,05/04/2026,,
SHO8276,FEDEX,27/08/2025,In Transit,Chennai,Delhi,153.63,03/09/2025,,
SHO8280,DHL,02/02/2025,Delivered,Hyderabad,Mumbai,195.42,02/05/2025,07/02/2025,0
SHO8284,BLUEDART,14/02/2026,In Transit,Hyderabad,Pune,489.39,19/02/2026,,
SHO8287,FEDEX,26/10/2025,In Transit,Bangalore,Delhi,36.53,31/10/2025,,
SHO8288,DHL,26/10/2025,Delayed,Mumbai,Delhi,468.22,31/10/2025,,
SHO8290,FEDEX,21/09/2025,Pending,Hyderabad,Pune,9.04,27/09/2025,,
SHO8292,DHL,13/11/2025,In Transit,Bangalore,Pune,277.31,18/11/2025,,
SHO8296,FEDEX,20/09/2024,In Transit,Mumbai,Hyderabad,38.07,24/09/2024,,
SHO8298,BLUEDART,31/03/2026,Accepted,Chennai,Bangalore,206.33,03/04/2026,,
SHO8299,DHL,01/05/2026,Pending,Bangalore,Chennai,67.62,06/05/2026,,
SHO8300,BLUEDART,12/06/2024,Pending,Chennai,Hyderabad,235.87,12/10/2024,,
SHO8302,FEDEX,06/09/2025,Pending,Bangalore,Hyderabad,271.02,09/12/2025,,
SHO8305,FEDEX,21/10/2025,In Transit,Hyderabad,Mumbai,469.26,23/10/2025,,
SHO8307,FEDEX,18/04/2026,Delivered,Hyderabad,Mumbai,402.79,25/04/2026,25/04/2026,0
SHO8312,FEDEX,31/12/2024,In Transit,Delhi,Mumbai,38.64,03/01/2025,,
SHO8315,DHL,14/02/2026,Delayed,Bangalore,Pune,389.1,19/02/2026,21/02/2026,
SHO8319,DHL,17/02/2024,Delivered,Pune,Chennai,498.45,24/02/2024,27/02/2024,3
SHO8325,BLUEDART,22/02/2025,Accepted,Chennai,Hyderabad,482.2,25/02/2025,25/02/2025,
SHO8327,BLUEDART,13/09/2025,Delayed,Pune,Mumbai,349.76,17/09/2025,24/09/2025,
SHO8328,DHL,25/05/2026,Delayed,Hyderabad,Bangalore,288.19,31/05/2026,06/03/2026,
SHO8329,FEDEX,06/09/2024,Delivered,Chennai,Pune,371.02,10/09/2024,09/12/2024,90
SHO8332,BLUEDART,19/01/2025,In Transit,Bangalore,Delhi,171.39,24/01/2025,,
SHO8337,DHL,20/02/2026,Pending,Delhi,Hyderabad,48.28,23/02/2026,,
SHO8338,BLUEDART,18/12/2025,Accepted,Chennai,Pune,297.74,23/12/2025,,
SHO8339,BLUEDART,26/01/2024,Accepted,Delhi,Pune,269.46,31/01/2024,,
SHO8340,FEDEX,13/02/2026,Pending,Mumbai,Bangalore,494.05,15/02/2026,,
SHO8341,BLUEDART,17/03/2025,Delivered,Mumbai,Pune,349.29,23/03/2025,28/03/2025,5
SHO8352,DHL,21/01/2026,Pending,Mumbai,Pune,249.35,23/01/2026,,
SHO8354,DHL,05/05/2026,In Transit,Chennai,Mumbai,28.44,05/11/2026,,
SHO8357,BLUEDART,13/09/2025,Delayed,Pune,Mumbai,381.03,15/09/2025,22/09/2025,
SHO8362,BLUEDART,13/06/2024,Delayed,Bangalore,Hyderabad,24.7,18/06/2024,27/06/2024,
SHO8363,FEDEX,10/07/2025,Accepted,Bangalore,Chennai,298.08,14/10/2025,,
SHO8365,FEDEX,16/01/2025,Delayed,Pune,Chennai,175.9,23/01/2025,30/01/2025,
SHO8370,BLUEDART,12/10/2024,Pending,Bangalore,Mumbai,157.1,18/10/2024,,
SHO8371,DHL,18/03/2025,Pending,Hyderabad,Mumbai,138.79,22/03/2025,,
SHO8377,DHL,13/10/2025,Delayed,Hyderabad,Bangalore,111.39,17/10/2025,24/10/2025,
SHO8380,BLUEDART,24/06/2026,Delayed,Pune,Bangalore,233.7,29/06/2026,02/07/2026,
SHO8383,BLUEDART,26/04/2026,Delivered,Hyderabad,Pune,260.72,28/04/2026,28/04/2026,0
SHO8385,FEDEX,20/12/2024,In Transit,Bangalore,Pune,388.06,27/12/2024,,
SHO8386,FEDEX,28/05/2026,Delayed,Bangalore,Hyderabad,255.34,01/06/2026,06/09/2026,
SHO8388,DHL,20/06/2024,Pending,Chennai,Delhi,195.65,24/06/2024,,
SHO8389,FEDEX,16/11/2024,In Transit,Delhi,Mumbai,104.8,18/11/2024,,
SHO8391,BLUEDART,26/10/2025,Accepted,Mumbai,Delhi,20.67,30/10/2025,09/11/2025,
SHO8392,BLUEDART,01/12/2025,Pending,Bangalore,Delhi,99.83,07/12/2025,,
SHO8394,DHL,13/08/2024,Pending,Mumbai,Hyderabad,316.68,20/08/2024,,
SHO8396,FEDEX,31/05/2025,Pending,Delhi,Bangalore,155.05,03/06/2025,,
SHO8397,FEDEX,22/12/2025,Delivered,Mumbai,Bangalore,178.07,24/12/2025,28/12/2025,4
SHO8398,DHL,14/02/2025,Pending,Pune,Mumbai,298.07,20/02/2025,,
SHO8400,FEDEX,14/10/2025,Delayed,Mumbai,Hyderabad,390.96,19/10/2025,21/10/2025,
SHO8401,FEDEX,07/07/2025,Pending,Bangalore,Mumbai,295.03,13/07/2025,,
SHO8403,DHL,01/08/2024,Pending,Bangalore,Chennai,83.09,05/08/2024,,
SHO8405,BLUEDART,04/02/2025,In Transit,Pune,Hyderabad,190.76,04/08/2025,,
SHO8406,BLUEDART,05/03/2026,Accepted,Chennai,Bangalore,243.3,09/05/2026,,
SHO8407,DHL,11/01/2024,In Transit,Chennai,Bangalore,263.98,17/01/2024,,
SHO8409,DHL,08/11/2025,Delayed,Pune,Mumbai,459.66,10/11/2025,18/11/2025,
SHO8411,DHL,10/03/2024,Accepted,Pune,Mumbai,228.33,12/03/2024,,
SHO8412,FEDEX,08/02/2025,Pending,Mumbai,Bangalore,18.78,08/08/2025,,
SHO8418,BLUEDART,06/03/2026,In Transit,Bangalore,Hyderabad,33.35,13/03/2026,,
SHO8421,BLUEDART,18/02/2025,Delivered,Delhi,Bangalore,347.88,21/02/2025,26/02/2025,5
SHO8424,BLUEDART,24/03/2026,Accepted,Pune,Hyderabad,94.83,31/03/2026,,
SHO8425,DHL,14/03/2025,Delayed,Hyderabad,Bangalore,237.9,18/03/2025,27/03/2025,
SHO8430,FEDEX,08/03/2024,Delayed,Pune,Chennai,322.99,14/03/2024,23/03/2024,
SHO8433,FEDEX,28/03/2026,Pending,Bangalore,Pune,354.43,03/04/2026,,
SHO8434,BLUEDART,09/02/2024,Delayed,Mumbai,Pune,58.53,04/09/2024,05/09/2024,
SHO8435,DHL,20/03/2026,Pending,Delhi,Bangalore,199.4,23/03/2026,,
SHO8436,FEDEX,15/11/2024,Delayed,Bangalore,Mumbai,10.0,18/11/2024,20/11/2024,
SHO8438,BLUEDART,25/01/2026,Delayed,Pune,Delhi,403.5,27/01/2026,01/02/2026,
SHO8439,DHL,05/02/2026,Delayed,Delhi,Chennai,306.32,12/02/2026,19/02/2026,
SHO8440,FEDEX,12/04/2026,Delivered,Pune,Chennai,119.05,16/04/2026,20/04/2026,4
SHO8442,DHL,25/07/2025,Delivered,Bangalore,Mumbai,218.76,27/07/2025,26/07/2025,0
SHO8443,BLUEDART,05/05/2024,In Transit,Pune,Chennai,158.01,11/05/2024,,
SHO8447,DHL,04/08/2025,Delayed,Hyderabad,Pune,326.67,07/08/2025,12/08/2025,
SHO8451,FEDEX,08/07/2025,In Transit,Mumbai,Chennai,379.45,09/08/2025,,
SHO8452,FEDEX,20/06/2026,Pending,Mumbai,Bangalore,11.16,22/06/2026,,
SHO8453,FEDEX,25/09/2024,Delayed,Delhi,Pune,438.65,28/09/2024,01/10/2024,
SHO8455,FEDEX,30/06/2026,Pending,Delhi,Mumbai,178.35,02/07/2026,,
SHO8456,DHL,07/02/2026,Delivered,Hyderabad,Mumbai,493.15,11/02/2026,14/02/2026,3
SHO8457,BLUEDART,14/06/2024,In Transit,Pune,Hyderabad,244.56,19/06/2024,,
SHO8458,FEDEX,07/04/2025,Delivered,Bangalore,Chennai,142.95,07/10/2025,15/07/2025,0
SHO8460,BLUEDART,04/05/2024,Pending,Mumbai,Delhi,162.83,04/08/2024,,
SHO8466,DHL,12/11/2025,Delayed,Mumbai,Hyderabad,374.67,14/11/2025,18/11/2025,
SHO8467,FEDEX,12/02/2025,Delivered,Bangalore,Chennai,260.78,12/08/2025,09/12/2025,119
SHO8468,DHL,10/02/2025,Delayed,Hyderabad,Chennai,469.19,17/02/2025,24/02/2025,
SHO8471,FEDEX,11/11/2024,In Transit,Mumbai,Chennai,371.5,13/11/2024,,
SHO8473,FEDEX,29/06/2024,Pending,Pune,Hyderabad,440.86,05/07/2024,,
SHO8475,DHL,15/05/2024,Pending,Chennai,Pune,29.77,17/05/2024,,
SHO8478,BLUEDART,20/04/2024,Pending,Mumbai,Hyderabad,448.52,23/04/2024,,
SHO8481,BLUEDART,31/05/2024,Pending,Hyderabad,Bangalore,282.43,02/06/2024,,
SHO8482,FEDEX,27/03/2025,Accepted,Pune,Bangalore,112.89,31/03/2025,06/04/2025,
SHO8484,BLUEDART,11/08/2025,Pending,Bangalore,Chennai,23.16,17/08/2025,,
SHO8485,BLUEDART,25/12/2024,Accepted,Delhi,Bangalore,190.62,28/12/2024,,
SHO8498,DHL,17/01/2024,Delivered,Delhi,Chennai,478.51,22/01/2024,24/01/2024,2
SHO8501,FEDEX,23/06/2026,Delayed,Pune,Mumbai,411.67,26/06/2026,28/06/2026,
SHO8510,DHL,06/10/2025,Delivered,Pune,Mumbai,262.78,12/10/2025,10/10/2025,0
SHO8511,FEDEX,19/09/2024,In Transit,Mumbai,Delhi,40.91,21/09/2024,,
SHO8521,DHL,13/06/2024,Delivered,Chennai,Delhi,336.02,20/06/2024,24/06/2024,4
SHO8522,FEDEX,07/06/2026,Accepted,Chennai,Hyderabad,192.66,06/10/2026,,
SHO8526,DHL,03/08/2024,Pending,Pune,Delhi,53.04,03/10/2024,,
SHO8527,BLUEDART,29/05/2025,Delayed,Pune,Delhi,138.84,05/06/2025,06/06/2025,
SHO8530,FEDEX,20/01/2025,In Transit,Chennai,Pune,304.87,25/01/2025,,
SHO8532,FEDEX,21/01/2025,Delivered,Pune,Chennai,413.15,26/01/2025,26/01/2025,0
SHO8535,BLUEDART,18/05/2025,Accepted,Chennai,Hyderabad,339.49,20/05/2025,,
SHO8541,DHL,16/09/2025,Pending,Bangalore,Hyderabad,452.24,20/09/2025,,
SHO8544,FEDEX,03/07/2026,In Transit,Pune,Chennai,9.96,03/12/2026,,
SHO8547,BLUEDART,14/03/2025,Accepted,Bangalore,Mumbai,284.75,17/03/2025,26/03/2025,
SHO8548,DHL,29/12/2024,Pending,Chennai,Bangalore,360.14,01/02/2025,,
SHO8553,FEDEX,17/09/2024,Delayed,Hyderabad,Mumbai,353.96,24/09/2024,29/09/2024,
SHO8558,DHL,20/03/2024,Pending,Hyderabad,Mumbai,246.36,22/03/2024,,
SHO8566,FEDEX,13/01/2025,In Transit,Delhi,Mumbai,63.96,17/01/2025,,
SHO8569,FEDEX,26/03/2025,Delivered,Hyderabad,Bangalore,175.77,29/03/2025,31/03/2025,2
SHO8570,DHL,10/06/2025,Pending,Mumbai,Delhi,292.42,12/06/2025,,
SHO8573,DHL,21/04/2026,Accepted,Chennai,Mumbai,416.77,28/04/2026,,
SHO8577,FEDEX,22/06/2025,In Transit,Delhi,Bangalore,295.63,26/06/2025,,
SHO8581,DHL,13/07/2025,Delivered,Delhi,Pune,82.25,15/07/2025,15/07/2025,0
SHO8583,BLUEDART,08/01/2026,Delivered,Chennai,Mumbai,249.04,01/12/2026,13/01/2026,0
SHO8586,BLUEDART,30/04/2026,Pending,Hyderabad,Mumbai,228.44,05/06/2026,,
SHO8591,DHL,25/05/2025,Accepted,Bangalore,Chennai,177.36,29/05/2025,,
SHO8592,FEDEX,13/11/2024,Delivered,Pune,Bangalore,318.18,18/11/2024,23/11/2024,5
SHO8595,DHL,17/03/2025,Pending,Mumbai,Bangalore,413.61,19/03/2025,,
SHO8596,BLUEDART,12/05/2024,Delayed,Mumbai,Bangalore,385.93,15/05/2024,16/05/2024,
SHO8601,DHL,27/11/2024,Pending,Hyderabad,Pune,381.85,30/11/2024,,
SHO8607,DHL,01/03/2024,In Transit,Chennai,Delhi,39.66,01/05/2024,,
SHO8608,FEDEX,13/05/2025,In Transit,Bangalore,Mumbai,477.13,15/05/2025,,
SHO8610,BLUEDART,14/02/2025,Delivered,Mumbai,Bangalore,298.57,18/02/2025,21/02/2025,3
SHO8612,DHL,16/03/2026,In Transit,Bangalore,Delhi,6.42,18/03/2026,,
SHO8617,BLUEDART,04/02/2025,In Transit,Pune,Delhi,237.47,06/02/2025,,
SHO8618,BLUEDART,10/08/2025,Delivered,Chennai,Pune,450.75,12/08/2025,10/08/2025,0
SHO8621,FEDEX,05/04/2026,Delayed,Pune,Bangalore,288.62,04/08/2026,11/04/2026,
SHO8625,DHL,29/05/2025,In Transit,Chennai,Bangalore,78.74,03/06/2025,,
SHO8626,BLUEDART,06/03/2024,Delayed,Delhi,Pune,240.96,06/10/2024,,
SHO8634,FEDEX,10/12/2025,In Transit,Hyderabad,Chennai,441.93,15/12/2025,,
SHO8635,BLUEDART,26/10/2024,Delayed,Chennai,Mumbai,1.66,29/10/2024,03/11/2024,
SHO8636,DHL,26/12/2024,Delayed,Chennai,Mumbai,237.0,01/02/2025,01/09/2025,
SHO8639,FEDEX,09/05/2024,In Transit,Hyderabad,Delhi,149.81,15/05/2024,,
SHO8641,DHL,20/08/2024,Delivered,Chennai,Hyderabad,358.5,24/08/2024,24/08/2024,0
SHO8648,FEDEX,29/08/2025,Delayed,Pune,Mumbai,255.81,05/09/2025,13/09/2025,
SHO8649,FEDEX,04/07/2024,Pending,Bangalore,Pune,374.56,09/07/2024,,
SHO8650,BLUEDART,16/10/2024,In Transit,Delhi,Bangalore,280.18,21/10/2024,,
SHO8653,DHL,08/09/2024,In Transit,Bangalore,Hyderabad,164.79,09/12/2024,,
SHO8654,BLUEDART,10/10/2024,In Transit,Pune,Mumbai,449.12,14/10/2024,,
SHO8658,DHL,18/08/2025,Pending,Hyderabad,Mumbai,102.84,21/08/2025,,
SHO8659,DHL,24/06/2024,Accepted,Mumbai,Hyderabad,7.72,28/06/2024,,
SHO8664,BLUEDART,15/02/2025,Accepted,Pune,Hyderabad,264.32,20/02/2025,,
SHO8667,BLUEDART,17/04/2024,Delivered,Bangalore,Pune,259.55,22/04/2024,27/04/2024,5
SHO8672,FEDEX,11/01/2025,Pending,Delhi,Bangalore,130.69,03/11/2025,,
SHO8675,FEDEX,25/11/2024,Accepted,Hyderabad,Mumbai,455.38,28/11/2024,26/11/2024,
SHO8676,BLUEDART,18/06/2026,Delivered,Chennai,Delhi,70.2,24/06/2026,29/06/2026,5
SHO8677,DHL,27/11/2024,Delayed,Pune,Hyderabad,172.8,30/11/2024,07/12/2024,
SHO8678,FEDEX,20/01/2026,In Transit,Mumbai,Chennai,144.03,22/01/2026,,
SHO8681,DHL,14/01/2025,Accepted,Pune,Delhi,78.61,21/01/2025,,
SHO8684,FEDEX,03/06/2024,Delayed,Chennai,Pune,255.73,06/06/2024,,
SHO8685,BLUEDART,30/05/2025,Pending,Bangalore,Delhi,255.78,03/06/2025,,
SHO8686,BLUEDART,08/03/2024,Accepted,Bangalore,Pune,134.25,13/03/2024,,
SHO8688,BLUEDART,31/01/2024,Pending,Hyderabad,Bangalore,488.02,02/03/2024,,
SHO8690,FEDEX,09/09/2024,Pending,Mumbai,Chennai,129.62,15/09/2024,,
SHO8691,DHL,27/01/2026,Pending,Hyderabad,Bangalore,34.31,02/02/2026,,
SHO8697,DHL,04/03/2026,Pending,Hyderabad,Bangalore,261.17,11/03/2026,,
SHO8700,BLUEDART,17/03/2025,In Transit,Mumbai,Delhi,320.13,20/03/2025,,
SHO8703,DHL,07/06/2025,Accepted,Delhi,Hyderabad,475.59,06/09/2025,15/06/2025,
SHO8705,BLUEDART,08/03/2026,Accepted,Delhi,Mumbai,171.35,13/03/2026,,
SHO8706,DHL,23/10/2024,In Transit,Mumbai,Pune,232.61,29/10/2024,,
SHO8709,DHL,18/08/2024,Accepted,Mumbai,Hyderabad,450.81,20/08/2024,,
SHO8710,BLUEDART,23/05/2024,Delivered,Delhi,Mumbai,367.74,28/05/2024,31/05/2024,3
SHO8711,FEDEX,27/07/2024,Delayed,Chennai,Mumbai,389.71,29/07/2024,01/08/2024,
SHO8712,DHL,28/06/2026,Pending,Pune,Mumbai,182.74,01/07/2026,,
SHO8715,DHL,05/04/2024,Delayed,Bangalore,Chennai,330.41,05/07/2024,08/05/2024,
SHO8717,BLUEDART,24/12/2025,Delayed,Mumbai,Delhi,158.58,26/12/2025,30/12/2025,
SHO8720,DHL,28/02/2025,Pending,Chennai,Hyderabad,411.28,02/03/2025,,
SHO8721,DHL,10/02/2026,Pending,Delhi,Chennai,151.39,17/02/2026,,
SHO8723,DHL,31/05/2026,Delivered,Bangalore,Chennai,79.11,03/06/2026,08/06/2026,5
SHO8729,DHL,15/03/2025,Delivered,Bangalore,Hyderabad,434.36,22/03/2025,20/03/2025,0
SHO8736,DHL,29/04/2024,Accepted,Hyderabad,Delhi,97.75,05/05/2024,,
SHO8738,BLUEDART,28/06/2024,Pending,Pune,Chennai,478.93,03/07/2024,,
SHO8739,DHL,18/01/2025,Pending,Pune,Mumbai,448.11,22/01/2025,,
SHO8743,DHL,25/08/2024,Delivered,Mumbai,Hyderabad,56.07,29/08/2024,30/08/2024,1
SHO8747,DHL,17/01/2025,In Transit,Hyderabad,Pune,85.63,19/01/2025,,
SHO8748,DHL,03/05/2026,Delivered,Mumbai,Chennai,311.77,09/05/2026,11/05/2026,2
SHO8749,BLUEDART,16/01/2024,Pending,Pune,Hyderabad,481.93,21/01/2024,,
SHO8751,FEDEX,06/06/2024,Delayed,Bangalore,Mumbai,307.52,06/12/2024,15/06/2024,
SHO8754,DHL,13/02/2025,In Transit,Hyderabad,Delhi,346.27,17/02/2025,,
SHO8755,DHL,12/11/2025,Pending,Delhi,Chennai,400.42,17/11/2025,,
SHO8756,FEDEX,29/06/2024,Delivered,Pune,Delhi,270.77,01/07/2024,04/07/2024,3
SHO8759,BLUEDART,12/01/2024,Pending,Delhi,Pune,85.71,14/01/2024,,
SHO8761,DHL,11/06/2026,Accepted,Mumbai,Pune,385.98,13/06/2026,,
SHO8763,FEDEX,02/02/2025,In Transit,Bangalore,Mumbai,408.12,07/02/2025,,
SHO8771,DHL,11/07/2025,Accepted,Delhi,Hyderabad,363.8,18/07/2025,,
SHO8774,BLUEDART,20/12/2025,Delivered,Chennai,Mumbai,401.51,24/12/2025,29/12/2025,5
SHO8777,BLUEDART,16/02/2026,Pending,Bangalore,Pune,187.13,18/02/2026,,
SHO8784,FEDEX,24/05/2025,In Transit,Mumbai,Hyderabad,123.11,28/05/2025,,
SHO8787,FEDEX,11/02/2024,In Transit,Pune,Mumbai,401.91,13/02/2024,,
SHO8800,DHL,24/05/2025,Delayed,Pune,Mumbai,89.77,26/05/2025,06/04/2025,
SHO8801,BLUEDART,17/10/2025,Delayed,Bangalore,Chennai,379.33,19/10/2025,,
SHO8802,FEDEX,27/10/2024,In Transit,Delhi,Pune,482.56,29/10/2024,,
SHO8804,FEDEX,09/02/2024,Delayed,Pune,Mumbai,337.81,15/02/2024,16/02/2024,
SHO8806,DHL,21/04/2025,Delayed,Bangalore,Delhi,1.31,26/04/2025,02/05/2025,
SHO8808,FEDEX,13/09/2024,Delivered,Delhi,Bangalore,401.21,15/09/2024,18/09/2024,3
SHO8811,DHL,25/10/2024,In Transit,Delhi,Hyderabad,116.24,27/10/2024,,
SHO8813,DHL,29/03/2024,Accepted,Chennai,Bangalore,410.86,31/03/2024,,
SHO8822,BLUEDART,21/01/2024,Delayed,Chennai,Bangalore,290.53,23/01/2024,02/02/2024,
SHO8823,DHL,18/06/2025,Accepted,Bangalore,Pune,5.67,21/06/2025,,
SHO8824,DHL,02/04/2026,Delayed,Chennai,Hyderabad,485.39,09/04/2026,19/04/2026,
SHO8826,BLUEDART,14/08/2024,Delivered,Mumbai,Delhi,478.08,18/08/2024,23/08/2024,5
SHO8827,BLUEDART,27/02/2025,In Transit,Pune,Mumbai,328.23,05/03/2025,,
SHO8833,DHL,21/01/2024,In Transit,Hyderabad,Mumbai,143.74,28/01/2024,,
SHO8834,BLUEDART,18/04/2025,Accepted,Delhi,Hyderabad,229.88,21/04/2025,,
SHO8835,FEDEX,29/01/2025,In Transit,Pune,Bangalore,147.35,05/02/2025,,
SHO8836,DHL,03/02/2024,In Transit,Hyderabad,Delhi,99.33,06/02/2024,,
SHO8840,DHL,03/02/2024,Delivered,Hyderabad,Mumbai,295.49,07/02/2024,11/02/2024,4
SHO8844,BLUEDART,28/04/2025,Accepted,Pune,Chennai,302.83,01/05/2025,03/05/2025,
SHO8846,FEDEX,10/05/2024,Delayed,Hyderabad,Chennai,445.39,16/05/2024,25/05/2024,
SHO8856,FEDEX,07/07/2024,Delivered,Bangalore,Mumbai,311.67,11/07/2024,11/07/2024,0
SHO8857,FEDEX,19/05/2025,Accepted,Hyderabad,Pune,300.34,24/05/2025,,
SHO8858,DHL,11/08/2024,In Transit,Hyderabad,Delhi,57.61,17/08/2024,,
SHO8861,BLUEDART,20/10/2024,In Transit,Delhi,Pune,100.77,22/10/2024,,
SHO8862,FEDEX,14/02/2026,Pending,Mumbai,Bangalore,417.74,20/02/2026,,
SHO8863,DHL,24/07/2024,Delayed,Mumbai,Pune,236.62,28/07/2024,08/07/2024,
SHO8865,DHL,15/08/2024,In Transit,Bangalore,Chennai,98.42,22/08/2024,,
SHO8866,BLUEDART,13/12/2025,Pending,Bangalore,Mumbai,80.9,19/12/2025,,
SHO8867,BLUEDART,31/01/2025,Pending,Mumbai,Chennai,260.82,04/02/2025,,
SHO8871,BLUEDART,19/09/2024,Delivered,Delhi,Mumbai,453.23,25/09/2024,26/09/2024,1
SHO8872,DHL,07/03/2025,Delivered,Bangalore,Delhi,114.95,03/12/2025,17/03/2025,0
SHO8874,DHL,10/06/2024,Pending,Pune,Bangalore,50.79,13/06/2024,,
SHO8876,BLUEDART,18/10/2025,Delayed,Pune,Delhi,7.42,22/10/2025,,
SHO8881,DHL,04/05/2026,Pending,Delhi,Pune,170.73,11/05/2026,,
SHO8882,DHL,27/04/2024,Delayed,Delhi,Mumbai,134.56,03/05/2024,05/06/2024,
SHO8884,FEDEX,08/02/2025,Delayed,Bangalore,Delhi,353.71,02/10/2025,14/02/2025,
SHO8886,DHL,04/01/2024,Delayed,Delhi,Mumbai,422.06,04/04/2024,04/09/2024,
SHO8888,DHL,19/06/2025,Pending,Mumbai,Bangalore,269.31,26/06/2025,,
SHO8889,FEDEX,07/01/2025,In Transit,Pune,Delhi,136.84,09/01/2025,,
SHO8890,BLUEDART,20/12/2025,Delivered,Chennai,Mumbai,380.39,22/12/2025,20/12/2025,0
SHO8891,FEDEX,10/06/2024,Pending,Mumbai,Delhi,30.74,11/10/2024,,
SHO8894,DHL,07/06/2024,Pending,Chennai,Bangalore,29.06,09/07/2024,,
SHO8896,DHL,18/12/2025,Pending,Chennai,Delhi,353.67,21/12/2025,,
SHO8897,DHL,31/03/2026,Accepted,Chennai,Hyderabad,139.15,04/07/2026,,
SHO8898,BLUEDART,12/03/2025,Pending,Hyderabad,Delhi,108.86,17/03/2025,,
SHO8900,FEDEX,05/10/2025,Delayed,Delhi,Pune,39.75,12/10/2025,,
SHO8902,BLUEDART,17/08/2024,Delayed,Hyderabad,Mumbai,98.75,23/08/2024,29/08/2024,
SHO8906,FEDEX,27/07/2024,Pending,Chennai,Mumbai,241.19,31/07/2024,,
SHO8907,BLUEDART,16/04/2025,Pending,Bangalore,Mumbai,67.07,20/04/2025,,
SHO8910,BLUEDART,12/12/2025,In Transit,Mumbai,Chennai,245.16,17/12/2025,,
SHO8911,BLUEDART,18/06/2026,Delayed,Bangalore,Chennai,226.08,20/06/2026,24/06/2026,
SHO8912,FEDEX,16/07/2024,Accepted,Delhi,Bangalore,362.54,23/07/2024,,
SHO8913,FEDEX,02/01/2026,Accepted,Chennai,Hyderabad,293.9,09/01/2026,,
SHO8916,BLUEDART,01/12/2025,Accepted,Delhi,Hyderabad,410.15,06/12/2025,,
SHO8919,FEDEX,13/06/2024,In Transit,Hyderabad,Bangalore,27.94,20/06/2024,,
SHO8926,BLUEDART,24/03/2025,Accepted,Mumbai,Hyderabad,222.78,27/03/2025,,
SHO8931,DHL,01/08/2024,In Transit,Delhi,Bangalore,294.1,07/08/2024,,
SHO8932,FEDEX,05/05/2025,In Transit,Delhi,Bangalore,244.01,07/05/2025,,
SHO8936,FEDEX,10/06/2025,Pending,Mumbai,Chennai,75.23,08/10/2025,,
SHO8946,FEDEX,26/11/2025,In Transit,Mumbai,Pune,228.81,03/12/2025,,
SHO8948,BLUEDART,15/04/2024,Pending,Mumbai,Delhi,229.63,21/04/2024,,
SHO8951,BLUEDART,17/03/2024,In Transit,Hyderabad,Mumbai,477.89,22/03/2024,,
SHO8952,DHL,12/04/2024,Pending,Hyderabad,Chennai,104.1,17/04/2024,,
SHO8954,FEDEX,28/01/2025,Pending,Hyderabad,Pune,372.13,02/02/2025,,
SHO8958,FEDEX,01/01/2025,Delayed,Hyderabad,Delhi,324.01,05/01/2025,01/12/2025,
SHO8959,BLUEDART,26/07/2024,Delayed,Pune,Chennai,348.32,29/07/2024,08/05/2024,
SHO8961,DHL,01/01/2024,In Transit,Bangalore,Hyderabad,61.65,08/01/2024,,
SHO8963,BLUEDART,16/01/2026,Pending,Bangalore,Delhi,205.6,20/01/2026,,
SHO8965,BLUEDART,28/03/2025,In Transit,Hyderabad,Mumbai,373.62,31/03/2025,,
SHO8967,BLUEDART,17/04/2024,Pending,Hyderabad,Mumbai,115.92,22/04/2024,,
SHO8968,FEDEX,17/05/2025,Delivered,Mumbai,Hyderabad,287.82,19/05/2025,17/05/2025,0
SHO8972,FEDEX,17/06/2026,In Transit,Chennai,Delhi,5.87,24/06/2026,,
SHO8976,BLUEDART,10/02/2024,Delivered,Delhi,Pune,192.42,16/02/2024,14/02/2024,0
SHO8984,DHL,19/08/2024,Pending,Hyderabad,Pune,283.8,22/08/2024,,
SHO8987,DHL,25/10/2025,Pending,Mumbai,Bangalore,342.76,01/11/2025,,
SHO8990,BLUEDART,14/10/2024,Delivered,Pune,Mumbai,60.53,21/10/2024,20/10/2024,0
SHO8993,DHL,12/02/2024,In Transit,Chennai,Mumbai,22.56,18/02/2024,,
SHO9000,FEDEX,13/05/2025,Delayed,Mumbai,Pune,299.42,19/05/2025,21/05/2025,
SHO9002,DHL,15/10/2025,Delivered,Delhi,Chennai,147.07,18/10/2025,23/10/2025,5
SHO9003,DHL,08/12/2025,Delivered,Mumbai,Bangalore,490.63,12/12/2025,13/12/2025,1
SHO9006,FEDEX,07/10/2024,Delivered,Hyderabad,Mumbai,164.17,11/10/2024,09/10/2024,0
SHO9011,BLUEDART,23/03/2025,Delayed,Mumbai,Bangalore,382.78,25/03/2025,26/03/2025,
SHO9015,FEDEX,22/01/2024,Delivered,Mumbai,Pune,437.15,27/01/2024,27/01/2024,0
SHO9016,BLUEDART,16/01/2024,In Transit,Mumbai,Delhi,379.42,20/01/2024,,
SHO9018,DHL,20/05/2025,Pending,Hyderabad,Chennai,498.04,22/05/2025,,
SHO9025,DHL,01/08/2026,Delayed,Mumbai,Bangalore,51.55,01/11/2026,,
SHO9040,FEDEX,28/04/2024,Delivered,Bangalore,Mumbai,83.61,05/05/2024,04/05/2024,0
SHO9042,DHL,19/10/2025,Delayed,Delhi,Pune,273.46,23/10/2025,02/11/2025,
SHO9049,DHL,29/04/2026,Accepted,Hyderabad,Pune,137.15,05/05/2026,,
SHO9051,BLUEDART,29/01/2025,Pending,Pune,Mumbai,297.5,31/01/2025,,
SHO9057,BLUEDART,22/04/2024,In Transit,Pune,Delhi,275.27,28/04/2024,,
SHO9059,BLUEDART,18/07/2024,Pending,Bangalore,Pune,169.7,24/07/2024,,
SHO9062,DHL,15/05/2025,Accepted,Hyderabad,Chennai,151.38,21/05/2025,,
SHO9071,DHL,30/01/2024,Delivered,Delhi,Mumbai,417.53,02/04/2024,04/02/2024,0
SHO9075,BLUEDART,26/07/2024,Delivered,Mumbai,Delhi,381.32,28/07/2024,29/07/2024,1
SHO9078,BLUEDART,11/10/2024,In Transit,Delhi,Pune,243.03,14/10/2024,,
SHO9080,DHL,26/01/2024,In Transit,Mumbai,Pune,469.02,31/01/2024,,
SHO9084,BLUEDART,31/01/2025,In Transit,Mumbai,Delhi,193.28,02/02/2025,,
SHO9085,FEDEX,15/09/2024,Accepted,Delhi,Hyderabad,37.95,18/09/2024,,
SHO9087,FEDEX,04/04/2026,Delivered,Pune,Hyderabad,218.84,04/09/2026,08/04/2026,0
SHO9088,BLUEDART,09/03/2026,Delivered,Mumbai,Delhi,48.45,12/03/2026,17/03/2026,5
SHO9090,FEDEX,22/08/2025,In Transit,Hyderabad,Bangalore,359.2,27/08/2025,,
SHO9093,BLUEDART,05/06/2024,Pending,Mumbai,Chennai,441.59,11/06/2024,,
SHO9097,DHL,08/05/2024,Delayed,Bangalore,Hyderabad,466.69,08/11/2024,,
SHO9099,BLUEDART,06/05/2025,In Transit,Mumbai,Hyderabad,244.22,06/11/2025,,
SHO9101,DHL,22/03/2025,Pending,Bangalore,Delhi,381.3,29/03/2025,,
SHO9103,DHL,03/03/2025,In Transit,Delhi,Chennai,79.31,07/03/2025,,
SHO9104,DHL,11/07/2025,In Transit,Pune,Mumbai,440.24,13/11/2025,,
SHO9107,DHL,05/02/2024,Delivered,Mumbai,Pune,277.74,07/05/2024,10/05/2024,3
SHO9110,BLUEDART,06/05/2024,Delivered,Bangalore,Hyderabad,290.88,13/05/2024,13/05/2024,0
SHO9115,BLUEDART,27/04/2026,Pending,Chennai,Delhi,184.59,30/04/2026,,
SHO9116,DHL,13/01/2025,Delayed,Pune,Delhi,464.99,18/01/2025,,
SHO9118,DHL,09/07/2025,Pending,Hyderabad,Mumbai,179.13,07/12/2025,,
SHO9119,BLUEDART,29/04/2024,In Transit,Hyderabad,Mumbai,231.33,05/05/2024,,
SHO9120,DHL,05/07/2024,Delayed,Pune,Delhi,160.25,07/07/2024,16/07/2024,
SHO9125,FEDEX,29/07/2024,Pending,Delhi,Chennai,251.32,02/08/2024,,
SHO9128,DHL,24/09/2024,In Transit,Pune,Delhi,17.16,27/09/2024,,
SHO9132,DHL,12/03/2024,In Transit,Pune,Mumbai,88.58,15/03/2024,,
SHO9138,FEDEX,29/01/2026,Pending,Delhi,Hyderabad,241.51,02/05/2026,,
SHO9139,DHL,17/03/2025,Pending,Mumbai,Chennai,74.11,22/03/2025,,
SHO9142,DHL,02/07/2025,In Transit,Bangalore,Mumbai,298.81,05/07/2025,,
SHO9143,DHL,22/05/2026,In Transit,Hyderabad,Chennai,136.59,29/05/2026,,
SHO9144,DHL,26/12/2024,In Transit,Pune,Chennai,207.46,02/01/2025,,
SHO9147,DHL,13/11/2025,Accepted,Pune,Chennai,169.54,20/11/2025,,
SHO9148,FEDEX,21/01/2025,Delayed,Hyderabad,Pune,194.63,23/01/2025,01/02/2025,
SHO9152,FEDEX,10/07/2024,Pending,Pune,Delhi,254.94,07/12/2024,,
SHO9156,BLUEDART,07/09/2024,Pending,Delhi,Mumbai,169.74,07/11/2024,,
SHO9159,FEDEX,28/01/2025,Delayed,Delhi,Chennai,220.69,31/01/2025,02/01/2025,
SHO9160,FEDEX,31/10/2025,In Transit,Pune,Delhi,190.38,03/11/2025,,
SHO9161,BLUEDART,08/05/2025,Accepted,Delhi,Mumbai,369.95,10/05/2025,,
SHO9163,BLUEDART,14/09/2024,Pending,Hyderabad,Delhi,458.07,19/09/2024,,
SHO9167,DHL,27/08/2024,Delayed,Hyderabad,Pune,20.59,03/09/2024,,
SHO9169,BLUEDART,09/02/2024,Accepted,Delhi,Mumbai,156.77,15/02/2024,,
SHO9171,FEDEX,06/08/2025,Accepted,Chennai,Hyderabad,101.85,08/08/2025,,
SHO9172,FEDEX,24/05/2024,Pending,Mumbai,Chennai,29.75,28/05/2024,,
SHO9175,BLUEDART,12/10/2025,Delayed,Hyderabad,Chennai,84.62,18/10/2025,26/10/2025,
SHO9180,FEDEX,26/07/2024,In Transit,Mumbai,Chennai,88.2,31/07/2024,,
SHO9183,DHL,02/09/2025,Pending,Hyderabad,Bangalore,19.8,08/09/2025,,
SHO9195,FEDEX,26/03/2025,Delivered,Bangalore,Hyderabad,53.31,28/03/2025,27/03/2025,0
SHO9199,DHL,02/07/2024,Delayed,Hyderabad,Pune,146.5,09/07/2024,13/07/2024,
SHO9200,BLUEDART,24/05/2024,Delivered,Bangalore,Mumbai,132.87,28/05/2024,28/05/2024,0
SHO9203,DHL,10/02/2025,Pending,Chennai,Mumbai,91.43,10/09/2025,,
SHO9210,FEDEX,21/06/2024,Delayed,Chennai,Hyderabad,149.5,26/06/2024,,
SHO9211,FEDEX,26/06/2025,Delayed,Pune,Bangalore,345.0,29/06/2025,07/07/2025,
SHO9215,DHL,16/09/2025,Pending,Delhi,Bangalore,492.3,21/09/2025,,
SHO9216,DHL,20/01/2025,Delayed,Delhi,Hyderabad,414.37,22/01/2025,,
SHO9219,DHL,06/10/2026,In Transit,Pune,Bangalore,492.38,06/12/2026,,
SHO9221,FEDEX,01/09/2025,Delayed,Pune,Mumbai,292.37,08/09/2025,12/09/2025,
SHO9225,DHL,05/09/2024,Accepted,Hyderabad,Delhi,308.74,12/09/2024,,
SHO9227,FEDEX,07/04/2024,Accepted,Delhi,Pune,396.47,04/10/2024,,
SHO9232,BLUEDART,16/09/2024,Accepted,Hyderabad,Bangalore,235.86,22/09/2024,27/09/2024,
SHO9234,FEDEX,07/04/2025,Delayed,Hyderabad,Mumbai,429.34,04/11/2025,,
SHO9235,DHL,09/02/2024,Pending,Chennai,Bangalore,223.08,16/02/2024,,
SHO9236,BLUEDART,14/02/2026,Delayed,Bangalore,Chennai,443.86,19/02/2026,28/02/2026,
SHO9237,DHL,17/04/2024,Pending,Chennai,Hyderabad,329.85,21/04/2024,,
SHO9242,DHL,29/08/2025,Accepted,Delhi,Pune,192.46,05/09/2025,09/09/2025,
SHO9247,DHL,28/04/2024,In Transit,Pune,Chennai,490.98,02/05/2024,,
SHO9251,BLUEDART,27/06/2025,In Transit,Delhi,Bangalore,434.84,30/06/2025,,
SHO9254,DHL,20/03/2025,In Transit,Pune,Chennai,121.06,27/03/2025,,
SHO9256,FEDEX,14/05/2024,Pending,Hyderabad,Pune,349.57,16/05/2024,,
SHO9257,BLUEDART,26/02/2025,Delayed,Chennai,Pune,464.84,03/05/2025,,
SHO9258,DHL,11/03/2025,In Transit,Hyderabad,Bangalore,494.19,17/03/2025,,
SHO9261,DHL,24/03/2025,Pending,Chennai,Hyderabad,138.09,26/03/2025,,
SHO9263,FEDEX,19/04/2025,Accepted,Mumbai,Bangalore,188.55,23/04/2025,,
SHO9266,FEDEX,01/03/2024,Delayed,Bangalore,Hyderabad,80.16,07/03/2024,15/03/2024,
SHO9269,DHL,31/12/2024,In Transit,Delhi,Pune,444.17,02/01/2025,,
SHO9271,BLUEDART,01/06/2026,Delayed,Chennai,Delhi,486.39,05/06/2026,06/12/2026,
SHO9277,FEDEX,03/04/2024,Accepted,Pune,Delhi,398.93,10/04/2024,,
SHO9280,FEDEX,08/12/2024,Delivered,Chennai,Mumbai,206.43,14/12/2024,14/12/2024,0
SHO9283,FEDEX,03/03/2024,Delivered,Chennai,Bangalore,193.3,03/05/2024,05/03/2024,0
SHO9290,BLUEDART,03/04/2024,Delivered,Pune,Delhi,452.99,03/10/2024,03/10/2024,0
SHO9293,DHL,03/02/2024,Accepted,Pune,Hyderabad,417.21,05/03/2024,,
SHO9296,BLUEDART,04/05/2024,Delayed,Mumbai,Delhi,176.34,05/07/2024,,
SHO9300,BLUEDART,23/07/2025,In Transit,Mumbai,Hyderabad,332.53,30/07/2025,,
SHO9307,FEDEX,12/03/2024,In Transit,Chennai,Bangalore,274.32,14/03/2024,,
SHO9308,BLUEDART,31/01/2024,In Transit,Mumbai,Delhi,272.67,02/02/2024,,
SHO9311,FEDEX,26/11/2024,Accepted,Mumbai,Pune,64.26,30/11/2024,,
SHO9313,DHL,23/04/2024,Pending,Mumbai,Bangalore,278.67,25/04/2024,,
SHO9319,DHL,29/12/2025,In Transit,Mumbai,Hyderabad,175.84,01/01/2026,,
SHO9322,BLUEDART,26/12/2025,Pending,Mumbai,Delhi,185.77,28/12/2025,,
SHO9323,DHL,04/04/2024,Delivered,Delhi,Hyderabad,232.49,08/04/2024,04/12/2024,240
SHO9324,DHL,21/08/2024,Delivered,Hyderabad,Delhi,294.19,28/08/2024,31/08/2024,3
SHO9328,DHL,02/01/2024,Delayed,Delhi,Chennai,425.51,01/05/2024,,
SHO9329,DHL,09/01/2024,Delayed,Delhi,Pune,233.03,09/03/2024,09/04/2024,
SHO9331,BLUEDART,03/03/2025,In Transit,Hyderabad,Pune,339.4,08/03/2025,,
SHO9333,BLUEDART,19/02/2025,In Transit,Hyderabad,Delhi,431.5,21/02/2025,,
SHO9338,BLUEDART,27/02/2026,Delayed,Chennai,Pune,398.33,03/03/2026,13/03/2026,
SHO9339,DHL,01/03/2026,Pending,Mumbai,Hyderabad,326.64,01/10/2026,,
SHO9340,DHL,11/06/2024,Accepted,Chennai,Mumbai,179.09,11/11/2024,13/11/2024,
SHO9341,DHL,12/04/2025,Pending,Delhi,Bangalore,65.43,19/04/2025,,
SHO9343,BLUEDART,21/03/2026,Delayed,Delhi,Mumbai,391.99,26/03/2026,28/03/2026,
SHO9347,FEDEX,14/04/2024,Delayed,Hyderabad,Chennai,242.88,18/04/2024,21/04/2024,
SHO9348,DHL,10/08/2024,In Transit,Mumbai,Bangalore,3.28,14/10/2024,,
SHO9349,BLUEDART,11/01/2026,In Transit,Hyderabad,Pune,142.93,13/01/2026,,
SHO9351,FEDEX,29/01/2025,Delayed,Chennai,Delhi,159.27,04/02/2025,12/02/2025,
SHO9352,BLUEDART,27/03/2025,Delayed,Chennai,Hyderabad,240.61,31/03/2025,05/04/2025,
SHO9355,DHL,21/06/2024,In Transit,Mumbai,Pune,432.19,27/06/2024,,
SHO9357,BLUEDART,06/03/2025,Delivered,Chennai,Hyderabad,253.85,12/03/2025,13/03/2025,1
SHO9360,DHL,18/07/2024,Delivered,Delhi,Bangalore,162.19,25/07/2024,26/07/2024,1
SHO9361,BLUEDART,20/05/2024,Delayed,Pune,Delhi,91.86,26/05/2024,,
SHO9366,DHL,20/08/2024,In Transit,Mumbai,Bangalore,436.42,26/08/2024,,
SHO9368,DHL,17/04/2024,Delayed,Chennai,Hyderabad,328.78,20/04/2024,24/04/2024,
SHO9370,DHL,22/12/2024,Pending,Delhi,Mumbai,430.69,25/12/2024,,
SHO9372,BLUEDART,14/02/2024,Delayed,Bangalore,Delhi,361.81,21/02/2024,26/02/2024,
SHO9375,FEDEX,13/09/2024,Pending,Hyderabad,Chennai,242.79,19/09/2024,,
SHO9376,BLUEDART,12/03/2025,Pending,Chennai,Hyderabad,251.27,15/03/2025,,
SHO9381,BLUEDART,17/04/2026,Delayed,Delhi,Mumbai,176.09,24/04/2026,28/04/2026,
SHO9382,DHL,07/03/2025,Delayed,Chennai,Mumbai,206.76,07/07/2025,16/07/2025,
SHO9383,BLUEDART,18/01/2026,Delayed,Mumbai,Chennai,346.52,21/01/2026,22/01/2026,
SHO9385,BLUEDART,07/08/2024,Accepted,Bangalore,Hyderabad,320.4,08/12/2024,,
SHO9387,FEDEX,17/01/2026,Delayed,Delhi,Bangalore,16.58,19/01/2026,21/01/2026,
SHO9389,BLUEDART,31/12/2025,Delivered,Bangalore,Mumbai,20.83,01/03/2026,01/06/2026,92
SHO9396,BLUEDART,17/12/2025,Delayed,Delhi,Pune,183.06,24/12/2025,29/12/2025,
SHO9399,DHL,06/03/2025,Delayed,Chennai,Delhi,61.01,13/03/2025,19/03/2025,
SHO9402,DHL,01/02/2025,Pending,Hyderabad,Bangalore,481.47,01/09/2025,,
SHO9403,DHL,28/07/2024,In Transit,Bangalore,Chennai,60.79,30/07/2024,,
SHO9404,BLUEDART,27/09/2025,Delayed,Bangalore,Hyderabad,176.27,29/09/2025,10/05/2025,
SHO9406,FEDEX,24/10/2025,Pending,Bangalore,Delhi,461.99,28/10/2025,,
SHO9407,BLUEDART,27/05/2025,In Transit,Bangalore,Pune,405.75,01/06/2025,,
SHO9408,BLUEDART,27/02/2025,In Transit,Chennai,Bangalore,334.14,04/03/2025,,
SHO9409,DHL,15/04/2025,Pending,Delhi,Bangalore,255.09,17/04/2025,,
SHO9410,DHL,14/04/2026,Delayed,Mumbai,Hyderabad,147.37,20/04/2026,26/04/2026,
SHO9412,BLUEDART,19/12/2024,In Transit,Hyderabad,Delhi,151.2,25/12/2024,,
SHO9413,FEDEX,14/12/2024,Pending,Mumbai,Chennai,281.69,18/12/2024,,
SHO9414,FEDEX,15/10/2025,In Transit,Pune,Mumbai,150.76,22/10/2025,,
SHO9415,BLUEDART,23/09/2025,Delayed,Delhi,Pune,332.19,30/09/2025,10/08/2025,
SHO9416,DHL,26/06/2024,Delivered,Delhi,Chennai,36.72,02/07/2024,07/07/2024,5
SHO9417,DHL,27/02/2025,Pending,Delhi,Chennai,426.58,03/05/2025,,
SHO9419,DHL,23/10/2024,Delivered,Bangalore,Pune,356.72,29/10/2024,29/10/2024,0
SHO9420,DHL,14/10/2024,Delayed,Mumbai,Pune,266.73,17/10/2024,,
SHO9424,FEDEX,13/08/2025,Pending,Mumbai,Bangalore,494.69,17/08/2025,,
SHO9425,BLUEDART,06/07/2025,In Transit,Chennai,Delhi,343.88,07/10/2025,,
SHO9428,FEDEX,19/02/2026,Pending,Hyderabad,Delhi,317.76,23/02/2026,,
SHO9429,FEDEX,20/02/2024,Delayed,Hyderabad,Chennai,284.43,22/02/2024,24/02/2024,
SHO9431,FEDEX,02/02/2026,Accepted,Hyderabad,Mumbai,264.2,05/02/2026,,
SHO9433,DHL,25/05/2025,In Transit,Delhi,Mumbai,417.15,31/05/2025,,
SHO9434,DHL,20/08/2025,Pending,Hyderabad,Delhi,248.59,26/08/2025,,
SHO9436,DHL,10/12/2025,Pending,Pune,Mumbai,29.85,16/12/2025,,
SHO9444,FEDEX,24/06/2026,Accepted,Mumbai,Chennai,345.75,26/06/2026,,
SHO9447,FEDEX,20/11/2024,Pending,Hyderabad,Bangalore,430.51,27/11/2024,,
SHO9450,DHL,07/11/2024,Delayed,Mumbai,Delhi,385.2,11/11/2024,12/11/2024,
SHO9453,BLUEDART,03/05/2025,Pending,Hyderabad,Delhi,3.29,06/05/2025,,
SHO9457,BLUEDART,28/10/2024,In Transit,Hyderabad,Mumbai,406.32,02/11/2024,,
SHO9458,DHL,13/06/2025,Delayed,Hyderabad,Delhi,114.58,15/06/2025,24/06/2025,
SHO9459,BLUEDART,06/03/2026,In Transit,Delhi,Pune,282.57,03/08/2026,,
SHO9461,BLUEDART,30/04/2024,Pending,Delhi,Bangalore,57.91,04/05/2024,,
SHO9470,FEDEX,28/02/2026,In Transit,Delhi,Pune,156.67,04/03/2026,,
SHO9476,FEDEX,15/05/2025,Delayed,Hyderabad,Chennai,313.27,20/05/2025,,
SHO9477,DHL,19/07/2025,Pending,Mumbai,Pune,402.61,21/07/2025,,
SHO9480,FEDEX,17/08/2024,Delayed,Hyderabad,Chennai,145.92,20/08/2024,23/08/2024,
SHO9484,FEDEX,09/11/2025,Accepted,Mumbai,Delhi,424.13,13/11/2025,17/11/2025,
SHO9489,DHL,11/12/2024,In Transit,Bangalore,Mumbai,335.22,16/12/2024,,
SHO9492,BLUEDART,01/03/2025,Pending,Chennai,Hyderabad,128.5,05/03/2025,,
SHO9495,BLUEDART,03/06/2024,Delayed,Pune,Hyderabad,170.51,06/06/2024,16/06/2024,
SHO9496,FEDEX,26/09/2024,Delayed,Delhi,Bangalore,313.73,28/09/2024,07/10/2024,
SHO9501,DHL,20/03/2025,Delayed,Pune,Delhi,28.9,23/03/2025,24/03/2025,
SHO9508,DHL,09/10/2025,Pending,Bangalore,Hyderabad,250.69,13/10/2025,,
SHO9509,DHL,08/06/2024,Delayed,Mumbai,Pune,289.69,08/08/2024,13/08/2024,
SHO9514,DHL,18/04/2025,Accepted,Pune,Mumbai,142.58,23/04/2025,,
SHO9515,FEDEX,17/05/2025,Pending,Chennai,Mumbai,16.95,23/05/2025,,
SHO9518,FEDEX,14/03/2026,In Transit,Bangalore,Mumbai,45.02,17/03/2026,,
SHO9519,FEDEX,27/05/2024,Delivered,Delhi,Hyderabad,482.37,01/06/2024,06/06/2024,5
SHO9521,BLUEDART,25/09/2025,Delivered,Chennai,Hyderabad,92.09,30/09/2025,29/09/2025,0
SHO9530,FEDEX,08/03/2024,In Transit,Mumbai,Bangalore,166.05,08/09/2024,,
SHO9532,DHL,17/06/2024,In Transit,Pune,Bangalore,326.41,22/06/2024,,
SHO9533,FEDEX,25/10/2024,Accepted,Hyderabad,Delhi,457.69,29/10/2024,,
SHO9537,FEDEX,06/06/2024,Pending,Mumbai,Bangalore,437.32,13/06/2024,,
SHO9541,BLUEDART,03/04/2026,Delayed,Chennai,Mumbai,10.1,04/07/2026,14/04/2026,
SHO9542,DHL,04/01/2025,In Transit,Delhi,Mumbai,161.78,06/01/2025,,
SHO9544,DHL,21/05/2025,Delivered,Hyderabad,Bangalore,99.17,24/05/2025,27/05/2025,3
SHO9545,DHL,18/08/2025,Delayed,Hyderabad,Pune,291.74,22/08/2025,23/08/2025,
SHO9547,FEDEX,27/07/2024,In Transit,Bangalore,Mumbai,358.6,30/07/2024,,
SHO9553,DHL,27/11/2025,In Transit,Hyderabad,Bangalore,335.76,04/12/2025,,
SHO9555,FEDEX,24/09/2024,In Transit,Pune,Chennai,126.45,26/09/2024,,
SHO9557,FEDEX,12/04/2026,Delayed,Chennai,Mumbai,450.36,16/04/2026,17/04/2026,
SHO9565,DHL,20/06/2025,In Transit,Hyderabad,Bangalore,110.5,24/06/2025,,
SHO9566,DHL,15/07/2025,Accepted,Hyderabad,Mumbai,403.92,20/07/2025,,
SHO9571,DHL,14/08/2025,Delayed,Hyderabad,Pune,169.52,20/08/2025,27/08/2025,
SHO9573,DHL,25/08/2024,Delivered,Mumbai,Pune,328.36,28/08/2024,01/09/2024,4
SHO9575,BLUEDART,24/06/2024,In Transit,Bangalore,Delhi,467.2,30/06/2024,,
SHO9577,BLUEDART,06/04/2026,In Transit,Hyderabad,Bangalore,490.35,06/06/2026,,
SHO9582,BLUEDART,24/08/2024,Accepted,Delhi,Bangalore,456.62,30/08/2024,,
SHO9589,FEDEX,06/01/2024,Delayed,Mumbai,Delhi,137.07,06/08/2024,06/09/2024,
SHO9590,DHL,11/11/2024,Delivered,Mumbai,Chennai,80.31,13/11/2024,17/11/2024,4
SHO9591,FEDEX,13/01/2024,Accepted,Mumbai,Pune,211.16,15/01/2024,,
SHO9593,BLUEDART,09/01/2024,Accepted,Pune,Mumbai,179.87,14/01/2024,,
SHO9597,BLUEDART,14/03/2025,Pending,Pune,Hyderabad,444.7,16/03/2025,,
SHO9599,FEDEX,17/02/2025,In Transit,Pune,Delhi,377.07,21/02/2025,,
SHO9600,BLUEDART,13/12/2024,Delivered,Bangalore,Mumbai,430.78,19/12/2024,19/12/2024,0
SHO9602,BLUEDART,26/04/2026,Delayed,Hyderabad,Bangalore,267.78,28/04/2026,01/05/2026,
SHO9606,BLUEDART,17/07/2025,Delivered,Chennai,Mumbai,422.52,20/07/2025,25/07/2025,5
SHO9607,BLUEDART,10/08/2025,Delayed,Chennai,Hyderabad,147.64,13/10/2025,20/10/2025,
SHO9610,FEDEX,14/05/2026,Delivered,Bangalore,Delhi,13.11,21/05/2026,19/05/2026,0
SHO9611,FEDEX,23/04/2026,Delivered,Chennai,Mumbai,384.71,29/04/2026,27/04/2026,0
SHO9612,FEDEX,23/06/2024,Pending,Chennai,Hyderabad,341.77,30/06/2024,,
SHO9613,FEDEX,18/06/2024,Pending,Delhi,Hyderabad,317.47,20/06/2024,,
SHO9614,FEDEX,31/12/2024,Pending,Chennai,Pune,133.23,04/01/2025,,
SHO9617,DHL,22/06/2024,Accepted,Hyderabad,Pune,353.69,25/06/2024,30/06/2024,
SHO9618,BLUEDART,16/04/2026,In Transit,Mumbai,Hyderabad,269.86,18/04/2026,,
SHO9620,DHL,19/03/2025,Accepted,Chennai,Delhi,320.22,26/03/2025,,
SHO9629,BLUEDART,15/01/2026,Delivered,Delhi,Hyderabad,58.36,19/01/2026,18/01/2026,0
SHO9630,BLUEDART,18/05/2026,In Transit,Hyderabad,Pune,148.32,24/05/2026,,
SHO9632,BLUEDART,14/07/2025,Pending,Pune,Mumbai,401.44,19/07/2025,,
SHO9634,BLUEDART,28/04/2024,In Transit,Delhi,Mumbai,356.04,30/04/2024,,
SHO9639,BLUEDART,14/06/2024,In Transit,Hyderabad,Bangalore,429.6,20/06/2024,,
SHO9642,DHL,13/08/2024,Pending,Chennai,Bangalore,239.89,17/08/2024,,
SHO9647,FEDEX,03/02/2026,Pending,Delhi,Bangalore,46.98,06/02/2026,,
SHO9652,FEDEX,28/03/2025,Pending,Mumbai,Chennai,482.1,30/03/2025,,
SHO9654,DHL,27/02/2026,In Transit,Hyderabad,Pune,412.68,04/03/2026,,
SHO9655,BLUEDART,18/10/2025,Accepted,Chennai,Delhi,457.34,20/10/2025,,
SHO9656,FEDEX,12/02/2025,Delivered,Chennai,Bangalore,384.76,09/12/2025,12/11/2025,0
SHO9659,BLUEDART,07/07/2024,Pending,Pune,Hyderabad,302.92,10/07/2024,,
SHO9660,BLUEDART,15/01/2026,Delivered,Pune,Delhi,57.51,20/01/2026,21/01/2026,1
SHO9663,DHL,21/03/2024,Pending,Chennai,Hyderabad,432.18,27/03/2024,,
SHO9664,FEDEX,11/01/2025,Pending,Delhi,Mumbai,82.2,04/11/2025,,
SHO9666,DHL,16/11/2025,Delayed,Chennai,Pune,298.4,22/11/2025,29/11/2025,
SHO9671,DHL,30/01/2025,Accepted,Chennai,Mumbai,6.68,04/02/2025,,
SHO9672,BLUEDART,28/12/2024,Accepted,Pune,Hyderabad,134.99,30/12/2024,,
SHO9673,DHL,28/12/2025,Pending,Chennai,Bangalore,276.36,01/01/2026,,
SHO9680,FEDEX,14/01/2026,Delayed,Mumbai,Pune,458.17,17/01/2026,26/01/2026,
SHO9685,FEDEX,14/01/2026,Delayed,Mumbai,Bangalore,97.8,20/01/2026,29/01/2026,
SHO9687,BLUEDART,08/05/2024,Pending,Hyderabad,Delhi,381.66,14/05/2024,,
SHO9689,FEDEX,20/05/2026,In Transit,Delhi,Mumbai,465.98,25/05/2026,,
SHO9692,DHL,16/01/2025,Delivered,Delhi,Mumbai,224.88,19/01/2025,19/01/2025,0
SHO9698,BLUEDART,13/05/2024,In Transit,Bangalore,Chennai,142.66,19/05/2024,,
SHO9705,FEDEX,13/05/2025,Delayed,Pune,Delhi,171.89,16/05/2025,19/05/2025,
SHO9709,FEDEX,21/09/2025,Accepted,Bangalore,Pune,475.46,28/09/2025,,
SHO9713,FEDEX,24/02/2025,Delayed,Bangalore,Mumbai,260.19,26/02/2025,04/03/2025,
SHO9714,DHL,06/01/2024,Pending,Bangalore,Hyderabad,234.75,01/09/2024,,
SHO9717,BLUEDART,20/02/2026,In Transit,Hyderabad,Bangalore,395.5,25/02/2026,,
SHO9718,DHL,09/09/2025,Delayed,Chennai,Delhi,455.39,13/09/2025,15/09/2025,
SHO9720,DHL,25/04/2025,In Transit,Hyderabad,Bangalore,320.54,30/04/2025,,
SHO9722,DHL,22/08/2024,Delivered,Delhi,Hyderabad,278.7,28/08/2024,27/08/2024,0
SHO9724,FEDEX,29/12/2025,In Transit,Mumbai,Delhi,251.55,04/01/2026,,
SHO9728,DHL,23/11/2024,In Transit,Pune,Hyderabad,235.23,27/11/2024,,
SHO9729,FEDEX,01/01/2025,Pending,Bangalore,Chennai,466.42,08/01/2025,,
SHO9730,BLUEDART,21/07/2024,Pending,Chennai,Delhi,233.12,27/07/2024,,
SHO9732,BLUEDART,10/03/2024,Delayed,Hyderabad,Pune,180.59,03/12/2024,14/03/2024,
SHO9743,BLUEDART,09/05/2024,Pending,Mumbai,Pune,323.0,16/05/2024,,
SHO9746,DHL,25/01/2024,Delivered,Bangalore,Mumbai,107.48,30/01/2024,30/01/2024,0
SHO9747,FEDEX,11/08/2025,In Transit,Pune,Hyderabad,459.53,17/08/2025,,
SHO9750,DHL,23/10/2025,Pending,Mumbai,Chennai,485.5,25/10/2025,,
SHO9753,DHL,08/11/2024,Accepted,Chennai,Hyderabad,205.19,13/11/2024,,
SHO9755,DHL,13/06/2025,Accepted,Mumbai,Hyderabad,112.9,17/06/2025,,
SHO9756,DHL,10/05/2024,In Transit,Mumbai,Pune,356.34,14/05/2024,,
SHO9760,BLUEDART,20/10/2024,In Transit,Bangalore,Chennai,202.91,23/10/2024,,
SHO9763,BLUEDART,28/02/2025,Delayed,Pune,Bangalore,51.24,03/07/2025,09/03/2025,
SHO9765,BLUEDART,17/02/2026,Accepted,Delhi,Mumbai,234.62,20/02/2026,,
SHO9767,BLUEDART,02/12/2024,Delayed,Chennai,Pune,395.31,08/12/2024,15/12/2024,
SHO9771,BLUEDART,08/01/2026,In Transit,Hyderabad,Chennai,78.42,13/01/2026,,
SHO9775,DHL,25/06/2024,Delivered,Chennai,Hyderabad,358.64,29/06/2024,01/07/2024,2
SHO9779,FEDEX,13/07/2024,Delivered,Pune,Mumbai,157.25,20/07/2024,22/07/2024,2
SHO9781,FEDEX,15/02/2026,In Transit,Mumbai,Bangalore,244.29,20/02/2026,,
SHO9783,BLUEDART,20/01/2024,Accepted,Mumbai,Hyderabad,481.4,25/01/2024,,
SHO9784,FEDEX,08/08/2024,Delayed,Hyderabad,Chennai,182.51,08/12/2024,20/08/2024,
SHO9785,BLUEDART,27/02/2024,Delayed,Chennai,Delhi,20.66,04/03/2024,05/03/2024,
SHO9786,FEDEX,24/04/2026,In Transit,Bangalore,Mumbai,170.68,26/04/2026,,
SHO9788,BLUEDART,30/01/2025,Delayed,Pune,Delhi,214.11,06/02/2025,02/09/2025,
SHO9789,BLUEDART,11/05/2024,Delivered,Bangalore,Hyderabad,132.6,18/05/2024,19/05/2024,1
SHO9790,BLUEDART,23/02/2024,Accepted,Chennai,Delhi,206.74,28/02/2024,,
SHO9791,BLUEDART,21/04/2024,Pending,Pune,Hyderabad,336.29,24/04/2024,,
SHO9792,FEDEX,22/11/2024,Delivered,Pune,Delhi,159.01,25/11/2024,28/11/2024,3
SHO9795,DHL,30/01/2024,Pending,Bangalore,Chennai,71.84,05/02/2024,,
SHO9796,BLUEDART,23/03/2026,Delivered,Mumbai,Delhi,218.98,27/03/2026,28/03/2026,1
SHO9798,FEDEX,17/07/2024,Delivered,Hyderabad,Delhi,36.45,20/07/2024,22/07/2024,2
SHO9800,BLUEDART,09/01/2026,In Transit,Delhi,Hyderabad,145.18,01/12/2026,,
SHO9802,DHL,15/08/2025,Accepted,Hyderabad,Mumbai,483.2,21/08/2025,,
SHO9805,DHL,16/03/2025,Delivered,Hyderabad,Pune,174.77,21/03/2025,20/03/2025,0
SHO9808,DHL,31/05/2025,Delayed,Delhi,Chennai,429.32,06/06/2025,06/10/2025,
SHO9809,FEDEX,24/11/2025,Delayed,Pune,Bangalore,451.99,30/11/2025,,
SHO9811,DHL,06/11/2024,Delayed,Bangalore,Chennai,137.92,13/11/2024,,
SHO9815,FEDEX,11/06/2024,Delivered,Delhi,Pune,496.1,18/06/2024,17/06/2024,0
SHO9816,FEDEX,27/05/2024,Accepted,Bangalore,Delhi,12.14,29/05/2024,,
SHO9817,DHL,06/07/2025,In Transit,Pune,Bangalore,63.43,07/09/2025,,
SHO9820,FEDEX,03/06/2025,Pending,Chennai,Bangalore,337.2,06/09/2025,,
SHO9821,FEDEX,25/07/2024,In Transit,Bangalore,Delhi,353.24,01/08/2024,,
SHO9822,BLUEDART,04/04/2026,In Transit,Hyderabad,Pune,79.1,10/04/2026,,
SHO9824,DHL,04/05/2025,Pending,Delhi,Hyderabad,473.23,05/08/2025,,
SHO9825,DHL,13/07/2024,Pending,Hyderabad,Mumbai,199.44,18/07/2024,,
SHO9826,BLUEDART,10/03/2025,Accepted,Chennai,Mumbai,46.24,15/03/2025,,
SHO9829,BLUEDART,23/03/2025,Delayed,Pune,Hyderabad,476.23,26/03/2025,,
SHO9838,FEDEX,06/02/2024,Delayed,Delhi,Chennai,197.94,06/06/2024,16/06/2024,
SHO9839,FEDEX,29/03/2025,Accepted,Delhi,Mumbai,344.38,02/04/2025,06/04/2025,
SHO9840,DHL,12/09/2024,Delivered,Mumbai,Bangalore,366.76,15/12/2024,14/12/2024,0
SHO9846,FEDEX,21/11/2025,Delayed,Mumbai,Bangalore,441.61,28/11/2025,12/01/2025,
SHO9847,BLUEDART,12/11/2025,In Transit,Delhi,Bangalore,54.15,16/11/2025,,
SHO9849,BLUEDART,03/06/2025,Delivered,Mumbai,Chennai,329.15,09/06/2025,07/06/2025,0
SHO9851,DHL,10/06/2025,In Transit,Mumbai,Pune,360.67,13/10/2025,,
SHO9858,BLUEDART,09/07/2024,In Transit,Pune,Chennai,261.89,14/07/2024,,
SHO9860,FEDEX,05/01/2024,In Transit,Chennai,Bangalore,387.85,08/01/2024,,
SHO9862,BLUEDART,21/12/2024,Pending,Delhi,Mumbai,158.24,27/12/2024,,
SHO9865,BLUEDART,24/03/2024,Delivered,Hyderabad,Bangalore,12.44,30/03/2024,30/03/2024,0
SHO9867,FEDEX,24/02/2024,Delayed,Chennai,Bangalore,166.5,01/03/2024,,
SHO9870,BLUEDART,22/06/2026,In Transit,Mumbai,Delhi,149.59,25/06/2026,,
SHO9871,FEDEX,27/01/2024,Pending,Chennai,Delhi,202.33,01/02/2024,,
SHO9878,BLUEDART,24/06/2025,In Transit,Mumbai,Delhi,133.22,27/06/2025,,
SHO9879,FEDEX,03/04/2026,Delayed,Pune,Hyderabad,65.44,04/09/2026,,
SHO9880,DHL,10/08/2025,Accepted,Pune,Delhi,149.17,13/10/2025,,
SHO9881,BLUEDART,15/11/2025,Pending,Hyderabad,Pune,231.19,19/11/2025,,
SHO9889,FEDEX,10/01/2025,Delayed,Delhi,Chennai,221.65,10/08/2025,13/10/2025,
SHO9890,FEDEX,13/06/2025,Delayed,Mumbai,Bangalore,470.35,17/06/2025,20/06/2025,
SHO9891,FEDEX,19/04/2025,Delivered,Delhi,Bangalore,195.78,21/04/2025,19/04/2025,0
SHO9894,DHL,26/02/2026,Delayed,Pune,Bangalore,286.41,28/02/2026,03/03/2026,
SHO9895,DHL,09/08/2024,In Transit,Bangalore,Mumbai,229.82,10/09/2024,,
SHO9901,BLUEDART,13/04/2026,Delivered,Pune,Hyderabad,346.93,18/04/2026,21/04/2026,3
SHO9904,DHL,18/09/2025,Accepted,Chennai,Mumbai,245.63,25/09/2025,,
SHO9906,DHL,27/09/2024,Delayed,Chennai,Pune,230.94,30/09/2024,,
SHO9909,FEDEX,06/11/2024,In Transit,Bangalore,Mumbai,147.24,13/11/2024,,
SHO9911,BLUEDART,03/08/2025,Delivered,Hyderabad,Bangalore,82.86,08/08/2025,06/08/2025,0
SHO9916,DHL,30/03/2026,Delivered,Hyderabad,Bangalore,64.64,06/04/2026,07/04/2026,1
SHO9917,BLUEDART,22/02/2024,In Transit,Chennai,Delhi,195.93,28/02/2024,,
SHO9919,BLUEDART,04/11/2024,Delivered,Hyderabad,Chennai,12.78,11/11/2024,15/11/2024,4
SHO9922,FEDEX,15/05/2024,Delivered,Chennai,Mumbai,420.58,18/05/2024,17/05/2024,0
SHO9923,FEDEX,16/03/2024,Delivered,Bangalore,Hyderabad,41.75,19/03/2024,23/03/2024,4
SHO9924,BLUEDART,23/05/2026,Pending,Hyderabad,Mumbai,155.54,28/05/2026,,
SHO9928,FEDEX,23/10/2024,In Transit,Hyderabad,Chennai,47.22,28/10/2024,,
SHO9929,DHL,04/04/2025,Pending,Chennai,Mumbai,126.56,04/06/2025,,
SHO9932,BLUEDART,07/08/2024,Delayed,Chennai,Bangalore,130.53,08/10/2024,14/08/2024,
SHO9934,DHL,02/03/2024,In Transit,Bangalore,Delhi,93.11,09/03/2024,,
SHO9935,BLUEDART,21/10/2024,Delivered,Bangalore,Delhi,383.21,24/10/2024,25/10/2024,1
SHO9943,DHL,07/10/2025,Accepted,Hyderabad,Mumbai,54.08,10/10/2025,,
SHO9946,FEDEX,25/02/2024,Delayed,Chennai,Delhi,319.67,27/02/2024,03/08/2024,
SHO9948,FEDEX,15/09/2024,Pending,Delhi,Bangalore,194.32,18/09/2024,,
SHO9949,BLUEDART,26/08/2025,Delayed,Hyderabad,Pune,490.12,29/08/2025,,
SHO9954,FEDEX,26/05/2024,Delivered,Pune,Hyderabad,178.9,31/05/2024,31/05/2024,0
SHO9957,FEDEX,21/10/2024,In Transit,Chennai,Mumbai,272.79,24/10/2024,,
SHO9961,FEDEX,20/09/2024,In Transit,Chennai,Pune,75.86,24/09/2024,,
SHO9962,DHL,16/02/2026,Pending,Mumbai,Pune,315.07,22/02/2026,,
SHO9963,FEDEX,17/10/2024,Delayed,Hyderabad,Delhi,238.29,23/10/2024,11/02/2024,
SHO9964,DHL,30/01/2026,In Transit,Chennai,Pune,473.76,02/06/2026,,
SHO9966,BLUEDART,21/11/2025,Delayed,Chennai,Pune,75.3,23/11/2025,27/11/2025,
SHO9969,BLUEDART,19/06/2025,Delivered,Delhi,Mumbai,148.3,22/06/2025,22/06/2025,0
SHO9970,FEDEX,20/04/2026,In Transit,Pune,Chennai,392.35,25/04/2026,,
SHO9978,FEDEX,29/02/2024,Delayed,Delhi,Hyderabad,185.73,03/06/2024,15/03/2024,
SHO9980,DHL,05/03/2026,In Transit,Pune,Delhi,134.63,08/03/2026,,
SHO9983,DHL,20/05/2025,In Transit,Pune,Delhi,449.09,22/05/2025,,
SHO9984,FEDEX,16/02/2024,Delayed,Mumbai,Chennai,28.34,22/02/2024,03/03/2024,
SHO9986,DHL,30/06/2025,Delayed,Delhi,Pune,146.89,06/07/2025,15/07/2025,
SHO9989,BLUEDART,29/12/2024,Accepted,Bangalore,Mumbai,422.2,01/01/2025,01/01/2025,
SHO9990,DHL,24/11/2024,In Transit,Pune,Delhi,160.62,28/11/2024,,
SHO9991,FEDEX,12/01/2024,In Transit,Delhi,Mumbai,366.49,12/07/2024,,
SHO9995,FEDEX,16/06/2025,In Transit,Bangalore,Mumbai,337.95,23/06/2025,,
SHO9997,DHL,06/02/2026,In Transit,Hyderabad,Pune,197.13,11/02/2026,,
SHO9998,DHL,15/12/2024,Pending,Pune,Chennai,303.41,19/12/2024,,
SHO9999,BLUEDART,23/09/2024,Pending,Mumbai,Delhi,454.47,25/09/2024,,
SHO10000,FEDEX,08/01/2025,Accepted,Pune,Hyderabad,32.98,13/01/2025,,
