shipment_id,carrier,ship_date,status,origin,destination,freight_cost,Expected Delivery Date,Delivered Date,delay_days,reason
SHO0001,BLUEDART,,IN TRANS,Pune,Hyderabad,,01/02/2026,,,Invalid ship date; Invalid status; Invalid freight cost
SHO0002,BLUEDART,28/07/2025,UNKNOWN,Chennai,Pune,335.29,08/04/2025,,,Invalid status; Expected Delivery Date is before Ship Date
SHO0004,BLUEDART,,Accepted,Delhi,Bangalore,129.75,,,,Invalid ship date; Expected Delivery Date is missing or invalid
SHO0005,FEDEX,15/06/2024,In Transit,Mumbai,Delhi,126.06,,,,Expected Delivery Date is missing or invalid
SHO0006,FEDEX,12/08/2024,Delivered,Delhi,Bangalore,108.08,14/08/2024,15/08/2024,1,Duplicate shipment ID
SHO0006,FEDEX,26/05/2024,IN TRANS,Bangalore,Mumbai,0.99,06/02/2024,,,Duplicate shipment ID; Invalid status; Expected Delivery Date is before Ship Date
SHO0008,BLUEDART,,Delayed,Mumbai,Pune,419.44,15/02/2026,18/02/2026,,Invalid ship date
,DHL,10/06/2026,UNKNOWN,Chennai,Pune,93.1,17/06/2026,18/06/2026,,Missing shipment ID; Invalid status
SHO0011,FEDEX,29/02/2024,In Transit,Delhi,Hyderabad,429.25,,,,Expected Delivery Date is missing or invalid
SHO0012,BLUEDART,24/06/2025,Accepted,Hyderabad,Mumbai,271.82,,,,Expected Delivery Date is missing or invalid
SHO0013,FEDEX,18/08/2024,Delayed,Pune,Delhi,,,02/09/2024,,Expected Delivery Date is missing or invalid; Invalid freight cost
SHO0014,BLUEDART,,Pending,Hyderabad,Mumbai,44.26,19/11/2025,,,Invalid ship date
SHO0015,FEDEX,,Accepted,Mumbai,Chennai,342.86,,,,Invalid ship date; Expected Delivery Date is missing or invalid
SHO0016,FEDEX,07/06/2024,UNKNOWN,Hyderabad,Chennai,188.32,07/08/2024,,,Invalid status
SHO0018,BLUEDART,06/07/2024,In Transit,Chennai,Mumbai,92.09,,,,Expected Delivery Date is missing or invalid
,DHL,23/03/2024,Accepted,Pune,Bangalore,27.78,,,,Missing shipment ID; Expected Delivery Date is missing or invalid
SHO0020,DHL,01/08/2025,Pending,Mumbai,Bangalore,103.49,,,,Expected Delivery Date is missing or invalid
SHO0022,FEDEX,,Delivered,Chennai,Delhi,299.31,20/09/2025,22/09/2025,2,Invalid ship date
SHO0023,FEDEX,01/06/2025,Accepted,Hyderabad,Mumbai,65.65,,,,Expected Delivery Date is missing or invalid
SHO0024,BLUEDART,23/12/2025,In Transit,Mumbai,Bangalore,245.33,,,,Expected Delivery Date is missing or invalid
SHO0026,DHL,,Delayed,Hyderabad,Chennai,347.21,,06/02/2024,,Invalid ship date; Expected Delivery Date is missing or invalid
SHO0027,FEDEX,,Delivered,Delhi,Mumbai,425.37,23/04/2026,21/04/2026,0,Invalid ship date
SHO0028,BLUEDART,28/04/2024,IN TRANS,Delhi,Pune,23.57,02/05/2024,,,Invalid status
SHO0031,BLUEDART,20/10/2024,In Transit,Pune,Mumbai,169.34,,,,Expected Delivery Date is missing or invalid
,BLUEDART,17/10/2024,Pending,Hyderabad,Pune,305.04,23/10/2024,,,Missing shipment ID
SHO0033,DHL,,UNKNOWN,Mumbai,Bangalore,-37.76,,26/05/2026,,Invalid ship date; Invalid status; Expected Delivery Date is missing or invalid; Invalid freight cost
SHO0034,DHL,29/06/2024,Delivered,Mumbai,Hyderabad,475.62,07/05/2024,10/07/2024,64,Expected Delivery Date is before Ship Date
SHO0035,FEDEX,14/04/2026,Delivered,Mumbai,Bangalore,437.37,,24/04/2026,,Expected Delivery Date is missing or invalid
SHO0037,BLUEDART,03/04/2024,In Transit,Mumbai,Chennai,403.08,,,,Expected Delivery Date is missing or invalid
SHO0038,FEDEX,02/04/2026,Delivered,Mumbai,Bangalore,236.76,10/02/2026,,,Delivered Date is missing or invalid for Delivered status; Expected Delivery Date is before Ship Date
SHO0039,FEDEX,,Delayed,Hyderabad,Bangalore,446.02,06/07/2025,16/07/2025,,Invalid ship date
SHO0041,DHL,23/07/2024,Accepted,Pune,Delhi,-68.18,26/07/2024,,,Invalid freight cost
SHO0042,BLUEDART,07/03/2026,Accepted,Chennai,Pune,14.98,,,,Expected Delivery Date is missing or invalid
SHO0043,DHL,14/04/2024,Delivered,Chennai,Hyderabad,,21/04/2024,20/04/2024,0,Invalid freight cost
SHO0044,FEDEX,01/05/2025,Delivered,Pune,Chennai,437.11,10/01/2025,,,Delivered Date is missing or invalid for Delivered status; Expected Delivery Date is before Ship Date
SHO0045,BLUEDART,26/11/2024,Accepted,Chennai,Delhi,,28/11/2024,,,Invalid freight cost
SHO0047,BLUEDART,04/03/2025,Delivered,Bangalore,Mumbai,-70.0,,08/04/2025,,Expected Delivery Date is missing or invalid; Invalid freight cost
SHO0048,FEDEX,,IN TRANS,Delhi,Chennai,65.81,06/10/2024,,,Invalid ship date; Invalid status
SHO0053,DHL,09/06/2024,UNKNOWN,Delhi,Pune,20.81,11/06/2024,,,Invalid status
SHO0054,FEDEX,27/09/2024,Delivered,Pune,Delhi,378.92,03/10/2024,10/04/2024,0,Delivered Date is before Ship Date
SHO0055,BLUEDART,22/10/2024,Pending,Bangalore,Chennai,-7.87,,,,Expected Delivery Date is missing or invalid; Invalid freight cost
SHO0056,BLUEDART,13/09/2024,Delayed,Delhi,Bangalore,-27.03,20/09/2024,,,Invalid freight cost
SHO0058,FEDEX,04/10/2025,Delayed,Chennai,Pune,102.42,14/04/2025,16/04/2025,,Expected Delivery Date is before Ship Date
SHO0059,BLUEDART,27/07/2024,IN TRANS,Mumbai,Pune,238.55,,,,Invalid status; Expected Delivery Date is missing or invalid
SHO0060,DHL,04/05/2024,In Transit,Chennai,Mumbai,495.51,07/04/2024,,,Expected Delivery Date is before Ship Date
SHO0061,FEDEX,04/12/2025,Pending,Mumbai,Hyderabad,3.89,15/04/2025,,,Expected Delivery Date is before Ship Date
SHO0066,BLUEDART,11/03/2024,In Transit,Pune,Bangalore,286.07,,,,Expected Delivery Date is missing or invalid
SHO0067,FEDEX,28/11/2024,Delivered,Pune,Hyderabad,-47.45,02/12/2024,05/12/2024,3,Invalid freight cost
SHO0068,BLUEDART,,Pending,Bangalore,Hyderabad,3.01,29/05/2025,,,Invalid ship date
SHO0069,DHL,,IN TRANS,Mumbai,Delhi,290.58,29/08/2025,,,Invalid ship date; Invalid status
SHO0070,FEDEX,17/12/2025,IN TRANS,Chennai,Delhi,-67.28,,,,Invalid status; Expected Delivery Date is missing or invalid; Invalid freight cost
SHO0072,BLUEDART,,Pending,Pune,Mumbai,-60.65,22/03/2026,,,Invalid ship date; Invalid freight cost
SHO0073,FEDEX,06/10/2024,Accepted,Chennai,Bangalore,15.44,,,,Expected Delivery Date is missing or invalid
SHO0076,DHL,28/04/2024,Delayed,Delhi,Chennai,56.18,05/04/2024,07/05/2024,,Expected Delivery Date is before Ship Date
SHO0077,FEDEX,03/05/2026,Pending,Bangalore,Pune,277.08,,,,Expected Delivery Date is missing or invalid
SHO0078,BLUEDART,03/03/2024,UNKNOWN,Bangalore,Delhi,80.01,05/03/2024,,,Invalid status
SHO0079,DHL,03/11/2024,Accepted,Chennai,Hyderabad,363.79,14/03/2024,,,Expected Delivery Date is before Ship Date
SHO0082,FEDEX,,Pending,Mumbai,Pune,411.43,08/03/2024,,,Invalid ship date
SHO0084,DHL,28/06/2026,In Transit,Mumbai,Chennai,160.01,07/03/2026,,,Expected Delivery Date is before Ship Date
SHO0085,FEDEX,01/05/2026,Delayed,Pune,Hyderabad,-25.93,05/03/2026,09/05/2026,,Expected Delivery Date is before Ship Date; Invalid freight cost
SHO0087,FEDEX,04/06/2026,In Transit,Chennai,Hyderabad,410.19,,,,Expected Delivery Date is missing or invalid
SHO0088,BLUEDART,,Accepted,Delhi,Mumbai,25.22,28/12/2024,07/01/2025,,Invalid ship date
SHO0089,FEDEX,15/11/2024,Delivered,Hyderabad,Mumbai,108.14,21/11/2024,,,Delivered Date is missing or invalid for Delivered status
SHO0090,FEDEX,12/02/2026,Pending,Delhi,Hyderabad,-13.99,17/02/2026,,,Invalid freight cost
SHO0093,FEDEX,22/01/2024,In Transit,Pune,Chennai,19.69,,,,Expected Delivery Date is missing or invalid
SHO0094,FEDEX,14/08/2024,In Transit,Delhi,Mumbai,371.89,,,,Expected Delivery Date is missing or invalid
SHO0095,DHL,29/05/2024,IN TRANS,Hyderabad,Pune,34.42,,,,Invalid status; Expected Delivery Date is missing or invalid
,FEDEX,,Delayed,Mumbai,Chennai,133.87,12/02/2024,14/02/2024,,Missing shipment ID; Invalid ship date
SHO0100,FEDEX,06/04/2024,Pending,Pune,Mumbai,313.46,,,,Expected Delivery Date is missing or invalid
SHO0103,FEDEX,28/02/2026,Pending,Pune,Bangalore,404.37,,,,Expected Delivery Date is missing or invalid
SHO0106,DHL,,In Transit,Bangalore,Mumbai,241.63,16/06/2026,,,Invalid ship date
SHO0108,DHL,,UNKNOWN,Bangalore,Delhi,-0.19,25/03/2026,,,Invalid ship date; Invalid status; Invalid freight cost
SHO0110,DHL,08/11/2025,In Transit,Bangalore,Chennai,336.76,15/08/2025,,,Expected Delivery Date is before Ship Date
SHO0111,DHL,06/03/2025,UNKNOWN,Chennai,Bangalore,493.23,06/09/2025,07/06/2025,,Invalid status
SHO0113,FEDEX,10/04/2026,Delayed,Bangalore,Hyderabad,-43.4,15/04/2026,16/04/2026,,Invalid freight cost
SHO0114,FEDEX,,Delivered,Delhi,Pune,30.84,14/02/2026,12/02/2026,0,Invalid ship date
SHO0116,FEDEX,,Delivered,Chennai,Mumbai,177.47,24/06/2024,22/06/2024,0,Invalid ship date
SHO0117,FEDEX,01/02/2024,Delayed,Chennai,Hyderabad,,08/02/2024,16/02/2024,,Invalid freight cost
SHO0118,FEDEX,30/03/2025,Accepted,Delhi,Mumbai,-35.41,02/04/2025,,,Invalid freight cost
SHO0119,DHL,21/12/2025,Pending,Delhi,Mumbai,44.45,,,,Expected Delivery Date is missing or invalid
SHO0124,FEDEX,,Delivered,Pune,Mumbai,474.68,24/07/2024,24/07/2024,0,Invalid ship date
SHO0125,BLUEDART,12/05/2026,Pending,Chennai,Delhi,-56.11,14/05/2026,,,Invalid freight cost
SHO0126,DHL,,Delivered,Mumbai,Bangalore,474.86,28/10/2024,29/10/2024,1,Invalid ship date
SHO0131,BLUEDART,27/11/2025,Pending,Delhi,Bangalore,-11.09,29/11/2025,,,Invalid freight cost
SHO0132,BLUEDART,02/09/2024,Delayed,Pune,Hyderabad,333.88,14/02/2024,23/02/2024,,Expected Delivery Date is before Ship Date
SHO0133,FEDEX,,Accepted,Chennai,Delhi,215.63,06/08/2025,,,Invalid ship date
SHO0136,FEDEX,,Delayed,Bangalore,Pune,220.84,29/12/2025,01/04/2026,,Invalid ship date
SHO0139,DHL,,Delivered,Delhi,Pune,-34.16,26/10/2024,28/10/2024,2,Invalid ship date; Invalid freight cost
SHO0141,DHL,03/05/2025,Delivered,Mumbai,Chennai,35.68,,10/05/2025,,Expected Delivery Date is missing or invalid
SHO0142,DHL,07/02/2024,UNKNOWN,Mumbai,Hyderabad,150.26,,,,Invalid status; Expected Delivery Date is missing or invalid
SHO0144,DHL,20/03/2026,IN TRANS,Bangalore,Delhi,249.31,23/03/2026,,,Invalid status
SHO0145,DHL,27/11/2024,In Transit,Hyderabad,Chennai,,12/02/2024,,,Expected Delivery Date is before Ship Date; Invalid freight cost
SHO0146,BLUEDART,,Delayed,Hyderabad,Pune,189.93,17/11/2025,,,Invalid ship date
SHO0147,DHL,,Delivered,Mumbai,Hyderabad,493.53,14/04/2025,18/04/2025,4,Invalid ship date
SHO0152,BLUEDART,,Pending,Delhi,Pune,147.97,04/07/2024,,,Invalid ship date
SHO0153,FEDEX,,In Transit,Hyderabad,Delhi,9.97,,,,Invalid ship date; Expected Delivery Date is missing or invalid
SHO0156,BLUEDART,,Pending,Hyderabad,Chennai,-52.81,,,,Invalid ship date; Expected Delivery Date is missing or invalid; Invalid freight cost
SHO0158,DHL,,UNKNOWN,Delhi,Pune,135.22,11/04/2025,,,Invalid ship date; Invalid status
SHO0160,BLUEDART,02/10/2025,In Transit,Chennai,Hyderabad,240.21,14/02/2025,,,Expected Delivery Date is before Ship Date
SHO0162,DHL,23/01/2025,Pending,Delhi,Hyderabad,403.35,,,,Expected Delivery Date is missing or invalid
,FEDEX,22/06/2024,Delayed,Hyderabad,Mumbai,,,30/06/2024,,Missing shipment ID; Expected Delivery Date is missing or invalid; Invalid freight cost
SHO0164,DHL,10/03/2024,Delivered,Bangalore,Hyderabad,,13/03/2024,18/03/2024,5,Invalid freight cost
SHO0165,FEDEX,26/06/2025,Delivered,Pune,Hyderabad,79.35,,,,Expected Delivery Date is missing or invalid; Delivered Date is missing or invalid for Delivered status
SHO0167,DHL,04/05/2024,In Transit,Bangalore,Pune,139.97,11/04/2024,,,Expected Delivery Date is before Ship Date
SHO0172,BLUEDART,,Delayed,Pune,Hyderabad,140.4,10/08/2024,11/10/2024,,Invalid ship date
,DHL,04/04/2025,Pending,Hyderabad,Chennai,241.75,09/04/2025,,,Missing shipment ID
SHO0174,FEDEX,01/12/2026,Pending,Mumbai,Pune,445.02,15/01/2026,,,Expected Delivery Date is before Ship Date
,FEDEX,02/11/2024,Pending,Delhi,Chennai,373.95,06/11/2024,,,Missing shipment ID
SHO0176,FEDEX,24/01/2025,Delivered,Delhi,Bangalore,420.08,,02/01/2025,,Expected Delivery Date is missing or invalid; Delivered Date is before Ship Date
,FEDEX,08/12/2025,Delivered,Delhi,Chennai,60.61,17/08/2025,19/08/2025,2,Missing shipment ID; Expected Delivery Date is before Ship Date; Delivered Date is before Ship Date
SHO0178,BLUEDART,24/03/2025,Delivered,Mumbai,Hyderabad,88.97,,30/03/2025,,Expected Delivery Date is missing or invalid
SHO0179,FEDEX,19/08/2025,In Transit,Chennai,Mumbai,229.93,,,,Expected Delivery Date is missing or invalid
SHO0180,DHL,19/06/2024,Delivered,Hyderabad,Mumbai,275.35,,29/06/2024,,Expected Delivery Date is missing or invalid
SHO0183,FEDEX,24/11/2025,Delivered,Bangalore,Pune,15.33,01/12/2025,12/02/2025,0,Delivered Date is before Ship Date
SHO0184,BLUEDART,02/09/2025,Delayed,Bangalore,Mumbai,347.69,,20/02/2025,,Expected Delivery Date is missing or invalid
SHO0185,BLUEDART,,In Transit,Hyderabad,Mumbai,185.38,12/03/2024,,,Invalid ship date
SHO0186,FEDEX,,Delivered,Chennai,Hyderabad,329.47,17/04/2026,16/04/2026,0,Invalid ship date
SHO0187,DHL,03/09/2025,Delayed,Chennai,Mumbai,202.27,15/03/2025,18/03/2025,,Expected Delivery Date is before Ship Date
SHO0188,FEDEX,,In Transit,Hyderabad,Delhi,479.02,20/04/2026,,,Invalid ship date
SHO0190,FEDEX,17/02/2026,Delivered,Chennai,Pune,175.99,,,,Expected Delivery Date is missing or invalid; Delivered Date is missing or invalid for Delivered status
SHO0191,FEDEX,,Delivered,Pune,Delhi,347.82,08/09/2024,,,Invalid ship date; Delivered Date is missing or invalid for Delivered status
SHO0193,FEDEX,06/06/2026,Delivered,Pune,Mumbai,-6.4,,10/06/2026,,Expected Delivery Date is missing or invalid; Invalid freight cost
SHO0194,FEDEX,18/03/2024,Delivered,Mumbai,Chennai,380.87,,24/03/2024,,Expected Delivery Date is missing or invalid
SHO0197,FEDEX,,Delivered,Hyderabad,Mumbai,129.05,,10/04/2024,,Invalid ship date; Expected Delivery Date is missing or invalid
SHO0198,DHL,,Delayed,Pune,Delhi,-3.03,,15/05/2025,,Invalid ship date; Expected Delivery Date is missing or invalid; Invalid freight cost
SHO0199,DHL,18/01/2026,Delivered,Mumbai,Pune,-20.59,22/01/2026,25/01/2026,3,Invalid freight cost
SHO0200,DHL,,In Transit,Chennai,Hyderabad,339.01,02/04/2025,,,Invalid ship date
SHO0202,DHL,,Pending,Bangalore,Delhi,272.02,08/01/2024,,,Invalid ship date
SHO0205,BLUEDART,26/03/2024,IN TRANS,Hyderabad,Mumbai,-34.17,29/03/2024,,,Invalid status; Invalid freight cost
,FEDEX,29/02/2024,In Transit,Bangalore,Hyderabad,-30.0,03/05/2024,,,Missing shipment ID; Invalid freight cost
SHO0207,DHL,16/06/2024,Pending,Bangalore,Pune,472.75,,,,Expected Delivery Date is missing or invalid
SHO0208,DHL,10/05/2024,Pending,Delhi,Chennai,-42.95,,,,Expected Delivery Date is missing or invalid; Invalid freight cost
,FEDEX,21/11/2025,Delivered,Pune,Bangalore,-13.11,,26/11/2025,,Missing shipment ID; Expected Delivery Date is missing or invalid; Invalid freight cost
SHO0212,FEDEX,20/05/2025,Delivered,Delhi,Bangalore,,,28/05/2025,,Expected Delivery Date is missing or invalid; Invalid freight cost
SHO0213,BLUEDART,16/04/2024,In Transit,Mumbai,Delhi,,19/04/2024,,,Invalid freight cost
SHO0214,BLUEDART,,Delivered,Mumbai,Delhi,-30.76,16/04/2025,16/04/2025,0,Invalid ship date; Invalid freight cost
SHO0216,BLUEDART,07/04/2025,IN TRANS,Delhi,Hyderabad,188.74,09/04/2025,,,Invalid status
SHO0221,BLUEDART,30/03/2024,IN TRANS,Mumbai,Pune,142.15,,,,Invalid status; Expected Delivery Date is missing or invalid
SHO0222,BLUEDART,07/11/2025,Accepted,Delhi,Chennai,201.11,,20/07/2025,,Expected Delivery Date is missing or invalid
SHO0224,DHL,29/12/2024,Accepted,Chennai,Mumbai,,01/01/2025,,,Invalid freight cost
SHO0225,BLUEDART,30/07/2025,In Transit,Chennai,Hyderabad,,04/08/2025,,,Invalid freight cost
SHO0227,FEDEX,23/08/2025,Delayed,Bangalore,Mumbai,115.21,,30/08/2025,,Expected Delivery Date is missing or invalid
SHO0228,BLUEDART,12/11/2025,Pending,Delhi,Hyderabad,392.38,,,,Expected Delivery Date is missing or invalid
SHO0229,BLUEDART,08/09/2025,In Transit,Pune,Delhi,454.2,,,,Expected Delivery Date is missing or invalid
,DHL,21/04/2026,Delivered,Bangalore,Pune,308.61,28/04/2026,01/05/2026,3,Missing shipment ID
SHO0234,FEDEX,08/04/2024,Delayed,Delhi,Hyderabad,147.88,,22/04/2024,,Expected Delivery Date is missing or invalid
SHO0236,FEDEX,15/02/2024,IN TRANS,Hyderabad,Chennai,175.05,19/02/2024,,,Invalid status
,FEDEX,20/07/2025,Delayed,Chennai,Hyderabad,407.66,,08/02/2025,,Missing shipment ID; Expected Delivery Date is missing or invalid
,BLUEDART,21/09/2024,In Transit,Hyderabad,Bangalore,448.27,23/09/2024,,,Missing shipment ID
,BLUEDART,27/09/2024,In Transit,Delhi,Chennai,299.78,,,,Missing shipment ID; Expected Delivery Date is missing or invalid
SHO0244,FEDEX,21/03/2026,Delayed,Pune,Bangalore,-41.94,28/03/2026,,,Invalid freight cost
SHO0246,FEDEX,,Accepted,Chennai,Bangalore,14.84,,,,Invalid ship date; Expected Delivery Date is missing or invalid
SHO0249,DHL,,Delivered,Chennai,Delhi,264.39,01/08/2025,08/03/2025,0,Invalid ship date
SHO0251,FEDEX,24/01/2026,Delayed,Mumbai,Chennai,258.15,,,,Expected Delivery Date is missing or invalid
SHO0252,DHL,,IN TRANS,Bangalore,Chennai,-23.39,07/07/2024,,,Invalid ship date; Invalid status; Invalid freight cost
SHO0254,BLUEDART,29/06/2026,In Transit,Pune,Chennai,210.28,07/06/2026,,,Expected Delivery Date is before Ship Date
SHO0255,BLUEDART,19/11/2024,UNKNOWN,Mumbai,Hyderabad,335.09,21/11/2024,,,Invalid status
SHO0256,DHL,16/05/2025,UNKNOWN,Chennai,Hyderabad,362.87,18/05/2025,,,Invalid status
,DHL,14/07/2024,Delayed,Delhi,Bangalore,312.51,,25/07/2024,,Missing shipment ID; Expected Delivery Date is missing or invalid
SHO0260,DHL,,Delayed,Chennai,Pune,299.07,10/11/2025,11/11/2025,,Invalid ship date
SHO0261,DHL,11/08/2025,Delayed,Delhi,Chennai,304.24,,22/11/2025,,Expected Delivery Date is missing or invalid
SHO0262,FEDEX,23/07/2024,Delivered,Hyderabad,Bangalore,72.54,,,,Expected Delivery Date is missing or invalid; Delivered Date is missing or invalid for Delivered status
SHO0264,FEDEX,21/02/2024,Delayed,Delhi,Chennai,,,28/02/2024,,Expected Delivery Date is missing or invalid; Invalid freight cost
SHO0265,BLUEDART,,Pending,Hyderabad,Mumbai,473.95,05/01/2025,,,Invalid ship date
SHO0267,BLUEDART,05/09/2025,Accepted,Pune,Delhi,-14.5,14/05/2025,,,Expected Delivery Date is before Ship Date; Invalid freight cost
SHO0268,BLUEDART,,Accepted,Chennai,Hyderabad,116.21,,,,Invalid ship date; Expected Delivery Date is missing or invalid
,BLUEDART,16/04/2026,In Transit,Mumbai,Chennai,-34.28,21/04/2026,,,Missing shipment ID; Invalid freight cost
SHO0271,FEDEX,24/07/2025,Pending,Mumbai,Pune,-79.9,26/07/2025,,,Invalid freight cost
SHO0272,DHL,12/05/2024,Pending,Hyderabad,Chennai,365.1,,,,Expected Delivery Date is missing or invalid
SHO0274,FEDEX,24/04/2026,Delivered,Hyderabad,Chennai,30.54,28/04/2026,,,Delivered Date is missing or invalid for Delivered status
SHO0275,DHL,27/06/2025,Delivered,Mumbai,Pune,-51.83,02/07/2025,,,Delivered Date is missing or invalid for Delivered status; Invalid freight cost
SHO0277,BLUEDART,,In Transit,Delhi,Bangalore,36.52,15/10/2025,,,Invalid ship date
SHO0280,FEDEX,02/03/2024,In Transit,Hyderabad,Bangalore,392.14,,,,Expected Delivery Date is missing or invalid
SHO0281,BLUEDART,25/01/2025,In Transit,Delhi,Pune,161.61,02/01/2025,,,Expected Delivery Date is before Ship Date
SHO0282,DHL,12/02/2026,Pending,Bangalore,Delhi,237.04,,,,Expected Delivery Date is missing or invalid
,BLUEDART,27/04/2024,Delivered,Bangalore,Pune,120.68,,01/05/2024,,Missing shipment ID; Expected Delivery Date is missing or invalid
SHO0287,BLUEDART,02/04/2026,Pending,Delhi,Bangalore,178.42,,,,Expected Delivery Date is missing or invalid
SHO0290,FEDEX,,Delivered,Delhi,Pune,-11.38,02/04/2025,03/02/2025,0,Invalid ship date; Invalid freight cost
SHO0292,DHL,12/01/2024,Pending,Delhi,Mumbai,427.36,,,,Expected Delivery Date is missing or invalid
SHO0293,BLUEDART,26/02/2025,Delivered,Delhi,Hyderabad,413.85,01/03/2025,03/01/2025,0,Delivered Date is before Ship Date
SHO0294,BLUEDART,15/03/2024,IN TRANS,Mumbai,Bangalore,309.58,19/03/2024,,,Invalid status
SHO0295,BLUEDART,,Pending,Pune,Delhi,181.37,27/11/2024,,,Invalid ship date
SHO0296,FEDEX,30/12/2025,Delivered,Hyderabad,Delhi,291.69,,,,Expected Delivery Date is missing or invalid; Delivered Date is missing or invalid for Delivered status
SHO0297,BLUEDART,05/11/2026,IN TRANS,Chennai,Pune,,14/05/2026,,,Invalid status; Expected Delivery Date is before Ship Date; Invalid freight cost
SHO0299,DHL,,Delayed,Mumbai,Bangalore,150.14,12/06/2025,13/06/2025,,Invalid ship date
SHO0301,DHL,,Delivered,Pune,Mumbai,481.7,22/04/2024,24/04/2024,2,Invalid ship date
SHO0303,FEDEX,,Delayed,Hyderabad,Delhi,130.09,17/07/2024,19/07/2024,,Invalid ship date
SHO0304,FEDEX,,Delayed,Pune,Delhi,252.62,17/02/2024,20/02/2024,,Invalid ship date
SHO0306,DHL,27/09/2024,Delayed,Chennai,Bangalore,340.03,10/01/2024,09/10/2024,,Expected Delivery Date is before Ship Date
,FEDEX,08/04/2024,Delayed,Hyderabad,Bangalore,196.0,14/04/2024,24/04/2024,,Missing shipment ID
SHO0308,BLUEDART,,In Transit,Bangalore,Mumbai,134.82,20/06/2025,,,Invalid ship date
SHO0310,DHL,05/12/2025,Delivered,Mumbai,Hyderabad,103.22,12/09/2025,,,Delivered Date is missing or invalid for Delivered status; Expected Delivery Date is before Ship Date
SHO0315,BLUEDART,22/06/2024,Delivered,Hyderabad,Bangalore,-59.08,25/06/2024,23/06/2024,0,Invalid freight cost
SHO0317,DHL,30/05/2025,IN TRANS,Chennai,Pune,117.18,01/06/2025,,,Invalid status
SHO0320,BLUEDART,,Delivered,Delhi,Hyderabad,459.55,06/02/2026,11/02/2026,5,Invalid ship date
SHO0328,DHL,27/10/2025,Delivered,Chennai,Bangalore,232.29,,11/03/2025,,Expected Delivery Date is missing or invalid; Delivered Date is before Ship Date
SHO0332,FEDEX,25/01/2026,IN TRANS,Hyderabad,Delhi,177.03,28/01/2026,,,Invalid status
SHO0334,FEDEX,20/08/2024,Delivered,Mumbai,Bangalore,-28.06,24/08/2024,,,Delivered Date is missing or invalid for Delivered status; Invalid freight cost
SHO0336,DHL,28/04/2026,In Transit,Bangalore,Mumbai,47.94,,,,Expected Delivery Date is missing or invalid
SHO0338,DHL,23/01/2024,Delayed,Pune,Bangalore,483.95,,02/01/2024,,Expected Delivery Date is missing or invalid
SHO0339,FEDEX,14/12/2025,Delivered,Delhi,Chennai,-61.59,16/12/2025,16/12/2025,0,Invalid freight cost
SHO0340,DHL,29/01/2025,Delivered,Bangalore,Hyderabad,485.48,02/01/2025,,,Delivered Date is missing or invalid for Delivered status; Expected Delivery Date is before Ship Date
SHO0341,FEDEX,02/01/2026,Pending,Hyderabad,Pune,222.14,,,,Expected Delivery Date is missing or invalid
SHO0343,FEDEX,,Delivered,Pune,Bangalore,282.58,14/12/2024,,,Invalid ship date; Delivered Date is missing or invalid for Delivered status
SHO0347,DHL,26/11/2024,In Transit,Chennai,Delhi,,28/11/2024,,,Invalid freight cost
SHO0348,DHL,08/07/2025,Delivered,Pune,Hyderabad,,14/08/2025,,,Delivered Date is missing or invalid for Delivered status; Invalid freight cost
SHO0349,BLUEDART,24/04/2025,Accepted,Mumbai,Pune,290.57,,02/05/2025,,Expected Delivery Date is missing or invalid
SHO0352,FEDEX,28/11/2024,Accepted,Delhi,Bangalore,135.6,,,,Expected Delivery Date is missing or invalid
,FEDEX,10/02/2025,Delayed,Mumbai,Chennai,341.26,14/02/2025,24/02/2025,,Missing shipment ID
SHO0354,BLUEDART,07/06/2025,Pending,Delhi,Bangalore,250.99,,,,Expected Delivery Date is missing or invalid
SHO0355,FEDEX,13/02/2025,Pending,Pune,Bangalore,452.37,,,,Expected Delivery Date is missing or invalid
SHO0357,BLUEDART,25/02/2024,IN TRANS,Pune,Chennai,224.14,29/02/2024,,,Invalid status
SHO0359,BLUEDART,,Pending,Hyderabad,Delhi,34.9,05/12/2025,,,Invalid ship date
SHO0361,FEDEX,,Delayed,Chennai,Hyderabad,456.04,30/03/2025,03/04/2025,,Invalid ship date
SHO0362,FEDEX,11/12/2025,Delivered,Pune,Mumbai,-15.46,16/12/2025,21/12/2025,5,Invalid freight cost
SHO0364,DHL,07/11/2025,IN TRANS,Pune,Chennai,304.53,,,,Invalid status; Expected Delivery Date is missing or invalid
SHO0365,DHL,06/06/2026,UNKNOWN,Delhi,Chennai,228.31,06/09/2026,,,Invalid status
SHO0366,FEDEX,,In Transit,Mumbai,Hyderabad,316.9,23/01/2024,,,Invalid ship date
SHO0367,DHL,18/08/2024,Delayed,Chennai,Delhi,118.24,,26/08/2024,,Expected Delivery Date is missing or invalid
SHO0368,FEDEX,,Pending,Delhi,Bangalore,234.5,06/12/2024,,,Invalid ship date
,DHL,02/11/2025,Pending,Mumbai,Hyderabad,451.93,11/06/2025,,,Missing shipment ID; Expected Delivery Date is before Ship Date
SHO0370,FEDEX,,UNKNOWN,Mumbai,Chennai,352.45,13/11/2024,,,Invalid ship date; Invalid status
SHO0374,BLUEDART,21/06/2025,Delivered,Chennai,Bangalore,,23/06/2025,22/06/2025,0,Invalid freight cost
SHO0376,BLUEDART,,Pending,Mumbai,Pune,-14.36,15/01/2026,,,Invalid ship date; Invalid freight cost
SHO0377,DHL,13/09/2024,In Transit,Mumbai,Pune,321.2,,,,Expected Delivery Date is missing or invalid
SHO0379,FEDEX,17/01/2026,Accepted,Delhi,Mumbai,477.36,,21/01/2026,,Expected Delivery Date is missing or invalid
SHO0380,BLUEDART,08/10/2024,Pending,Mumbai,Hyderabad,302.49,15/08/2024,,,Expected Delivery Date is before Ship Date
SHO0381,DHL,31/05/2024,UNKNOWN,Pune,Delhi,298.9,,06/05/2024,,Invalid status; Expected Delivery Date is missing or invalid
SHO0382,BLUEDART,11/07/2025,Delivered,Delhi,Bangalore,325.91,,,,Expected Delivery Date is missing or invalid; Delivered Date is missing or invalid for Delivered status
SHO0383,FEDEX,26/10/2024,Pending,Chennai,Pune,-1.96,02/11/2024,,,Invalid freight cost
SHO0384,BLUEDART,05/10/2025,Delivered,Chennai,Pune,319.42,17/05/2025,19/05/2025,2,Expected Delivery Date is before Ship Date; Delivered Date is before Ship Date
SHO0385,BLUEDART,,Delivered,Bangalore,Mumbai,24.35,,,,Invalid ship date; Expected Delivery Date is missing or invalid; Delivered Date is missing or invalid for Delivered status
,DHL,15/12/2024,In Transit,Pune,Mumbai,340.15,21/12/2024,,,Missing shipment ID
SHO0390,BLUEDART,,Pending,Chennai,Mumbai,-12.23,14/07/2024,,,Invalid ship date; Invalid freight cost
SHO0391,FEDEX,05/11/2024,Delayed,Hyderabad,Bangalore,-14.91,,11/11/2024,,Expected Delivery Date is missing or invalid; Invalid freight cost
SHO0392,BLUEDART,26/05/2024,UNKNOWN,Delhi,Mumbai,425.64,,01/06/2024,,Invalid status; Expected Delivery Date is missing or invalid
SHO0393,BLUEDART,23/04/2025,Delayed,Pune,Mumbai,-20.2,30/04/2025,05/05/2025,,Invalid freight cost
SHO0397,FEDEX,04/05/2024,Accepted,Chennai,Hyderabad,385.36,12/04/2024,,,Expected Delivery Date is before Ship Date
SHO0398,BLUEDART,05/02/2025,Delayed,Delhi,Mumbai,325.78,,18/02/2025,,Expected Delivery Date is missing or invalid
SHO0400,DHL,03/08/2024,In Transit,Mumbai,Chennai,40.78,15/03/2024,,,Expected Delivery Date is before Ship Date
SHO0401,DHL,05/06/2026,Pending,Bangalore,Chennai,-13.69,12/05/2026,,,Expected Delivery Date is before Ship Date; Invalid freight cost
SHO0402,BLUEDART,21/05/2025,Delivered,Mumbai,Delhi,302.9,23/05/2025,,,Delivered Date is missing or invalid for Delivered status
SHO0403,FEDEX,28/11/2025,In Transit,Hyderabad,Delhi,93.85,12/05/2025,,,Expected Delivery Date is before Ship Date
SHO0404,DHL,,Pending,Delhi,Pune,481.38,15/01/2025,,,Invalid ship date
SHO0406,DHL,,Delayed,Delhi,Hyderabad,-38.39,19/05/2024,,,Invalid ship date; Invalid freight cost
SHO0407,BLUEDART,30/09/2025,Accepted,Chennai,Mumbai,183.55,10/05/2025,14/10/2025,,Expected Delivery Date is before Ship Date
SHO0408,FEDEX,13/08/2025,In Transit,Mumbai,Bangalore,-60.59,15/08/2025,,,Invalid freight cost
SHO0410,BLUEDART,07/01/2025,Delivered,Pune,Mumbai,,,11/07/2025,,Expected Delivery Date is missing or invalid; Invalid freight cost
SHO0412,FEDEX,22/09/2025,IN TRANS,Delhi,Hyderabad,79.63,,,,Invalid status; Expected Delivery Date is missing or invalid
SHO0414,FEDEX,03/08/2024,Pending,Bangalore,Hyderabad,345.93,,,,Expected Delivery Date is missing or invalid
SHO0415,BLUEDART,30/11/2025,Delivered,Hyderabad,Chennai,146.24,12/04/2025,04/12/2025,236,Expected Delivery Date is before Ship Date
SHO0417,DHL,,Accepted,Bangalore,Chennai,221.57,06/03/2026,,,Invalid ship date
SHO0421,DHL,01/07/2024,UNKNOWN,Chennai,Mumbai,205.39,07/04/2024,,,Invalid status; Expected Delivery Date is before Ship Date
SHO0423,FEDEX,07/07/2025,In Transit,Bangalore,Pune,-78.08,14/07/2025,,,Invalid freight cost
SHO0425,DHL,13/05/2025,Delayed,Bangalore,Delhi,433.42,,22/05/2025,,Expected Delivery Date is missing or invalid
SHO0427,BLUEDART,02/07/2024,Accepted,Hyderabad,Pune,2.12,14/02/2024,12/02/2024,,Expected Delivery Date is before Ship Date
SHO0430,BLUEDART,17/06/2024,Pending,Delhi,Bangalore,,23/06/2024,,,Invalid freight cost
SHO0431,DHL,,Delivered,Pune,Delhi,298.02,04/05/2024,,,Invalid ship date; Delivered Date is missing or invalid for Delivered status
SHO0432,BLUEDART,03/07/2024,Delivered,Pune,Bangalore,209.93,07/05/2024,07/07/2024,61,Expected Delivery Date is before Ship Date
SHO0434,DHL,18/10/2024,In Transit,Pune,Mumbai,172.11,,,,Expected Delivery Date is missing or invalid
SHO0435,DHL,01/08/2026,Pending,Pune,Delhi,263.77,12/01/2026,,,Expected Delivery Date is before Ship Date
SHO0439,BLUEDART,01/12/2024,Accepted,Hyderabad,Delhi,256.09,12/07/2024,,,Expected Delivery Date is before Ship Date
SHO0440,FEDEX,05/05/2025,Delivered,Chennai,Mumbai,382.85,07/05/2025,,,Delivered Date is missing or invalid for Delivered status
SHO0441,BLUEDART,05/06/2025,Delivered,Pune,Hyderabad,96.81,,18/05/2025,,Expected Delivery Date is missing or invalid; Delivered Date is before Ship Date
SHO0442,FEDEX,21/12/2025,Delivered,Bangalore,Mumbai,-79.21,,27/12/2025,,Expected Delivery Date is missing or invalid; Invalid freight cost
SHO0443,DHL,27/09/2025,In Transit,Bangalore,Pune,,,,,Expected Delivery Date is missing or invalid; Invalid freight cost
SHO0447,DHL,24/04/2024,Delivered,Hyderabad,Mumbai,5.81,,28/04/2024,,Expected Delivery Date is missing or invalid
SHO0448,BLUEDART,,Delayed,Pune,Mumbai,-67.22,15/07/2024,24/07/2024,,Invalid ship date; Invalid freight cost
SHO0449,BLUEDART,07/11/2024,Pending,Mumbai,Chennai,-3.47,11/11/2024,,,Invalid freight cost
SHO0450,DHL,,Pending,Chennai,Hyderabad,85.44,,,,Invalid ship date; Expected Delivery Date is missing or invalid
SHO0451,FEDEX,,In Transit,Delhi,Mumbai,246.24,09/07/2024,,,Invalid ship date
SHO0452,DHL,25/02/2026,Delayed,Mumbai,Chennai,469.72,,03/04/2026,,Expected Delivery Date is missing or invalid
,BLUEDART,29/03/2026,Accepted,Bangalore,Hyderabad,342.56,,,,Missing shipment ID; Expected Delivery Date is missing or invalid
SHO0456,FEDEX,11/11/2024,Pending,Delhi,Mumbai,427.1,,,,Expected Delivery Date is missing or invalid
SHO0458,FEDEX,23/02/2025,Delivered,Pune,Hyderabad,450.36,28/02/2025,,,Delivered Date is missing or invalid for Delivered status
SHO0461,BLUEDART,06/08/2025,Delivered,Pune,Mumbai,253.65,12/06/2025,12/06/2025,0,Expected Delivery Date is before Ship Date; Delivered Date is before Ship Date
SHO0464,DHL,05/01/2026,In Transit,Chennai,Hyderabad,381.16,,,,Expected Delivery Date is missing or invalid
SHO0465,FEDEX,18/04/2026,Delayed,Pune,Hyderabad,455.58,,29/04/2026,,Expected Delivery Date is missing or invalid
SHO0467,FEDEX,20/04/2024,UNKNOWN,Pune,Delhi,379.97,26/04/2024,,,Invalid status
SHO0468,BLUEDART,23/07/2024,Delayed,Hyderabad,Bangalore,308.95,,27/07/2024,,Expected Delivery Date is missing or invalid
SHO0469,BLUEDART,19/04/2026,Pending,Pune,Hyderabad,362.68,,,,Expected Delivery Date is missing or invalid
SHO0471,BLUEDART,,In Transit,Hyderabad,Chennai,328.74,25/02/2026,,,Invalid ship date
SHO0472,FEDEX,21/02/2025,IN TRANS,Hyderabad,Bangalore,,26/02/2025,,,Invalid status; Invalid freight cost
SHO0476,DHL,30/04/2026,Delayed,Bangalore,Pune,208.92,05/02/2026,,,Expected Delivery Date is before Ship Date
SHO0478,FEDEX,,Delayed,Mumbai,Chennai,-60.94,21/04/2025,26/04/2025,,Invalid ship date; Invalid freight cost
SHO0480,FEDEX,,Delayed,Pune,Hyderabad,-5.65,31/08/2025,06/09/2025,,Invalid ship date; Invalid freight cost
SHO0481,DHL,10/09/2024,UNKNOWN,Bangalore,Hyderabad,295.89,,,,Invalid status; Expected Delivery Date is missing or invalid
SHO0482,FEDEX,03/07/2025,IN TRANS,Chennai,Bangalore,-68.17,12/03/2025,,,Invalid status; Expected Delivery Date is before Ship Date; Invalid freight cost
SHO0484,BLUEDART,28/09/2024,Delayed,Hyderabad,Mumbai,92.45,10/04/2024,,,Expected Delivery Date is before Ship Date
SHO0488,BLUEDART,30/09/2024,Accepted,Hyderabad,Chennai,86.49,,,,Expected Delivery Date is missing or invalid
SHO0490,DHL,03/12/2026,Delayed,Bangalore,Mumbai,-47.91,14/03/2026,20/03/2026,,Expected Delivery Date is before Ship Date; Invalid freight cost
SHO0491,BLUEDART,24/04/2024,Pending,Hyderabad,Delhi,346.0,,,,Expected Delivery Date is missing or invalid
SHO0492,DHL,,Pending,Delhi,Mumbai,347.6,09/05/2026,,,Invalid ship date
SHO0493,BLUEDART,30/06/2025,In Transit,Pune,Chennai,325.78,07/02/2025,,,Expected Delivery Date is before Ship Date
SHO0494,BLUEDART,,Delivered,Delhi,Mumbai,480.75,,26/01/2024,,Invalid ship date; Expected Delivery Date is missing or invalid
SHO0496,DHL,,Delayed,Delhi,Hyderabad,451.22,06/06/2026,12/06/2026,,Invalid ship date
SHO0497,FEDEX,,Accepted,Bangalore,Mumbai,-21.77,19/06/2026,,,Invalid ship date; Invalid freight cost
,BLUEDART,04/03/2025,Delayed,Bangalore,Hyderabad,156.94,07/03/2025,08/03/2025,,Missing shipment ID
SHO0504,DHL,12/04/2025,In Transit,Delhi,Chennai,333.73,,,,Expected Delivery Date is missing or invalid
SHO0507,FEDEX,16/03/2025,IN TRANS,Bangalore,Delhi,443.62,20/03/2025,,,Invalid status
SHO0511,FEDEX,07/02/2025,In Transit,Bangalore,Pune,262.4,,,,Expected Delivery Date is missing or invalid
SHO0512,BLUEDART,,Delivered,Pune,Mumbai,280.97,,22/02/2024,,Invalid ship date; Expected Delivery Date is missing or invalid
SHO0513,BLUEDART,04/04/2024,In Transit,Chennai,Mumbai,68.0,,,,Expected Delivery Date is missing or invalid
SHO0514,DHL,17/05/2025,Delivered,Pune,Mumbai,170.77,,21/05/2025,,Expected Delivery Date is missing or invalid
SHO0515,FEDEX,,In Transit,Pune,Chennai,276.04,15/04/2026,,,Invalid ship date
SHO0516,FEDEX,26/03/2024,IN TRANS,Chennai,Bangalore,191.57,28/03/2024,,,Invalid status
SHO0517,DHL,16/02/2024,Pending,Chennai,Pune,-17.57,21/02/2024,,,Invalid freight cost
SHO0518,DHL,02/07/2024,Delivered,Pune,Chennai,25.68,07/07/2024,,,Delivered Date is missing or invalid for Delivered status
SHO0519,DHL,21/03/2024,Delivered,Hyderabad,Delhi,489.67,,24/03/2024,,Expected Delivery Date is missing or invalid
,BLUEDART,06/11/2024,Pending,Chennai,Mumbai,391.62,,,,Missing shipment ID; Expected Delivery Date is missing or invalid
SHO0521,DHL,,Delayed,Pune,Delhi,41.35,05/06/2026,06/08/2026,,Invalid ship date
,FEDEX,19/06/2024,Delayed,Pune,Hyderabad,348.49,24/06/2024,07/02/2024,,Missing shipment ID
SHO0523,BLUEDART,03/01/2025,Accepted,Bangalore,Mumbai,207.51,,,,Expected Delivery Date is missing or invalid
SHO0526,FEDEX,01/10/2026,Delivered,Hyderabad,Mumbai,146.42,15/01/2026,18/01/2026,3,Expected Delivery Date is before Ship Date; Delivered Date is before Ship Date
SHO0527,FEDEX,20/05/2025,IN TRANS,Pune,Chennai,56.14,26/05/2025,,,Invalid status
SHO0528,DHL,26/04/2024,UNKNOWN,Delhi,Chennai,51.48,05/02/2024,,,Invalid status; Expected Delivery Date is before Ship Date
SHO0529,DHL,09/10/2025,Delivered,Bangalore,Chennai,-19.6,12/09/2025,17/09/2025,5,Expected Delivery Date is before Ship Date; Delivered Date is before Ship Date; Invalid freight cost
SHO0530,DHL,,In Transit,Bangalore,Pune,448.37,13/06/2026,,,Invalid ship date
SHO0532,BLUEDART,02/10/2026,Delivered,Hyderabad,Delhi,227.2,13/02/2026,13/02/2026,0,Expected Delivery Date is before Ship Date; Delivered Date is before Ship Date
SHO0533,DHL,03/12/2024,Delayed,Bangalore,Chennai,116.22,17/03/2024,20/03/2024,,Expected Delivery Date is before Ship Date
SHO0534,BLUEDART,,In Transit,Bangalore,Chennai,153.16,11/05/2024,,,Invalid ship date
SHO0535,BLUEDART,,UNKNOWN,Hyderabad,Chennai,38.98,07/04/2025,,,Invalid ship date; Invalid status
SHO0536,BLUEDART,07/07/2025,UNKNOWN,Hyderabad,Bangalore,43.97,13/07/2025,,,Invalid status
,DHL,,Delayed,Delhi,Chennai,344.55,06/05/2025,10/06/2025,,Missing shipment ID; Invalid ship date
SHO0541,DHL,,Pending,Hyderabad,Bangalore,332.47,13/05/2024,,,Invalid ship date
SHO0542,FEDEX,22/05/2026,In Transit,Pune,Bangalore,-16.01,,,,Expected Delivery Date is missing or invalid; Invalid freight cost
SHO0544,BLUEDART,03/11/2026,In Transit,Mumbai,Delhi,195.63,18/03/2026,,,Expected Delivery Date is before Ship Date
SHO0546,BLUEDART,,Delivered,Pune,Bangalore,367.53,10/11/2025,10/10/2025,0,Invalid ship date
SHO0548,BLUEDART,01/06/2026,Delayed,Pune,Chennai,117.17,06/04/2026,11/06/2026,,Expected Delivery Date is before Ship Date
SHO0549,DHL,21/02/2025,Delivered,Hyderabad,Mumbai,18.13,27/02/2025,,,Delivered Date is missing or invalid for Delivered status
,DHL,09/02/2024,Delivered,Pune,Delhi,266.26,09/05/2024,09/10/2024,153,Missing shipment ID
SHO0553,BLUEDART,,Pending,Hyderabad,Pune,78.52,03/06/2024,,,Invalid ship date
SHO0554,BLUEDART,,Delayed,Chennai,Pune,149.28,11/05/2024,08/11/2024,,Invalid ship date
,BLUEDART,06/10/2024,Accepted,Delhi,Chennai,304.12,10/10/2024,,,Missing shipment ID
SHO0556,FEDEX,19/11/2025,UNKNOWN,Pune,Hyderabad,159.63,26/11/2025,04/12/2025,,Invalid status
SHO0557,BLUEDART,04/12/2026,In Transit,Pune,Mumbai,399.93,16/04/2026,,,Expected Delivery Date is before Ship Date
SHO0558,DHL,15/02/2026,IN TRANS,Hyderabad,Pune,314.72,22/02/2026,,,Invalid status
SHO0559,FEDEX,19/05/2025,Delivered,Pune,Mumbai,330.04,,20/05/2025,,Expected Delivery Date is missing or invalid
,BLUEDART,01/08/2025,Delayed,Bangalore,Chennai,-42.09,04/08/2025,08/06/2025,,Missing shipment ID; Invalid freight cost
SHO0561,BLUEDART,21/09/2025,IN TRANS,Bangalore,Chennai,314.79,26/09/2025,,,Invalid status
SHO0562,FEDEX,,Pending,Pune,Bangalore,129.65,,,,Invalid ship date; Expected Delivery Date is missing or invalid
,BLUEDART,07/12/2025,UNKNOWN,Pune,Delhi,475.51,10/12/2025,,,Missing shipment ID; Invalid status
SHO0566,DHL,28/10/2024,UNKNOWN,Chennai,Pune,141.24,30/10/2024,,,Invalid status
SHO0570,DHL,,Delayed,Chennai,Bangalore,164.8,01/06/2026,05/06/2026,,Invalid ship date
SHO0571,BLUEDART,22/09/2025,IN TRANS,Chennai,Delhi,162.84,25/09/2025,,,Invalid status
,FEDEX,,Pending,Chennai,Hyderabad,346.06,09/05/2024,,,Missing shipment ID; Invalid ship date
SHO0574,DHL,,Delayed,Hyderabad,Delhi,408.87,25/01/2024,26/01/2024,,Invalid ship date
SHO0578,FEDEX,22/06/2025,Delivered,Bangalore,Delhi,200.31,27/06/2025,07/02/2025,0,Delivered Date is before Ship Date
SHO0580,DHL,28/09/2025,UNKNOWN,Mumbai,Bangalore,167.14,10/03/2025,,,Invalid status; Expected Delivery Date is before Ship Date
SHO0581,DHL,,Accepted,Delhi,Pune,,03/11/2024,,,Invalid ship date; Invalid freight cost
SHO0582,DHL,13/09/2024,IN TRANS,Bangalore,Delhi,352.22,20/09/2024,,,Invalid status
SHO0584,DHL,30/04/2025,In Transit,Hyderabad,Delhi,219.18,,,,Expected Delivery Date is missing or invalid
SHO0586,DHL,03/12/2025,Delivered,Mumbai,Chennai,153.95,12/10/2025,,,Delivered Date is missing or invalid for Delivered status; Expected Delivery Date is before Ship Date
SHO0588,DHL,22/11/2025,Pending,Hyderabad,Pune,23.03,,,,Expected Delivery Date is missing or invalid
SHO0589,BLUEDART,28/02/2024,In Transit,Pune,Chennai,220.75,03/02/2024,,,Expected Delivery Date is before Ship Date
SHO0591,DHL,03/06/2024,Accepted,Hyderabad,Chennai,151.56,09/03/2024,,,Expected Delivery Date is before Ship Date
SHO0592,FEDEX,02/04/2025,Pending,Delhi,Mumbai,397.59,07/02/2025,,,Expected Delivery Date is before Ship Date
SHO0594,BLUEDART,19/03/2024,Accepted,Pune,Mumbai,-18.97,23/03/2024,,,Invalid freight cost
SHO0597,DHL,,UNKNOWN,Bangalore,Delhi,127.69,09/06/2024,,,Invalid ship date; Invalid status
SHO0599,FEDEX,,Delayed,Hyderabad,Pune,382.22,20/08/2024,23/08/2024,,Invalid ship date
SHO0600,BLUEDART,03/05/2024,Accepted,Mumbai,Chennai,43.99,,,,Expected Delivery Date is missing or invalid
SHO0601,FEDEX,12/01/2025,Delayed,Bangalore,Chennai,-40.95,15/01/2025,22/01/2025,,Invalid freight cost
,DHL,08/10/2025,Delivered,Chennai,Delhi,145.37,15/10/2025,,,Missing shipment ID; Delivered Date is missing or invalid for Delivered status
SHO0604,DHL,,In Transit,Delhi,Chennai,7.97,02/11/2024,,,Invalid ship date
SHO0605,FEDEX,17/06/2025,Delivered,Bangalore,Pune,486.99,24/06/2025,,,Delivered Date is missing or invalid for Delivered status
SHO0610,BLUEDART,14/03/2024,In Transit,Chennai,Mumbai,-0.74,19/03/2024,,,Invalid freight cost
SHO0612,FEDEX,,Delivered,Bangalore,Delhi,203.4,12/06/2025,,,Invalid ship date; Delivered Date is missing or invalid for Delivered status
SHO0613,BLUEDART,,Delivered,Bangalore,Pune,294.29,19/12/2025,24/12/2025,5,Invalid ship date
SHO0616,FEDEX,07/01/2024,Delayed,Bangalore,Delhi,393.51,,01/11/2024,,Expected Delivery Date is missing or invalid
SHO0618,BLUEDART,22/03/2024,IN TRANS,Pune,Delhi,-30.29,24/03/2024,,,Invalid status; Invalid freight cost
SHO0619,DHL,19/03/2026,Delayed,Bangalore,Chennai,-23.83,25/03/2026,26/03/2026,,Invalid freight cost
SHO0620,FEDEX,,Accepted,Bangalore,Delhi,58.97,22/11/2024,,,Invalid ship date
SHO0621,BLUEDART,27/01/2024,Pending,Mumbai,Hyderabad,-8.72,,,,Expected Delivery Date is missing or invalid; Invalid freight cost
,DHL,02/05/2025,Delivered,Delhi,Chennai,417.12,05/04/2025,08/05/2025,33,Missing shipment ID; Expected Delivery Date is before Ship Date
SHO0625,FEDEX,13/06/2024,In Transit,Bangalore,Pune,443.54,,,,Expected Delivery Date is missing or invalid
SHO0626,BLUEDART,,Delivered,Mumbai,Pune,113.02,28/03/2026,27/03/2026,0,Invalid ship date
SHO0627,FEDEX,22/09/2024,Delayed,Hyderabad,Delhi,88.77,,26/09/2024,,Expected Delivery Date is missing or invalid
,DHL,19/11/2024,Delayed,Chennai,Mumbai,393.37,,27/11/2024,,Missing shipment ID; Expected Delivery Date is missing or invalid
SHO0630,FEDEX,12/06/2025,Delayed,Delhi,Bangalore,78.6,,23/12/2025,,Expected Delivery Date is missing or invalid
SHO0631,DHL,,Delivered,Bangalore,Hyderabad,-49.51,21/12/2025,26/12/2025,5,Invalid ship date; Invalid freight cost
SHO0632,BLUEDART,,In Transit,Mumbai,Delhi,146.82,20/02/2026,,,Invalid ship date
SHO0633,BLUEDART,,Delivered,Pune,Mumbai,14.94,16/04/2025,21/04/2025,5,Invalid ship date
SHO0635,FEDEX,07/09/2024,Delayed,Hyderabad,Chennai,-11.09,,20/09/2024,,Expected Delivery Date is missing or invalid; Invalid freight cost
SHO0637,FEDEX,,Pending,Delhi,Pune,25.04,,,,Invalid ship date; Expected Delivery Date is missing or invalid
SHO0638,DHL,02/07/2025,Pending,Mumbai,Pune,394.13,13/02/2025,,,Expected Delivery Date is before Ship Date
SHO0640,DHL,02/06/2025,UNKNOWN,Pune,Hyderabad,130.86,06/08/2025,,,Invalid status
SHO0644,BLUEDART,09/11/2025,Delayed,Bangalore,Chennai,163.42,14/09/2025,20/09/2025,,Expected Delivery Date is before Ship Date
SHO0645,FEDEX,06/01/2025,In Transit,Bangalore,Pune,371.28,,,,Expected Delivery Date is missing or invalid
SHO0647,FEDEX,04/05/2026,Delivered,Hyderabad,Mumbai,313.13,04/11/2026,15/04/2026,0,Delivered Date is before Ship Date
SHO0648,FEDEX,,Delivered,Pune,Mumbai,64.48,31/12/2025,04/01/2026,4,Invalid ship date
SHO0649,BLUEDART,10/12/2025,Accepted,Hyderabad,Mumbai,-29.57,16/10/2025,,,Expected Delivery Date is before Ship Date; Invalid freight cost
SHO0650,DHL,21/07/2025,Pending,Bangalore,Delhi,388.84,,,,Expected Delivery Date is missing or invalid
SHO0651,BLUEDART,15/01/2024,Pending,Pune,Chennai,30.31,,,,Expected Delivery Date is missing or invalid
SHO0652,BLUEDART,,Pending,Bangalore,Chennai,180.22,16/02/2024,,,Invalid ship date
SHO0654,FEDEX,25/04/2026,UNKNOWN,Bangalore,Chennai,462.54,01/05/2026,09/05/2026,,Invalid status
SHO0656,FEDEX,14/03/2025,Delayed,Delhi,Mumbai,231.13,,20/03/2025,,Expected Delivery Date is missing or invalid
SHO0658,FEDEX,28/11/2024,UNKNOWN,Bangalore,Hyderabad,363.35,03/12/2024,07/12/2024,,Invalid status
SHO0660,BLUEDART,,Pending,Hyderabad,Chennai,329.75,,,,Invalid ship date; Expected Delivery Date is missing or invalid
,DHL,05/08/2024,IN TRANS,Pune,Mumbai,193.79,08/11/2024,,,Missing shipment ID; Invalid status
SHO0664,BLUEDART,04/01/2025,Delivered,Hyderabad,Mumbai,389.82,,14/01/2025,,Expected Delivery Date is missing or invalid
SHO0666,FEDEX,17/06/2026,Delivered,Chennai,Delhi,414.99,23/06/2026,,,Delivered Date is missing or invalid for Delivered status
SHO0667,DHL,10/07/2024,Delivered,Hyderabad,Bangalore,481.14,11/10/2024,,,Delivered Date is missing or invalid for Delivered status
SHO0669,BLUEDART,,Accepted,Bangalore,Chennai,,26/09/2024,,,Invalid ship date; Invalid freight cost
SHO0670,FEDEX,13/06/2026,Delivered,Hyderabad,Mumbai,-50.12,16/06/2026,17/06/2026,1,Invalid freight cost
SHO0671,FEDEX,,Pending,Bangalore,Hyderabad,91.04,24/02/2025,,,Invalid ship date
SHO0672,BLUEDART,31/10/2025,IN TRANS,Pune,Chennai,424.61,11/07/2025,,,Invalid status; Expected Delivery Date is before Ship Date
SHO0675,BLUEDART,12/04/2024,In Transit,Pune,Bangalore,142.71,,,,Expected Delivery Date is missing or invalid
SHO0677,DHL,09/12/2025,IN TRANS,Pune,Bangalore,283.94,11/12/2025,,,Invalid status
SHO0678,DHL,,Delayed,Hyderabad,Chennai,124.92,02/02/2025,,,Invalid ship date
SHO0679,FEDEX,22/09/2025,In Transit,Delhi,Pune,-11.36,24/09/2025,,,Invalid freight cost
,BLUEDART,17/04/2026,IN TRANS,Delhi,Bangalore,122.06,19/04/2026,,,Missing shipment ID; Invalid status
SHO0682,FEDEX,03/10/2025,Pending,Delhi,Chennai,322.18,,,,Expected Delivery Date is missing or invalid
SHO0683,BLUEDART,07/03/2025,Accepted,Mumbai,Bangalore,53.47,,,,Expected Delivery Date is missing or invalid
SHO0685,BLUEDART,03/08/2024,UNKNOWN,Mumbai,Hyderabad,50.26,10/08/2024,,,Invalid status
SHO0687,DHL,02/05/2026,UNKNOWN,Mumbai,Hyderabad,325.17,02/09/2026,,,Invalid status
SHO0688,BLUEDART,02/08/2026,Delayed,Pune,Bangalore,211.91,,17/02/2026,,Expected Delivery Date is missing or invalid
SHO0689,DHL,,In Transit,Delhi,Pune,487.2,21/06/2025,,,Invalid ship date
SHO0693,FEDEX,13/04/2024,UNKNOWN,Mumbai,Bangalore,388.35,16/04/2024,,,Invalid status
SHO0694,DHL,,In Transit,Bangalore,Pune,432.95,12/01/2026,,,Invalid ship date
SHO0695,FEDEX,13/12/2024,IN TRANS,Mumbai,Hyderabad,128.98,,,,Invalid status; Expected Delivery Date is missing or invalid
SHO0697,DHL,,Pending,Hyderabad,Chennai,487.52,26/09/2024,,,Invalid ship date
,BLUEDART,27/03/2025,In Transit,Bangalore,Hyderabad,217.24,02/04/2025,,,Missing shipment ID
SHO0701,DHL,09/10/2025,Pending,Delhi,Mumbai,43.33,17/09/2025,,,Expected Delivery Date is before Ship Date
SHO0703,DHL,24/03/2024,IN TRANS,Delhi,Chennai,426.79,29/03/2024,,,Invalid status
SHO0704,FEDEX,,In Transit,Hyderabad,Delhi,199.34,29/12/2024,,,Invalid ship date
SHO0705,BLUEDART,,Accepted,Hyderabad,Pune,255.52,,,,Invalid ship date; Expected Delivery Date is missing or invalid
SHO0706,FEDEX,26/09/2024,Pending,Pune,Chennai,338.93,,,,Expected Delivery Date is missing or invalid
SHO0707,BLUEDART,,In Transit,Hyderabad,Bangalore,121.89,24/01/2025,,,Invalid ship date
SHO0709,BLUEDART,,In Transit,Chennai,Hyderabad,141.31,,,,Invalid ship date; Expected Delivery Date is missing or invalid
SHO0710,DHL,23/09/2025,UNKNOWN,Pune,Hyderabad,-19.87,30/09/2025,,,Invalid status; Invalid freight cost
SHO0712,BLUEDART,19/06/2026,Delivered,Delhi,Mumbai,73.41,,25/06/2026,,Expected Delivery Date is missing or invalid
SHO0714,BLUEDART,21/11/2024,Pending,Hyderabad,Chennai,11.9,,,,Expected Delivery Date is missing or invalid
SHO0715,FEDEX,26/11/2024,Accepted,Chennai,Hyderabad,-25.91,28/11/2024,,,Invalid freight cost
SHO0716,FEDEX,09/04/2025,Delivered,Pune,Delhi,286.27,,13/04/2025,,Expected Delivery Date is missing or invalid
SHO0720,DHL,31/01/2024,Pending,Hyderabad,Bangalore,-66.64,06/02/2024,,,Invalid freight cost
SHO0721,DHL,,In Transit,Delhi,Mumbai,472.87,05/12/2025,,,Invalid ship date
SHO0723,FEDEX,04/02/2026,IN TRANS,Mumbai,Bangalore,393.22,02/10/2026,,,Invalid status
SHO0725,DHL,15/01/2025,Delayed,Bangalore,Delhi,372.12,,18/01/2025,,Expected Delivery Date is missing or invalid
SHO0726,FEDEX,,In Transit,Chennai,Hyderabad,-20.31,27/06/2025,,,Invalid ship date; Invalid freight cost
SHO0727,FEDEX,21/07/2024,In Transit,Delhi,Mumbai,-51.2,26/07/2024,,,Invalid freight cost
SHO0728,BLUEDART,19/01/2024,Delivered,Pune,Mumbai,,25/01/2024,23/01/2024,0,Invalid freight cost
SHO0729,DHL,29/04/2026,UNKNOWN,Mumbai,Pune,160.75,03/05/2026,05/05/2026,,Invalid status
SHO0730,FEDEX,13/05/2026,In Transit,Bangalore,Pune,463.87,,,,Expected Delivery Date is missing or invalid
SHO0731,DHL,,Accepted,Pune,Delhi,133.95,17/01/2026,,,Invalid ship date
SHO0733,BLUEDART,,Delivered,Hyderabad,Bangalore,204.26,05/08/2025,11/05/2025,0,Invalid ship date
SHO0734,BLUEDART,12/12/2025,Delayed,Bangalore,Hyderabad,-36.42,17/12/2025,,,Invalid freight cost
SHO0735,BLUEDART,17/02/2026,IN TRANS,Chennai,Delhi,330.94,24/02/2026,,,Invalid status
SHO0736,DHL,11/03/2024,IN TRANS,Mumbai,Hyderabad,165.39,18/03/2024,,,Invalid status
SHO0739,DHL,23/04/2024,In Transit,Bangalore,Hyderabad,-13.19,25/04/2024,,,Invalid freight cost
,FEDEX,21/01/2026,Accepted,Pune,Delhi,430.13,25/01/2026,,,Missing shipment ID
SHO0741,DHL,03/05/2025,Delivered,Chennai,Bangalore,,10/05/2025,,,Delivered Date is missing or invalid for Delivered status; Invalid freight cost
SHO0742,FEDEX,27/09/2024,UNKNOWN,Pune,Delhi,,,10/09/2024,,Invalid status; Expected Delivery Date is missing or invalid; Invalid freight cost
SHO0743,FEDEX,30/05/2025,Delayed,Hyderabad,Bangalore,357.9,,03/06/2025,,Expected Delivery Date is missing or invalid
SHO0744,DHL,28/12/2025,UNKNOWN,Delhi,Mumbai,437.0,01/04/2026,,,Invalid status
SHO0746,BLUEDART,28/06/2024,IN TRANS,Mumbai,Bangalore,447.99,07/02/2024,,,Invalid status; Expected Delivery Date is before Ship Date
SHO0748,BLUEDART,06/11/2024,Pending,Chennai,Hyderabad,87.19,,,,Expected Delivery Date is missing or invalid
SHO0749,BLUEDART,,Delayed,Pune,Hyderabad,123.13,18/09/2024,27/09/2024,,Invalid ship date
SHO0750,FEDEX,,In Transit,Hyderabad,Pune,64.26,05/06/2025,,,Invalid ship date
SHO0752,DHL,04/08/2024,Delayed,Mumbai,Chennai,225.41,,,,Expected Delivery Date is missing or invalid
SHO0753,DHL,02/12/2026,Delayed,Mumbai,Pune,276.82,16/02/2026,20/02/2026,,Expected Delivery Date is before Ship Date
SHO0755,BLUEDART,,Delivered,Delhi,Pune,259.08,10/05/2024,05/08/2024,87,Invalid ship date
,FEDEX,06/01/2026,Delayed,Bangalore,Delhi,387.26,12/01/2026,16/01/2026,,Missing shipment ID
SHO0757,BLUEDART,26/02/2024,Delayed,Mumbai,Chennai,93.96,03/02/2024,05/03/2024,,Expected Delivery Date is before Ship Date
SHO0761,DHL,,Delivered,Hyderabad,Delhi,337.14,30/12/2024,04/01/2025,5,Invalid ship date
,FEDEX,12/08/2025,Delivered,Chennai,Hyderabad,457.9,,21/08/2025,,Missing shipment ID; Expected Delivery Date is missing or invalid
SHO0763,BLUEDART,08/04/2024,Delivered,Hyderabad,Delhi,-18.39,15/04/2024,,,Delivered Date is missing or invalid for Delivered status; Invalid freight cost
SHO0764,DHL,13/09/2024,Delayed,Pune,Bangalore,-58.3,20/09/2024,,,Invalid freight cost
SHO0765,BLUEDART,,In Transit,Chennai,Bangalore,66.45,28/07/2024,,,Invalid ship date
SHO0767,DHL,27/04/2026,Pending,Hyderabad,Bangalore,210.49,05/01/2026,,,Expected Delivery Date is before Ship Date
SHO0772,DHL,16/04/2024,Delayed,Delhi,Pune,,19/04/2024,25/04/2024,,Invalid freight cost
SHO0776,DHL,05/05/2025,Delivered,Chennai,Mumbai,-9.02,05/07/2025,06/05/2025,0,Invalid freight cost
SHO0777,FEDEX,,Delivered,Chennai,Delhi,61.64,06/12/2026,15/06/2026,0,Invalid ship date
SHO0778,DHL,,Delivered,Chennai,Hyderabad,240.72,10/11/2024,13/11/2024,3,Invalid ship date
SHO0781,DHL,,Accepted,Delhi,Bangalore,167.98,27/03/2025,,,Invalid ship date
SHO0782,BLUEDART,09/08/2025,UNKNOWN,Mumbai,Chennai,249.62,15/08/2025,17/08/2025,,Invalid status
SHO0784,BLUEDART,05/06/2026,IN TRANS,Bangalore,Delhi,411.6,11/05/2026,,,Invalid status; Expected Delivery Date is before Ship Date
SHO0786,BLUEDART,26/08/2024,Delayed,Bangalore,Pune,299.67,,07/09/2024,,Expected Delivery Date is missing or invalid
SHO0788,DHL,15/06/2026,IN TRANS,Bangalore,Mumbai,2.99,19/06/2026,,,Invalid status
SHO0793,FEDEX,27/04/2026,Accepted,Hyderabad,Bangalore,492.31,05/03/2026,,,Expected Delivery Date is before Ship Date
SHO0794,FEDEX,31/05/2024,Pending,Mumbai,Bangalore,206.64,,,,Expected Delivery Date is missing or invalid
SHO0796,FEDEX,,Delayed,Chennai,Bangalore,496.6,25/09/2025,27/09/2025,,Invalid ship date
SHO0797,BLUEDART,19/04/2026,Pending,Hyderabad,Bangalore,-31.4,21/04/2026,,,Invalid freight cost
SHO0798,DHL,20/05/2025,In Transit,Hyderabad,Mumbai,-51.99,26/05/2025,,,Invalid freight cost
,FEDEX,25/08/2024,Delivered,Chennai,Pune,81.6,,28/08/2024,,Missing shipment ID; Expected Delivery Date is missing or invalid
SHO0802,FEDEX,,Accepted,Mumbai,Delhi,-0.65,,,,Invalid ship date; Expected Delivery Date is missing or invalid; Invalid freight cost
SHO0803,BLUEDART,,Delivered,Delhi,Mumbai,346.6,,,,Invalid ship date; Expected Delivery Date is missing or invalid; Delivered Date is missing or invalid for Delivered status
SHO0804,BLUEDART,11/10/2025,Delivered,Bangalore,Pune,-75.38,,18/10/2025,,Expected Delivery Date is missing or invalid; Invalid freight cost
SHO0805,DHL,01/04/2024,In Transit,Chennai,Hyderabad,-40.99,10/01/2024,,,Expected Delivery Date is before Ship Date; Invalid freight cost
SHO0806,FEDEX,,Delayed,Mumbai,Bangalore,429.18,11/06/2025,11/11/2025,,Invalid ship date
SHO0807,FEDEX,29/11/2024,In Transit,Mumbai,Chennai,304.2,12/01/2024,,,Expected Delivery Date is before Ship Date
SHO0808,FEDEX,12/04/2025,In Transit,Chennai,Mumbai,-63.2,08/12/2025,,,Invalid freight cost
SHO0809,FEDEX,02/12/2025,Accepted,Mumbai,Chennai,449.17,,,,Expected Delivery Date is missing or invalid
,BLUEDART,14/01/2024,Accepted,Bangalore,Hyderabad,410.38,,22/01/2024,,Missing shipment ID; Expected Delivery Date is missing or invalid
SHO0813,BLUEDART,02/11/2025,In Transit,Pune,Chennai,,09/11/2025,,,Invalid freight cost
SHO0814,BLUEDART,04/07/2024,Delivered,Chennai,Hyderabad,261.15,12/04/2024,13/04/2024,1,Expected Delivery Date is before Ship Date; Delivered Date is before Ship Date
SHO0815,BLUEDART,25/10/2024,In Transit,Mumbai,Chennai,,30/10/2024,,,Invalid freight cost
SHO0818,FEDEX,14/11/2024,Delivered,Delhi,Chennai,115.96,,15/11/2024,,Expected Delivery Date is missing or invalid
SHO0819,FEDEX,25/11/2024,Pending,Delhi,Hyderabad,331.14,,,,Expected Delivery Date is missing or invalid
SHO0821,DHL,21/03/2025,IN TRANS,Delhi,Pune,337.57,28/03/2025,,,Invalid status
SHO0823,DHL,,Delayed,Delhi,Chennai,192.89,04/07/2024,09/07/2024,,Invalid ship date
SHO0825,FEDEX,18/10/2025,Delivered,Chennai,Bangalore,37.5,,24/10/2025,,Expected Delivery Date is missing or invalid
SHO0826,FEDEX,09/11/2025,Accepted,Chennai,Bangalore,480.66,,,,Expected Delivery Date is missing or invalid
SHO0829,BLUEDART,,UNKNOWN,Hyderabad,Chennai,204.25,31/07/2025,,,Invalid ship date; Invalid status
,BLUEDART,08/06/2024,Accepted,Delhi,Chennai,244.68,09/08/2024,,,Missing shipment ID
SHO0831,FEDEX,01/12/2025,UNKNOWN,Delhi,Pune,211.62,,,,Invalid status; Expected Delivery Date is missing or invalid
SHO0832,BLUEDART,,Delayed,Pune,Bangalore,420.65,28/04/2026,05/08/2026,,Invalid ship date
SHO0834,BLUEDART,,Accepted,Chennai,Pune,309.75,10/12/2024,,,Invalid ship date
SHO0835,BLUEDART,07/03/2024,Accepted,Bangalore,Pune,398.53,,,,Expected Delivery Date is missing or invalid
SHO0836,BLUEDART,14/11/2024,IN TRANS,Bangalore,Pune,245.12,16/11/2024,,,Invalid status
SHO0839,BLUEDART,04/04/2024,Pending,Mumbai,Delhi,125.99,,,,Expected Delivery Date is missing or invalid
SHO0840,DHL,03/08/2024,Delivered,Chennai,Bangalore,171.63,10/08/2024,,,Delivered Date is missing or invalid for Delivered status
SHO0841,DHL,02/02/2024,Delayed,Mumbai,Delhi,,09/02/2024,02/12/2024,,Invalid freight cost
SHO0842,BLUEDART,,In Transit,Delhi,Pune,195.79,15/06/2024,,,Invalid ship date
SHO0843,BLUEDART,12/08/2025,Delivered,Mumbai,Bangalore,172.28,17/08/2025,,,Delivered Date is missing or invalid for Delivered status
SHO0844,BLUEDART,03/12/2025,Delivered,Pune,Chennai,76.23,18/03/2025,22/03/2025,4,Expected Delivery Date is before Ship Date; Delivered Date is before Ship Date
SHO0846,DHL,10/11/2024,UNKNOWN,Hyderabad,Mumbai,27.06,,20/11/2024,,Invalid status; Expected Delivery Date is missing or invalid
SHO0848,FEDEX,09/03/2025,In Transit,Delhi,Chennai,229.79,,,,Expected Delivery Date is missing or invalid
SHO0849,FEDEX,,Pending,Chennai,Pune,355.98,19/09/2025,,,Invalid ship date
SHO0851,DHL,02/11/2025,UNKNOWN,Delhi,Pune,154.59,04/11/2025,,,Invalid status
SHO0852,FEDEX,03/11/2025,IN TRANS,Pune,Mumbai,350.4,13/03/2025,,,Invalid status; Expected Delivery Date is before Ship Date
SHO0854,FEDEX,20/04/2025,IN TRANS,Mumbai,Pune,-56.89,25/04/2025,,,Invalid status; Invalid freight cost
SHO0855,DHL,07/02/2024,IN TRANS,Chennai,Delhi,126.99,04/07/2024,,,Invalid status
SHO0856,DHL,04/06/2024,Delayed,Pune,Bangalore,341.54,13/04/2024,21/04/2024,,Expected Delivery Date is before Ship Date
SHO0857,BLUEDART,02/11/2024,Delayed,Chennai,Mumbai,109.42,,,,Expected Delivery Date is missing or invalid
SHO0859,DHL,29/04/2025,UNKNOWN,Delhi,Bangalore,361.22,,,,Invalid status; Expected Delivery Date is missing or invalid
SHO0860,FEDEX,,In Transit,Delhi,Pune,-69.14,25/02/2025,,,Invalid ship date; Invalid freight cost
,BLUEDART,03/06/2024,Pending,Delhi,Hyderabad,86.94,13/03/2024,,,Missing shipment ID; Expected Delivery Date is before Ship Date
SHO0863,DHL,28/07/2025,In Transit,Bangalore,Mumbai,-31.81,04/08/2025,,,Invalid freight cost
SHO0866,DHL,12/10/2024,In Transit,Mumbai,Bangalore,366.89,,,,Expected Delivery Date is missing or invalid
SHO0868,FEDEX,03/04/2025,In Transit,Chennai,Mumbai,29.55,06/03/2025,,,Expected Delivery Date is before Ship Date
SHO0869,FEDEX,19/06/2024,Pending,Chennai,Hyderabad,282.79,,,,Expected Delivery Date is missing or invalid
SHO0870,DHL,,Accepted,Mumbai,Delhi,58.8,15/01/2026,,,Invalid ship date
SHO0872,BLUEDART,,Delivered,Mumbai,Chennai,161.91,17/03/2024,,,Invalid ship date; Delivered Date is missing or invalid for Delivered status
SHO0876,BLUEDART,,IN TRANS,Hyderabad,Bangalore,195.67,16/10/2025,,,Invalid ship date; Invalid status
SHO0877,DHL,20/08/2025,IN TRANS,Pune,Delhi,6.05,22/08/2025,,,Invalid status
SHO0880,BLUEDART,21/08/2024,Delivered,Pune,Bangalore,37.47,,26/08/2024,,Expected Delivery Date is missing or invalid
,DHL,,Pending,Pune,Chennai,63.82,07/08/2025,,,Missing shipment ID; Invalid ship date
SHO0883,DHL,20/07/2024,Pending,Delhi,Pune,,22/07/2024,,,Invalid freight cost
SHO0885,FEDEX,09/11/2024,In Transit,Delhi,Bangalore,,17/09/2024,,,Expected Delivery Date is before Ship Date; Invalid freight cost
SHO0886,BLUEDART,16/06/2024,Delayed,Mumbai,Chennai,-41.98,21/06/2024,26/06/2024,,Invalid freight cost
SHO0887,BLUEDART,23/02/2026,Pending,Delhi,Mumbai,193.69,03/02/2026,,,Expected Delivery Date is before Ship Date
SHO0888,DHL,29/11/2024,Pending,Chennai,Hyderabad,489.07,12/06/2024,,,Expected Delivery Date is before Ship Date
SHO0890,FEDEX,12/04/2025,Accepted,Bangalore,Hyderabad,79.04,,,,Expected Delivery Date is missing or invalid
SHO0893,BLUEDART,03/04/2026,Delivered,Pune,Mumbai,159.99,07/03/2026,03/07/2026,118,Expected Delivery Date is before Ship Date
SHO0894,BLUEDART,23/05/2024,Delivered,Delhi,Pune,366.55,30/05/2024,,,Delivered Date is missing or invalid for Delivered status
SHO0895,BLUEDART,,Accepted,Delhi,Mumbai,460.96,13/09/2025,09/12/2025,,Invalid ship date
SHO0898,FEDEX,28/10/2025,In Transit,Bangalore,Hyderabad,-37.65,04/11/2025,,,Invalid freight cost
SHO0899,FEDEX,28/04/2026,In Transit,Pune,Bangalore,-69.05,05/01/2026,,,Expected Delivery Date is before Ship Date; Invalid freight cost
SHO0900,DHL,20/06/2026,Delivered,Chennai,Delhi,423.0,23/06/2026,,,Delivered Date is missing or invalid for Delivered status
SHO0903,BLUEDART,,Delayed,Bangalore,Chennai,358.83,05/06/2024,14/05/2024,,Invalid ship date
SHO0904,FEDEX,12/04/2025,Delayed,Chennai,Pune,-75.79,17/04/2025,24/04/2025,,Invalid freight cost
SHO0905,DHL,,Pending,Bangalore,Mumbai,,,,,Invalid ship date; Expected Delivery Date is missing or invalid; Invalid freight cost
SHO0906,DHL,19/02/2026,Delayed,Bangalore,Mumbai,-44.51,22/02/2026,27/02/2026,,Invalid freight cost
SHO0908,FEDEX,21/02/2025,Delayed,Pune,Delhi,232.9,,08/03/2025,,Expected Delivery Date is missing or invalid
SHO0911,FEDEX,,In Transit,Delhi,Bangalore,51.21,,,,Invalid ship date; Expected Delivery Date is missing or invalid
,FEDEX,,In Transit,Hyderabad,Mumbai,303.5,14/03/2025,,,Missing shipment ID; Invalid ship date
SHO0914,FEDEX,,Pending,Chennai,Delhi,-11.66,16/07/2025,,,Invalid ship date; Invalid freight cost
SHO0916,DHL,30/12/2025,IN TRANS,Pune,Bangalore,-6.75,01/03/2026,,,Invalid status; Invalid freight cost
SHO0917,BLUEDART,,Delivered,Hyderabad,Delhi,,,13/05/2026,,Invalid ship date; Expected Delivery Date is missing or invalid; Invalid freight cost
SHO0918,BLUEDART,19/06/2024,In Transit,Hyderabad,Bangalore,12.07,,,,Expected Delivery Date is missing or invalid
SHO0919,BLUEDART,10/12/2024,Delayed,Mumbai,Hyderabad,,17/10/2024,22/10/2024,,Expected Delivery Date is before Ship Date; Invalid freight cost
SHO0922,DHL,,Delivered,Hyderabad,Chennai,79.77,29/05/2024,27/05/2024,0,Invalid ship date
SHO0923,DHL,10/04/2025,Delayed,Chennai,Bangalore,-39.17,17/04/2025,23/04/2025,,Invalid freight cost
SHO0924,FEDEX,19/06/2025,Delayed,Delhi,Hyderabad,-28.63,26/06/2025,06/07/2025,,Invalid freight cost
SHO0926,DHL,28/07/2025,Accepted,Bangalore,Mumbai,405.7,08/02/2025,,,Expected Delivery Date is before Ship Date
,DHL,30/04/2024,Delivered,Chennai,Pune,58.4,,,,Missing shipment ID; Expected Delivery Date is missing or invalid; Delivered Date is missing or invalid for Delivered status
SHO0928,FEDEX,,Accepted,Bangalore,Mumbai,45.3,19/11/2025,20/11/2025,,Invalid ship date
SHO0929,BLUEDART,11/09/2024,IN TRANS,Delhi,Mumbai,178.68,13/09/2024,,,Invalid status
SHO0930,BLUEDART,02/10/2026,In Transit,Delhi,Chennai,372.96,13/02/2026,,,Expected Delivery Date is before Ship Date
SHO0931,DHL,,In Transit,Bangalore,Pune,101.5,21/10/2025,,,Invalid ship date
SHO0932,FEDEX,26/11/2024,Delayed,Hyderabad,Delhi,-15.34,,,,Expected Delivery Date is missing or invalid; Invalid freight cost
SHO0933,DHL,,Delivered,Bangalore,Chennai,154.69,20/06/2026,20/06/2026,0,Invalid ship date
SHO0936,BLUEDART,,Pending,Chennai,Mumbai,435.39,09/10/2025,,,Invalid ship date
SHO0937,DHL,,Delayed,Delhi,Bangalore,475.69,03/01/2025,01/09/2025,,Invalid ship date
SHO0938,DHL,01/07/2026,In Transit,Chennai,Hyderabad,336.19,14/01/2026,,,Expected Delivery Date is before Ship Date
SHO0939,DHL,04/04/2025,Pending,Pune,Bangalore,297.16,,,,Expected Delivery Date is missing or invalid
,FEDEX,13/12/2024,Pending,Bangalore,Pune,356.05,19/12/2024,,,Missing shipment ID
SHO0946,FEDEX,,In Transit,Pune,Delhi,252.91,11/09/2025,,,Invalid ship date
SHO0949,FEDEX,04/10/2026,Accepted,Pune,Chennai,447.61,17/04/2026,,,Expected Delivery Date is before Ship Date
SHO0951,FEDEX,,In Transit,Chennai,Mumbai,97.42,,,,Invalid ship date; Expected Delivery Date is missing or invalid
SHO0953,FEDEX,,Accepted,Bangalore,Chennai,23.41,,,,Invalid ship date; Expected Delivery Date is missing or invalid
SHO0954,BLUEDART,30/07/2024,UNKNOWN,Hyderabad,Chennai,291.44,08/01/2024,,,Invalid status; Expected Delivery Date is before Ship Date
SHO0956,BLUEDART,,Delivered,Delhi,Hyderabad,347.25,22/06/2026,26/06/2026,4,Invalid ship date
SHO0957,DHL,12/02/2024,Delivered,Bangalore,Mumbai,364.93,,16/02/2024,,Expected Delivery Date is missing or invalid
SHO0960,FEDEX,28/03/2025,UNKNOWN,Bangalore,Hyderabad,366.09,04/04/2025,,,Invalid status
SHO0963,DHL,11/01/2026,In Transit,Chennai,Hyderabad,134.82,,,,Expected Delivery Date is missing or invalid
SHO0964,DHL,31/07/2025,Pending,Bangalore,Pune,-37.12,08/07/2025,,,Expected Delivery Date is before Ship Date; Invalid freight cost
SHO0968,BLUEDART,07/01/2025,Pending,Bangalore,Chennai,237.96,,,,Expected Delivery Date is missing or invalid
SHO0969,BLUEDART,,UNKNOWN,Mumbai,Pune,115.86,26/07/2024,,,Invalid ship date; Invalid status
SHO0973,FEDEX,,In Transit,Pune,Bangalore,11.8,10/01/2025,,,Invalid ship date
SHO0977,BLUEDART,22/11/2024,Delayed,Pune,Chennai,-49.83,25/11/2024,30/11/2024,,Invalid freight cost
SHO0981,BLUEDART,,Delayed,Delhi,Bangalore,258.0,18/03/2024,24/03/2024,,Invalid ship date
SHO0982,DHL,21/03/2026,Delivered,Pune,Chennai,55.18,23/03/2026,,,Delivered Date is missing or invalid for Delivered status
SHO0983,FEDEX,06/04/2026,Accepted,Bangalore,Chennai,-44.47,07/06/2026,,,Invalid freight cost
SHO0984,DHL,07/11/2024,Delayed,Bangalore,Pune,412.2,,17/07/2024,,Expected Delivery Date is missing or invalid
SHO0985,DHL,01/11/2025,Delivered,Chennai,Pune,65.97,04/11/2025,11/03/2025,0,Delivered Date is before Ship Date
SHO0986,BLUEDART,,Delivered,Mumbai,Pune,-28.83,,02/10/2026,,Invalid ship date; Expected Delivery Date is missing or invalid; Invalid freight cost
SHO0987,FEDEX,03/11/2024,Delivered,Delhi,Chennai,203.67,,10/11/2024,,Expected Delivery Date is missing or invalid
SHO0989,DHL,07/07/2024,In Transit,Hyderabad,Bangalore,-24.99,12/07/2024,,,Invalid freight cost
SHO0991,BLUEDART,28/08/2024,Pending,Delhi,Hyderabad,467.14,,,,Expected Delivery Date is missing or invalid
SHO0992,DHL,,IN TRANS,Chennai,Hyderabad,117.84,30/06/2025,,,Invalid ship date; Invalid status
SHO0996,DHL,16/08/2024,Delivered,Mumbai,Hyderabad,-78.23,20/08/2024,25/08/2024,5,Invalid freight cost
,DHL,03/05/2024,IN TRANS,Chennai,Bangalore,345.38,05/10/2024,,,Missing shipment ID; Invalid status
SHO0998,FEDEX,30/10/2024,Delayed,Hyderabad,Delhi,-63.28,06/11/2024,13/11/2024,,Invalid freight cost
SHO0999,FEDEX,04/11/2025,IN TRANS,Pune,Mumbai,34.71,17/04/2025,,,Invalid status; Expected Delivery Date is before Ship Date
SHO1000,FEDEX,,Delivered,Hyderabad,Mumbai,137.52,03/05/2026,05/07/2026,63,Invalid ship date
SHO1002,DHL,02/07/2026,Delayed,Mumbai,Delhi,205.62,13/02/2026,,,Expected Delivery Date is before Ship Date
SHO1003,FEDEX,,Delivered,Hyderabad,Delhi,316.44,,,,Invalid ship date; Expected Delivery Date is missing or invalid; Delivered Date is missing or invalid for Delivered status
SHO1004,FEDEX,13/02/2026,Delivered,Delhi,Chennai,,15/02/2026,,,Delivered Date is missing or invalid for Delivered status; Invalid freight cost
SHO1008,DHL,03/08/2025,Accepted,Bangalore,Hyderabad,66.35,,,,Expected Delivery Date is missing or invalid
,FEDEX,09/08/2025,Delivered,Mumbai,Chennai,15.85,13/09/2025,18/09/2025,5,Missing shipment ID
SHO1011,FEDEX,03/03/2025,Delivered,Pune,Mumbai,-67.01,05/03/2025,04/03/2025,0,Invalid freight cost
SHO1012,BLUEDART,27/06/2024,Delayed,Pune,Chennai,-14.7,07/04/2024,,,Expected Delivery Date is before Ship Date; Invalid freight cost
SHO1014,DHL,18/11/2025,IN TRANS,Delhi,Pune,478.65,,,,Invalid status; Expected Delivery Date is missing or invalid
SHO1017,BLUEDART,18/03/2025,Delayed,Mumbai,Delhi,269.25,,27/03/2025,,Expected Delivery Date is missing or invalid
SHO1019,DHL,12/02/2024,Pending,Chennai,Bangalore,-19.79,14/02/2024,,,Invalid freight cost
,DHL,,IN TRANS,Pune,Hyderabad,-9.78,04/02/2024,,,Missing shipment ID; Invalid ship date; Invalid status; Invalid freight cost
SHO1028,FEDEX,,Pending,Hyderabad,Pune,112.22,26/10/2024,,,Invalid ship date
SHO1029,BLUEDART,,IN TRANS,Hyderabad,Chennai,25.95,18/02/2024,,,Invalid ship date; Invalid status
SHO1030,DHL,30/07/2025,Delayed,Hyderabad,Bangalore,,,08/10/2025,,Expected Delivery Date is missing or invalid; Invalid freight cost
SHO1031,BLUEDART,03/07/2024,Delayed,Mumbai,Pune,72.41,14/03/2024,20/03/2024,,Expected Delivery Date is before Ship Date
SHO1032,BLUEDART,11/06/2025,Pending,Hyderabad,Chennai,,10/11/2025,,,Invalid freight cost
SHO1033,FEDEX,12/01/2024,Accepted,Hyderabad,Chennai,-45.2,14/01/2024,,,Invalid freight cost
SHO1036,DHL,10/06/2026,In Transit,Mumbai,Pune,372.77,,,,Expected Delivery Date is missing or invalid
SHO1037,FEDEX,29/06/2026,In Transit,Chennai,Bangalore,,06/07/2026,,,Invalid freight cost
SHO1038,DHL,02/03/2026,Delivered,Bangalore,Hyderabad,-56.83,03/06/2026,,,Delivered Date is missing or invalid for Delivered status; Invalid freight cost
SHO1041,BLUEDART,,Pending,Mumbai,Hyderabad,436.52,28/02/2026,,,Invalid ship date
SHO1042,BLUEDART,11/01/2026,Delivered,Hyderabad,Pune,428.16,18/01/2026,,,Delivered Date is missing or invalid for Delivered status
SHO1045,FEDEX,23/05/2024,Delayed,Delhi,Pune,-8.71,25/05/2024,26/05/2024,,Invalid freight cost
,BLUEDART,04/01/2025,In Transit,Chennai,Mumbai,54.66,,,,Missing shipment ID; Expected Delivery Date is missing or invalid
,BLUEDART,21/06/2024,Delivered,Bangalore,Mumbai,154.32,24/06/2024,27/06/2024,3,Missing shipment ID
SHO1053,FEDEX,06/10/2024,Delayed,Delhi,Chennai,47.1,16/06/2024,25/06/2024,,Expected Delivery Date is before Ship Date
SHO1054,DHL,21/02/2024,IN TRANS,Chennai,Bangalore,-34.03,25/02/2024,,,Invalid status; Invalid freight cost
SHO1056,DHL,16/04/2026,Delivered,Pune,Mumbai,23.66,18/04/2026,,,Delivered Date is missing or invalid for Delivered status
SHO1057,FEDEX,27/05/2025,Pending,Chennai,Pune,439.01,,,,Expected Delivery Date is missing or invalid
SHO1058,FEDEX,10/04/2025,UNKNOWN,Mumbai,Hyderabad,331.92,,21/04/2025,,Invalid status; Expected Delivery Date is missing or invalid
SHO1059,BLUEDART,,Delivered,Mumbai,Bangalore,154.26,14/07/2025,19/07/2025,5,Invalid ship date
SHO1060,DHL,09/05/2024,UNKNOWN,Chennai,Mumbai,-58.88,11/05/2024,14/05/2024,,Invalid status; Invalid freight cost
SHO1061,DHL,05/04/2025,Accepted,Mumbai,Hyderabad,262.45,,,,Expected Delivery Date is missing or invalid
SHO1063,FEDEX,20/03/2024,Pending,Bangalore,Mumbai,90.49,,,,Expected Delivery Date is missing or invalid
SHO1065,BLUEDART,01/11/2025,Delayed,Delhi,Mumbai,384.71,17/01/2025,,,Expected Delivery Date is before Ship Date
SHO1066,DHL,07/11/2025,UNKNOWN,Mumbai,Delhi,175.12,14/11/2025,16/11/2025,,Invalid status
,DHL,17/07/2024,In Transit,Mumbai,Bangalore,383.69,20/07/2024,,,Missing shipment ID
SHO1068,BLUEDART,,Pending,Mumbai,Pune,450.78,15/08/2024,,,Invalid ship date
SHO1069,FEDEX,25/07/2025,Pending,Delhi,Bangalore,435.72,,,,Expected Delivery Date is missing or invalid
SHO1071,DHL,14/05/2026,Delivered,Chennai,Hyderabad,46.99,17/05/2026,,,Delivered Date is missing or invalid for Delivered status
SHO1074,DHL,,UNKNOWN,Pune,Hyderabad,168.55,,,,Invalid ship date; Invalid status; Expected Delivery Date is missing or invalid
SHO1075,BLUEDART,13/11/2025,UNKNOWN,Bangalore,Delhi,,16/11/2025,,,Invalid status; Invalid freight cost
SHO1076,DHL,20/04/2024,IN TRANS,Mumbai,Chennai,264.15,26/04/2024,,,Invalid status
SHO1079,FEDEX,01/10/2026,Delayed,Hyderabad,Delhi,83.84,14/01/2026,,,Expected Delivery Date is before Ship Date
SHO1080,FEDEX,29/04/2025,Delivered,Bangalore,Hyderabad,-60.38,,06/05/2025,,Expected Delivery Date is missing or invalid; Invalid freight cost
SHO1081,FEDEX,,Delayed,Bangalore,Delhi,393.15,12/04/2025,19/04/2025,,Invalid ship date
SHO1085,DHL,10/04/2025,Delivered,Mumbai,Bangalore,-43.58,10/09/2025,14/10/2025,34,Invalid freight cost
SHO1086,DHL,17/09/2024,UNKNOWN,Bangalore,Chennai,,23/09/2024,,,Invalid status; Invalid freight cost
SHO1087,FEDEX,03/02/2025,Delayed,Chennai,Bangalore,211.02,,14/03/2025,,Expected Delivery Date is missing or invalid
SHO1088,FEDEX,,UNKNOWN,Chennai,Delhi,300.54,07/02/2024,,,Invalid ship date; Invalid status
SHO1089,FEDEX,18/11/2025,IN TRANS,Hyderabad,Mumbai,161.03,,,,Invalid status; Expected Delivery Date is missing or invalid
SHO1091,DHL,11/10/2024,Accepted,Mumbai,Bangalore,-31.7,13/10/2024,16/10/2024,,Invalid freight cost
SHO1092,DHL,29/05/2024,UNKNOWN,Pune,Delhi,13.0,05/06/2024,,,Invalid status
SHO1093,FEDEX,03/05/2026,Delivered,Pune,Bangalore,153.43,,03/09/2026,,Expected Delivery Date is missing or invalid
SHO1098,DHL,08/07/2024,Delivered,Delhi,Mumbai,-26.02,11/07/2024,10/07/2024,0,Invalid freight cost
SHO1099,DHL,10/10/2024,IN TRANS,Hyderabad,Pune,408.05,16/10/2024,,,Invalid status
SHO1100,FEDEX,,Delayed,Pune,Chennai,,14/02/2026,16/02/2026,,Invalid ship date; Invalid freight cost
SHO1101,DHL,19/02/2025,Pending,Mumbai,Delhi,-18.0,22/02/2025,,,Invalid freight cost
SHO1102,DHL,26/04/2025,In Transit,Bangalore,Pune,,,,,Expected Delivery Date is missing or invalid; Invalid freight cost
SHO1104,BLUEDART,,Accepted,Delhi,Mumbai,416.56,14/09/2024,,,Invalid ship date
SHO1105,BLUEDART,,Accepted,Hyderabad,Bangalore,291.68,09/07/2024,,,Invalid ship date
SHO1106,DHL,,Pending,Hyderabad,Mumbai,-78.37,28/04/2024,,,Invalid ship date; Invalid freight cost
SHO1108,BLUEDART,15/05/2025,IN TRANS,Hyderabad,Chennai,173.72,19/05/2025,,,Invalid status
SHO1109,FEDEX,24/05/2024,IN TRANS,Pune,Mumbai,82.01,29/05/2024,,,Invalid status
SHO1110,BLUEDART,02/03/2025,IN TRANS,Delhi,Chennai,13.07,,,,Invalid status; Expected Delivery Date is missing or invalid
SHO1112,DHL,,Delivered,Hyderabad,Mumbai,61.69,,22/09/2024,,Invalid ship date; Expected Delivery Date is missing or invalid
SHO1113,DHL,10/07/2024,Delayed,Mumbai,Hyderabad,344.92,,24/07/2024,,Expected Delivery Date is missing or invalid
SHO1116,DHL,11/08/2024,In Transit,Bangalore,Hyderabad,-23.82,15/08/2024,,,Invalid freight cost
SHO1117,DHL,05/04/2024,Delivered,Chennai,Pune,65.18,04/11/2024,,,Delivered Date is missing or invalid for Delivered status
SHO1119,BLUEDART,14/11/2025,IN TRANS,Chennai,Pune,31.68,,,,Invalid status; Expected Delivery Date is missing or invalid
SHO1120,FEDEX,17/05/2024,Delayed,Hyderabad,Bangalore,-11.63,,28/05/2024,,Expected Delivery Date is missing or invalid; Invalid freight cost
SHO1122,BLUEDART,28/08/2025,Pending,Chennai,Bangalore,490.96,09/02/2025,,,Expected Delivery Date is before Ship Date
SHO1124,DHL,24/01/2026,Delivered,Pune,Delhi,229.45,,31/01/2026,,Expected Delivery Date is missing or invalid
SHO1126,DHL,17/05/2025,Accepted,Pune,Chennai,405.98,,,,Expected Delivery Date is missing or invalid
SHO1130,DHL,24/04/2026,Accepted,Hyderabad,Delhi,,,28/04/2026,,Expected Delivery Date is missing or invalid; Invalid freight cost
SHO1131,DHL,13/10/2025,In Transit,Mumbai,Delhi,-28.56,20/10/2025,,,Invalid freight cost
SHO1132,DHL,11/08/2025,Delayed,Delhi,Mumbai,132.4,,,,Expected Delivery Date is missing or invalid
SHO1133,BLUEDART,24/09/2025,In Transit,Chennai,Mumbai,376.18,,,,Expected Delivery Date is missing or invalid
SHO1134,DHL,05/04/2026,Pending,Mumbai,Delhi,-7.93,,,,Expected Delivery Date is missing or invalid; Invalid freight cost
SHO1135,FEDEX,17/07/2024,In Transit,Hyderabad,Bangalore,336.55,,,,Expected Delivery Date is missing or invalid
SHO1136,FEDEX,,Pending,Bangalore,Hyderabad,294.21,25/06/2025,,,Invalid ship date
SHO1138,DHL,18/03/2026,In Transit,Hyderabad,Chennai,,22/03/2026,,,Invalid freight cost
SHO1139,FEDEX,22/03/2026,IN TRANS,Delhi,Chennai,420.59,28/03/2026,,,Invalid status
SHO1140,BLUEDART,30/04/2026,UNKNOWN,Chennai,Hyderabad,112.3,05/03/2026,,,Invalid status; Expected Delivery Date is before Ship Date
SHO1142,DHL,,Pending,Pune,Hyderabad,183.75,03/01/2026,,,Invalid ship date
,FEDEX,,Pending,Mumbai,Pune,417.86,23/04/2025,,,Missing shipment ID; Invalid ship date
SHO1145,DHL,24/04/2024,Pending,Delhi,Chennai,-5.81,30/04/2024,,,Invalid freight cost
SHO1149,FEDEX,02/07/2025,In Transit,Hyderabad,Bangalore,465.59,,,,Expected Delivery Date is missing or invalid
SHO1150,BLUEDART,11/12/2025,Delayed,Pune,Bangalore,-12.42,14/12/2025,21/12/2025,,Invalid freight cost
SHO1151,DHL,02/12/2025,Pending,Mumbai,Hyderabad,-37.85,09/12/2025,,,Invalid freight cost
SHO1152,BLUEDART,08/08/2025,Delayed,Hyderabad,Chennai,201.52,,20/08/2025,,Expected Delivery Date is missing or invalid
SHO1154,DHL,21/09/2025,Delivered,Hyderabad,Mumbai,-8.0,,,,Expected Delivery Date is missing or invalid; Delivered Date is missing or invalid for Delivered status; Invalid freight cost
SHO1156,FEDEX,,Pending,Bangalore,Delhi,292.21,,,,Invalid ship date; Expected Delivery Date is missing or invalid
SHO1159,DHL,06/07/2024,In Transit,Chennai,Mumbai,291.34,12/06/2024,,,Expected Delivery Date is before Ship Date
SHO1160,BLUEDART,17/11/2025,Delivered,Hyderabad,Mumbai,269.39,21/11/2025,,,Delivered Date is missing or invalid for Delivered status
,BLUEDART,12/10/2024,Delivered,Delhi,Bangalore,-10.29,13/12/2024,15/12/2024,2,Missing shipment ID; Invalid freight cost
SHO1164,DHL,02/09/2026,In Transit,Hyderabad,Chennai,-79.43,16/02/2026,,,Expected Delivery Date is before Ship Date; Invalid freight cost
SHO1166,BLUEDART,04/09/2025,In Transit,Delhi,Pune,368.72,16/04/2025,,,Expected Delivery Date is before Ship Date
SHO1168,BLUEDART,,In Transit,Hyderabad,Bangalore,-68.71,22/05/2024,,,Invalid ship date; Invalid freight cost
SHO1172,FEDEX,,IN TRANS,Pune,Bangalore,73.47,01/11/2024,,,Invalid ship date; Invalid status
,FEDEX,24/03/2025,In Transit,Bangalore,Chennai,359.57,27/03/2025,,,Missing shipment ID
SHO1176,DHL,26/01/2026,Delayed,Chennai,Mumbai,205.84,,,,Expected Delivery Date is missing or invalid
SHO1178,DHL,,Delivered,Mumbai,Delhi,114.33,21/01/2024,20/01/2024,0,Invalid ship date
SHO1179,DHL,02/11/2025,Pending,Delhi,Bangalore,357.88,13/02/2025,,,Expected Delivery Date is before Ship Date
SHO1180,DHL,02/08/2024,Accepted,Hyderabad,Delhi,111.91,,,,Expected Delivery Date is missing or invalid
SHO1184,DHL,12/06/2025,Accepted,Hyderabad,Mumbai,33.77,,,,Expected Delivery Date is missing or invalid
SHO1185,FEDEX,23/06/2026,Accepted,Pune,Mumbai,304.87,,07/04/2026,,Expected Delivery Date is missing or invalid
SHO1188,DHL,,Delivered,Delhi,Pune,451.28,12/04/2025,07/12/2025,239,Invalid ship date
,BLUEDART,26/06/2025,Pending,Hyderabad,Mumbai,373.38,30/06/2025,,,Missing shipment ID
,BLUEDART,26/09/2024,In Transit,Mumbai,Bangalore,470.75,02/10/2024,,,Missing shipment ID
SHO1191,FEDEX,02/05/2024,Delivered,Bangalore,Chennai,438.44,05/08/2024,,,Delivered Date is missing or invalid for Delivered status
SHO1192,DHL,03/08/2024,In Transit,Pune,Mumbai,98.4,08/07/2024,,,Expected Delivery Date is before Ship Date
SHO1194,BLUEDART,27/02/2026,Delivered,Pune,Mumbai,-29.46,03/03/2026,03/03/2026,0,Invalid freight cost
SHO1195,DHL,10/05/2024,In Transit,Mumbai,Pune,-4.73,10/11/2024,,,Invalid freight cost
SHO1196,FEDEX,28/11/2024,Accepted,Mumbai,Pune,368.3,12/04/2024,,,Expected Delivery Date is before Ship Date
SHO1197,BLUEDART,08/07/2025,Delivered,Bangalore,Delhi,116.93,14/07/2025,,,Delivered Date is missing or invalid for Delivered status
SHO1198,DHL,06/12/2024,Delayed,Bangalore,Mumbai,-1.05,08/12/2024,09/12/2024,,Invalid freight cost
SHO1199,DHL,03/11/2024,In Transit,Delhi,Mumbai,-76.77,15/03/2024,,,Expected Delivery Date is before Ship Date; Invalid freight cost
SHO1200,FEDEX,,In Transit,Chennai,Bangalore,143.78,29/09/2025,,,Invalid ship date
SHO1202,DHL,04/04/2026,Accepted,Chennai,Hyderabad,20.27,,,,Expected Delivery Date is missing or invalid
SHO1203,BLUEDART,04/04/2024,Delayed,Delhi,Bangalore,,06/04/2024,04/08/2024,,Invalid freight cost
SHO1205,BLUEDART,,Pending,Pune,Mumbai,-27.66,06/01/2024,,,Invalid ship date; Invalid freight cost
SHO1206,BLUEDART,,Pending,Mumbai,Pune,21.82,27/10/2025,,,Invalid ship date
SHO1207,DHL,25/06/2024,Delayed,Delhi,Hyderabad,254.46,,07/11/2024,,Expected Delivery Date is missing or invalid
SHO1208,BLUEDART,20/07/2025,Pending,Delhi,Hyderabad,3.45,,,,Expected Delivery Date is missing or invalid
SHO1209,FEDEX,,Pending,Delhi,Chennai,340.38,,,,Invalid ship date; Expected Delivery Date is missing or invalid
SHO1211,DHL,13/11/2025,Pending,Delhi,Hyderabad,191.74,,,,Expected Delivery Date is missing or invalid
SHO1212,BLUEDART,01/06/2024,Delayed,Hyderabad,Delhi,391.15,06/03/2024,,,Expected Delivery Date is before Ship Date
SHO1213,BLUEDART,10/04/2026,Delivered,Mumbai,Bangalore,433.2,,21/04/2026,,Expected Delivery Date is missing or invalid
SHO1215,BLUEDART,,Delayed,Delhi,Pune,121.19,,23/04/2025,,Invalid ship date; Expected Delivery Date is missing or invalid
SHO1216,FEDEX,,IN TRANS,Bangalore,Pune,35.33,,,,Invalid ship date; Invalid status; Expected Delivery Date is missing or invalid
SHO1219,BLUEDART,17/02/2026,Pending,Delhi,Bangalore,460.79,,,,Expected Delivery Date is missing or invalid
SHO1222,FEDEX,09/05/2026,Delivered,Bangalore,Mumbai,-41.71,,,,Expected Delivery Date is missing or invalid; Delivered Date is missing or invalid for Delivered status; Invalid freight cost
SHO1223,DHL,25/05/2024,IN TRANS,Mumbai,Pune,30.64,29/05/2024,,,Invalid status
SHO1226,DHL,15/08/2024,Delivered,Bangalore,Pune,331.99,,17/08/2024,,Expected Delivery Date is missing or invalid
SHO1227,FEDEX,16/03/2026,IN TRANS,Delhi,Chennai,281.29,20/03/2026,,,Invalid status
SHO1230,DHL,06/08/2026,Delivered,Chennai,Pune,-17.25,12/06/2026,10/06/2026,0,Expected Delivery Date is before Ship Date; Delivered Date is before Ship Date; Invalid freight cost
,DHL,08/05/2026,In Transit,Mumbai,Delhi,435.99,13/05/2026,,,Missing shipment ID
SHO1234,DHL,,In Transit,Delhi,Chennai,-21.9,,,,Invalid ship date; Expected Delivery Date is missing or invalid; Invalid freight cost
SHO1235,FEDEX,,UNKNOWN,Pune,Hyderabad,72.36,02/08/2026,,,Invalid ship date; Invalid status
SHO1236,DHL,13/02/2024,IN TRANS,Delhi,Hyderabad,274.12,19/02/2024,,,Invalid status
SHO1237,FEDEX,,Delayed,Bangalore,Hyderabad,35.22,31/10/2025,11/08/2025,,Invalid ship date
SHO1240,DHL,23/04/2025,UNKNOWN,Pune,Delhi,219.03,29/04/2025,05/02/2025,,Invalid status
SHO1241,DHL,28/08/2024,In Transit,Chennai,Pune,316.92,09/03/2024,,,Expected Delivery Date is before Ship Date
SHO1242,FEDEX,30/05/2025,Delivered,Pune,Bangalore,260.84,06/03/2025,06/01/2025,0,Expected Delivery Date is before Ship Date; Delivered Date is before Ship Date
,FEDEX,25/01/2026,In Transit,Chennai,Bangalore,251.23,30/01/2026,,,Missing shipment ID
SHO1248,BLUEDART,07/05/2024,IN TRANS,Bangalore,Mumbai,291.2,,,,Invalid status; Expected Delivery Date is missing or invalid
SHO1249,FEDEX,04/08/2025,Pending,Pune,Mumbai,101.19,10/04/2025,,,Expected Delivery Date is before Ship Date
SHO1252,DHL,01/01/2025,Delivered,Chennai,Hyderabad,358.18,,01/07/2025,,Expected Delivery Date is missing or invalid
SHO1253,DHL,,Pending,Delhi,Mumbai,-25.25,27/07/2025,,,Invalid ship date; Invalid freight cost
SHO1254,BLUEDART,21/11/2024,Delivered,Pune,Chennai,-61.69,24/11/2024,26/11/2024,2,Invalid freight cost
SHO1255,DHL,17/12/2025,UNKNOWN,Chennai,Hyderabad,264.84,,,,Invalid status; Expected Delivery Date is missing or invalid
SHO1257,BLUEDART,,Delivered,Bangalore,Chennai,450.78,10/01/2025,10/05/2025,120,Invalid ship date
SHO1258,FEDEX,17/11/2024,Delivered,Chennai,Delhi,302.75,19/11/2024,,,Delivered Date is missing or invalid for Delivered status
SHO1259,FEDEX,,Delayed,Bangalore,Pune,-39.18,,03/01/2025,,Invalid ship date; Expected Delivery Date is missing or invalid; Invalid freight cost
SHO1261,DHL,17/08/2025,IN TRANS,Delhi,Bangalore,23.78,21/08/2025,,,Invalid status
SHO1264,DHL,,UNKNOWN,Mumbai,Delhi,-48.57,23/12/2025,,,Invalid ship date; Invalid status; Invalid freight cost
SHO1265,DHL,06/04/2024,IN TRANS,Pune,Delhi,25.01,06/09/2024,,,Invalid status
SHO1266,DHL,14/10/2024,UNKNOWN,Pune,Delhi,490.43,16/10/2024,19/10/2024,,Invalid status
SHO1267,DHL,06/12/2025,In Transit,Mumbai,Bangalore,199.1,17/06/2025,,,Expected Delivery Date is before Ship Date
SHO1268,DHL,,Delivered,Delhi,Chennai,156.96,22/05/2024,22/05/2024,0,Invalid ship date
SHO1269,FEDEX,16/03/2025,In Transit,Delhi,Hyderabad,323.93,,,,Expected Delivery Date is missing or invalid
SHO1270,BLUEDART,05/10/2024,UNKNOWN,Hyderabad,Mumbai,309.61,17/05/2024,21/05/2024,,Invalid status; Expected Delivery Date is before Ship Date
SHO1272,BLUEDART,29/11/2025,Pending,Bangalore,Mumbai,345.4,12/01/2025,,,Expected Delivery Date is before Ship Date
SHO1273,DHL,02/01/2024,In Transit,Mumbai,Hyderabad,,02/07/2024,,,Invalid freight cost
SHO1274,DHL,,Accepted,Chennai,Mumbai,-55.81,,,,Invalid ship date; Expected Delivery Date is missing or invalid; Invalid freight cost
SHO1276,FEDEX,06/01/2025,IN TRANS,Mumbai,Chennai,218.23,03/06/2025,,,Invalid status
SHO1277,DHL,19/04/2026,Pending,Chennai,Hyderabad,,26/04/2026,,,Invalid freight cost
SHO1278,BLUEDART,09/03/2024,Delivered,Bangalore,Delhi,265.54,09/06/2024,,,Delivered Date is missing or invalid for Delivered status
SHO1280,DHL,,Delivered,Pune,Hyderabad,492.17,07/06/2026,11/06/2026,4,Invalid ship date
SHO1282,DHL,24/07/2025,UNKNOWN,Bangalore,Chennai,17.31,,,,Invalid status; Expected Delivery Date is missing or invalid
SHO1283,FEDEX,,Accepted,Mumbai,Pune,214.6,23/02/2024,,,Invalid ship date
SHO1284,DHL,11/01/2026,In Transit,Delhi,Pune,440.69,,,,Expected Delivery Date is missing or invalid
SHO1285,BLUEDART,18/07/2024,In Transit,Bangalore,Hyderabad,,,,,Expected Delivery Date is missing or invalid; Invalid freight cost
SHO1286,FEDEX,,Accepted,Hyderabad,Pune,,17/01/2025,,,Invalid ship date; Invalid freight cost
,BLUEDART,02/10/2024,Delayed,Mumbai,Chennai,-37.18,09/10/2024,16/10/2024,,Missing shipment ID; Invalid freight cost
SHO1290,BLUEDART,,Pending,Bangalore,Chennai,226.9,,,,Invalid ship date; Expected Delivery Date is missing or invalid
SHO1291,FEDEX,10/04/2025,In Transit,Pune,Bangalore,-66.44,,,,Expected Delivery Date is missing or invalid; Invalid freight cost
SHO1295,FEDEX,,Delayed,Delhi,Bangalore,180.58,,05/09/2025,,Invalid ship date; Expected Delivery Date is missing or invalid
SHO1296,DHL,09/03/2026,Pending,Delhi,Chennai,,15/03/2026,,,Invalid freight cost
SHO1301,DHL,23/07/2024,Delayed,Chennai,Hyderabad,-60.96,,,,Expected Delivery Date is missing or invalid; Invalid freight cost
SHO1302,BLUEDART,,Delivered,Chennai,Delhi,109.79,02/08/2025,08/03/2025,0,Invalid ship date
SHO1303,BLUEDART,28/04/2025,Delivered,Delhi,Mumbai,-12.97,,05/04/2025,,Expected Delivery Date is missing or invalid; Delivered Date is before Ship Date; Invalid freight cost
SHO1304,BLUEDART,21/09/2024,In Transit,Pune,Hyderabad,-53.67,,,,Expected Delivery Date is missing or invalid; Invalid freight cost
SHO1307,BLUEDART,21/05/2024,Pending,Delhi,Chennai,-52.49,25/05/2024,,,Invalid freight cost
SHO1308,DHL,12/06/2024,In Transit,Delhi,Chennai,,,,,Expected Delivery Date is missing or invalid; Invalid freight cost
SHO1309,FEDEX,13/11/2025,Pending,Bangalore,Pune,-21.0,16/11/2025,,,Invalid freight cost
SHO1310,DHL,,Pending,Delhi,Mumbai,315.55,,,,Invalid ship date; Expected Delivery Date is missing or invalid
SHO1311,FEDEX,29/11/2025,Delayed,Bangalore,Pune,,12/01/2025,04/12/2025,,Expected Delivery Date is before Ship Date; Invalid freight cost
SHO1312,BLUEDART,23/11/2024,Delayed,Pune,Hyderabad,,,,,Expected Delivery Date is missing or invalid; Invalid freight cost
SHO1313,FEDEX,22/12/2025,In Transit,Pune,Chennai,409.82,,,,Expected Delivery Date is missing or invalid
,BLUEDART,01/10/2024,Accepted,Pune,Hyderabad,86.95,17/01/2024,,,Missing shipment ID; Expected Delivery Date is before Ship Date
SHO1315,FEDEX,18/06/2026,In Transit,Hyderabad,Pune,168.48,,,,Expected Delivery Date is missing or invalid
,DHL,20/06/2026,Pending,Bangalore,Delhi,277.63,23/06/2026,,,Missing shipment ID
SHO1318,BLUEDART,03/05/2025,IN TRANS,Mumbai,Chennai,-54.43,05/10/2025,,,Invalid status; Invalid freight cost
SHO1321,BLUEDART,20/12/2025,Delivered,Hyderabad,Bangalore,6.68,,25/12/2025,,Expected Delivery Date is missing or invalid
SHO1322,DHL,01/06/2024,Delivered,Delhi,Hyderabad,363.3,,16/01/2024,,Expected Delivery Date is missing or invalid; Delivered Date is before Ship Date
SHO1326,DHL,07/01/2024,Delayed,Hyderabad,Bangalore,29.65,,17/01/2024,,Expected Delivery Date is missing or invalid
SHO1329,BLUEDART,28/05/2026,In Transit,Bangalore,Chennai,-41.04,02/06/2026,,,Invalid freight cost
SHO1331,BLUEDART,,Delayed,Hyderabad,Pune,80.91,20/09/2024,,,Invalid ship date
SHO1332,FEDEX,28/12/2025,Accepted,Chennai,Bangalore,326.64,,,,Expected Delivery Date is missing or invalid
SHO1333,BLUEDART,22/05/2026,UNKNOWN,Hyderabad,Delhi,-4.26,27/05/2026,,,Invalid status; Invalid freight cost
SHO1334,DHL,26/06/2026,Delayed,Mumbai,Delhi,156.15,,05/07/2026,,Expected Delivery Date is missing or invalid
SHO1335,BLUEDART,,In Transit,Pune,Bangalore,-3.43,06/07/2025,,,Invalid ship date; Invalid freight cost
SHO1336,DHL,22/01/2025,UNKNOWN,Mumbai,Delhi,272.71,,,,Invalid status; Expected Delivery Date is missing or invalid
SHO1338,BLUEDART,05/11/2026,In Transit,Delhi,Chennai,187.09,13/05/2026,,,Expected Delivery Date is before Ship Date
SHO1341,DHL,,Pending,Bangalore,Delhi,,05/11/2025,,,Invalid ship date; Invalid freight cost
SHO1342,BLUEDART,,Delivered,Bangalore,Chennai,281.21,15/04/2024,,,Invalid ship date; Delivered Date is missing or invalid for Delivered status
SHO1344,FEDEX,,Delivered,Hyderabad,Pune,59.71,04/10/2026,13/04/2026,0,Invalid ship date
SHO1345,BLUEDART,26/05/2025,In Transit,Chennai,Delhi,381.72,,,,Expected Delivery Date is missing or invalid
SHO1347,FEDEX,30/06/2024,In Transit,Hyderabad,Pune,85.62,,,,Expected Delivery Date is missing or invalid
,DHL,17/02/2026,In Transit,Delhi,Hyderabad,265.65,21/02/2026,,,Missing shipment ID
SHO1350,DHL,16/04/2026,Delayed,Hyderabad,Chennai,94.58,,25/04/2026,,Expected Delivery Date is missing or invalid
SHO1353,BLUEDART,,Pending,Bangalore,Pune,158.33,13/12/2025,,,Invalid ship date
SHO1354,DHL,,Delayed,Hyderabad,Chennai,81.62,,07/01/2024,,Invalid ship date; Expected Delivery Date is missing or invalid
,BLUEDART,,Delayed,Chennai,Pune,454.05,12/02/2024,15/02/2024,,Missing shipment ID; Invalid ship date
SHO1356,FEDEX,12/09/2025,Delivered,Hyderabad,Bangalore,-8.42,,,,Expected Delivery Date is missing or invalid; Delivered Date is missing or invalid for Delivered status; Invalid freight cost
SHO1357,FEDEX,14/06/2025,Delivered,Bangalore,Hyderabad,146.64,,19/06/2025,,Expected Delivery Date is missing or invalid
SHO1358,BLUEDART,28/08/2024,UNKNOWN,Delhi,Hyderabad,18.01,,09/12/2024,,Invalid status; Expected Delivery Date is missing or invalid
SHO1359,BLUEDART,18/08/2024,Accepted,Hyderabad,Mumbai,,23/08/2024,25/08/2024,,Invalid freight cost
SHO1361,BLUEDART,,Pending,Hyderabad,Bangalore,286.63,28/11/2025,,,Invalid ship date
SHO1364,DHL,18/02/2025,Delayed,Hyderabad,Mumbai,138.68,,,,Expected Delivery Date is missing or invalid
SHO1365,DHL,28/06/2025,Delayed,Pune,Hyderabad,77.5,,13/07/2025,,Expected Delivery Date is missing or invalid
SHO1366,BLUEDART,14/01/2024,Delivered,Delhi,Hyderabad,-38.39,,19/01/2024,,Expected Delivery Date is missing or invalid; Invalid freight cost
SHO1367,FEDEX,18/01/2026,IN TRANS,Pune,Mumbai,378.64,20/01/2026,,,Invalid status
SHO1372,DHL,,Delivered,Mumbai,Chennai,-63.58,26/11/2025,12/01/2025,0,Invalid ship date; Invalid freight cost
SHO1373,BLUEDART,26/07/2024,Delayed,Bangalore,Delhi,269.52,,09/08/2024,,Expected Delivery Date is missing or invalid
SHO1374,DHL,03/05/2024,Pending,Pune,Delhi,-39.83,05/05/2024,,,Invalid freight cost
SHO1375,DHL,01/02/2024,Delayed,Bangalore,Pune,164.1,08/01/2024,16/01/2024,,Expected Delivery Date is before Ship Date
SHO1376,FEDEX,15/04/2026,UNKNOWN,Pune,Chennai,143.68,,,,Invalid status; Expected Delivery Date is missing or invalid
SHO1380,FEDEX,10/09/2024,IN TRANS,Mumbai,Chennai,483.98,,,,Invalid status; Expected Delivery Date is missing or invalid
SHO1381,BLUEDART,07/09/2024,Delivered,Chennai,Bangalore,,14/09/2024,16/09/2024,2,Invalid freight cost
SHO1383,BLUEDART,04/12/2024,In Transit,Chennai,Delhi,,14/04/2024,,,Expected Delivery Date is before Ship Date; Invalid freight cost
SHO1384,BLUEDART,20/10/2024,UNKNOWN,Delhi,Hyderabad,331.66,25/10/2024,28/10/2024,,Invalid status
SHO1385,FEDEX,31/05/2024,Delivered,Mumbai,Pune,274.34,06/06/2024,,,Delivered Date is missing or invalid for Delivered status
SHO1387,BLUEDART,11/03/2024,IN TRANS,Chennai,Hyderabad,329.37,17/03/2024,,,Invalid status
SHO1388,FEDEX,,Delayed,Pune,Delhi,30.49,,07/11/2024,,Invalid ship date; Expected Delivery Date is missing or invalid
SHO1389,DHL,25/08/2024,Delivered,Pune,Mumbai,,,,,Expected Delivery Date is missing or invalid; Delivered Date is missing or invalid for Delivered status; Invalid freight cost
SHO1391,FEDEX,08/02/2024,IN TRANS,Delhi,Hyderabad,40.55,12/02/2024,,,Invalid status
SHO1392,BLUEDART,,In Transit,Delhi,Chennai,25.08,08/02/2025,,,Invalid ship date
,DHL,26/06/2024,In Transit,Pune,Hyderabad,346.14,07/02/2024,,,Missing shipment ID; Expected Delivery Date is before Ship Date
SHO1396,BLUEDART,10/03/2024,Delivered,Delhi,Chennai,257.29,17/03/2024,,,Delivered Date is missing or invalid for Delivered status
SHO1397,BLUEDART,11/07/2025,Pending,Mumbai,Delhi,188.29,,,,Expected Delivery Date is missing or invalid
SHO1399,DHL,02/11/2024,Delivered,Delhi,Bangalore,474.36,18/02/2024,21/02/2024,3,Expected Delivery Date is before Ship Date; Delivered Date is before Ship Date
SHO1401,BLUEDART,04/06/2026,Delivered,Chennai,Mumbai,276.23,13/04/2026,,,Delivered Date is missing or invalid for Delivered status; Expected Delivery Date is before Ship Date
SHO1402,BLUEDART,,In Transit,Chennai,Delhi,23.36,16/12/2025,,,Invalid ship date
SHO1403,DHL,05/07/2024,Delayed,Chennai,Mumbai,-67.55,09/07/2024,07/12/2024,,Invalid freight cost
SHO1405,BLUEDART,13/01/2024,IN TRANS,Chennai,Delhi,189.48,16/01/2024,,,Invalid status
SHO1406,DHL,23/05/2025,IN TRANS,Bangalore,Mumbai,281.87,26/05/2025,,,Invalid status
SHO1407,DHL,30/04/2025,In Transit,Mumbai,Chennai,380.98,05/03/2025,,,Expected Delivery Date is before Ship Date
SHO1409,BLUEDART,,In Transit,Bangalore,Chennai,172.82,,,,Invalid ship date; Expected Delivery Date is missing or invalid
SHO1411,DHL,,Pending,Pune,Mumbai,413.97,13/08/2025,,,Invalid ship date
SHO1412,DHL,06/07/2025,Delivered,Delhi,Mumbai,,09/06/2025,06/12/2025,180,Expected Delivery Date is before Ship Date; Invalid freight cost
SHO1413,DHL,25/09/2024,UNKNOWN,Chennai,Delhi,231.6,30/09/2024,,,Invalid status
SHO1415,BLUEDART,21/03/2025,Delivered,Pune,Bangalore,-5.01,25/03/2025,25/03/2025,0,Invalid freight cost
SHO1418,BLUEDART,,In Transit,Pune,Hyderabad,164.9,,,,Invalid ship date; Expected Delivery Date is missing or invalid
SHO1419,FEDEX,09/02/2025,In Transit,Hyderabad,Bangalore,426.32,,,,Expected Delivery Date is missing or invalid
SHO1420,DHL,,Delayed,Delhi,Bangalore,456.44,12/12/2025,15/12/2025,,Invalid ship date
SHO1422,BLUEDART,10/12/2024,Delivered,Pune,Bangalore,,17/12/2024,21/12/2024,4,Invalid freight cost
SHO1424,BLUEDART,,In Transit,Pune,Bangalore,,10/05/2025,,,Invalid ship date; Invalid freight cost
SHO1425,BLUEDART,20/06/2024,Delayed,Delhi,Bangalore,288.19,,05/07/2024,,Expected Delivery Date is missing or invalid
SHO1426,BLUEDART,,Pending,Bangalore,Pune,163.02,01/01/2025,,,Invalid ship date
SHO1430,FEDEX,04/01/2024,Pending,Pune,Bangalore,373.47,,,,Expected Delivery Date is missing or invalid
SHO1433,DHL,01/05/2024,Accepted,Delhi,Hyderabad,434.83,05/03/2024,,,Expected Delivery Date is before Ship Date
,BLUEDART,01/07/2025,Accepted,Hyderabad,Mumbai,66.54,,,,Missing shipment ID; Expected Delivery Date is missing or invalid
,DHL,,Delayed,Mumbai,Delhi,-79.63,16/01/2024,,,Missing shipment ID; Invalid ship date; Invalid freight cost
SHO1438,FEDEX,,Delayed,Bangalore,Pune,227.88,03/11/2025,10/11/2025,,Invalid ship date
SHO1441,DHL,,In Transit,Pune,Bangalore,56.83,,,,Invalid ship date; Expected Delivery Date is missing or invalid
SHO1442,FEDEX,16/01/2025,Pending,Bangalore,Delhi,,21/01/2025,,,Invalid freight cost
SHO1443,DHL,,In Transit,Delhi,Mumbai,46.53,19/01/2026,,,Invalid ship date
SHO1445,BLUEDART,28/11/2024,Delayed,Delhi,Bangalore,24.95,,10/12/2024,,Expected Delivery Date is missing or invalid
SHO1446,BLUEDART,,Delayed,Pune,Chennai,114.87,11/03/2024,20/03/2024,,Invalid ship date
SHO1450,FEDEX,19/10/2024,Accepted,Hyderabad,Pune,241.81,,,,Expected Delivery Date is missing or invalid
,FEDEX,23/02/2024,Pending,Delhi,Mumbai,260.77,,,,Missing shipment ID; Expected Delivery Date is missing or invalid
SHO1454,DHL,16/06/2024,Delayed,Bangalore,Delhi,328.48,,07/02/2024,,Expected Delivery Date is missing or invalid
SHO1455,BLUEDART,02/08/2026,Accepted,Delhi,Bangalore,308.6,15/02/2026,,,Expected Delivery Date is before Ship Date
SHO1458,FEDEX,19/03/2026,IN TRANS,Delhi,Pune,380.99,22/03/2026,,,Invalid status
SHO1460,FEDEX,,Accepted,Chennai,Pune,-66.85,,,,Invalid ship date; Expected Delivery Date is missing or invalid; Invalid freight cost
SHO1461,DHL,09/03/2025,Pending,Chennai,Mumbai,40.48,,,,Expected Delivery Date is missing or invalid
SHO1463,FEDEX,23/10/2025,Accepted,Delhi,Hyderabad,102.79,,,,Expected Delivery Date is missing or invalid
SHO1464,BLUEDART,13/02/2024,IN TRANS,Bangalore,Pune,110.09,16/02/2024,,,Invalid status
SHO1468,DHL,07/05/2024,UNKNOWN,Mumbai,Chennai,-63.66,07/08/2024,,,Invalid status; Invalid freight cost
SHO1469,BLUEDART,,IN TRANS,Pune,Chennai,68.73,13/04/2026,,,Invalid ship date; Invalid status
,DHL,06/12/2026,Accepted,Delhi,Bangalore,288.19,,,,Missing shipment ID; Expected Delivery Date is missing or invalid
SHO1472,FEDEX,08/12/2025,In Transit,Hyderabad,Pune,253.58,14/08/2025,,,Expected Delivery Date is before Ship Date
SHO1474,FEDEX,19/05/2024,Accepted,Chennai,Mumbai,204.76,,,,Expected Delivery Date is missing or invalid
SHO1475,FEDEX,26/07/2024,IN TRANS,Delhi,Pune,469.32,08/01/2024,,,Invalid status; Expected Delivery Date is before Ship Date
SHO1477,FEDEX,25/04/2026,UNKNOWN,Hyderabad,Bangalore,426.54,27/04/2026,27/04/2026,,Invalid status
SHO1479,BLUEDART,01/08/2025,In Transit,Delhi,Pune,12.55,08/05/2025,,,Expected Delivery Date is before Ship Date
SHO1480,DHL,,Pending,Hyderabad,Mumbai,-63.67,18/07/2025,,,Invalid ship date; Invalid freight cost
SHO1481,DHL,22/05/2025,Accepted,Delhi,Pune,93.16,,,,Expected Delivery Date is missing or invalid
SHO1482,BLUEDART,02/06/2024,In Transit,Chennai,Pune,97.18,12/02/2024,,,Expected Delivery Date is before Ship Date
,DHL,03/08/2026,Delayed,Pune,Delhi,-61.56,03/12/2026,,,Missing shipment ID; Invalid freight cost
SHO1484,FEDEX,16/11/2024,Delayed,Mumbai,Bangalore,-45.24,21/11/2024,,,Invalid freight cost
SHO1485,DHL,24/06/2024,Delayed,Bangalore,Mumbai,-25.76,27/06/2024,06/07/2024,,Invalid freight cost
SHO1486,FEDEX,31/01/2026,In Transit,Delhi,Mumbai,,02/05/2026,,,Invalid freight cost
SHO1487,DHL,28/05/2024,UNKNOWN,Mumbai,Pune,50.84,01/06/2024,,,Invalid status
,BLUEDART,25/05/2024,Delivered,Delhi,Pune,450.04,01/06/2024,30/05/2024,0,Missing shipment ID
SHO1489,BLUEDART,18/10/2025,Delivered,Hyderabad,Chennai,,20/10/2025,21/10/2025,1,Invalid freight cost
SHO1490,DHL,27/04/2026,Delivered,Delhi,Mumbai,128.27,05/03/2026,06/05/2026,62,Expected Delivery Date is before Ship Date
SHO1491,DHL,07/07/2025,In Transit,Hyderabad,Chennai,496.15,,,,Expected Delivery Date is missing or invalid
SHO1493,BLUEDART,22/04/2024,Accepted,Pune,Bangalore,-61.13,26/04/2024,,,Invalid freight cost
SHO1494,DHL,17/01/2026,Delivered,Mumbai,Bangalore,-5.84,20/01/2026,23/01/2026,3,Invalid freight cost
SHO1495,BLUEDART,,IN TRANS,Chennai,Mumbai,170.38,25/11/2024,,,Invalid ship date; Invalid status
SHO1496,DHL,02/01/2024,In Transit,Delhi,Mumbai,361.59,,,,Expected Delivery Date is missing or invalid
SHO1497,DHL,18/09/2025,Accepted,Chennai,Pune,-78.05,24/09/2025,04/10/2025,,Invalid freight cost
SHO1500,FEDEX,02/11/2024,Delayed,Mumbai,Hyderabad,-66.63,17/02/2024,,,Expected Delivery Date is before Ship Date; Invalid freight cost
SHO1501,DHL,,Delayed,Chennai,Pune,304.05,27/11/2024,03/12/2024,,Invalid ship date
SHO1503,BLUEDART,18/03/2025,UNKNOWN,Delhi,Chennai,6.0,20/03/2025,,,Invalid status
,FEDEX,,Pending,Bangalore,Delhi,51.89,23/05/2024,,,Missing shipment ID; Invalid ship date
SHO1507,DHL,27/04/2024,Delayed,Delhi,Chennai,-44.72,03/05/2024,,,Invalid freight cost
SHO1512,FEDEX,02/07/2025,Pending,Bangalore,Hyderabad,492.38,13/02/2025,,,Expected Delivery Date is before Ship Date
SHO1513,DHL,28/09/2025,Pending,Delhi,Pune,432.65,10/03/2025,,,Expected Delivery Date is before Ship Date
SHO1516,DHL,11/08/2025,Delivered,Delhi,Mumbai,19.8,,18/08/2025,,Expected Delivery Date is missing or invalid
SHO1518,BLUEDART,23/08/2025,UNKNOWN,Chennai,Delhi,163.47,25/08/2025,29/08/2025,,Invalid status
SHO1521,BLUEDART,01/04/2024,Delivered,Pune,Hyderabad,80.09,04/03/2024,04/04/2024,31,Expected Delivery Date is before Ship Date
SHO1522,BLUEDART,10/03/2026,Delivered,Mumbai,Pune,-19.12,17/03/2026,,,Delivered Date is missing or invalid for Delivered status; Invalid freight cost
SHO1523,FEDEX,21/04/2026,Pending,Bangalore,Mumbai,110.62,,,,Expected Delivery Date is missing or invalid
SHO1524,DHL,25/07/2025,Pending,Mumbai,Hyderabad,312.08,,,,Expected Delivery Date is missing or invalid
SHO1526,FEDEX,17/05/2025,Delivered,Delhi,Chennai,,20/05/2025,25/05/2025,5,Invalid freight cost
SHO1527,BLUEDART,10/01/2025,Delivered,Pune,Bangalore,124.1,16/01/2025,,,Delivered Date is missing or invalid for Delivered status
,DHL,02/04/2025,Pending,Hyderabad,Pune,-57.93,,,,Missing shipment ID; Expected Delivery Date is missing or invalid; Invalid freight cost
SHO1530,FEDEX,05/08/2026,In Transit,Pune,Hyderabad,438.9,,,,Expected Delivery Date is missing or invalid
,BLUEDART,03/11/2026,Delayed,Chennai,Delhi,83.6,14/03/2026,16/03/2026,,Missing shipment ID; Expected Delivery Date is before Ship Date
SHO1537,DHL,07/03/2024,Pending,Pune,Mumbai,-20.99,12/03/2024,,,Invalid freight cost
SHO1538,BLUEDART,11/11/2025,Delivered,Hyderabad,Chennai,-44.5,13/11/2025,18/11/2025,5,Invalid freight cost
SHO1542,FEDEX,20/02/2025,Delivered,Chennai,Pune,322.57,,28/02/2025,,Expected Delivery Date is missing or invalid
SHO1544,DHL,29/11/2025,Delivered,Delhi,Hyderabad,347.96,,12/09/2025,,Expected Delivery Date is missing or invalid; Delivered Date is before Ship Date
SHO1548,BLUEDART,21/08/2025,Accepted,Pune,Delhi,,24/08/2025,,,Invalid freight cost
SHO1549,FEDEX,10/02/2024,Pending,Hyderabad,Chennai,,,,,Expected Delivery Date is missing or invalid; Invalid freight cost
SHO1550,DHL,01/04/2025,Delivered,Mumbai,Hyderabad,-57.18,05/04/2025,04/03/2025,0,Delivered Date is before Ship Date; Invalid freight cost
SHO1551,DHL,06/12/2024,Pending,Pune,Chennai,81.61,17/06/2024,,,Expected Delivery Date is before Ship Date
SHO1552,FEDEX,06/09/2024,In Transit,Delhi,Pune,277.15,15/06/2024,,,Expected Delivery Date is before Ship Date
SHO1554,BLUEDART,08/02/2025,Delivered,Mumbai,Chennai,112.05,02/11/2025,,,Delivered Date is missing or invalid for Delivered status
,DHL,01/06/2025,Accepted,Mumbai,Pune,,06/05/2025,,,Missing shipment ID; Expected Delivery Date is before Ship Date; Invalid freight cost
SHO1559,DHL,17/08/2025,Pending,Hyderabad,Chennai,391.63,,,,Expected Delivery Date is missing or invalid
SHO1560,DHL,29/08/2025,In Transit,Mumbai,Hyderabad,-3.29,04/09/2025,,,Invalid freight cost
SHO1561,FEDEX,14/06/2024,Pending,Delhi,Pune,-46.63,18/06/2024,,,Invalid freight cost
SHO1564,DHL,,In Transit,Mumbai,Delhi,7.66,05/05/2025,,,Invalid ship date
SHO1565,FEDEX,,Pending,Hyderabad,Pune,263.99,01/12/2024,,,Invalid ship date
SHO1568,BLUEDART,26/12/2025,Accepted,Chennai,Hyderabad,67.54,,,,Expected Delivery Date is missing or invalid
SHO1569,BLUEDART,02/12/2024,In Transit,Mumbai,Chennai,205.77,17/02/2024,,,Expected Delivery Date is before Ship Date
SHO1570,DHL,,Delayed,Delhi,Bangalore,117.37,06/03/2024,15/03/2024,,Invalid ship date
SHO1571,BLUEDART,24/06/2024,Delivered,Hyderabad,Bangalore,105.97,,04/07/2024,,Expected Delivery Date is missing or invalid
SHO1572,FEDEX,24/01/2026,UNKNOWN,Hyderabad,Mumbai,-33.51,30/01/2026,,,Invalid status; Invalid freight cost
SHO1574,DHL,30/03/2024,IN TRANS,Hyderabad,Mumbai,250.44,02/04/2024,,,Invalid status
,DHL,01/01/2024,IN TRANS,Mumbai,Chennai,452.77,01/05/2024,,,Missing shipment ID; Invalid status
SHO1578,DHL,,Delayed,Mumbai,Chennai,146.73,,22/06/2026,,Invalid ship date; Expected Delivery Date is missing or invalid
SHO1580,FEDEX,02/01/2026,Delayed,Hyderabad,Delhi,145.67,,11/01/2026,,Expected Delivery Date is missing or invalid
SHO1581,DHL,20/03/2026,IN TRANS,Mumbai,Hyderabad,270.55,23/03/2026,,,Invalid status
SHO1590,BLUEDART,11/02/2024,Delivered,Delhi,Mumbai,,17/02/2024,21/02/2024,4,Invalid freight cost
SHO1592,DHL,07/06/2024,Delivered,Chennai,Hyderabad,26.38,,16/07/2024,,Expected Delivery Date is missing or invalid
SHO1594,BLUEDART,13/02/2025,Delayed,Chennai,Mumbai,350.3,,,,Expected Delivery Date is missing or invalid
SHO1595,BLUEDART,07/12/2025,Accepted,Mumbai,Pune,152.85,19/07/2025,,,Expected Delivery Date is before Ship Date
SHO1596,BLUEDART,,Delivered,Pune,Chennai,256.53,18/07/2024,17/07/2024,0,Invalid ship date
,DHL,04/02/2024,Pending,Hyderabad,Chennai,347.77,04/04/2024,,,Missing shipment ID
SHO1598,BLUEDART,,UNKNOWN,Bangalore,Chennai,473.13,05/07/2025,04/07/2025,,Invalid ship date; Invalid status
SHO1600,FEDEX,08/06/2025,Delivered,Hyderabad,Bangalore,369.95,,16/06/2025,,Expected Delivery Date is missing or invalid
SHO1601,FEDEX,,Delivered,Chennai,Pune,138.6,06/02/2025,,,Invalid ship date; Delivered Date is missing or invalid for Delivered status
SHO1602,DHL,,UNKNOWN,Mumbai,Delhi,256.93,29/06/2026,29/06/2026,,Invalid ship date; Invalid status
,FEDEX,18/06/2024,Pending,Hyderabad,Bangalore,468.6,,,,Missing shipment ID; Expected Delivery Date is missing or invalid
SHO1605,DHL,06/12/2025,Pending,Mumbai,Hyderabad,302.67,16/06/2025,,,Expected Delivery Date is before Ship Date
SHO1607,DHL,12/04/2025,Delayed,Chennai,Pune,288.65,,22/04/2025,,Expected Delivery Date is missing or invalid
SHO1608,FEDEX,,Delayed,Chennai,Mumbai,,,19/01/2024,,Invalid ship date; Expected Delivery Date is missing or invalid; Invalid freight cost
SHO1609,DHL,07/01/2025,In Transit,Hyderabad,Chennai,-74.81,13/01/2025,,,Invalid freight cost
SHO1610,FEDEX,11/02/2026,IN TRANS,Pune,Delhi,60.52,,,,Invalid status; Expected Delivery Date is missing or invalid
SHO1611,BLUEDART,,In Transit,Chennai,Mumbai,371.75,23/03/2026,,,Invalid ship date
SHO1615,BLUEDART,07/12/2024,In Transit,Mumbai,Hyderabad,138.63,,,,Expected Delivery Date is missing or invalid
SHO1616,FEDEX,,In Transit,Chennai,Mumbai,242.47,06/09/2026,,,Invalid ship date
SHO1618,DHL,31/01/2024,Delayed,Mumbai,Pune,440.15,,,,Expected Delivery Date is missing or invalid
SHO1620,BLUEDART,,Pending,Mumbai,Hyderabad,275.48,08/02/2024,,,Invalid ship date
SHO1621,DHL,27/12/2025,Delivered,Delhi,Bangalore,7.77,,02/01/2026,,Expected Delivery Date is missing or invalid
SHO1622,FEDEX,14/02/2025,Accepted,Chennai,Bangalore,450.92,,01/03/2025,,Expected Delivery Date is missing or invalid
SHO1623,DHL,22/02/2025,In Transit,Mumbai,Bangalore,-21.71,28/02/2025,,,Invalid freight cost
SHO1624,FEDEX,10/09/2024,Delivered,Pune,Mumbai,464.84,,17/09/2024,,Expected Delivery Date is missing or invalid
SHO1627,BLUEDART,22/05/2026,UNKNOWN,Hyderabad,Mumbai,79.54,27/05/2026,,,Invalid status
SHO1629,FEDEX,12/12/2025,In Transit,Pune,Chennai,,15/12/2025,,,Invalid freight cost
SHO1630,BLUEDART,02/01/2024,In Transit,Delhi,Bangalore,120.86,,,,Expected Delivery Date is missing or invalid
SHO1631,FEDEX,11/09/2024,UNKNOWN,Bangalore,Delhi,306.52,,,,Invalid status; Expected Delivery Date is missing or invalid
,DHL,22/11/2024,IN TRANS,Bangalore,Delhi,-12.01,26/11/2024,,,Missing shipment ID; Invalid status; Invalid freight cost
SHO1634,DHL,30/06/2025,Pending,Bangalore,Mumbai,-72.78,05/07/2025,,,Invalid freight cost
SHO1636,FEDEX,01/06/2025,Delivered,Mumbai,Pune,479.67,,12/06/2025,,Expected Delivery Date is missing or invalid
SHO1637,BLUEDART,,In Transit,Bangalore,Delhi,-34.26,08/06/2026,,,Invalid ship date; Invalid freight cost
SHO1638,FEDEX,,Delayed,Hyderabad,Chennai,301.72,09/05/2024,15/09/2024,,Invalid ship date
SHO1639,BLUEDART,,Pending,Mumbai,Pune,472.14,06/05/2025,,,Invalid ship date
SHO1640,DHL,22/03/2024,Pending,Bangalore,Hyderabad,355.41,,,,Expected Delivery Date is missing or invalid
SHO1641,FEDEX,15/05/2024,Accepted,Mumbai,Chennai,,,,,Expected Delivery Date is missing or invalid; Invalid freight cost
SHO1642,DHL,11/04/2024,Accepted,Bangalore,Chennai,-4.75,09/11/2024,18/11/2024,,Invalid freight cost
SHO1643,FEDEX,20/03/2025,Accepted,Mumbai,Hyderabad,-75.15,,,,Expected Delivery Date is missing or invalid; Invalid freight cost
SHO1645,FEDEX,24/02/2026,Pending,Hyderabad,Delhi,359.05,,,,Expected Delivery Date is missing or invalid
SHO1646,DHL,16/03/2025,Delayed,Chennai,Bangalore,-2.83,21/03/2025,,,Invalid freight cost
SHO1651,BLUEDART,03/09/2025,Pending,Bangalore,Pune,389.2,13/03/2025,,,Expected Delivery Date is before Ship Date
SHO1652,DHL,,Pending,Chennai,Delhi,248.96,11/12/2024,,,Invalid ship date
SHO1653,FEDEX,,Delivered,Chennai,Pune,186.94,28/11/2024,,,Invalid ship date; Delivered Date is missing or invalid for Delivered status
SHO1654,DHL,,Delayed,Mumbai,Delhi,,02/04/2025,02/10/2025,,Invalid ship date; Invalid freight cost
SHO1655,DHL,02/02/2026,Delivered,Hyderabad,Delhi,,07/02/2026,06/02/2026,0,Invalid freight cost
SHO1656,FEDEX,,Accepted,Hyderabad,Delhi,394.08,20/07/2024,,,Invalid ship date
SHO1658,DHL,,Pending,Delhi,Hyderabad,452.7,31/03/2025,,,Invalid ship date
,DHL,10/02/2025,Delivered,Hyderabad,Chennai,371.87,10/05/2025,10/10/2025,153,Missing shipment ID
SHO1663,FEDEX,17/01/2026,UNKNOWN,Mumbai,Delhi,-63.6,22/01/2026,,,Invalid status; Invalid freight cost
SHO1664,BLUEDART,,IN TRANS,Delhi,Hyderabad,-30.81,10/09/2025,,,Invalid ship date; Invalid status; Invalid freight cost
SHO1667,DHL,,Delivered,Chennai,Hyderabad,366.64,31/08/2025,09/05/2025,0,Invalid ship date
SHO1670,DHL,03/12/2024,Pending,Bangalore,Pune,87.22,,,,Expected Delivery Date is missing or invalid
SHO1672,BLUEDART,03/06/2024,Accepted,Bangalore,Mumbai,217.77,12/03/2024,,,Expected Delivery Date is before Ship Date
SHO1673,BLUEDART,,In Transit,Chennai,Delhi,222.85,15/03/2024,,,Invalid ship date
SHO1674,BLUEDART,03/07/2025,Accepted,Chennai,Bangalore,481.75,,,,Expected Delivery Date is missing or invalid
SHO1676,FEDEX,,Delayed,Mumbai,Hyderabad,162.84,01/12/2024,,,Invalid ship date
SHO1677,FEDEX,26/12/2024,Delayed,Delhi,Chennai,494.89,,03/01/2025,,Expected Delivery Date is missing or invalid
SHO1683,BLUEDART,14/01/2024,IN TRANS,Delhi,Bangalore,104.31,16/01/2024,,,Invalid status
,DHL,,Delivered,Chennai,Delhi,290.71,28/05/2025,30/05/2025,2,Missing shipment ID; Invalid ship date
,BLUEDART,03/10/2024,Delayed,Chennai,Delhi,297.39,05/10/2024,10/09/2024,,Missing shipment ID
SHO1686,DHL,02/11/2024,In Transit,Delhi,Hyderabad,-24.11,,,,Expected Delivery Date is missing or invalid; Invalid freight cost
SHO1687,BLUEDART,06/09/2025,In Transit,Delhi,Pune,347.93,,,,Expected Delivery Date is missing or invalid
,BLUEDART,14/12/2025,Pending,Chennai,Mumbai,387.47,18/12/2025,,,Missing shipment ID
,BLUEDART,20/01/2025,Delivered,Delhi,Bangalore,281.17,24/01/2025,24/01/2025,0,Missing shipment ID
SHO1691,FEDEX,30/07/2025,IN TRANS,Delhi,Mumbai,160.31,05/08/2025,,,Invalid status
SHO1692,DHL,29/05/2025,Pending,Mumbai,Bangalore,-64.35,01/06/2025,,,Invalid freight cost
SHO1694,BLUEDART,,Accepted,Chennai,Pune,235.89,24/04/2026,,,Invalid ship date
SHO1695,BLUEDART,,IN TRANS,Pune,Bangalore,134.36,,,,Invalid ship date; Invalid status; Expected Delivery Date is missing or invalid
SHO1698,DHL,08/01/2024,In Transit,Pune,Chennai,145.05,,,,Expected Delivery Date is missing or invalid
,BLUEDART,,UNKNOWN,Chennai,Hyderabad,445.07,23/08/2024,,,Missing shipment ID; Invalid ship date; Invalid status
SHO1700,FEDEX,,Pending,Delhi,Chennai,159.98,13/06/2025,,,Invalid ship date
,DHL,,IN TRANS,Pune,Mumbai,434.9,,,,Missing shipment ID; Invalid ship date; Invalid status; Expected Delivery Date is missing or invalid
SHO1704,FEDEX,26/04/2024,In Transit,Chennai,Mumbai,284.12,05/01/2024,,,Expected Delivery Date is before Ship Date
,DHL,16/10/2025,IN TRANS,Hyderabad,Delhi,386.49,23/10/2025,,,Missing shipment ID; Invalid status
SHO1706,DHL,01/11/2024,Accepted,Mumbai,Chennai,-67.44,06/11/2024,,,Invalid freight cost
SHO1707,BLUEDART,,Delivered,Mumbai,Delhi,451.86,14/04/2025,14/04/2025,0,Invalid ship date
,FEDEX,,Pending,Bangalore,Chennai,84.39,01/02/2025,,,Missing shipment ID; Invalid ship date
SHO1714,FEDEX,29/04/2024,Pending,Bangalore,Hyderabad,436.6,05/04/2024,,,Expected Delivery Date is before Ship Date
SHO1715,DHL,03/09/2024,IN TRANS,Delhi,Chennai,20.86,05/09/2024,,,Invalid status
SHO1716,DHL,03/09/2025,Pending,Bangalore,Mumbai,48.01,14/03/2025,,,Expected Delivery Date is before Ship Date
SHO1717,FEDEX,03/05/2024,IN TRANS,Delhi,Chennai,90.38,09/05/2024,,,Invalid status
SHO1718,FEDEX,13/04/2026,Delayed,Hyderabad,Chennai,-16.17,18/04/2026,22/04/2026,,Invalid freight cost
,BLUEDART,30/12/2024,Pending,Bangalore,Delhi,359.6,01/06/2025,,,Missing shipment ID
SHO1720,DHL,03/01/2024,Delayed,Chennai,Delhi,350.91,,,,Expected Delivery Date is missing or invalid
SHO1723,DHL,14/06/2026,Delivered,Pune,Delhi,-75.32,16/06/2026,19/06/2026,3,Invalid freight cost
SHO1725,DHL,30/03/2026,Delayed,Bangalore,Pune,201.81,,07/04/2026,,Expected Delivery Date is missing or invalid
SHO1727,DHL,13/01/2024,In Transit,Bangalore,Hyderabad,-60.72,16/01/2024,,,Invalid freight cost
SHO1728,BLUEDART,30/04/2026,Accepted,Pune,Mumbai,17.56,,09/05/2026,,Expected Delivery Date is missing or invalid
SHO1729,BLUEDART,07/04/2024,Accepted,Hyderabad,Pune,,,,,Expected Delivery Date is missing or invalid; Invalid freight cost
SHO1730,BLUEDART,,Delayed,Hyderabad,Delhi,-52.63,16/11/2025,19/11/2025,,Invalid ship date; Invalid freight cost
SHO1731,BLUEDART,,Pending,Delhi,Hyderabad,-21.4,19/08/2024,,,Invalid ship date; Invalid freight cost
SHO1735,FEDEX,30/07/2025,Accepted,Delhi,Mumbai,-41.53,04/08/2025,,,Invalid freight cost
SHO1736,DHL,03/12/2026,In Transit,Delhi,Chennai,47.12,,,,Expected Delivery Date is missing or invalid
SHO1737,FEDEX,13/11/2025,In Transit,Bangalore,Delhi,116.08,,,,Expected Delivery Date is missing or invalid
SHO1738,FEDEX,06/06/2024,IN TRANS,Bangalore,Hyderabad,37.48,13/06/2024,,,Invalid status
,BLUEDART,20/07/2024,Delivered,Bangalore,Mumbai,282.67,23/07/2024,,,Missing shipment ID; Delivered Date is missing or invalid for Delivered status
SHO1740,DHL,,IN TRANS,Mumbai,Bangalore,247.99,05/06/2024,,,Invalid ship date; Invalid status
SHO1741,DHL,,Delayed,Bangalore,Chennai,148.32,,,,Invalid ship date; Expected Delivery Date is missing or invalid
SHO1742,DHL,10/07/2024,Pending,Pune,Hyderabad,275.86,,,,Expected Delivery Date is missing or invalid
SHO1744,FEDEX,18/12/2024,Delivered,Bangalore,Delhi,,21/12/2024,,,Delivered Date is missing or invalid for Delivered status; Invalid freight cost
SHO1745,BLUEDART,16/05/2026,Delivered,Delhi,Bangalore,-33.64,,22/05/2026,,Expected Delivery Date is missing or invalid; Invalid freight cost
SHO1746,BLUEDART,29/11/2025,Pending,Pune,Chennai,50.03,12/03/2025,,,Expected Delivery Date is before Ship Date
SHO1748,FEDEX,03/12/2025,IN TRANS,Bangalore,Hyderabad,229.42,05/12/2025,,,Invalid status
SHO1749,FEDEX,09/08/2024,Delayed,Mumbai,Bangalore,-37.13,,22/08/2024,,Expected Delivery Date is missing or invalid; Invalid freight cost
SHO1750,DHL,09/02/2024,Delayed,Delhi,Hyderabad,,14/02/2024,21/02/2024,,Invalid freight cost
SHO1752,BLUEDART,07/10/2025,In Transit,Pune,Delhi,-45.92,14/07/2025,,,Expected Delivery Date is before Ship Date; Invalid freight cost
SHO1753,DHL,17/05/2026,Accepted,Chennai,Delhi,-70.59,20/05/2026,,,Invalid freight cost
SHO1755,FEDEX,17/05/2025,UNKNOWN,Chennai,Delhi,90.85,22/05/2025,,,Invalid status
SHO1756,DHL,05/05/2024,Accepted,Bangalore,Mumbai,255.01,,09/05/2024,,Expected Delivery Date is missing or invalid
SHO1758,BLUEDART,,Delayed,Delhi,Pune,287.14,07/01/2024,,,Invalid ship date
SHO1759,FEDEX,16/10/2024,Pending,Mumbai,Bangalore,250.72,,,,Expected Delivery Date is missing or invalid
SHO1761,FEDEX,22/09/2024,In Transit,Delhi,Pune,426.9,,,,Expected Delivery Date is missing or invalid
SHO1762,FEDEX,31/05/2026,Delayed,Chennai,Mumbai,71.19,,16/06/2026,,Expected Delivery Date is missing or invalid
SHO1763,DHL,03/07/2025,Delayed,Mumbai,Hyderabad,-75.53,07/08/2025,,,Invalid freight cost
,DHL,06/07/2024,IN TRANS,Hyderabad,Bangalore,-72.36,11/06/2024,,,Missing shipment ID; Invalid status; Expected Delivery Date is before Ship Date; Invalid freight cost
SHO1765,FEDEX,13/01/2026,UNKNOWN,Pune,Hyderabad,241.46,18/01/2026,17/01/2026,,Invalid status
SHO1767,BLUEDART,03/09/2024,Delayed,Mumbai,Bangalore,-5.98,09/09/2024,10/09/2024,,Invalid freight cost
SHO1768,FEDEX,18/02/2026,Delayed,Hyderabad,Bangalore,,22/02/2026,27/02/2026,,Invalid freight cost
SHO1769,BLUEDART,16/09/2025,UNKNOWN,Bangalore,Chennai,-66.91,19/09/2025,,,Invalid status; Invalid freight cost
SHO1770,BLUEDART,,In Transit,Pune,Delhi,397.87,,,,Invalid ship date; Expected Delivery Date is missing or invalid
SHO1772,FEDEX,03/08/2025,Delivered,Chennai,Mumbai,-51.67,08/07/2025,08/10/2025,92,Expected Delivery Date is before Ship Date; Invalid freight cost
SHO1773,DHL,13/02/2026,IN TRANS,Hyderabad,Chennai,135.33,15/02/2026,,,Invalid status
SHO1776,BLUEDART,07/10/2024,Delayed,Pune,Hyderabad,183.53,,15/10/2024,,Expected Delivery Date is missing or invalid
,FEDEX,25/10/2024,In Transit,Bangalore,Chennai,,28/10/2024,,,Missing shipment ID; Invalid freight cost
,DHL,02/05/2025,Delayed,Chennai,Mumbai,444.8,12/02/2025,22/02/2025,,Missing shipment ID; Expected Delivery Date is before Ship Date
,DHL,,Delivered,Mumbai,Chennai,22.56,10/07/2025,13/07/2025,3,Missing shipment ID; Invalid ship date
,DHL,02/08/2026,Delayed,Hyderabad,Mumbai,483.28,,14/02/2026,,Missing shipment ID; Expected Delivery Date is missing or invalid
,DHL,19/02/2024,Delayed,Bangalore,Chennai,254.34,26/02/2024,03/01/2024,,Missing shipment ID
SHO1783,BLUEDART,16/03/2025,Delayed,Chennai,Delhi,138.53,,,,Expected Delivery Date is missing or invalid
SHO1785,FEDEX,21/04/2025,UNKNOWN,Bangalore,Mumbai,230.0,23/04/2025,25/04/2025,,Invalid status
SHO1787,DHL,,Pending,Hyderabad,Pune,12.87,,,,Invalid ship date; Expected Delivery Date is missing or invalid
SHO1788,DHL,,Delayed,Hyderabad,Pune,146.66,29/11/2025,08/12/2025,,Invalid ship date
SHO1791,BLUEDART,20/12/2025,Delivered,Hyderabad,Delhi,-37.57,23/12/2025,25/12/2025,2,Invalid freight cost
SHO1792,BLUEDART,,Pending,Bangalore,Delhi,302.28,18/04/2024,,,Invalid ship date
SHO1793,DHL,03/08/2026,IN TRANS,Pune,Hyderabad,307.03,10/03/2026,,,Invalid status; Expected Delivery Date is before Ship Date
SHO1796,BLUEDART,01/06/2024,In Transit,Hyderabad,Mumbai,255.58,12/01/2024,,,Expected Delivery Date is before Ship Date
SHO1797,DHL,,Pending,Mumbai,Chennai,24.01,01/01/2026,,,Invalid ship date
SHO1802,DHL,19/05/2026,Accepted,Bangalore,Hyderabad,374.62,,,,Expected Delivery Date is missing or invalid
SHO1804,BLUEDART,24/01/2024,Delivered,Chennai,Mumbai,215.52,,,,Expected Delivery Date is missing or invalid; Delivered Date is missing or invalid for Delivered status
SHO1807,BLUEDART,07/07/2025,Delayed,Bangalore,Pune,45.71,,,,Expected Delivery Date is missing or invalid
SHO1808,FEDEX,05/06/2025,In Transit,Mumbai,Chennai,-36.01,08/06/2025,,,Invalid freight cost
,FEDEX,20/07/2024,Delayed,Chennai,Pune,282.19,22/07/2024,24/07/2024,,Missing shipment ID
SHO1810,BLUEDART,28/06/2026,Pending,Pune,Delhi,378.38,07/05/2026,,,Expected Delivery Date is before Ship Date
SHO1811,DHL,06/12/2025,In Transit,Pune,Mumbai,166.09,18/06/2025,,,Expected Delivery Date is before Ship Date
SHO1812,BLUEDART,,In Transit,Hyderabad,Delhi,-41.91,14/06/2024,,,Invalid ship date; Invalid freight cost
SHO1814,BLUEDART,12/06/2024,UNKNOWN,Hyderabad,Mumbai,152.1,15/06/2024,,,Invalid status
SHO1815,FEDEX,15/07/2025,Pending,Mumbai,Chennai,270.76,,,,Expected Delivery Date is missing or invalid
SHO1816,FEDEX,27/07/2025,Delivered,Mumbai,Bangalore,295.46,,03/08/2025,,Expected Delivery Date is missing or invalid
SHO1819,FEDEX,09/03/2026,Pending,Hyderabad,Pune,-44.34,14/03/2026,,,Invalid freight cost
SHO1821,FEDEX,01/08/2025,Delivered,Pune,Chennai,273.75,01/12/2025,16/01/2025,0,Delivered Date is before Ship Date
SHO1822,FEDEX,21/09/2025,Delivered,Pune,Hyderabad,132.65,,26/09/2025,,Expected Delivery Date is missing or invalid
SHO1823,DHL,,IN TRANS,Chennai,Pune,61.45,23/02/2026,,,Invalid ship date; Invalid status
SHO1824,FEDEX,,Delayed,Mumbai,Bangalore,,,02/05/2024,,Invalid ship date; Expected Delivery Date is missing or invalid; Invalid freight cost
SHO1825,DHL,27/07/2025,Pending,Mumbai,Delhi,336.31,08/03/2025,,,Expected Delivery Date is before Ship Date
SHO1827,BLUEDART,10/10/2025,In Transit,Chennai,Mumbai,414.78,,,,Expected Delivery Date is missing or invalid
SHO1829,DHL,22/01/2024,Accepted,Pune,Delhi,,24/01/2024,,,Invalid freight cost
SHO1830,FEDEX,,Delayed,Hyderabad,Delhi,152.37,29/05/2025,,,Invalid ship date
SHO1831,FEDEX,,Delayed,Chennai,Hyderabad,-28.14,13/04/2026,14/04/2026,,Invalid ship date; Invalid freight cost
SHO1832,DHL,,Delayed,Delhi,Bangalore,225.5,18/02/2024,24/02/2024,,Invalid ship date
SHO1833,DHL,24/12/2025,In Transit,Pune,Mumbai,,29/12/2025,,,Invalid freight cost
SHO1835,DHL,,In Transit,Pune,Hyderabad,314.91,,,,Invalid ship date; Expected Delivery Date is missing or invalid
SHO1839,DHL,07/07/2024,In Transit,Chennai,Hyderabad,170.71,,,,Expected Delivery Date is missing or invalid
,FEDEX,20/03/2025,In Transit,Mumbai,Hyderabad,485.23,,,,Missing shipment ID; Expected Delivery Date is missing or invalid
SHO1842,DHL,05/07/2024,Delivered,Pune,Mumbai,175.67,05/12/2024,15/05/2024,0,Delivered Date is before Ship Date
SHO1843,FEDEX,01/07/2025,Pending,Delhi,Pune,,08/07/2025,,,Invalid freight cost
SHO1844,DHL,31/08/2025,Delivered,Delhi,Mumbai,290.39,09/06/2025,11/09/2025,94,Expected Delivery Date is before Ship Date
SHO1845,DHL,,Delayed,Pune,Hyderabad,117.14,20/01/2026,,,Invalid ship date
SHO1846,BLUEDART,06/01/2024,UNKNOWN,Chennai,Delhi,13.99,04/06/2024,,,Invalid status
SHO1847,DHL,,IN TRANS,Pune,Delhi,375.59,,,,Invalid ship date; Invalid status; Expected Delivery Date is missing or invalid
SHO1848,BLUEDART,,Delivered,Bangalore,Delhi,389.2,31/01/2024,30/01/2024,0,Invalid ship date
SHO1849,FEDEX,,Pending,Pune,Chennai,377.61,13/07/2025,,,Invalid ship date
SHO1850,BLUEDART,,Accepted,Chennai,Mumbai,218.19,04/01/2025,,,Invalid ship date
SHO1852,FEDEX,15/09/2025,IN TRANS,Pune,Bangalore,61.35,22/09/2025,,,Invalid status
SHO1853,BLUEDART,,UNKNOWN,Bangalore,Delhi,-61.63,08/06/2026,,,Invalid ship date; Invalid status; Invalid freight cost
SHO1856,BLUEDART,11/03/2024,In Transit,Bangalore,Pune,-66.57,06/11/2024,,,Invalid freight cost
SHO1859,DHL,,In Transit,Chennai,Delhi,226.55,,,,Invalid ship date; Expected Delivery Date is missing or invalid
SHO1860,BLUEDART,21/08/2025,In Transit,Bangalore,Pune,108.02,,,,Expected Delivery Date is missing or invalid
SHO1862,FEDEX,03/09/2025,Delivered,Mumbai,Delhi,338.71,16/03/2025,16/03/2025,0,Expected Delivery Date is before Ship Date; Delivered Date is before Ship Date
SHO1863,FEDEX,15/01/2024,UNKNOWN,Mumbai,Hyderabad,280.43,17/01/2024,,,Invalid status
SHO1864,BLUEDART,22/03/2025,Delivered,Delhi,Pune,206.56,24/03/2025,,,Delivered Date is missing or invalid for Delivered status
,BLUEDART,27/03/2025,In Transit,Bangalore,Mumbai,312.49,29/03/2025,,,Missing shipment ID
SHO1866,BLUEDART,04/11/2025,UNKNOWN,Delhi,Pune,297.12,06/11/2025,,,Invalid status
SHO1867,BLUEDART,09/09/2024,IN TRANS,Hyderabad,Pune,-3.14,13/09/2024,,,Invalid status; Invalid freight cost
SHO1868,BLUEDART,,Delayed,Delhi,Mumbai,222.38,24/07/2024,28/07/2024,,Invalid ship date
SHO1869,DHL,10/05/2025,Pending,Bangalore,Chennai,-11.15,,,,Expected Delivery Date is missing or invalid; Invalid freight cost
SHO1872,BLUEDART,14/05/2025,Delayed,Chennai,Mumbai,176.4,,24/05/2025,,Expected Delivery Date is missing or invalid
SHO1874,BLUEDART,13/02/2025,Pending,Delhi,Bangalore,361.51,,,,Expected Delivery Date is missing or invalid
SHO1875,BLUEDART,31/10/2024,Delivered,Mumbai,Delhi,-40.09,11/07/2024,,,Delivered Date is missing or invalid for Delivered status; Expected Delivery Date is before Ship Date; Invalid freight cost
SHO1877,DHL,,Pending,Hyderabad,Pune,349.33,07/03/2026,,,Invalid ship date
SHO1878,DHL,01/08/2025,Delivered,Hyderabad,Bangalore,307.19,,08/08/2025,,Expected Delivery Date is missing or invalid
SHO1879,DHL,,UNKNOWN,Pune,Hyderabad,-4.95,,,,Invalid ship date; Invalid status; Expected Delivery Date is missing or invalid; Invalid freight cost
SHO1881,BLUEDART,01/05/2025,IN TRANS,Delhi,Mumbai,462.15,01/10/2025,,,Invalid status
SHO1882,FEDEX,,Pending,Pune,Delhi,345.93,,,,Invalid ship date; Expected Delivery Date is missing or invalid
SHO1884,BLUEDART,,Delayed,Mumbai,Delhi,16.21,,,,Invalid ship date; Expected Delivery Date is missing or invalid
SHO1885,FEDEX,10/03/2025,In Transit,Hyderabad,Chennai,341.96,,,,Expected Delivery Date is missing or invalid
SHO1886,DHL,29/10/2024,Pending,Delhi,Hyderabad,,11/04/2024,,,Expected Delivery Date is before Ship Date; Invalid freight cost
SHO1887,FEDEX,01/08/2025,UNKNOWN,Mumbai,Bangalore,264.03,06/08/2025,,,Invalid status
SHO1888,BLUEDART,15/02/2025,Delivered,Chennai,Hyderabad,51.67,17/02/2025,,,Delivered Date is missing or invalid for Delivered status
SHO1889,FEDEX,03/12/2024,Pending,Pune,Chennai,49.37,,,,Expected Delivery Date is missing or invalid
SHO1890,DHL,14/10/2024,Pending,Chennai,Hyderabad,-8.04,17/10/2024,,,Invalid freight cost
SHO1891,FEDEX,22/06/2025,Pending,Delhi,Chennai,342.88,,,,Expected Delivery Date is missing or invalid
SHO1892,FEDEX,19/04/2024,Pending,Hyderabad,Delhi,-7.94,23/04/2024,,,Invalid freight cost
SHO1893,DHL,,Pending,Pune,Chennai,42.53,26/03/2024,,,Invalid ship date
,DHL,25/10/2025,Accepted,Chennai,Bangalore,434.49,27/10/2025,,,Missing shipment ID
SHO1898,FEDEX,,In Transit,Delhi,Bangalore,212.04,03/10/2026,,,Invalid ship date
SHO1899,DHL,21/05/2026,IN TRANS,Hyderabad,Chennai,499.53,,,,Invalid status; Expected Delivery Date is missing or invalid
SHO1900,DHL,,Pending,Chennai,Hyderabad,430.74,,,,Invalid ship date; Expected Delivery Date is missing or invalid
SHO1901,DHL,24/12/2025,In Transit,Bangalore,Hyderabad,155.37,,,,Expected Delivery Date is missing or invalid
SHO1903,BLUEDART,14/03/2025,Delivered,Pune,Bangalore,303.73,,,,Expected Delivery Date is missing or invalid; Delivered Date is missing or invalid for Delivered status
SHO1906,FEDEX,21/06/2025,Delivered,Pune,Bangalore,406.9,,22/06/2025,,Expected Delivery Date is missing or invalid
SHO1907,BLUEDART,01/10/2024,Delayed,Delhi,Mumbai,91.99,,,,Expected Delivery Date is missing or invalid
SHO1908,FEDEX,,Delivered,Mumbai,Chennai,,,26/12/2024,,Invalid ship date; Expected Delivery Date is missing or invalid; Invalid freight cost
SHO1909,FEDEX,21/05/2025,Accepted,Pune,Mumbai,31.6,,,,Expected Delivery Date is missing or invalid
SHO1911,FEDEX,30/08/2025,Delayed,Hyderabad,Bangalore,-59.57,09/02/2025,,,Expected Delivery Date is before Ship Date; Invalid freight cost
SHO1912,FEDEX,04/07/2025,In Transit,Hyderabad,Delhi,,08/07/2025,,,Invalid freight cost
,BLUEDART,23/08/2024,In Transit,Chennai,Bangalore,69.27,28/08/2024,,,Missing shipment ID
SHO1915,FEDEX,28/06/2024,IN TRANS,Delhi,Mumbai,64.47,07/04/2024,,,Invalid status; Expected Delivery Date is before Ship Date
SHO1917,FEDEX,08/02/2024,In Transit,Delhi,Mumbai,,,,,Expected Delivery Date is missing or invalid; Invalid freight cost
SHO1920,FEDEX,28/03/2024,Accepted,Chennai,Pune,71.3,,,,Expected Delivery Date is missing or invalid
,FEDEX,02/05/2025,Pending,Pune,Mumbai,400.98,,,,Missing shipment ID; Expected Delivery Date is missing or invalid
SHO1922,DHL,,IN TRANS,Mumbai,Chennai,71.24,16/11/2025,,,Invalid ship date; Invalid status
SHO1923,BLUEDART,,IN TRANS,Chennai,Delhi,108.04,22/01/2024,,,Invalid ship date; Invalid status
SHO1924,DHL,,Delivered,Hyderabad,Mumbai,,07/03/2024,07/08/2024,153,Invalid ship date; Invalid freight cost
SHO1925,DHL,07/05/2025,In Transit,Bangalore,Hyderabad,425.35,,,,Expected Delivery Date is missing or invalid
SHO1926,DHL,08/09/2025,In Transit,Chennai,Delhi,360.07,14/08/2025,,,Expected Delivery Date is before Ship Date
SHO1930,DHL,,In Transit,Delhi,Chennai,-28.51,03/12/2025,,,Invalid ship date; Invalid freight cost
SHO1932,BLUEDART,,Delivered,Mumbai,Chennai,207.56,02/10/2024,,,Invalid ship date; Delivered Date is missing or invalid for Delivered status
,FEDEX,17/03/2026,UNKNOWN,Bangalore,Mumbai,429.34,19/03/2026,,,Missing shipment ID; Invalid status
SHO1936,BLUEDART,09/01/2025,In Transit,Delhi,Chennai,118.33,,,,Expected Delivery Date is missing or invalid
,FEDEX,19/03/2024,IN TRANS,Mumbai,Chennai,343.5,24/03/2024,,,Missing shipment ID; Invalid status
SHO1941,BLUEDART,,Delivered,Delhi,Pune,278.92,27/06/2025,,,Invalid ship date; Delivered Date is missing or invalid for Delivered status
SHO1942,DHL,05/08/2026,Pending,Delhi,Mumbai,314.64,14/05/2026,,,Expected Delivery Date is before Ship Date
SHO1944,FEDEX,03/01/2024,In Transit,Delhi,Hyderabad,109.84,,,,Expected Delivery Date is missing or invalid
SHO1945,FEDEX,,In Transit,Bangalore,Hyderabad,495.43,,,,Invalid ship date; Expected Delivery Date is missing or invalid
SHO1946,DHL,27/07/2024,In Transit,Hyderabad,Pune,-35.71,03/08/2024,,,Invalid freight cost
SHO1947,BLUEDART,03/08/2024,Pending,Pune,Mumbai,462.69,,,,Expected Delivery Date is missing or invalid
,BLUEDART,07/04/2025,In Transit,Hyderabad,Delhi,466.63,06/07/2025,,,Missing shipment ID
SHO1951,FEDEX,02/01/2026,Accepted,Chennai,Mumbai,60.45,,,,Expected Delivery Date is missing or invalid
SHO1952,DHL,,In Transit,Delhi,Chennai,,04/04/2024,,,Invalid ship date; Invalid freight cost
SHO1953,FEDEX,,Pending,Delhi,Pune,229.04,12/04/2025,,,Invalid ship date
SHO1954,FEDEX,,Delivered,Delhi,Chennai,406.86,25/02/2025,26/02/2025,1,Invalid ship date
,FEDEX,03/08/2026,In Transit,Chennai,Bangalore,473.67,10/03/2026,,,Missing shipment ID; Expected Delivery Date is before Ship Date
SHO1959,BLUEDART,11/08/2025,Delivered,Hyderabad,Delhi,,15/11/2025,18/11/2025,3,Invalid freight cost
SHO1961,DHL,,UNKNOWN,Bangalore,Pune,497.59,12/12/2024,,,Invalid ship date; Invalid status
SHO1962,DHL,04/03/2025,Delivered,Delhi,Pune,,03/08/2025,13/03/2025,0,Invalid freight cost
SHO1963,BLUEDART,01/06/2025,In Transit,Chennai,Bangalore,172.68,,,,Expected Delivery Date is missing or invalid
SHO1964,BLUEDART,,Pending,Chennai,Mumbai,457.51,07/02/2025,,,Invalid ship date
SHO1965,FEDEX,02/03/2025,Accepted,Bangalore,Pune,-5.77,05/03/2025,,,Invalid freight cost
SHO1967,BLUEDART,23/10/2024,Accepted,Hyderabad,Bangalore,-37.42,30/10/2024,,,Invalid freight cost
,DHL,22/06/2026,Delayed,Chennai,Delhi,475.24,,05/07/2026,,Missing shipment ID; Expected Delivery Date is missing or invalid
SHO1969,BLUEDART,16/02/2026,Pending,Delhi,Bangalore,154.33,,,,Expected Delivery Date is missing or invalid
SHO1970,FEDEX,10/11/2025,Delayed,Bangalore,Chennai,426.13,,22/11/2025,,Expected Delivery Date is missing or invalid
SHO1971,FEDEX,,UNKNOWN,Chennai,Bangalore,230.4,21/12/2024,,,Invalid ship date; Invalid status
SHO1974,BLUEDART,,Pending,Mumbai,Hyderabad,107.47,,,,Invalid ship date; Expected Delivery Date is missing or invalid
SHO1977,FEDEX,20/06/2025,IN TRANS,Hyderabad,Delhi,,27/06/2025,,,Invalid status; Invalid freight cost
SHO1980,FEDEX,,In Transit,Pune,Bangalore,201.04,07/04/2026,,,Invalid ship date
SHO1981,BLUEDART,,Delayed,Delhi,Bangalore,-17.89,17/08/2025,20/08/2025,,Invalid ship date; Invalid freight cost
,DHL,,Accepted,Mumbai,Delhi,135.05,15/08/2024,,,Missing shipment ID; Invalid ship date
SHO1987,BLUEDART,15/08/2024,UNKNOWN,Hyderabad,Mumbai,170.51,20/08/2024,25/08/2024,,Invalid status
SHO1988,DHL,11/12/2025,In Transit,Mumbai,Chennai,,13/12/2025,,,Invalid freight cost
SHO1991,BLUEDART,07/08/2024,UNKNOWN,Delhi,Chennai,305.81,10/08/2024,,,Invalid status
SHO1992,FEDEX,04/11/2024,Accepted,Mumbai,Bangalore,202.92,,,,Expected Delivery Date is missing or invalid
SHO1993,BLUEDART,24/02/2025,Delayed,Pune,Delhi,58.23,,08/03/2025,,Expected Delivery Date is missing or invalid
SHO1994,DHL,16/11/2025,Pending,Delhi,Chennai,,23/11/2025,,,Invalid freight cost
SHO1996,DHL,,Delayed,Pune,Chennai,465.27,,21/02/2026,,Invalid ship date; Expected Delivery Date is missing or invalid
SHO1997,DHL,,Delivered,Mumbai,Hyderabad,382.91,28/04/2024,29/04/2024,1,Invalid ship date
SHO1999,FEDEX,18/09/2025,Delayed,Pune,Delhi,-36.84,21/09/2025,22/09/2025,,Invalid freight cost
,DHL,30/12/2025,Delivered,Delhi,Chennai,341.76,,,,Missing shipment ID; Expected Delivery Date is missing or invalid; Delivered Date is missing or invalid for Delivered status
SHO2002,BLUEDART,,Pending,Mumbai,Hyderabad,389.67,20/01/2026,,,Invalid ship date
SHO2003,DHL,,Delivered,Bangalore,Hyderabad,385.32,,23/07/2024,,Invalid ship date; Expected Delivery Date is missing or invalid
SHO2005,FEDEX,13/10/2024,IN TRANS,Bangalore,Delhi,456.23,15/10/2024,,,Invalid status
SHO2007,FEDEX,08/03/2026,IN TRANS,Pune,Bangalore,419.93,03/10/2026,,,Invalid status
,DHL,01/11/2024,In Transit,Bangalore,Chennai,303.61,16/01/2024,,,Missing shipment ID; Expected Delivery Date is before Ship Date
,FEDEX,06/12/2025,Accepted,Bangalore,Mumbai,-41.91,11/12/2025,,,Missing shipment ID; Invalid freight cost
SHO2011,FEDEX,03/02/2025,Accepted,Pune,Bangalore,253.1,,,,Expected Delivery Date is missing or invalid
SHO2012,FEDEX,19/09/2025,Delayed,Pune,Bangalore,152.74,,27/09/2025,,Expected Delivery Date is missing or invalid
SHO2013,FEDEX,22/08/2024,IN TRANS,Bangalore,Pune,-4.2,,,,Invalid status; Expected Delivery Date is missing or invalid; Invalid freight cost
SHO2014,BLUEDART,02/10/2025,Pending,Pune,Delhi,2.48,15/02/2025,,,Expected Delivery Date is before Ship Date
SHO2015,FEDEX,03/10/2026,Accepted,Bangalore,Hyderabad,,13/03/2026,,,Expected Delivery Date is before Ship Date; Invalid freight cost
SHO2017,FEDEX,02/09/2024,Delivered,Delhi,Chennai,,04/09/2024,09/09/2024,5,Invalid freight cost
,DHL,07/04/2026,Delivered,Delhi,Pune,-28.71,13/04/2026,14/04/2026,1,Missing shipment ID; Invalid freight cost
SHO2019,DHL,04/09/2025,Delayed,Delhi,Bangalore,205.81,,16/04/2025,,Expected Delivery Date is missing or invalid
SHO2020,DHL,05/01/2024,In Transit,Delhi,Chennai,-25.93,01/10/2024,,,Invalid freight cost
SHO2022,BLUEDART,29/03/2026,Delivered,Bangalore,Chennai,183.93,,,,Expected Delivery Date is missing or invalid; Delivered Date is missing or invalid for Delivered status
SHO2025,BLUEDART,27/02/2025,Accepted,Delhi,Chennai,-11.93,03/01/2025,,,Expected Delivery Date is before Ship Date; Invalid freight cost
SHO2027,BLUEDART,06/03/2025,IN TRANS,Pune,Bangalore,474.85,08/06/2025,,,Invalid status
SHO2028,BLUEDART,03/10/2024,In Transit,Bangalore,Mumbai,221.25,,,,Expected Delivery Date is missing or invalid
SHO2031,DHL,16/06/2024,In Transit,Delhi,Hyderabad,,19/06/2024,,,Invalid freight cost
SHO2032,BLUEDART,02/08/2025,IN TRANS,Pune,Chennai,330.48,08/09/2025,,,Invalid status
SHO2033,DHL,,Delayed,Chennai,Delhi,213.39,05/04/2024,13/04/2024,,Invalid ship date
SHO2034,BLUEDART,08/09/2024,Delayed,Mumbai,Delhi,,14/09/2024,23/09/2024,,Invalid freight cost
SHO2036,BLUEDART,22/08/2024,Delivered,Hyderabad,Pune,262.25,25/08/2024,,,Delivered Date is missing or invalid for Delivered status
SHO2037,FEDEX,29/08/2025,Delivered,Mumbai,Hyderabad,254.48,09/01/2025,09/06/2025,151,Expected Delivery Date is before Ship Date; Delivered Date is before Ship Date
SHO2038,DHL,01/05/2025,Delivered,Delhi,Bangalore,157.04,,01/10/2025,,Expected Delivery Date is missing or invalid
SHO2039,BLUEDART,05/01/2024,UNKNOWN,Pune,Chennai,108.03,01/12/2024,13/01/2024,,Invalid status
SHO2041,FEDEX,,Accepted,Mumbai,Chennai,190.55,21/05/2024,,,Invalid ship date
SHO2042,DHL,26/02/2024,UNKNOWN,Hyderabad,Chennai,230.04,,,,Invalid status; Expected Delivery Date is missing or invalid
SHO2043,FEDEX,,Pending,Hyderabad,Delhi,45.38,,,,Invalid ship date; Expected Delivery Date is missing or invalid
SHO2045,FEDEX,16/11/2025,Delayed,Chennai,Mumbai,-63.93,,25/11/2025,,Expected Delivery Date is missing or invalid; Invalid freight cost
SHO2046,BLUEDART,04/05/2025,Accepted,Hyderabad,Bangalore,-77.82,,,,Expected Delivery Date is missing or invalid; Invalid freight cost
SHO2047,BLUEDART,26/11/2024,Delivered,Bangalore,Delhi,-7.56,,12/02/2024,,Expected Delivery Date is missing or invalid; Delivered Date is before Ship Date; Invalid freight cost
SHO2048,FEDEX,21/03/2026,IN TRANS,Delhi,Pune,450.55,25/03/2026,,,Invalid status
SHO2049,BLUEDART,,IN TRANS,Hyderabad,Pune,298.82,07/06/2024,,,Invalid ship date; Invalid status
SHO2050,FEDEX,12/10/2025,IN TRANS,Delhi,Hyderabad,34.58,16/10/2025,,,Invalid status
SHO2052,BLUEDART,27/10/2024,Pending,Delhi,Hyderabad,257.09,,,,Expected Delivery Date is missing or invalid
SHO2053,DHL,05/10/2024,IN TRANS,Mumbai,Chennai,429.81,,,,Invalid status; Expected Delivery Date is missing or invalid
SHO2054,DHL,,Delayed,Mumbai,Bangalore,265.35,26/08/2024,31/08/2024,,Invalid ship date
SHO2058,DHL,21/04/2025,UNKNOWN,Bangalore,Delhi,372.04,26/04/2025,,,Invalid status
SHO2060,DHL,29/06/2024,Delivered,Bangalore,Delhi,64.18,04/07/2024,,,Delivered Date is missing or invalid for Delivered status
SHO2061,BLUEDART,20/07/2024,IN TRANS,Hyderabad,Bangalore,474.46,27/07/2024,,,Invalid status
,BLUEDART,09/06/2025,Pending,Delhi,Hyderabad,243.6,06/12/2025,,,Missing shipment ID
SHO2064,FEDEX,05/07/2025,In Transit,Pune,Bangalore,,10/07/2025,,,Invalid freight cost
SHO2067,FEDEX,31/03/2026,Accepted,Hyderabad,Bangalore,-59.36,05/04/2026,,,Invalid freight cost
SHO2068,FEDEX,16/01/2026,Delivered,Bangalore,Hyderabad,99.84,,19/01/2026,,Expected Delivery Date is missing or invalid
SHO2073,DHL,21/06/2025,Pending,Mumbai,Bangalore,243.22,,,,Expected Delivery Date is missing or invalid
SHO2074,BLUEDART,04/06/2025,Pending,Pune,Chennai,,11/06/2025,,,Invalid freight cost
SHO2076,DHL,24/04/2024,Delivered,Bangalore,Chennai,307.88,,03/05/2024,,Expected Delivery Date is missing or invalid
SHO2077,DHL,20/02/2024,Delivered,Chennai,Hyderabad,152.2,,28/02/2024,,Expected Delivery Date is missing or invalid
SHO2078,FEDEX,,In Transit,Delhi,Bangalore,139.77,02/12/2024,,,Invalid ship date
SHO2080,DHL,17/01/2024,Delivered,Chennai,Hyderabad,,21/01/2024,24/01/2024,3,Invalid freight cost
SHO2083,FEDEX,30/08/2024,Pending,Mumbai,Chennai,215.8,09/02/2024,,,Expected Delivery Date is before Ship Date
SHO2084,BLUEDART,31/01/2024,UNKNOWN,Pune,Hyderabad,-33.91,03/02/2024,,,Invalid status; Invalid freight cost
SHO2086,FEDEX,07/03/2026,In Transit,Hyderabad,Chennai,,09/03/2026,,,Invalid freight cost
SHO2087,FEDEX,07/07/2024,In Transit,Mumbai,Pune,-34.29,07/11/2024,,,Invalid freight cost
SHO2088,BLUEDART,,In Transit,Pune,Mumbai,153.48,14/03/2024,,,Invalid ship date
SHO2089,FEDEX,02/04/2024,Pending,Mumbai,Bangalore,242.99,07/02/2024,,,Expected Delivery Date is before Ship Date
SHO2091,FEDEX,19/08/2024,Delayed,Delhi,Pune,405.81,,30/08/2024,,Expected Delivery Date is missing or invalid
SHO2093,BLUEDART,11/04/2025,UNKNOWN,Delhi,Chennai,267.56,11/08/2025,13/11/2025,,Invalid status
SHO2095,BLUEDART,15/11/2024,Accepted,Pune,Mumbai,-57.64,19/11/2024,,,Invalid freight cost
SHO2096,BLUEDART,23/06/2025,In Transit,Chennai,Mumbai,-39.86,26/06/2025,,,Invalid freight cost
SHO2097,DHL,11/08/2025,Pending,Mumbai,Delhi,267.79,,,,Expected Delivery Date is missing or invalid
SHO2098,BLUEDART,04/05/2025,Delayed,Chennai,Bangalore,270.48,08/04/2025,,,Expected Delivery Date is before Ship Date
SHO2099,FEDEX,05/03/2026,In Transit,Pune,Hyderabad,-70.19,05/06/2026,,,Invalid freight cost
SHO2100,FEDEX,12/02/2025,Accepted,Hyderabad,Pune,-59.0,12/04/2025,,,Invalid freight cost
SHO2101,FEDEX,03/03/2024,IN TRANS,Delhi,Pune,175.67,03/09/2024,,,Invalid status
SHO2105,FEDEX,25/08/2024,In Transit,Delhi,Hyderabad,306.04,,,,Expected Delivery Date is missing or invalid
SHO2107,BLUEDART,,Delivered,Mumbai,Delhi,143.83,08/09/2024,14/08/2024,0,Invalid ship date
,FEDEX,24/09/2024,Delivered,Bangalore,Pune,,27/09/2024,29/09/2024,2,Missing shipment ID; Invalid freight cost
SHO2110,FEDEX,05/04/2025,Accepted,Chennai,Pune,,05/08/2025,,,Invalid freight cost
SHO2112,BLUEDART,01/04/2025,Pending,Bangalore,Delhi,-77.16,,,,Expected Delivery Date is missing or invalid; Invalid freight cost
SHO2113,FEDEX,,In Transit,Mumbai,Bangalore,,09/06/2024,,,Invalid ship date; Invalid freight cost
SHO2115,BLUEDART,,Delayed,Chennai,Pune,416.14,,25/05/2024,,Invalid ship date; Expected Delivery Date is missing or invalid
SHO2117,FEDEX,05/10/2025,In Transit,Bangalore,Hyderabad,416.53,,,,Expected Delivery Date is missing or invalid
SHO2118,DHL,06/08/2024,Delivered,Pune,Chennai,-32.67,13/08/2024,17/08/2024,4,Invalid freight cost
,FEDEX,12/07/2025,Delivered,Delhi,Pune,173.09,10/12/2025,14/12/2025,4,Missing shipment ID
SHO2120,DHL,03/11/2026,Pending,Hyderabad,Delhi,306.53,,,,Expected Delivery Date is missing or invalid
SHO2122,BLUEDART,21/09/2024,IN TRANS,Mumbai,Delhi,316.6,,,,Invalid status; Expected Delivery Date is missing or invalid
SHO2124,BLUEDART,,Delivered,Delhi,Bangalore,373.41,24/11/2025,28/11/2025,4,Invalid ship date
SHO2125,DHL,02/03/2025,UNKNOWN,Bangalore,Delhi,191.42,05/02/2025,,,Invalid status; Expected Delivery Date is before Ship Date
SHO2126,FEDEX,,Delayed,Pune,Bangalore,21.62,30/03/2026,04/05/2026,,Invalid ship date
SHO2128,FEDEX,02/04/2025,Pending,Bangalore,Hyderabad,-73.13,02/11/2025,,,Invalid freight cost
SHO2129,FEDEX,17/01/2026,UNKNOWN,Chennai,Delhi,13.01,20/01/2026,,,Invalid status
,BLUEDART,01/03/2026,In Transit,Mumbai,Hyderabad,489.32,07/01/2026,,,Missing shipment ID; Expected Delivery Date is before Ship Date
SHO2132,FEDEX,26/04/2025,IN TRANS,Hyderabad,Bangalore,401.17,,,,Invalid status; Expected Delivery Date is missing or invalid
SHO2133,DHL,,Delivered,Hyderabad,Bangalore,109.8,,21/01/2026,,Invalid ship date; Expected Delivery Date is missing or invalid
,FEDEX,,In Transit,Bangalore,Hyderabad,428.73,,,,Missing shipment ID; Invalid ship date; Expected Delivery Date is missing or invalid
SHO2135,BLUEDART,,Delayed,Bangalore,Chennai,329.13,27/08/2024,,,Invalid ship date
SHO2136,BLUEDART,,Accepted,Hyderabad,Bangalore,271.56,02/05/2024,,,Invalid ship date
SHO2138,FEDEX,03/12/2025,Pending,Pune,Hyderabad,86.69,,,,Expected Delivery Date is missing or invalid
SHO2144,DHL,01/04/2026,Pending,Delhi,Mumbai,436.72,,,,Expected Delivery Date is missing or invalid
SHO2145,FEDEX,15/09/2025,In Transit,Hyderabad,Delhi,,,,,Expected Delivery Date is missing or invalid; Invalid freight cost
,FEDEX,29/03/2025,In Transit,Chennai,Mumbai,178.05,04/04/2025,,,Missing shipment ID
SHO2147,FEDEX,,Delayed,Delhi,Chennai,176.45,01/03/2025,,,Invalid ship date
,FEDEX,18/06/2026,In Transit,Pune,Hyderabad,302.39,21/06/2026,,,Missing shipment ID
SHO2149,BLUEDART,14/04/2025,In Transit,Hyderabad,Mumbai,314.84,,,,Expected Delivery Date is missing or invalid
SHO2150,FEDEX,18/04/2024,Delivered,Delhi,Chennai,-12.24,21/04/2024,26/04/2024,5,Invalid freight cost
SHO2151,DHL,,Pending,Hyderabad,Bangalore,353.94,30/11/2025,,,Invalid ship date
SHO2152,BLUEDART,29/10/2025,Delayed,Mumbai,Bangalore,236.74,11/02/2025,11/06/2025,,Expected Delivery Date is before Ship Date
SHO2153,FEDEX,,Pending,Chennai,Delhi,488.53,29/09/2025,,,Invalid ship date
SHO2154,FEDEX,,In Transit,Pune,Hyderabad,257.29,04/10/2025,,,Invalid ship date
SHO2155,FEDEX,06/12/2025,In Transit,Chennai,Pune,-62.02,13/12/2025,,,Invalid freight cost
SHO2157,BLUEDART,03/05/2025,Pending,Pune,Chennai,99.47,,,,Expected Delivery Date is missing or invalid
SHO2158,BLUEDART,01/02/2025,Delayed,Mumbai,Chennai,430.49,,,,Expected Delivery Date is missing or invalid
SHO2159,DHL,25/11/2024,IN TRANS,Bangalore,Chennai,-72.08,28/11/2024,,,Invalid status; Invalid freight cost
SHO2161,BLUEDART,07/11/2024,UNKNOWN,Bangalore,Pune,481.78,14/07/2024,19/07/2024,,Invalid status; Expected Delivery Date is before Ship Date
SHO2162,FEDEX,02/12/2024,Delayed,Delhi,Chennai,-58.69,17/02/2024,19/02/2024,,Expected Delivery Date is before Ship Date; Invalid freight cost
SHO2163,FEDEX,,Delayed,Mumbai,Pune,,03/01/2026,05/03/2026,,Invalid ship date; Invalid freight cost
SHO2164,DHL,,Delayed,Mumbai,Chennai,17.94,18/04/2024,,,Invalid ship date
SHO2165,BLUEDART,14/01/2025,In Transit,Pune,Mumbai,,18/01/2025,,,Invalid freight cost
SHO2167,DHL,,UNKNOWN,Chennai,Hyderabad,398.39,,20/12/2025,,Invalid ship date; Invalid status; Expected Delivery Date is missing or invalid
SHO2168,DHL,18/01/2025,In Transit,Chennai,Mumbai,,23/01/2025,,,Invalid freight cost
SHO2169,FEDEX,25/06/2024,Delayed,Bangalore,Pune,-47.63,,07/05/2024,,Expected Delivery Date is missing or invalid; Invalid freight cost
SHO2170,DHL,12/03/2025,In Transit,Chennai,Hyderabad,357.85,,,,Expected Delivery Date is missing or invalid
SHO2171,BLUEDART,01/03/2024,Accepted,Hyderabad,Pune,115.56,05/01/2024,,,Expected Delivery Date is before Ship Date
SHO2172,BLUEDART,31/03/2025,Delivered,Hyderabad,Chennai,82.24,05/04/2025,04/03/2025,0,Delivered Date is before Ship Date
SHO2173,DHL,,Delayed,Pune,Chennai,12.09,,,,Invalid ship date; Expected Delivery Date is missing or invalid
SHO2175,DHL,26/06/2026,Accepted,Bangalore,Mumbai,471.47,,,,Expected Delivery Date is missing or invalid
SHO2179,BLUEDART,09/07/2025,Pending,Bangalore,Mumbai,-73.87,,,,Expected Delivery Date is missing or invalid; Invalid freight cost
,BLUEDART,05/08/2026,In Transit,Delhi,Pune,379.25,05/10/2026,,,Missing shipment ID
SHO2182,BLUEDART,01/02/2024,Delivered,Pune,Chennai,218.37,09/01/2024,13/01/2024,4,Expected Delivery Date is before Ship Date; Delivered Date is before Ship Date
SHO2183,DHL,18/08/2024,In Transit,Delhi,Hyderabad,485.52,,,,Expected Delivery Date is missing or invalid
,DHL,03/04/2024,Delayed,Delhi,Pune,457.3,,04/10/2024,,Missing shipment ID; Expected Delivery Date is missing or invalid
SHO2185,DHL,,IN TRANS,Hyderabad,Mumbai,247.9,,,,Invalid ship date; Invalid status; Expected Delivery Date is missing or invalid
SHO2186,FEDEX,20/03/2026,Pending,Delhi,Bangalore,194.56,,,,Expected Delivery Date is missing or invalid
SHO2187,BLUEDART,05/02/2026,IN TRANS,Bangalore,Mumbai,67.55,08/02/2026,,,Invalid status
SHO2189,FEDEX,,Pending,Chennai,Hyderabad,377.86,13/06/2026,,,Invalid ship date
SHO2192,BLUEDART,02/08/2024,Delayed,Chennai,Mumbai,69.89,08/05/2024,,,Expected Delivery Date is before Ship Date
SHO2193,FEDEX,07/01/2025,IN TRANS,Bangalore,Pune,158.01,07/06/2025,,,Invalid status
SHO2194,BLUEDART,,UNKNOWN,Mumbai,Pune,41.59,,08/06/2025,,Invalid ship date; Invalid status; Expected Delivery Date is missing or invalid
SHO2196,BLUEDART,,UNKNOWN,Pune,Bangalore,415.24,28/05/2024,06/05/2024,,Invalid ship date; Invalid status
SHO2197,FEDEX,01/08/2026,Pending,Pune,Chennai,452.93,15/01/2026,,,Expected Delivery Date is before Ship Date
SHO2199,FEDEX,23/06/2026,Pending,Chennai,Delhi,359.93,,,,Expected Delivery Date is missing or invalid
SHO2200,DHL,08/12/2025,In Transit,Mumbai,Pune,478.29,,,,Expected Delivery Date is missing or invalid
SHO2202,FEDEX,,In Transit,Mumbai,Bangalore,-1.06,05/04/2026,,,Invalid ship date; Invalid freight cost
SHO2204,FEDEX,04/07/2026,Delivered,Bangalore,Hyderabad,334.97,04/12/2026,,,Delivered Date is missing or invalid for Delivered status
SHO2205,DHL,08/02/2024,UNKNOWN,Hyderabad,Pune,325.15,07/08/2024,,,Invalid status
,BLUEDART,29/09/2025,Accepted,Delhi,Mumbai,216.18,10/05/2025,,,Missing shipment ID; Expected Delivery Date is before Ship Date
SHO2207,BLUEDART,,In Transit,Chennai,Bangalore,0.92,07/02/2024,,,Invalid ship date
SHO2211,FEDEX,27/05/2024,Pending,Hyderabad,Chennai,188.41,,,,Expected Delivery Date is missing or invalid
SHO2212,FEDEX,20/02/2025,Delayed,Pune,Hyderabad,306.19,,,,Expected Delivery Date is missing or invalid
SHO2213,FEDEX,,Delivered,Mumbai,Hyderabad,-5.14,,26/07/2024,,Invalid ship date; Expected Delivery Date is missing or invalid; Invalid freight cost
SHO2214,DHL,02/02/2026,Delivered,Mumbai,Hyderabad,,05/02/2026,,,Delivered Date is missing or invalid for Delivered status; Invalid freight cost
SHO2215,DHL,12/11/2024,IN TRANS,Delhi,Mumbai,446.78,,,,Invalid status; Expected Delivery Date is missing or invalid
SHO2217,FEDEX,01/11/2024,IN TRANS,Mumbai,Bangalore,479.07,,,,Invalid status; Expected Delivery Date is missing or invalid
SHO2221,BLUEDART,30/12/2024,UNKNOWN,Hyderabad,Delhi,238.84,01/01/2025,,,Invalid status
SHO2222,DHL,07/05/2026,Delivered,Mumbai,Delhi,34.68,12/05/2026,,,Delivered Date is missing or invalid for Delivered status
SHO2223,FEDEX,11/06/2025,Pending,Chennai,Mumbai,133.49,,,,Expected Delivery Date is missing or invalid
SHO2224,FEDEX,27/11/2024,Delivered,Pune,Mumbai,59.19,12/04/2024,,,Delivered Date is missing or invalid for Delivered status; Expected Delivery Date is before Ship Date
SHO2227,FEDEX,03/04/2026,In Transit,Hyderabad,Pune,,04/10/2026,,,Invalid freight cost
SHO2228,BLUEDART,,In Transit,Hyderabad,Mumbai,397.07,03/03/2024,,,Invalid ship date
SHO2231,FEDEX,30/03/2026,Delivered,Pune,Delhi,57.27,04/02/2026,05/04/2026,60,Expected Delivery Date is before Ship Date
SHO2233,DHL,01/09/2024,IN TRANS,Hyderabad,Chennai,395.24,,,,Invalid status; Expected Delivery Date is missing or invalid
SHO2235,FEDEX,11/05/2024,Delivered,Bangalore,Mumbai,129.07,08/11/2024,,,Delivered Date is missing or invalid for Delivered status
SHO2236,BLUEDART,04/06/2024,Pending,Bangalore,Hyderabad,476.28,,,,Expected Delivery Date is missing or invalid
SHO2237,FEDEX,28/05/2026,Accepted,Pune,Hyderabad,,03/06/2026,06/02/2026,,Invalid freight cost
SHO2239,DHL,09/04/2025,In Transit,Bangalore,Mumbai,355.65,,,,Expected Delivery Date is missing or invalid
SHO2240,FEDEX,,Pending,Pune,Delhi,476.61,15/11/2025,,,Invalid ship date
,FEDEX,08/09/2024,Accepted,Mumbai,Bangalore,335.11,,,,Missing shipment ID; Expected Delivery Date is missing or invalid
SHO2244,FEDEX,21/06/2026,Delivered,Delhi,Mumbai,234.19,,28/06/2026,,Expected Delivery Date is missing or invalid
SHO2245,FEDEX,,In Transit,Chennai,Hyderabad,239.24,07/12/2025,,,Invalid ship date
SHO2247,BLUEDART,,Pending,Hyderabad,Delhi,-70.14,07/09/2024,,,Invalid ship date; Invalid freight cost
SHO2248,FEDEX,29/12/2025,IN TRANS,Bangalore,Mumbai,-23.01,01/01/2026,,,Invalid status; Invalid freight cost
SHO2249,FEDEX,04/05/2024,IN TRANS,Mumbai,Pune,127.84,05/08/2024,,,Invalid status
SHO2252,DHL,02/10/2026,Accepted,Mumbai,Bangalore,456.44,13/02/2026,,,Expected Delivery Date is before Ship Date
SHO2253,BLUEDART,12/12/2024,Accepted,Delhi,Mumbai,248.63,,,,Expected Delivery Date is missing or invalid
,DHL,25/08/2024,Accepted,Mumbai,Bangalore,133.24,27/08/2024,,,Missing shipment ID
SHO2256,BLUEDART,28/03/2024,In Transit,Chennai,Bangalore,316.12,04/01/2024,,,Expected Delivery Date is before Ship Date
SHO2257,DHL,15/04/2026,UNKNOWN,Hyderabad,Mumbai,284.45,21/04/2026,,,Invalid status
SHO2260,BLUEDART,,IN TRANS,Pune,Chennai,97.5,03/08/2024,,,Invalid ship date; Invalid status
SHO2262,DHL,17/10/2024,Delivered,Hyderabad,Bangalore,300.55,,,,Expected Delivery Date is missing or invalid; Delivered Date is missing or invalid for Delivered status
SHO2263,FEDEX,26/06/2024,Delivered,Pune,Mumbai,329.26,,04/07/2024,,Expected Delivery Date is missing or invalid
SHO2264,DHL,,UNKNOWN,Bangalore,Chennai,333.51,14/04/2026,,,Invalid ship date; Invalid status
SHO2265,FEDEX,29/12/2025,Pending,Delhi,Chennai,-24.4,31/12/2025,,,Invalid freight cost
SHO2268,BLUEDART,,Accepted,Bangalore,Chennai,297.89,17/07/2025,,,Invalid ship date
SHO2269,BLUEDART,,Delayed,Mumbai,Chennai,191.88,11/01/2024,13/01/2024,,Invalid ship date
SHO2273,BLUEDART,18/08/2024,Delayed,Mumbai,Bangalore,-58.78,25/08/2024,26/08/2024,,Invalid freight cost
SHO2277,FEDEX,15/01/2025,Pending,Delhi,Hyderabad,49.15,,,,Expected Delivery Date is missing or invalid
SHO2278,BLUEDART,,Delayed,Mumbai,Hyderabad,170.95,13/12/2024,16/12/2024,,Invalid ship date
SHO2279,BLUEDART,26/01/2024,Delayed,Chennai,Bangalore,337.67,,02/03/2024,,Expected Delivery Date is missing or invalid
SHO2281,BLUEDART,02/06/2024,Accepted,Hyderabad,Pune,389.75,,,,Expected Delivery Date is missing or invalid
SHO2282,FEDEX,30/01/2026,Pending,Pune,Delhi,-73.54,02/02/2026,,,Invalid freight cost
SHO2283,BLUEDART,12/02/2025,Accepted,Delhi,Mumbai,364.31,,14/02/2025,,Expected Delivery Date is missing or invalid
SHO2284,BLUEDART,02/09/2026,Delivered,Bangalore,Delhi,312.97,,18/02/2026,,Expected Delivery Date is missing or invalid; Delivered Date is before Ship Date
SHO2285,FEDEX,04/08/2024,UNKNOWN,Delhi,Hyderabad,203.89,15/04/2024,,,Invalid status; Expected Delivery Date is before Ship Date
,FEDEX,14/03/2025,Pending,Hyderabad,Bangalore,227.01,20/03/2025,,,Missing shipment ID
SHO2287,BLUEDART,,Pending,Mumbai,Bangalore,449.95,20/09/2025,,,Invalid ship date
SHO2288,BLUEDART,24/04/2026,Accepted,Delhi,Bangalore,163.95,,,,Expected Delivery Date is missing or invalid
SHO2290,FEDEX,01/04/2024,Delivered,Bangalore,Chennai,-79.44,07/04/2024,10/04/2024,3,Invalid freight cost
SHO2291,BLUEDART,29/07/2024,Pending,Mumbai,Delhi,312.47,08/03/2024,,,Expected Delivery Date is before Ship Date
SHO2292,FEDEX,,In Transit,Bangalore,Delhi,172.58,07/03/2025,,,Invalid ship date
SHO2293,DHL,,Delivered,Pune,Delhi,468.05,26/01/2026,30/01/2026,4,Invalid ship date
SHO2294,BLUEDART,17/01/2026,In Transit,Hyderabad,Delhi,,23/01/2026,,,Invalid freight cost
SHO2295,DHL,01/11/2024,IN TRANS,Pune,Bangalore,238.26,,,,Invalid status; Expected Delivery Date is missing or invalid
SHO2296,FEDEX,,Pending,Mumbai,Bangalore,284.21,29/06/2026,,,Invalid ship date
SHO2297,DHL,05/09/2025,In Transit,Chennai,Pune,207.48,,,,Expected Delivery Date is missing or invalid
SHO2299,BLUEDART,,Pending,Bangalore,Delhi,467.16,15/05/2024,,,Invalid ship date
,FEDEX,09/10/2024,Pending,Delhi,Chennai,169.58,,,,Missing shipment ID; Expected Delivery Date is missing or invalid
,DHL,15/04/2026,Delivered,Bangalore,Chennai,154.94,19/04/2026,,,Missing shipment ID; Delivered Date is missing or invalid for Delivered status
SHO2307,FEDEX,23/02/2026,Accepted,Delhi,Pune,,03/01/2026,,,Expected Delivery Date is before Ship Date; Invalid freight cost
SHO2308,FEDEX,04/06/2024,Pending,Delhi,Chennai,-26.27,10/04/2024,,,Expected Delivery Date is before Ship Date; Invalid freight cost
SHO2309,DHL,02/10/2025,Delivered,Hyderabad,Chennai,339.93,04/10/2025,10/07/2025,0,Delivered Date is before Ship Date
SHO2312,FEDEX,,Delayed,Chennai,Delhi,-55.59,20/06/2024,21/06/2024,,Invalid ship date; Invalid freight cost
SHO2313,FEDEX,18/09/2024,Pending,Hyderabad,Chennai,-76.0,23/09/2024,,,Invalid freight cost
SHO2315,DHL,,Delivered,Chennai,Pune,343.32,05/11/2024,05/12/2024,30,Invalid ship date
SHO2317,DHL,21/12/2025,Accepted,Pune,Bangalore,287.29,,,,Expected Delivery Date is missing or invalid
SHO2318,DHL,,Delayed,Mumbai,Pune,154.87,19/06/2025,21/06/2025,,Invalid ship date
SHO2319,BLUEDART,14/04/2024,IN TRANS,Chennai,Mumbai,,20/04/2024,,,Invalid status; Invalid freight cost
SHO2320,BLUEDART,,Pending,Bangalore,Delhi,-59.86,05/01/2026,,,Invalid ship date; Invalid freight cost
SHO2322,BLUEDART,,In Transit,Mumbai,Chennai,411.82,07/09/2024,,,Invalid ship date
SHO2323,DHL,,IN TRANS,Pune,Chennai,207.31,06/02/2026,,,Invalid ship date; Invalid status
SHO2325,FEDEX,05/10/2024,IN TRANS,Chennai,Bangalore,,15/05/2024,,,Invalid status; Expected Delivery Date is before Ship Date; Invalid freight cost
SHO2327,DHL,07/10/2024,Delayed,Delhi,Hyderabad,477.39,,,,Expected Delivery Date is missing or invalid
SHO2329,BLUEDART,27/02/2025,Delayed,Delhi,Mumbai,111.04,,09/03/2025,,Expected Delivery Date is missing or invalid
SHO2330,BLUEDART,,Delivered,Delhi,Mumbai,51.21,,,,Invalid ship date; Expected Delivery Date is missing or invalid; Delivered Date is missing or invalid for Delivered status
SHO2331,BLUEDART,15/06/2026,Accepted,Hyderabad,Chennai,199.39,,,,Expected Delivery Date is missing or invalid
SHO2332,DHL,,UNKNOWN,Pune,Delhi,465.39,25/05/2025,,,Invalid ship date; Invalid status
SHO2334,DHL,24/02/2026,Delivered,Mumbai,Hyderabad,94.29,,03/02/2026,,Expected Delivery Date is missing or invalid; Delivered Date is before Ship Date
SHO2336,BLUEDART,01/08/2024,IN TRANS,Mumbai,Hyderabad,176.0,13/01/2024,,,Invalid status; Expected Delivery Date is before Ship Date
SHO2337,BLUEDART,,Delayed,Bangalore,Chennai,339.32,04/05/2025,06/04/2025,,Invalid ship date
SHO2338,DHL,06/03/2026,Delivered,Pune,Mumbai,331.42,,,,Expected Delivery Date is missing or invalid; Delivered Date is missing or invalid for Delivered status
SHO2340,DHL,01/09/2025,Delivered,Hyderabad,Pune,275.15,,05/09/2025,,Expected Delivery Date is missing or invalid
SHO2341,FEDEX,,Delayed,Chennai,Mumbai,-65.41,01/02/2024,05/02/2024,,Invalid ship date; Invalid freight cost
SHO2342,BLUEDART,03/10/2025,Delayed,Bangalore,Mumbai,345.52,10/09/2025,18/10/2025,,Expected Delivery Date is before Ship Date
SHO2343,BLUEDART,13/09/2025,UNKNOWN,Hyderabad,Chennai,46.06,18/09/2025,,,Invalid status
SHO2345,BLUEDART,27/03/2026,UNKNOWN,Chennai,Hyderabad,242.23,31/03/2026,,,Invalid status
,DHL,04/06/2026,Pending,Chennai,Mumbai,15.72,06/10/2026,,,Missing shipment ID
SHO2350,FEDEX,10/04/2024,Delayed,Mumbai,Delhi,,13/04/2024,,,Invalid freight cost
SHO2351,BLUEDART,,Delivered,Hyderabad,Chennai,470.82,17/09/2024,,,Invalid ship date; Delivered Date is missing or invalid for Delivered status
,BLUEDART,26/11/2025,Delivered,Chennai,Pune,204.2,01/12/2025,30/11/2025,0,Missing shipment ID
SHO2356,FEDEX,26/02/2025,IN TRANS,Hyderabad,Delhi,209.65,01/03/2025,,,Invalid status
SHO2357,FEDEX,,Pending,Delhi,Chennai,-69.24,28/12/2025,,,Invalid ship date; Invalid freight cost
SHO2359,FEDEX,08/11/2024,In Transit,Hyderabad,Chennai,311.28,11/10/2024,,,Expected Delivery Date is before Ship Date
SHO2360,FEDEX,01/05/2025,Delivered,Pune,Mumbai,177.48,01/08/2025,08/01/2025,0,Delivered Date is before Ship Date
SHO2363,DHL,05/10/2024,Pending,Mumbai,Delhi,-50.38,10/10/2024,,,Invalid freight cost
SHO2365,BLUEDART,08/10/2024,Accepted,Bangalore,Hyderabad,177.14,,,,Expected Delivery Date is missing or invalid
SHO2367,DHL,08/01/2024,In Transit,Mumbai,Bangalore,53.15,,,,Expected Delivery Date is missing or invalid
,BLUEDART,28/01/2026,Pending,Mumbai,Delhi,-55.12,02/01/2026,,,Missing shipment ID; Expected Delivery Date is before Ship Date; Invalid freight cost
SHO2369,FEDEX,10/04/2026,Delivered,Hyderabad,Delhi,69.39,12/04/2026,,,Delivered Date is missing or invalid for Delivered status
SHO2370,DHL,08/02/2025,Pending,Hyderabad,Mumbai,83.06,,,,Expected Delivery Date is missing or invalid
,BLUEDART,27/08/2025,UNKNOWN,Mumbai,Bangalore,415.91,,,,Missing shipment ID; Invalid status; Expected Delivery Date is missing or invalid
SHO2377,DHL,09/11/2024,UNKNOWN,Bangalore,Hyderabad,158.51,17/09/2024,,,Invalid status; Expected Delivery Date is before Ship Date
SHO2379,DHL,17/09/2024,Pending,Pune,Delhi,,21/09/2024,,,Invalid freight cost
SHO2381,DHL,,Pending,Bangalore,Pune,,18/03/2025,,,Invalid ship date; Invalid freight cost
SHO2382,BLUEDART,08/08/2024,Delayed,Delhi,Bangalore,35.94,,12/08/2024,,Expected Delivery Date is missing or invalid
SHO2385,DHL,01/08/2024,Accepted,Bangalore,Mumbai,-65.06,04/08/2024,14/08/2024,,Invalid freight cost
SHO2388,FEDEX,30/08/2024,Pending,Bangalore,Delhi,401.32,09/03/2024,,,Expected Delivery Date is before Ship Date
SHO2390,BLUEDART,12/12/2024,Pending,Pune,Mumbai,-56.21,14/12/2024,,,Invalid freight cost
SHO2391,BLUEDART,15/04/2024,Delivered,Mumbai,Chennai,,17/04/2024,19/04/2024,2,Invalid freight cost
SHO2393,FEDEX,,Delayed,Delhi,Bangalore,418.11,13/06/2025,16/06/2025,,Invalid ship date
,DHL,15/05/2024,In Transit,Mumbai,Chennai,313.09,,,,Missing shipment ID; Expected Delivery Date is missing or invalid
SHO2397,DHL,04/02/2025,IN TRANS,Mumbai,Chennai,281.96,04/04/2025,,,Invalid status
SHO2398,FEDEX,,Accepted,Hyderabad,Pune,,,,,Invalid ship date; Expected Delivery Date is missing or invalid; Invalid freight cost
SHO2399,FEDEX,03/09/2024,Delivered,Delhi,Bangalore,88.08,09/07/2024,10/09/2024,63,Expected Delivery Date is before Ship Date
SHO2400,BLUEDART,28/02/2025,UNKNOWN,Mumbai,Chennai,-48.7,06/03/2025,,,Invalid status; Invalid freight cost
SHO2402,DHL,06/10/2026,UNKNOWN,Chennai,Hyderabad,307.57,15/06/2026,16/06/2026,,Invalid status; Expected Delivery Date is before Ship Date
SHO2403,BLUEDART,21/03/2024,Delayed,Hyderabad,Bangalore,-17.34,24/03/2024,,,Invalid freight cost
SHO2404,BLUEDART,,Pending,Mumbai,Hyderabad,-55.31,,,,Invalid ship date; Expected Delivery Date is missing or invalid; Invalid freight cost
SHO2407,FEDEX,18/05/2026,Delayed,Delhi,Mumbai,69.44,,03/06/2026,,Expected Delivery Date is missing or invalid
SHO2408,BLUEDART,30/04/2025,Pending,Pune,Bangalore,398.38,05/04/2025,,,Expected Delivery Date is before Ship Date
SHO2412,FEDEX,22/11/2025,Delivered,Pune,Chennai,-42.69,28/11/2025,,,Delivered Date is missing or invalid for Delivered status; Invalid freight cost
SHO2413,FEDEX,,Delivered,Delhi,Bangalore,384.05,02/02/2025,,,Invalid ship date; Delivered Date is missing or invalid for Delivered status
SHO2414,BLUEDART,26/06/2026,In Transit,Pune,Hyderabad,115.65,07/03/2026,,,Expected Delivery Date is before Ship Date
SHO2418,DHL,27/05/2025,Accepted,Hyderabad,Bangalore,458.89,,,,Expected Delivery Date is missing or invalid
SHO2419,DHL,15/07/2025,Delayed,Hyderabad,Delhi,-79.09,17/07/2025,,,Invalid freight cost
SHO2420,FEDEX,17/08/2025,Accepted,Bangalore,Delhi,364.64,,,,Expected Delivery Date is missing or invalid
SHO2422,DHL,14/03/2025,Delayed,Hyderabad,Pune,-73.71,17/03/2025,20/03/2025,,Invalid freight cost
SHO2423,FEDEX,14/02/2024,IN TRANS,Hyderabad,Delhi,62.58,20/02/2024,,,Invalid status
SHO2425,DHL,18/02/2025,Delivered,Bangalore,Hyderabad,437.16,25/02/2025,,,Delivered Date is missing or invalid for Delivered status
SHO2427,DHL,,Delivered,Hyderabad,Delhi,381.53,14/01/2025,15/01/2025,1,Invalid ship date
SHO2431,FEDEX,18/12/2025,Accepted,Hyderabad,Chennai,-49.3,24/12/2025,,,Invalid freight cost
SHO2432,DHL,01/11/2024,Accepted,Pune,Chennai,480.66,15/01/2024,,,Expected Delivery Date is before Ship Date
SHO2433,DHL,02/01/2026,Pending,Hyderabad,Bangalore,,08/02/2026,,,Invalid freight cost
SHO2434,FEDEX,06/12/2025,Delivered,Bangalore,Hyderabad,246.43,,07/12/2025,,Expected Delivery Date is missing or invalid
SHO2435,DHL,14/05/2025,Pending,Bangalore,Pune,42.89,,,,Expected Delivery Date is missing or invalid
SHO2438,BLUEDART,,Delivered,Hyderabad,Chennai,,03/02/2024,07/02/2024,4,Invalid ship date; Invalid freight cost
SHO2439,DHL,24/08/2025,Delivered,Mumbai,Pune,-40.56,28/08/2025,,,Delivered Date is missing or invalid for Delivered status; Invalid freight cost
SHO2443,BLUEDART,18/01/2026,Pending,Mumbai,Delhi,373.81,,,,Expected Delivery Date is missing or invalid
SHO2444,BLUEDART,12/07/2024,In Transit,Mumbai,Chennai,233.98,,,,Expected Delivery Date is missing or invalid
SHO2445,BLUEDART,,Pending,Hyderabad,Mumbai,458.53,10/06/2026,,,Invalid ship date
SHO2446,DHL,28/05/2024,Delivered,Hyderabad,Mumbai,-59.06,,31/05/2024,,Expected Delivery Date is missing or invalid; Invalid freight cost
,DHL,22/08/2025,Pending,Chennai,Mumbai,29.71,,,,Missing shipment ID; Expected Delivery Date is missing or invalid
SHO2449,BLUEDART,17/05/2025,IN TRANS,Delhi,Bangalore,198.43,19/05/2025,,,Invalid status
SHO2450,FEDEX,18/06/2024,UNKNOWN,Hyderabad,Bangalore,-6.03,24/06/2024,,,Invalid status; Invalid freight cost
SHO2452,FEDEX,,Delayed,Delhi,Hyderabad,308.2,19/03/2024,24/03/2024,,Invalid ship date
SHO2453,BLUEDART,,Delayed,Hyderabad,Chennai,278.96,16/06/2024,17/06/2024,,Invalid ship date
SHO2455,FEDEX,02/03/2024,Delivered,Delhi,Pune,335.78,03/04/2024,,,Delivered Date is missing or invalid for Delivered status
SHO2459,DHL,15/12/2024,Delivered,Pune,Delhi,65.38,,,,Expected Delivery Date is missing or invalid; Delivered Date is missing or invalid for Delivered status
SHO2460,DHL,27/01/2025,Delayed,Delhi,Chennai,452.63,,,,Expected Delivery Date is missing or invalid
SHO2462,BLUEDART,12/12/2024,In Transit,Pune,Chennai,-40.92,18/12/2024,,,Invalid freight cost
SHO2463,DHL,,In Transit,Hyderabad,Delhi,172.16,25/11/2025,,,Invalid ship date
SHO2464,BLUEDART,,Pending,Delhi,Bangalore,295.14,01/05/2024,,,Invalid ship date
SHO2465,BLUEDART,,Accepted,Hyderabad,Delhi,259.24,,,,Invalid ship date; Expected Delivery Date is missing or invalid
SHO2466,DHL,,Delayed,Delhi,Pune,45.51,,20/02/2026,,Invalid ship date; Expected Delivery Date is missing or invalid
SHO2467,DHL,20/04/2026,Delivered,Pune,Delhi,-62.29,25/04/2026,27/04/2026,2,Invalid freight cost
SHO2468,BLUEDART,,Pending,Mumbai,Chennai,92.43,01/09/2025,,,Invalid ship date
SHO2469,BLUEDART,,In Transit,Delhi,Bangalore,101.06,,,,Invalid ship date; Expected Delivery Date is missing or invalid
SHO2470,BLUEDART,10/04/2024,In Transit,Pune,Hyderabad,-44.25,14/04/2024,,,Invalid freight cost
SHO2471,DHL,01/02/2026,Delayed,Chennai,Delhi,,05/01/2026,01/10/2026,,Expected Delivery Date is before Ship Date; Invalid freight cost
SHO2473,BLUEDART,02/08/2026,Pending,Bangalore,Chennai,206.23,,,,Expected Delivery Date is missing or invalid
SHO2474,FEDEX,10/02/2024,UNKNOWN,Hyderabad,Pune,297.17,,,,Invalid status; Expected Delivery Date is missing or invalid
SHO2476,BLUEDART,29/08/2025,Delivered,Bangalore,Chennai,40.27,,,,Expected Delivery Date is missing or invalid; Delivered Date is missing or invalid for Delivered status
SHO2477,BLUEDART,13/08/2025,In Transit,Hyderabad,Bangalore,446.54,,,,Expected Delivery Date is missing or invalid
SHO2478,BLUEDART,,Delivered,Pune,Mumbai,428.31,07/07/2024,12/07/2024,5,Invalid ship date
,BLUEDART,21/11/2025,Delayed,Chennai,Hyderabad,297.46,,29/11/2025,,Missing shipment ID; Expected Delivery Date is missing or invalid
SHO2480,FEDEX,01/10/2026,Pending,Delhi,Pune,239.92,14/01/2026,,,Expected Delivery Date is before Ship Date
SHO2481,BLUEDART,08/05/2024,Delivered,Mumbai,Chennai,-39.0,14/05/2024,12/05/2024,0,Invalid freight cost
SHO2482,DHL,,In Transit,Delhi,Bangalore,-21.52,09/12/2024,,,Invalid ship date; Invalid freight cost
SHO2485,DHL,,Accepted,Bangalore,Hyderabad,313.49,26/06/2026,,,Invalid ship date
SHO2486,BLUEDART,,In Transit,Bangalore,Chennai,124.92,02/11/2026,,,Invalid ship date
SHO2488,BLUEDART,,In Transit,Chennai,Mumbai,,19/06/2024,,,Invalid ship date; Invalid freight cost
SHO2490,FEDEX,30/03/2024,Pending,Pune,Bangalore,-53.59,04/05/2024,,,Invalid freight cost
SHO2491,DHL,13/09/2025,Pending,Delhi,Bangalore,197.38,,,,Expected Delivery Date is missing or invalid
SHO2492,DHL,12/05/2024,Accepted,Delhi,Mumbai,-54.84,16/05/2024,,,Invalid freight cost
SHO2493,FEDEX,08/07/2025,IN TRANS,Delhi,Chennai,-2.77,14/08/2025,,,Invalid status; Invalid freight cost
SHO2497,DHL,28/04/2026,Delivered,Bangalore,Mumbai,49.54,30/04/2026,,,Delivered Date is missing or invalid for Delivered status
SHO2498,FEDEX,05/12/2024,Pending,Delhi,Bangalore,31.77,12/11/2024,,,Expected Delivery Date is before Ship Date
SHO2499,FEDEX,24/02/2026,In Transit,Chennai,Hyderabad,258.45,,,,Expected Delivery Date is missing or invalid
SHO2500,FEDEX,25/02/2024,Delivered,Pune,Delhi,191.59,03/03/2024,03/02/2024,0,Delivered Date is before Ship Date
,DHL,29/10/2024,In Transit,Pune,Delhi,-18.72,,,,Missing shipment ID; Expected Delivery Date is missing or invalid; Invalid freight cost
SHO2505,FEDEX,30/07/2025,UNKNOWN,Pune,Mumbai,160.37,01/08/2025,,,Invalid status
SHO2506,DHL,11/06/2025,IN TRANS,Bangalore,Delhi,49.99,08/11/2025,,,Invalid status
SHO2507,FEDEX,,Delivered,Bangalore,Delhi,390.31,09/09/2025,10/09/2025,1,Invalid ship date
SHO2509,FEDEX,19/05/2024,In Transit,Delhi,Hyderabad,-31.43,,,,Expected Delivery Date is missing or invalid; Invalid freight cost
,FEDEX,08/09/2024,IN TRANS,Pune,Hyderabad,60.38,13/09/2024,,,Missing shipment ID; Invalid status
SHO2512,BLUEDART,,Delayed,Hyderabad,Pune,203.5,26/01/2025,,,Invalid ship date
SHO2513,DHL,,Pending,Bangalore,Mumbai,299.31,16/03/2026,,,Invalid ship date
SHO2514,FEDEX,15/11/2025,Delivered,Pune,Mumbai,280.28,,24/11/2025,,Expected Delivery Date is missing or invalid
SHO2515,FEDEX,15/02/2025,Pending,Chennai,Hyderabad,-6.19,22/02/2025,,,Invalid freight cost
SHO2518,FEDEX,,In Transit,Delhi,Mumbai,24.88,21/05/2024,,,Invalid ship date
SHO2519,BLUEDART,09/11/2024,In Transit,Hyderabad,Pune,83.74,,,,Expected Delivery Date is missing or invalid
SHO2520,DHL,01/07/2025,Delivered,Bangalore,Mumbai,131.7,01/10/2025,15/01/2025,0,Delivered Date is before Ship Date
SHO2521,FEDEX,13/04/2024,Delayed,Pune,Bangalore,,17/04/2024,18/04/2024,,Invalid freight cost
SHO2522,DHL,,Accepted,Chennai,Bangalore,49.08,31/05/2026,,,Invalid ship date
SHO2523,DHL,30/10/2024,In Transit,Bangalore,Mumbai,-7.86,04/11/2024,,,Invalid freight cost
SHO2525,BLUEDART,,Delivered,Delhi,Bangalore,72.29,03/04/2025,07/03/2025,0,Invalid ship date
SHO2526,FEDEX,,Delivered,Bangalore,Delhi,,01/12/2025,12/06/2025,0,Invalid ship date; Invalid freight cost
SHO2527,DHL,02/05/2025,In Transit,Mumbai,Hyderabad,-20.63,,,,Expected Delivery Date is missing or invalid; Invalid freight cost
SHO2530,FEDEX,24/03/2026,IN TRANS,Mumbai,Chennai,25.89,30/03/2026,,,Invalid status
SHO2531,BLUEDART,16/06/2025,UNKNOWN,Hyderabad,Chennai,272.59,23/06/2025,,,Invalid status
SHO2532,DHL,17/07/2024,Delivered,Pune,Mumbai,283.45,,28/07/2024,,Expected Delivery Date is missing or invalid
SHO2535,FEDEX,12/01/2025,Delivered,Pune,Delhi,183.24,05/12/2025,,,Delivered Date is missing or invalid for Delivered status
,BLUEDART,06/11/2026,Delayed,Mumbai,Pune,467.39,13/06/2026,22/06/2026,,Missing shipment ID; Expected Delivery Date is before Ship Date
SHO2537,DHL,04/12/2026,In Transit,Hyderabad,Pune,390.2,,,,Expected Delivery Date is missing or invalid
SHO2538,DHL,22/06/2025,Pending,Pune,Bangalore,-47.12,27/06/2025,,,Invalid freight cost
SHO2539,DHL,30/03/2025,Pending,Pune,Hyderabad,282.66,,,,Expected Delivery Date is missing or invalid
SHO2540,DHL,11/08/2025,Delivered,Chennai,Delhi,-23.76,15/08/2025,13/08/2025,0,Invalid freight cost
SHO2541,BLUEDART,,Pending,Mumbai,Delhi,448.54,,,,Invalid ship date; Expected Delivery Date is missing or invalid
SHO2542,DHL,,Delayed,Bangalore,Delhi,-18.49,19/02/2025,24/02/2025,,Invalid ship date; Invalid freight cost
SHO2543,BLUEDART,,Delayed,Mumbai,Chennai,176.14,,10/05/2024,,Invalid ship date; Expected Delivery Date is missing or invalid
SHO2544,FEDEX,27/09/2025,Delayed,Mumbai,Delhi,475.49,,30/09/2025,,Expected Delivery Date is missing or invalid
SHO2547,BLUEDART,07/02/2025,Delivered,Mumbai,Delhi,256.34,12/02/2025,,,Delivered Date is missing or invalid for Delivered status
SHO2550,BLUEDART,31/10/2025,Pending,Hyderabad,Chennai,-53.22,03/11/2025,,,Invalid freight cost
SHO2552,DHL,31/03/2026,Delayed,Bangalore,Mumbai,167.19,04/02/2026,10/04/2026,,Expected Delivery Date is before Ship Date
SHO2554,BLUEDART,,Delayed,Bangalore,Mumbai,427.49,27/03/2025,04/04/2025,,Invalid ship date
SHO2556,BLUEDART,,Delayed,Chennai,Bangalore,162.59,05/03/2025,08/05/2025,,Invalid ship date
SHO2557,BLUEDART,17/11/2024,Pending,Hyderabad,Pune,,,,,Expected Delivery Date is missing or invalid; Invalid freight cost
SHO2563,BLUEDART,26/04/2026,Pending,Hyderabad,Bangalore,191.1,,,,Expected Delivery Date is missing or invalid
SHO2566,FEDEX,06/08/2025,In Transit,Delhi,Hyderabad,-19.48,08/08/2025,,,Invalid freight cost
SHO2567,DHL,19/06/2026,Pending,Mumbai,Bangalore,35.84,,,,Expected Delivery Date is missing or invalid
SHO2568,FEDEX,07/04/2026,Accepted,Hyderabad,Delhi,234.71,,,,Expected Delivery Date is missing or invalid
SHO2569,FEDEX,,Delivered,Bangalore,Mumbai,-8.85,23/02/2024,22/02/2024,0,Invalid ship date; Invalid freight cost
SHO2571,BLUEDART,04/12/2026,Delayed,Pune,Hyderabad,-3.95,17/04/2026,,,Expected Delivery Date is before Ship Date; Invalid freight cost
SHO2572,DHL,,Delayed,Chennai,Mumbai,450.76,,19/06/2024,,Invalid ship date; Expected Delivery Date is missing or invalid
SHO2573,BLUEDART,06/12/2025,Delayed,Delhi,Chennai,7.29,12/08/2025,15/12/2025,,Expected Delivery Date is before Ship Date
SHO2575,FEDEX,12/06/2024,Accepted,Pune,Mumbai,1.86,,25/06/2024,,Expected Delivery Date is missing or invalid
,DHL,25/02/2024,Accepted,Hyderabad,Bangalore,258.87,,,,Missing shipment ID; Expected Delivery Date is missing or invalid
SHO2577,BLUEDART,,Delayed,Pune,Chennai,308.18,13/05/2025,,,Invalid ship date
SHO2578,FEDEX,17/12/2024,IN TRANS,Mumbai,Delhi,175.68,19/12/2024,,,Invalid status
SHO2579,FEDEX,,In Transit,Pune,Delhi,168.23,06/02/2025,,,Invalid ship date
SHO2580,BLUEDART,11/03/2024,In Transit,Pune,Delhi,-45.86,18/03/2024,,,Invalid freight cost
SHO2583,DHL,,UNKNOWN,Pune,Hyderabad,28.44,03/10/2025,,,Invalid ship date; Invalid status
SHO2584,FEDEX,05/02/2025,IN TRANS,Delhi,Hyderabad,88.26,,,,Invalid status; Expected Delivery Date is missing or invalid
SHO2585,BLUEDART,,Accepted,Pune,Hyderabad,7.14,24/04/2025,28/04/2025,,Invalid ship date
SHO2586,BLUEDART,18/04/2024,Accepted,Delhi,Chennai,268.92,,,,Expected Delivery Date is missing or invalid
SHO2588,FEDEX,,IN TRANS,Bangalore,Pune,79.05,09/09/2024,,,Invalid ship date; Invalid status
SHO2589,FEDEX,,Delivered,Chennai,Delhi,-42.27,26/04/2026,30/04/2026,4,Invalid ship date; Invalid freight cost
SHO2590,BLUEDART,17/03/2026,Delivered,Delhi,Pune,409.02,,26/03/2026,,Expected Delivery Date is missing or invalid
,DHL,23/12/2025,In Transit,Bangalore,Hyderabad,179.67,27/12/2025,,,Missing shipment ID
SHO2592,DHL,29/11/2024,Delayed,Hyderabad,Delhi,344.76,12/03/2024,,,Expected Delivery Date is before Ship Date
SHO2594,DHL,26/09/2025,UNKNOWN,Pune,Hyderabad,36.18,,03/10/2025,,Invalid status; Expected Delivery Date is missing or invalid
SHO2595,FEDEX,16/05/2024,Pending,Chennai,Mumbai,70.97,,,,Expected Delivery Date is missing or invalid
SHO2596,DHL,02/08/2026,Pending,Bangalore,Delhi,153.67,15/02/2026,,,Expected Delivery Date is before Ship Date
SHO2597,FEDEX,05/12/2025,Pending,Chennai,Delhi,48.75,,,,Expected Delivery Date is missing or invalid
SHO2598,FEDEX,26/06/2025,In Transit,Bangalore,Pune,114.53,,,,Expected Delivery Date is missing or invalid
SHO2599,DHL,,Delivered,Hyderabad,Mumbai,392.48,08/04/2025,,,Invalid ship date; Delivered Date is missing or invalid for Delivered status
SHO2600,DHL,23/04/2025,Delayed,Bangalore,Delhi,31.61,,04/05/2025,,Expected Delivery Date is missing or invalid
SHO2601,FEDEX,30/03/2024,Pending,Chennai,Mumbai,-52.05,04/04/2024,,,Invalid freight cost
SHO2602,FEDEX,05/10/2024,IN TRANS,Chennai,Hyderabad,270.36,09/10/2024,,,Invalid status
SHO2603,FEDEX,03/03/2025,Delivered,Chennai,Delhi,-29.73,10/03/2025,03/12/2025,268,Invalid freight cost
SHO2605,DHL,18/07/2025,Delivered,Bangalore,Chennai,,25/07/2025,25/07/2025,0,Invalid freight cost
SHO2606,BLUEDART,04/06/2024,In Transit,Pune,Mumbai,,06/07/2024,,,Invalid freight cost
SHO2607,DHL,16/02/2024,Delayed,Hyderabad,Chennai,61.76,,03/03/2024,,Expected Delivery Date is missing or invalid
SHO2608,DHL,12/05/2025,Delivered,Bangalore,Mumbai,105.72,,16/05/2025,,Expected Delivery Date is missing or invalid
SHO2610,BLUEDART,,Pending,Mumbai,Delhi,-13.14,26/03/2025,,,Invalid ship date; Invalid freight cost
SHO2611,DHL,,Pending,Delhi,Pune,57.7,,,,Invalid ship date; Expected Delivery Date is missing or invalid
SHO2614,BLUEDART,30/06/2026,In Transit,Hyderabad,Delhi,206.58,,,,Expected Delivery Date is missing or invalid
SHO2616,DHL,,Pending,Hyderabad,Pune,93.34,26/09/2025,,,Invalid ship date
SHO2617,BLUEDART,03/09/2026,Delayed,Chennai,Delhi,-44.82,,14/03/2026,,Expected Delivery Date is missing or invalid; Invalid freight cost
SHO2618,DHL,31/05/2025,IN TRANS,Hyderabad,Chennai,172.98,06/06/2025,,,Invalid status
SHO2619,BLUEDART,,Pending,Delhi,Pune,54.73,17/12/2024,,,Invalid ship date
SHO2620,BLUEDART,07/10/2024,Pending,Hyderabad,Bangalore,-65.04,17/07/2024,,,Expected Delivery Date is before Ship Date; Invalid freight cost
SHO2621,FEDEX,30/06/2025,Delayed,Hyderabad,Chennai,-37.66,06/07/2025,,,Invalid freight cost
SHO2623,BLUEDART,,Delivered,Bangalore,Pune,380.04,,23/06/2024,,Invalid ship date; Expected Delivery Date is missing or invalid
SHO2624,BLUEDART,,Delayed,Pune,Bangalore,-22.12,03/08/2024,14/03/2024,,Invalid ship date; Invalid freight cost
SHO2625,FEDEX,25/01/2026,Delayed,Chennai,Mumbai,-24.07,27/01/2026,02/06/2026,,Invalid freight cost
SHO2626,DHL,,In Transit,Hyderabad,Delhi,241.97,16/11/2025,,,Invalid ship date
SHO2627,DHL,03/01/2024,Pending,Bangalore,Hyderabad,452.1,,,,Expected Delivery Date is missing or invalid
,BLUEDART,,Delayed,Mumbai,Hyderabad,279.25,,21/04/2025,,Missing shipment ID; Invalid ship date; Expected Delivery Date is missing or invalid
SHO2629,BLUEDART,,In Transit,Hyderabad,Bangalore,306.27,06/02/2025,,,Invalid ship date
SHO2630,DHL,,In Transit,Chennai,Bangalore,339.25,31/08/2024,,,Invalid ship date
SHO2632,DHL,29/04/2024,IN TRANS,Delhi,Pune,320.87,02/05/2024,,,Invalid status
SHO2634,BLUEDART,27/07/2024,IN TRANS,Bangalore,Delhi,425.33,30/07/2024,,,Invalid status
SHO2635,BLUEDART,22/02/2026,Accepted,Delhi,Hyderabad,-32.99,,,,Expected Delivery Date is missing or invalid; Invalid freight cost
SHO2636,DHL,23/04/2024,Delayed,Hyderabad,Bangalore,487.65,,05/03/2024,,Expected Delivery Date is missing or invalid
SHO2637,FEDEX,27/03/2025,Delivered,Hyderabad,Mumbai,38.49,,04/04/2025,,Expected Delivery Date is missing or invalid
SHO2639,DHL,,In Transit,Delhi,Mumbai,498.63,29/01/2026,,,Invalid ship date
SHO2640,BLUEDART,,Accepted,Bangalore,Mumbai,39.24,23/06/2024,,,Invalid ship date
SHO2641,BLUEDART,08/04/2026,Accepted,Pune,Chennai,265.06,,,,Expected Delivery Date is missing or invalid
,BLUEDART,17/12/2025,Accepted,Mumbai,Bangalore,-58.56,21/12/2025,19/12/2025,,Missing shipment ID; Invalid freight cost
SHO2643,BLUEDART,01/03/2025,Delayed,Hyderabad,Pune,-79.04,03/05/2025,06/03/2025,,Invalid freight cost
SHO2644,DHL,25/04/2024,Delayed,Bangalore,Hyderabad,-45.15,,,,Expected Delivery Date is missing or invalid; Invalid freight cost
SHO2645,BLUEDART,,IN TRANS,Chennai,Mumbai,,03/06/2025,,,Invalid ship date; Invalid status; Invalid freight cost
SHO2646,FEDEX,23/12/2025,Accepted,Hyderabad,Delhi,229.29,,,,Expected Delivery Date is missing or invalid
SHO2647,BLUEDART,04/12/2025,In Transit,Chennai,Delhi,302.62,19/04/2025,,,Expected Delivery Date is before Ship Date
SHO2648,FEDEX,,UNKNOWN,Delhi,Chennai,192.15,05/10/2025,,,Invalid ship date; Invalid status
SHO2649,DHL,08/11/2024,Pending,Delhi,Bangalore,78.1,18/08/2024,,,Expected Delivery Date is before Ship Date
SHO2650,FEDEX,14/06/2026,Delayed,Bangalore,Pune,227.83,,,,Expected Delivery Date is missing or invalid
SHO2651,FEDEX,30/11/2024,Accepted,Pune,Chennai,-32.51,03/12/2024,,,Invalid freight cost
SHO2652,FEDEX,24/01/2024,Delivered,Pune,Bangalore,-4.22,28/01/2024,31/01/2024,3,Invalid freight cost
SHO2653,DHL,26/04/2025,Delivered,Delhi,Hyderabad,182.83,05/03/2025,,,Delivered Date is missing or invalid for Delivered status; Expected Delivery Date is before Ship Date
SHO2656,FEDEX,,Pending,Hyderabad,Delhi,150.5,20/03/2026,,,Invalid ship date
SHO2657,FEDEX,01/01/2024,Delayed,Pune,Chennai,244.96,,09/01/2024,,Expected Delivery Date is missing or invalid
SHO2658,BLUEDART,03/11/2024,Delivered,Chennai,Delhi,496.05,,23/03/2024,,Expected Delivery Date is missing or invalid; Delivered Date is before Ship Date
SHO2660,DHL,28/10/2025,In Transit,Chennai,Hyderabad,443.12,,,,Expected Delivery Date is missing or invalid
SHO2665,DHL,04/07/2025,Pending,Hyderabad,Pune,344.32,,,,Expected Delivery Date is missing or invalid
SHO2667,FEDEX,23/11/2024,Delivered,Bangalore,Pune,499.46,30/11/2024,12/02/2024,0,Delivered Date is before Ship Date
SHO2670,DHL,11/03/2024,Accepted,Chennai,Bangalore,269.94,,,,Expected Delivery Date is missing or invalid
,DHL,19/01/2025,Pending,Bangalore,Delhi,464.55,,,,Missing shipment ID; Expected Delivery Date is missing or invalid
SHO2674,DHL,28/02/2024,Delivered,Chennai,Pune,320.89,,,,Expected Delivery Date is missing or invalid; Delivered Date is missing or invalid for Delivered status
SHO2676,FEDEX,25/10/2025,Delayed,Delhi,Mumbai,336.18,11/01/2025,11/05/2025,,Expected Delivery Date is before Ship Date
SHO2677,FEDEX,12/03/2024,In Transit,Chennai,Bangalore,127.97,,,,Expected Delivery Date is missing or invalid
SHO2680,BLUEDART,,Delivered,Hyderabad,Pune,331.23,03/06/2024,06/08/2024,64,Invalid ship date
,FEDEX,19/06/2024,Delivered,Chennai,Delhi,272.63,23/06/2024,22/06/2024,0,Missing shipment ID
SHO2686,DHL,27/06/2024,Delivered,Delhi,Bangalore,177.8,,08/07/2024,,Expected Delivery Date is missing or invalid
SHO2687,BLUEDART,,Accepted,Hyderabad,Pune,485.85,09/07/2024,,,Invalid ship date
SHO2688,DHL,,In Transit,Bangalore,Pune,35.93,05/08/2025,,,Invalid ship date
SHO2690,FEDEX,11/06/2025,IN TRANS,Delhi,Bangalore,115.05,,,,Invalid status; Expected Delivery Date is missing or invalid
SHO2691,DHL,,In Transit,Mumbai,Delhi,287.11,,,,Invalid ship date; Expected Delivery Date is missing or invalid
SHO2692,BLUEDART,07/04/2025,Accepted,Delhi,Chennai,-23.08,14/04/2025,,,Invalid freight cost
SHO2696,BLUEDART,29/06/2026,Accepted,Chennai,Pune,475.05,07/05/2026,,,Expected Delivery Date is before Ship Date
SHO2697,FEDEX,,UNKNOWN,Mumbai,Chennai,492.32,08/05/2026,05/07/2026,,Invalid ship date; Invalid status
SHO2698,DHL,,Delayed,Bangalore,Chennai,324.51,27/05/2026,,,Invalid ship date
SHO2699,FEDEX,27/01/2025,Delivered,Chennai,Hyderabad,-71.15,29/01/2025,,,Delivered Date is missing or invalid for Delivered status; Invalid freight cost
SHO2700,BLUEDART,01/07/2025,Delayed,Chennai,Mumbai,497.24,,09/07/2025,,Expected Delivery Date is missing or invalid
SHO2701,DHL,01/12/2024,Delivered,Pune,Delhi,449.51,18/01/2024,22/01/2024,4,Expected Delivery Date is before Ship Date; Delivered Date is before Ship Date
SHO2702,FEDEX,19/01/2025,Accepted,Chennai,Hyderabad,163.91,,,,Expected Delivery Date is missing or invalid
,FEDEX,21/02/2025,Pending,Hyderabad,Bangalore,197.42,25/02/2025,,,Missing shipment ID
SHO2704,BLUEDART,,Pending,Delhi,Mumbai,299.21,16/03/2025,,,Invalid ship date
SHO2705,DHL,04/06/2024,UNKNOWN,Delhi,Hyderabad,,09/04/2024,16/04/2024,,Invalid status; Expected Delivery Date is before Ship Date; Invalid freight cost
SHO2709,DHL,08/05/2024,UNKNOWN,Delhi,Mumbai,234.11,,12/05/2024,,Invalid status; Expected Delivery Date is missing or invalid
SHO2710,BLUEDART,27/10/2024,UNKNOWN,Pune,Bangalore,303.86,31/10/2024,11/02/2024,,Invalid status
SHO2711,DHL,07/09/2025,Delivered,Hyderabad,Bangalore,179.64,14/07/2025,19/07/2025,5,Expected Delivery Date is before Ship Date; Delivered Date is before Ship Date
SHO2713,FEDEX,,Delivered,Hyderabad,Delhi,249.72,11/12/2025,16/12/2025,5,Invalid ship date
SHO2714,FEDEX,18/07/2025,In Transit,Chennai,Pune,-12.01,21/07/2025,,,Invalid freight cost
SHO2716,FEDEX,02/09/2026,Delayed,Chennai,Bangalore,58.17,11/02/2026,15/02/2026,,Expected Delivery Date is before Ship Date
SHO2719,FEDEX,01/11/2025,Accepted,Hyderabad,Chennai,469.92,,,,Expected Delivery Date is missing or invalid
SHO2722,FEDEX,10/02/2025,IN TRANS,Pune,Delhi,353.0,06/10/2025,,,Invalid status
SHO2724,FEDEX,10/07/2025,Delayed,Hyderabad,Bangalore,397.85,,,,Expected Delivery Date is missing or invalid
SHO2725,DHL,,In Transit,Bangalore,Chennai,256.4,14/10/2025,,,Invalid ship date
SHO2726,DHL,,Delivered,Bangalore,Chennai,496.27,23/12/2024,28/12/2024,5,Invalid ship date
SHO2727,BLUEDART,02/04/2024,Delivered,Chennai,Delhi,380.63,,,,Expected Delivery Date is missing or invalid; Delivered Date is missing or invalid for Delivered status
SHO2733,DHL,26/07/2024,In Transit,Pune,Chennai,-70.46,,,,Expected Delivery Date is missing or invalid; Invalid freight cost
SHO2734,DHL,,Pending,Hyderabad,Chennai,-51.52,19/11/2024,,,Invalid ship date; Invalid freight cost
SHO2735,BLUEDART,22/08/2024,Delayed,Hyderabad,Pune,-44.58,29/08/2024,31/08/2024,,Invalid freight cost
,FEDEX,24/10/2024,Delivered,Delhi,Pune,-78.46,31/10/2024,11/03/2024,0,Missing shipment ID; Delivered Date is before Ship Date; Invalid freight cost
SHO2737,FEDEX,,Accepted,Chennai,Mumbai,,,28/03/2024,,Invalid ship date; Expected Delivery Date is missing or invalid; Invalid freight cost
SHO2738,FEDEX,23/07/2024,Pending,Chennai,Delhi,401.0,,,,Expected Delivery Date is missing or invalid
SHO2739,BLUEDART,11/07/2025,IN TRANS,Mumbai,Bangalore,105.28,16/07/2025,,,Invalid status
SHO2742,DHL,11/08/2025,Delivered,Delhi,Chennai,,15/08/2025,14/08/2025,0,Invalid freight cost
SHO2745,DHL,29/10/2024,In Transit,Hyderabad,Bangalore,-48.58,,,,Expected Delivery Date is missing or invalid; Invalid freight cost
SHO2746,DHL,01/06/2025,IN TRANS,Chennai,Hyderabad,91.5,06/08/2025,,,Invalid status
SHO2748,BLUEDART,,Accepted,Pune,Bangalore,-68.19,24/11/2024,26/11/2024,,Invalid ship date; Invalid freight cost
SHO2756,FEDEX,31/10/2025,Pending,Pune,Bangalore,489.38,11/03/2025,,,Expected Delivery Date is before Ship Date
SHO2758,BLUEDART,08/12/2025,In Transit,Chennai,Pune,186.12,14/08/2025,,,Expected Delivery Date is before Ship Date
SHO2760,BLUEDART,27/10/2024,Accepted,Bangalore,Pune,-16.49,11/03/2024,11/08/2024,,Expected Delivery Date is before Ship Date; Invalid freight cost
SHO2761,BLUEDART,04/12/2025,Delivered,Chennai,Bangalore,183.28,14/04/2025,18/04/2025,4,Expected Delivery Date is before Ship Date; Delivered Date is before Ship Date
SHO2762,DHL,,In Transit,Delhi,Bangalore,175.0,06/04/2026,,,Invalid ship date
SHO2764,BLUEDART,,Pending,Bangalore,Chennai,429.93,03/08/2024,,,Invalid ship date
SHO2765,DHL,03/04/2024,Delivered,Mumbai,Hyderabad,380.98,07/03/2024,12/03/2024,5,Expected Delivery Date is before Ship Date; Delivered Date is before Ship Date
,BLUEDART,,Delivered,Delhi,Mumbai,454.74,,18/07/2025,,Missing shipment ID; Invalid ship date; Expected Delivery Date is missing or invalid
SHO2769,DHL,,Delivered,Bangalore,Chennai,33.05,11/05/2025,15/05/2025,4,Invalid ship date
SHO2770,BLUEDART,,Pending,Bangalore,Hyderabad,447.68,15/11/2025,,,Invalid ship date
SHO2771,FEDEX,15/04/2025,Delayed,Bangalore,Mumbai,243.78,,25/04/2025,,Expected Delivery Date is missing or invalid
SHO2772,FEDEX,,UNKNOWN,Pune,Hyderabad,36.57,29/10/2024,11/05/2024,,Invalid ship date; Invalid status
,BLUEDART,08/03/2024,Pending,Pune,Mumbai,237.7,,,,Missing shipment ID; Expected Delivery Date is missing or invalid
SHO2776,FEDEX,06/10/2024,Delivered,Mumbai,Bangalore,,13/06/2024,17/06/2024,4,Expected Delivery Date is before Ship Date; Delivered Date is before Ship Date; Invalid freight cost
SHO2779,DHL,27/05/2025,Delivered,Bangalore,Hyderabad,,,03/06/2025,,Expected Delivery Date is missing or invalid; Invalid freight cost
SHO2780,DHL,16/08/2024,In Transit,Hyderabad,Pune,369.94,,,,Expected Delivery Date is missing or invalid
SHO2781,DHL,22/01/2026,UNKNOWN,Mumbai,Pune,306.04,27/01/2026,,,Invalid status
,FEDEX,,Delivered,Delhi,Pune,30.75,16/05/2024,20/05/2024,4,Missing shipment ID; Invalid ship date
SHO2783,BLUEDART,11/12/2025,In Transit,Hyderabad,Mumbai,-43.51,14/11/2025,,,Expected Delivery Date is before Ship Date; Invalid freight cost
SHO2784,BLUEDART,12/08/2024,In Transit,Delhi,Bangalore,-41.19,11/12/2024,,,Invalid freight cost
SHO2785,BLUEDART,05/12/2025,Delayed,Mumbai,Chennai,-15.04,12/09/2025,16/12/2025,,Expected Delivery Date is before Ship Date; Invalid freight cost
SHO2786,DHL,05/10/2024,UNKNOWN,Hyderabad,Delhi,311.59,14/05/2024,,,Invalid status; Expected Delivery Date is before Ship Date
SHO2788,BLUEDART,04/08/2026,Delayed,Bangalore,Pune,438.66,,,,Expected Delivery Date is missing or invalid
SHO2789,DHL,12/02/2024,UNKNOWN,Delhi,Bangalore,-9.97,14/02/2024,,,Invalid status; Invalid freight cost
SHO2794,FEDEX,16/02/2026,In Transit,Mumbai,Pune,146.63,,,,Expected Delivery Date is missing or invalid
SHO2795,BLUEDART,24/10/2024,Delivered,Chennai,Mumbai,-21.75,28/10/2024,31/10/2024,3,Invalid freight cost
,FEDEX,,Pending,Mumbai,Delhi,150.18,30/11/2024,,,Missing shipment ID; Invalid ship date
SHO2798,DHL,,Accepted,Delhi,Mumbai,456.8,,,,Invalid ship date; Expected Delivery Date is missing or invalid
SHO2799,FEDEX,16/01/2025,In Transit,Chennai,Mumbai,275.67,,,,Expected Delivery Date is missing or invalid
SHO2802,DHL,07/11/2025,Delivered,Bangalore,Mumbai,251.41,11/11/2025,,,Delivered Date is missing or invalid for Delivered status
,FEDEX,,IN TRANS,Bangalore,Mumbai,193.0,08/02/2026,,,Missing shipment ID; Invalid ship date; Invalid status
SHO2807,FEDEX,,In Transit,Delhi,Chennai,-52.22,23/11/2025,,,Invalid ship date; Invalid freight cost
SHO2808,DHL,,Pending,Hyderabad,Chennai,53.57,18/07/2024,,,Invalid ship date
SHO2809,BLUEDART,05/12/2024,Delivered,Delhi,Chennai,283.0,,12/12/2024,,Expected Delivery Date is missing or invalid
SHO2810,BLUEDART,,Pending,Hyderabad,Bangalore,117.39,,,,Invalid ship date; Expected Delivery Date is missing or invalid
SHO2811,BLUEDART,,IN TRANS,Bangalore,Mumbai,158.68,09/03/2025,,,Invalid ship date; Invalid status
SHO2812,BLUEDART,13/06/2026,In Transit,Mumbai,Pune,424.44,,,,Expected Delivery Date is missing or invalid
SHO2813,BLUEDART,05/02/2026,Pending,Chennai,Delhi,20.29,,,,Expected Delivery Date is missing or invalid
SHO2817,BLUEDART,01/09/2024,Delayed,Pune,Bangalore,333.64,,22/01/2024,,Expected Delivery Date is missing or invalid
SHO2819,BLUEDART,30/01/2026,In Transit,Mumbai,Hyderabad,-42.91,06/02/2026,,,Invalid freight cost
SHO2820,BLUEDART,30/03/2025,In Transit,Mumbai,Chennai,,04/06/2025,,,Invalid freight cost
SHO2821,DHL,24/03/2025,Pending,Delhi,Bangalore,,26/03/2025,,,Invalid freight cost
SHO2822,DHL,09/02/2025,Delayed,Bangalore,Chennai,199.19,,13/09/2025,,Expected Delivery Date is missing or invalid
SHO2824,DHL,15/01/2025,Delivered,Mumbai,Bangalore,3.76,19/01/2025,,,Delivered Date is missing or invalid for Delivered status
SHO2825,DHL,08/11/2025,Pending,Bangalore,Pune,22.0,,,,Expected Delivery Date is missing or invalid
SHO2826,DHL,31/03/2024,IN TRANS,Hyderabad,Chennai,273.45,07/04/2024,,,Invalid status
SHO2827,FEDEX,15/12/2025,IN TRANS,Delhi,Chennai,68.29,21/12/2025,,,Invalid status
SHO2829,BLUEDART,11/06/2026,IN TRANS,Bangalore,Pune,406.78,17/06/2026,,,Invalid status
SHO2830,BLUEDART,09/10/2025,In Transit,Mumbai,Hyderabad,131.64,,,,Expected Delivery Date is missing or invalid
SHO2831,FEDEX,12/08/2024,In Transit,Bangalore,Pune,92.96,,,,Expected Delivery Date is missing or invalid
SHO2832,BLUEDART,26/10/2024,Delivered,Pune,Mumbai,238.47,,29/10/2024,,Expected Delivery Date is missing or invalid
SHO2833,BLUEDART,14/04/2026,IN TRANS,Hyderabad,Chennai,164.0,17/04/2026,,,Invalid status
SHO2834,DHL,,Pending,Bangalore,Chennai,74.23,,,,Invalid ship date; Expected Delivery Date is missing or invalid
,BLUEDART,11/03/2024,Pending,Bangalore,Mumbai,467.07,,,,Missing shipment ID; Expected Delivery Date is missing or invalid
SHO2838,BLUEDART,08/09/2024,Delayed,Hyderabad,Bangalore,359.75,,,,Expected Delivery Date is missing or invalid
SHO2840,FEDEX,,Delayed,Delhi,Chennai,261.2,26/03/2025,04/04/2025,,Invalid ship date
SHO2843,FEDEX,06/09/2025,Accepted,Hyderabad,Pune,-74.97,13/09/2025,,,Invalid freight cost
SHO2845,DHL,,Pending,Chennai,Bangalore,355.8,10/04/2024,,,Invalid ship date
SHO2849,BLUEDART,,Delivered,Chennai,Hyderabad,28.69,15/05/2024,,,Invalid ship date; Delivered Date is missing or invalid for Delivered status
SHO2850,BLUEDART,02/03/2024,In Transit,Delhi,Mumbai,343.03,05/02/2024,,,Expected Delivery Date is before Ship Date
SHO2852,FEDEX,21/01/2024,UNKNOWN,Chennai,Bangalore,149.65,24/01/2024,,,Invalid status
SHO2853,BLUEDART,31/05/2025,Delivered,Delhi,Chennai,418.55,06/03/2025,06/08/2025,153,Expected Delivery Date is before Ship Date
SHO2855,FEDEX,30/03/2025,Delivered,Bangalore,Pune,1.49,,,,Expected Delivery Date is missing or invalid; Delivered Date is missing or invalid for Delivered status
SHO2856,DHL,31/05/2024,Pending,Mumbai,Delhi,219.74,06/04/2024,,,Expected Delivery Date is before Ship Date
SHO2858,BLUEDART,02/06/2025,Delivered,Mumbai,Pune,210.47,,09/06/2025,,Expected Delivery Date is missing or invalid
SHO2860,FEDEX,04/04/2025,Delayed,Chennai,Mumbai,-42.4,07/04/2025,16/04/2025,,Invalid freight cost
SHO2863,BLUEDART,29/03/2025,Delayed,Pune,Chennai,35.39,,04/10/2025,,Expected Delivery Date is missing or invalid
SHO2864,DHL,24/10/2024,Accepted,Bangalore,Delhi,390.31,,,,Expected Delivery Date is missing or invalid
SHO2865,BLUEDART,15/07/2025,Delayed,Chennai,Bangalore,-65.04,21/07/2025,27/07/2025,,Invalid freight cost
SHO2866,DHL,05/06/2024,IN TRANS,Chennai,Pune,465.9,07/06/2024,,,Invalid status
SHO2867,FEDEX,19/06/2025,Delivered,Mumbai,Pune,-11.05,26/06/2025,,,Delivered Date is missing or invalid for Delivered status; Invalid freight cost
SHO2868,FEDEX,16/02/2024,Delayed,Bangalore,Delhi,,20/02/2024,26/02/2024,,Invalid freight cost
SHO2871,DHL,,In Transit,Chennai,Hyderabad,-42.52,,,,Invalid ship date; Expected Delivery Date is missing or invalid; Invalid freight cost
SHO2872,FEDEX,,Pending,Bangalore,Hyderabad,,20/11/2025,,,Invalid ship date; Invalid freight cost
SHO2873,BLUEDART,29/03/2026,Delivered,Chennai,Bangalore,161.93,,05/04/2026,,Expected Delivery Date is missing or invalid
SHO2874,FEDEX,24/05/2025,Accepted,Hyderabad,Pune,-71.93,30/05/2025,,,Invalid freight cost
SHO2875,DHL,28/10/2024,In Transit,Bangalore,Chennai,269.59,11/04/2024,,,Expected Delivery Date is before Ship Date
,FEDEX,,Delivered,Bangalore,Chennai,491.89,,22/10/2024,,Missing shipment ID; Invalid ship date; Expected Delivery Date is missing or invalid
SHO2881,BLUEDART,28/04/2026,In Transit,Chennai,Mumbai,-1.68,05/04/2026,,,Expected Delivery Date is before Ship Date; Invalid freight cost
SHO2884,DHL,18/12/2024,UNKNOWN,Bangalore,Delhi,408.63,24/12/2024,,,Invalid status
SHO2885,BLUEDART,10/07/2024,UNKNOWN,Pune,Bangalore,428.55,10/10/2024,10/08/2024,,Invalid status
SHO2887,FEDEX,12/09/2024,Pending,Mumbai,Bangalore,380.23,,,,Expected Delivery Date is missing or invalid
SHO2888,BLUEDART,11/08/2025,IN TRANS,Bangalore,Hyderabad,75.72,17/08/2025,,,Invalid status
SHO2889,FEDEX,23/09/2024,Delivered,Mumbai,Bangalore,,25/09/2024,,,Delivered Date is missing or invalid for Delivered status; Invalid freight cost
SHO2890,DHL,14/06/2026,Delayed,Bangalore,Hyderabad,200.52,,21/06/2026,,Expected Delivery Date is missing or invalid
SHO2891,BLUEDART,06/08/2025,Delayed,Bangalore,Pune,-18.87,13/06/2025,18/06/2025,,Expected Delivery Date is before Ship Date; Invalid freight cost
SHO2893,FEDEX,23/09/2024,Delivered,Mumbai,Hyderabad,-29.78,,,,Expected Delivery Date is missing or invalid; Delivered Date is missing or invalid for Delivered status; Invalid freight cost
SHO2897,FEDEX,30/06/2025,In Transit,Delhi,Pune,162.87,07/02/2025,,,Expected Delivery Date is before Ship Date
SHO2898,DHL,03/12/2025,Pending,Pune,Bangalore,,,,,Expected Delivery Date is missing or invalid; Invalid freight cost
SHO2899,BLUEDART,30/06/2024,In Transit,Bangalore,Mumbai,381.73,,,,Expected Delivery Date is missing or invalid
SHO2901,DHL,11/08/2025,Pending,Hyderabad,Delhi,308.96,,,,Expected Delivery Date is missing or invalid
,BLUEDART,02/10/2026,In Transit,Hyderabad,Mumbai,45.68,15/02/2026,,,Missing shipment ID; Expected Delivery Date is before Ship Date
SHO2904,FEDEX,,Pending,Chennai,Hyderabad,129.3,07/08/2025,,,Invalid ship date
SHO2905,DHL,,In Transit,Pune,Hyderabad,364.21,,,,Invalid ship date; Expected Delivery Date is missing or invalid
SHO2906,FEDEX,28/04/2024,Delayed,Delhi,Pune,-31.63,05/03/2024,,,Expected Delivery Date is before Ship Date; Invalid freight cost
SHO2907,DHL,,Pending,Mumbai,Pune,40.1,09/12/2025,,,Invalid ship date
SHO2908,DHL,,Delayed,Chennai,Hyderabad,-75.48,18/07/2024,20/07/2024,,Invalid ship date; Invalid freight cost
SHO2912,FEDEX,11/01/2025,Pending,Chennai,Pune,-30.44,15/01/2025,,,Invalid freight cost
SHO2913,BLUEDART,02/07/2025,Delayed,Delhi,Hyderabad,103.23,,21/02/2025,,Expected Delivery Date is missing or invalid
SHO2916,FEDEX,,IN TRANS,Mumbai,Pune,-75.68,17/07/2024,,,Invalid ship date; Invalid status; Invalid freight cost
SHO2917,DHL,19/11/2025,UNKNOWN,Pune,Hyderabad,182.12,,29/11/2025,,Invalid status; Expected Delivery Date is missing or invalid
SHO2920,BLUEDART,,Pending,Pune,Hyderabad,103.92,20/09/2024,,,Invalid ship date
SHO2921,DHL,22/06/2026,IN TRANS,Bangalore,Mumbai,-6.75,24/06/2026,,,Invalid status; Invalid freight cost
SHO2923,DHL,17/08/2025,Delivered,Mumbai,Delhi,102.39,,20/08/2025,,Expected Delivery Date is missing or invalid
SHO2924,DHL,,In Transit,Bangalore,Delhi,350.84,21/10/2025,,,Invalid ship date
SHO2926,FEDEX,15/05/2025,IN TRANS,Bangalore,Delhi,405.93,18/05/2025,,,Invalid status
SHO2927,BLUEDART,06/04/2024,Delivered,Mumbai,Pune,,10/04/2024,10/04/2024,0,Invalid freight cost
SHO2928,BLUEDART,19/01/2024,UNKNOWN,Hyderabad,Chennai,448.92,21/01/2024,30/01/2024,,Invalid status
SHO2930,DHL,09/12/2025,Delivered,Bangalore,Chennai,437.21,,15/09/2025,,Expected Delivery Date is missing or invalid; Delivered Date is before Ship Date
SHO2933,FEDEX,01/03/2024,Accepted,Hyderabad,Mumbai,320.28,06/01/2024,,,Expected Delivery Date is before Ship Date
SHO2938,DHL,,Pending,Mumbai,Bangalore,6.4,,,,Invalid ship date; Expected Delivery Date is missing or invalid
SHO2939,FEDEX,06/11/2025,Delivered,Pune,Hyderabad,-37.28,13/11/2025,14/11/2025,1,Invalid freight cost
SHO2940,BLUEDART,02/05/2026,Delivered,Delhi,Bangalore,,09/05/2026,08/05/2026,0,Invalid freight cost
SHO2941,DHL,,Delivered,Chennai,Delhi,418.86,07/01/2026,29/06/2026,173,Invalid ship date
SHO2947,FEDEX,28/08/2025,Pending,Mumbai,Chennai,362.98,09/01/2025,,,Expected Delivery Date is before Ship Date
SHO2948,DHL,,Delivered,Hyderabad,Pune,-70.64,04/06/2025,10/04/2025,0,Invalid ship date; Invalid freight cost
SHO2949,DHL,14/12/2025,Delayed,Bangalore,Mumbai,499.36,,26/12/2025,,Expected Delivery Date is missing or invalid
SHO2950,DHL,29/09/2025,Delayed,Mumbai,Chennai,484.07,10/01/2025,,,Expected Delivery Date is before Ship Date
SHO2951,DHL,13/06/2025,Delayed,Delhi,Mumbai,-53.85,16/06/2025,18/06/2025,,Invalid freight cost
SHO2952,DHL,03/03/2024,Delivered,Delhi,Mumbai,166.27,,03/07/2024,,Expected Delivery Date is missing or invalid
SHO2953,DHL,,Pending,Hyderabad,Pune,,20/04/2026,,,Invalid ship date; Invalid freight cost
SHO2954,BLUEDART,01/12/2024,Pending,Bangalore,Delhi,-22.74,18/01/2024,,,Expected Delivery Date is before Ship Date; Invalid freight cost
SHO2957,BLUEDART,06/02/2024,Delayed,Bangalore,Hyderabad,-38.5,10/02/2024,12/02/2024,,Invalid freight cost
SHO2961,DHL,,Accepted,Bangalore,Pune,142.75,,,,Invalid ship date; Expected Delivery Date is missing or invalid
SHO2963,BLUEDART,,In Transit,Bangalore,Mumbai,394.76,20/06/2026,,,Invalid ship date
SHO2965,BLUEDART,,Delayed,Chennai,Bangalore,65.75,20/02/2026,22/02/2026,,Invalid ship date
SHO2966,FEDEX,,Delivered,Bangalore,Hyderabad,316.05,10/09/2024,,,Invalid ship date; Delivered Date is missing or invalid for Delivered status
SHO2967,FEDEX,08/12/2025,IN TRANS,Delhi,Bangalore,-68.39,,,,Invalid status; Expected Delivery Date is missing or invalid; Invalid freight cost
SHO2968,BLUEDART,27/07/2025,Delivered,Hyderabad,Mumbai,408.94,02/08/2025,,,Delivered Date is missing or invalid for Delivered status
SHO2971,FEDEX,,IN TRANS,Hyderabad,Chennai,-6.82,,,,Invalid ship date; Invalid status; Expected Delivery Date is missing or invalid; Invalid freight cost
SHO2973,BLUEDART,05/11/2025,Delayed,Bangalore,Mumbai,303.71,15/05/2025,23/05/2025,,Expected Delivery Date is before Ship Date
SHO2975,DHL,,In Transit,Delhi,Chennai,204.55,10/11/2025,,,Invalid ship date
SHO2978,BLUEDART,04/01/2026,UNKNOWN,Mumbai,Pune,257.02,,,,Invalid status; Expected Delivery Date is missing or invalid
SHO2979,BLUEDART,,Delivered,Chennai,Pune,28.69,22/03/2026,26/03/2026,4,Invalid ship date
SHO2981,FEDEX,21/10/2024,UNKNOWN,Pune,Chennai,497.09,27/10/2024,,,Invalid status
SHO2982,DHL,29/06/2024,In Transit,Delhi,Bangalore,-59.08,04/07/2024,,,Invalid freight cost
SHO2983,FEDEX,,Pending,Bangalore,Pune,-43.28,25/01/2024,,,Invalid ship date; Invalid freight cost
SHO2985,BLUEDART,17/05/2026,IN TRANS,Hyderabad,Bangalore,163.91,21/05/2026,,,Invalid status
,FEDEX,,IN TRANS,Hyderabad,Bangalore,143.25,06/01/2025,,,Missing shipment ID; Invalid ship date; Invalid status
SHO2989,BLUEDART,05/01/2025,Delivered,Hyderabad,Chennai,-0.75,03/05/2025,08/05/2025,5,Invalid freight cost
SHO2990,BLUEDART,11/10/2024,Accepted,Chennai,Hyderabad,408.3,,,,Expected Delivery Date is missing or invalid
SHO2991,BLUEDART,25/06/2026,In Transit,Mumbai,Bangalore,345.61,07/02/2026,,,Expected Delivery Date is before Ship Date
SHO2992,DHL,05/06/2025,IN TRANS,Chennai,Mumbai,208.76,05/12/2025,,,Invalid status
SHO2993,FEDEX,,UNKNOWN,Chennai,Mumbai,,21/11/2024,23/11/2024,,Invalid ship date; Invalid status; Invalid freight cost
SHO2994,DHL,,Delayed,Mumbai,Pune,-1.9,07/08/2025,08/11/2025,,Invalid ship date; Invalid freight cost
SHO2995,FEDEX,21/11/2024,Delayed,Hyderabad,Mumbai,-34.21,24/11/2024,,,Invalid freight cost
,DHL,,Delayed,Pune,Delhi,322.76,,05/12/2025,,Missing shipment ID; Invalid ship date; Expected Delivery Date is missing or invalid
SHO2999,FEDEX,16/05/2026,Delivered,Delhi,Mumbai,264.27,,19/05/2026,,Expected Delivery Date is missing or invalid
SHO3003,DHL,16/06/2026,IN TRANS,Mumbai,Bangalore,304.5,23/06/2026,,,Invalid status
SHO3004,BLUEDART,06/03/2026,Pending,Hyderabad,Chennai,-16.57,03/08/2026,,,Invalid freight cost
SHO3005,BLUEDART,28/12/2024,Pending,Mumbai,Delhi,-55.62,31/12/2024,,,Invalid freight cost
SHO3006,DHL,,Delayed,Delhi,Mumbai,282.0,02/07/2026,,,Invalid ship date
SHO3007,DHL,16/11/2025,UNKNOWN,Hyderabad,Chennai,301.6,19/11/2025,,,Invalid status
SHO3008,BLUEDART,29/04/2024,UNKNOWN,Chennai,Bangalore,6.92,05/01/2024,,,Invalid status; Expected Delivery Date is before Ship Date
SHO3009,DHL,13/08/2025,Pending,Mumbai,Delhi,,,,,Expected Delivery Date is missing or invalid; Invalid freight cost
SHO3010,FEDEX,08/02/2024,Delayed,Pune,Mumbai,,,14/02/2024,,Expected Delivery Date is missing or invalid; Invalid freight cost
SHO3011,FEDEX,02/07/2024,Pending,Chennai,Delhi,84.69,07/06/2024,,,Expected Delivery Date is before Ship Date
SHO3012,FEDEX,10/09/2025,Delivered,Hyderabad,Pune,12.41,13/09/2025,,,Delivered Date is missing or invalid for Delivered status
SHO3013,DHL,29/09/2025,Pending,Bangalore,Delhi,230.15,10/02/2025,,,Expected Delivery Date is before Ship Date
SHO3014,BLUEDART,,Pending,Pune,Mumbai,388.88,09/03/2025,,,Invalid ship date
SHO3015,DHL,16/12/2024,UNKNOWN,Hyderabad,Delhi,154.9,19/12/2024,,,Invalid status
SHO3016,DHL,,Delivered,Pune,Chennai,17.67,16/06/2026,20/06/2026,4,Invalid ship date
SHO3017,FEDEX,,In Transit,Pune,Chennai,356.9,29/03/2025,,,Invalid ship date
SHO3018,BLUEDART,26/05/2026,Delayed,Hyderabad,Chennai,-3.0,30/05/2026,06/03/2026,,Invalid freight cost
SHO3020,DHL,13/10/2025,IN TRANS,Chennai,Hyderabad,437.38,,,,Invalid status; Expected Delivery Date is missing or invalid
SHO3021,DHL,24/08/2024,UNKNOWN,Bangalore,Chennai,358.75,28/08/2024,,,Invalid status
SHO3022,BLUEDART,28/01/2025,IN TRANS,Mumbai,Pune,247.83,02/04/2025,,,Invalid status
SHO3023,FEDEX,21/04/2026,Accepted,Bangalore,Chennai,-46.54,26/04/2026,,,Invalid freight cost
SHO3024,DHL,24/11/2024,UNKNOWN,Pune,Hyderabad,381.14,26/11/2024,29/11/2024,,Invalid status
,FEDEX,12/07/2024,In Transit,Pune,Hyderabad,11.06,17/07/2024,,,Missing shipment ID
SHO3027,FEDEX,06/05/2026,Pending,Pune,Delhi,352.78,,,,Expected Delivery Date is missing or invalid
SHO3029,BLUEDART,29/07/2025,UNKNOWN,Hyderabad,Chennai,438.11,08/04/2025,,,Invalid status; Expected Delivery Date is before Ship Date
SHO3031,FEDEX,,IN TRANS,Hyderabad,Bangalore,277.08,18/05/2026,,,Invalid ship date; Invalid status
SHO3035,BLUEDART,16/04/2024,Delivered,Bangalore,Hyderabad,,18/04/2024,18/04/2024,0,Invalid freight cost
SHO3036,BLUEDART,15/03/2025,Pending,Mumbai,Chennai,95.86,,,,Expected Delivery Date is missing or invalid
SHO3040,BLUEDART,15/01/2024,In Transit,Mumbai,Pune,,,,,Expected Delivery Date is missing or invalid; Invalid freight cost
SHO3041,DHL,07/11/2025,Delivered,Delhi,Hyderabad,74.43,15/07/2025,13/07/2025,0,Expected Delivery Date is before Ship Date; Delivered Date is before Ship Date
SHO3042,FEDEX,09/01/2024,Accepted,Chennai,Mumbai,-8.48,15/01/2024,,,Invalid freight cost
SHO3043,FEDEX,04/11/2025,Pending,Delhi,Bangalore,252.64,15/04/2025,,,Expected Delivery Date is before Ship Date
SHO3044,BLUEDART,,Delayed,Bangalore,Hyderabad,26.02,,,,Invalid ship date; Expected Delivery Date is missing or invalid
SHO3045,BLUEDART,10/12/2025,Delivered,Chennai,Mumbai,96.14,19/10/2025,,,Delivered Date is missing or invalid for Delivered status; Expected Delivery Date is before Ship Date
SHO3046,FEDEX,25/03/2025,Delayed,Bangalore,Hyderabad,-6.5,04/01/2025,10/04/2025,,Expected Delivery Date is before Ship Date; Invalid freight cost
SHO3047,DHL,24/07/2024,Delivered,Hyderabad,Chennai,-34.86,,26/07/2024,,Expected Delivery Date is missing or invalid; Invalid freight cost
SHO3048,DHL,11/07/2025,Accepted,Pune,Chennai,,,19/07/2025,,Expected Delivery Date is missing or invalid; Invalid freight cost
SHO3054,FEDEX,29/10/2025,UNKNOWN,Hyderabad,Chennai,329.5,04/11/2025,11/07/2025,,Invalid status
,FEDEX,25/05/2026,Accepted,Mumbai,Delhi,289.28,27/05/2026,,,Missing shipment ID
SHO3057,FEDEX,,Delivered,Mumbai,Hyderabad,424.13,,,,Invalid ship date; Expected Delivery Date is missing or invalid; Delivered Date is missing or invalid for Delivered status
SHO3058,BLUEDART,02/06/2025,Pending,Chennai,Bangalore,318.18,06/05/2025,,,Expected Delivery Date is before Ship Date
SHO3062,BLUEDART,01/04/2026,Accepted,Delhi,Hyderabad,489.74,,,,Expected Delivery Date is missing or invalid
SHO3063,BLUEDART,23/09/2024,UNKNOWN,Hyderabad,Pune,-39.54,27/09/2024,,,Invalid status; Invalid freight cost
SHO3064,FEDEX,21/01/2024,Delivered,Bangalore,Hyderabad,62.74,,29/01/2024,,Expected Delivery Date is missing or invalid
SHO3065,FEDEX,,In Transit,Delhi,Chennai,470.25,,,,Invalid ship date; Expected Delivery Date is missing or invalid
SHO3066,DHL,06/01/2026,IN TRANS,Delhi,Chennai,449.84,,,,Invalid status; Expected Delivery Date is missing or invalid
SHO3068,DHL,03/09/2025,In Transit,Chennai,Hyderabad,213.43,15/03/2025,,,Expected Delivery Date is before Ship Date
SHO3069,FEDEX,,Pending,Mumbai,Bangalore,-28.62,15/08/2025,,,Invalid ship date; Invalid freight cost
SHO3070,DHL,,IN TRANS,Delhi,Hyderabad,-47.59,03/10/2024,,,Invalid ship date; Invalid status; Invalid freight cost
SHO3071,FEDEX,,In Transit,Chennai,Delhi,461.12,,,,Invalid ship date; Expected Delivery Date is missing or invalid
SHO3073,BLUEDART,08/10/2024,Delivered,Chennai,Bangalore,189.35,15/08/2024,13/08/2024,0,Expected Delivery Date is before Ship Date; Delivered Date is before Ship Date
,DHL,,Pending,Mumbai,Hyderabad,154.71,,,,Missing shipment ID; Invalid ship date; Expected Delivery Date is missing or invalid
SHO3075,FEDEX,23/02/2024,IN TRANS,Chennai,Bangalore,348.45,25/02/2024,,,Invalid status
SHO3079,DHL,,Delivered,Pune,Chennai,52.08,17/08/2025,18/08/2025,1,Invalid ship date
SHO3081,FEDEX,25/12/2024,Delayed,Pune,Hyderabad,,,02/01/2025,,Expected Delivery Date is missing or invalid; Invalid freight cost
SHO3082,FEDEX,,Delayed,Mumbai,Bangalore,343.51,06/08/2024,,,Invalid ship date
SHO3083,FEDEX,,In Transit,Chennai,Bangalore,32.77,04/05/2025,,,Invalid ship date
SHO3084,FEDEX,,In Transit,Delhi,Chennai,345.08,13/09/2025,,,Invalid ship date
SHO3085,BLUEDART,25/11/2025,UNKNOWN,Delhi,Mumbai,483.29,02/12/2025,,,Invalid status
SHO3086,DHL,,Delayed,Mumbai,Chennai,409.4,,,,Invalid ship date; Expected Delivery Date is missing or invalid
,FEDEX,21/02/2025,Delivered,Pune,Bangalore,153.41,26/02/2025,,,Missing shipment ID; Delivered Date is missing or invalid for Delivered status
SHO3093,DHL,,Pending,Bangalore,Mumbai,37.39,06/07/2024,,,Invalid ship date
SHO3097,BLUEDART,19/09/2024,Delivered,Chennai,Hyderabad,45.74,,27/09/2024,,Expected Delivery Date is missing or invalid
SHO3098,BLUEDART,12/06/2026,UNKNOWN,Hyderabad,Pune,468.12,18/06/2026,23/06/2026,,Invalid status
SHO3099,DHL,28/05/2026,UNKNOWN,Mumbai,Chennai,341.56,30/05/2026,06/01/2026,,Invalid status
SHO3102,DHL,25/01/2025,Delivered,Bangalore,Hyderabad,256.52,,25/01/2025,,Expected Delivery Date is missing or invalid
SHO3104,BLUEDART,19/03/2026,UNKNOWN,Hyderabad,Chennai,230.24,21/03/2026,,,Invalid status
SHO3105,DHL,,Delayed,Delhi,Mumbai,168.76,06/06/2026,13/06/2026,,Invalid ship date
SHO3107,BLUEDART,29/06/2024,IN TRANS,Delhi,Chennai,499.11,01/07/2024,,,Invalid status
SHO3109,FEDEX,04/07/2024,In Transit,Chennai,Hyderabad,-36.34,,,,Expected Delivery Date is missing or invalid; Invalid freight cost
SHO3113,FEDEX,31/05/2025,Delivered,Delhi,Pune,45.11,06/05/2025,06/06/2025,31,Expected Delivery Date is before Ship Date
,FEDEX,04/08/2024,Accepted,Bangalore,Hyderabad,38.62,04/12/2024,17/04/2024,,Missing shipment ID
SHO3116,FEDEX,18/06/2025,Pending,Bangalore,Delhi,354.13,,,,Expected Delivery Date is missing or invalid
SHO3118,FEDEX,,Delayed,Delhi,Pune,134.65,09/03/2024,17/03/2024,,Invalid ship date
SHO3120,FEDEX,,Pending,Hyderabad,Bangalore,462.32,13/07/2024,,,Invalid ship date
SHO3122,BLUEDART,,IN TRANS,Bangalore,Hyderabad,367.53,18/03/2026,,,Invalid ship date; Invalid status
SHO3123,FEDEX,25/11/2025,In Transit,Pune,Bangalore,-54.27,12/02/2025,,,Expected Delivery Date is before Ship Date; Invalid freight cost
SHO3127,BLUEDART,27/01/2025,Delivered,Chennai,Bangalore,-61.99,29/01/2025,28/01/2025,0,Invalid freight cost
,FEDEX,17/02/2024,Delivered,Bangalore,Hyderabad,262.94,22/02/2024,27/02/2024,5,Missing shipment ID
SHO3131,BLUEDART,,Pending,Bangalore,Mumbai,16.36,,,,Invalid ship date; Expected Delivery Date is missing or invalid
SHO3132,FEDEX,28/02/2024,Accepted,Pune,Delhi,317.9,03/01/2024,03/04/2024,,Expected Delivery Date is before Ship Date
SHO3134,FEDEX,28/06/2026,Pending,Pune,Bangalore,-20.31,04/07/2026,,,Invalid freight cost
,DHL,18/08/2024,In Transit,Delhi,Pune,,21/08/2024,,,Missing shipment ID; Invalid freight cost
SHO3136,BLUEDART,27/06/2026,Accepted,Bangalore,Chennai,-27.24,03/07/2026,,,Invalid freight cost
SHO3137,FEDEX,,Delayed,Pune,Chennai,438.8,,26/05/2025,,Invalid ship date; Expected Delivery Date is missing or invalid
SHO3139,BLUEDART,,Pending,Delhi,Chennai,61.67,06/05/2024,,,Invalid ship date
,FEDEX,,Delayed,Hyderabad,Delhi,48.93,08/04/2025,08/08/2025,,Missing shipment ID; Invalid ship date
SHO3143,DHL,18/09/2024,Delivered,Hyderabad,Bangalore,287.21,,,,Expected Delivery Date is missing or invalid; Delivered Date is missing or invalid for Delivered status
SHO3144,BLUEDART,22/01/2024,Delayed,Pune,Bangalore,,24/01/2024,26/01/2024,,Invalid freight cost
SHO3145,FEDEX,04/12/2025,In Transit,Delhi,Pune,,19/04/2025,,,Expected Delivery Date is before Ship Date; Invalid freight cost
SHO3146,FEDEX,08/11/2025,Delayed,Bangalore,Hyderabad,310.71,,19/11/2025,,Expected Delivery Date is missing or invalid
SHO3147,BLUEDART,01/11/2024,Delayed,Mumbai,Hyderabad,435.19,15/01/2024,24/01/2024,,Expected Delivery Date is before Ship Date
SHO3148,DHL,15/03/2026,Delayed,Delhi,Mumbai,339.1,,30/03/2026,,Expected Delivery Date is missing or invalid
SHO3149,FEDEX,22/02/2024,Delayed,Pune,Bangalore,4.19,,29/02/2024,,Expected Delivery Date is missing or invalid
SHO3150,FEDEX,30/08/2025,IN TRANS,Bangalore,Hyderabad,37.81,06/09/2025,,,Invalid status
SHO3152,DHL,,In Transit,Hyderabad,Mumbai,107.34,,,,Invalid ship date; Expected Delivery Date is missing or invalid
SHO3153,BLUEDART,11/03/2024,UNKNOWN,Delhi,Mumbai,134.59,18/03/2024,,,Invalid status
SHO3154,DHL,04/01/2025,In Transit,Chennai,Pune,275.87,,,,Expected Delivery Date is missing or invalid
SHO3157,FEDEX,17/08/2025,UNKNOWN,Hyderabad,Bangalore,10.04,22/08/2025,,,Invalid status
SHO3160,FEDEX,,Pending,Hyderabad,Pune,47.2,,,,Invalid ship date; Expected Delivery Date is missing or invalid
,FEDEX,20/04/2025,Delivered,Bangalore,Mumbai,153.07,,22/04/2025,,Missing shipment ID; Expected Delivery Date is missing or invalid
SHO3162,FEDEX,16/02/2026,IN TRANS,Mumbai,Delhi,122.04,23/02/2026,,,Invalid status
SHO3163,FEDEX,,Delivered,Mumbai,Hyderabad,97.01,21/07/2025,24/07/2025,3,Invalid ship date
SHO3165,FEDEX,28/09/2024,Delayed,Delhi,Pune,317.43,10/02/2024,10/06/2024,,Expected Delivery Date is before Ship Date
SHO3166,BLUEDART,,Accepted,Chennai,Pune,354.15,,23/10/2025,,Invalid ship date; Expected Delivery Date is missing or invalid
,BLUEDART,04/04/2026,In Transit,Mumbai,Pune,354.77,07/04/2026,,,Missing shipment ID
SHO3169,DHL,,Pending,Delhi,Chennai,433.78,08/07/2025,,,Invalid ship date
SHO3170,FEDEX,03/06/2024,UNKNOWN,Mumbai,Hyderabad,-23.33,11/03/2024,14/03/2024,,Invalid status; Expected Delivery Date is before Ship Date; Invalid freight cost
SHO3171,BLUEDART,15/07/2025,In Transit,Delhi,Hyderabad,-53.7,,,,Expected Delivery Date is missing or invalid; Invalid freight cost
SHO3172,BLUEDART,30/06/2026,Delivered,Chennai,Pune,379.48,,07/03/2026,,Expected Delivery Date is missing or invalid; Delivered Date is before Ship Date
SHO3174,BLUEDART,04/07/2025,Delayed,Pune,Delhi,362.61,,,,Expected Delivery Date is missing or invalid
SHO3175,DHL,24/04/2024,Delivered,Delhi,Bangalore,-33.07,28/04/2024,05/03/2024,0,Delivered Date is before Ship Date; Invalid freight cost
SHO3176,DHL,,Delayed,Bangalore,Mumbai,435.07,29/10/2025,06/11/2025,,Invalid ship date
SHO3178,DHL,19/05/2025,IN TRANS,Hyderabad,Bangalore,,21/05/2025,,,Invalid status; Invalid freight cost
SHO3180,BLUEDART,03/06/2026,Pending,Hyderabad,Pune,437.8,,,,Expected Delivery Date is missing or invalid
SHO3182,BLUEDART,23/02/2024,UNKNOWN,Hyderabad,Delhi,323.11,28/02/2024,,,Invalid status
SHO3184,DHL,24/10/2025,Pending,Mumbai,Bangalore,,26/10/2025,,,Invalid freight cost
SHO3186,DHL,,In Transit,Mumbai,Chennai,311.76,31/12/2025,,,Invalid ship date
SHO3187,FEDEX,,Pending,Bangalore,Mumbai,130.07,07/02/2026,,,Invalid ship date
SHO3188,BLUEDART,26/03/2025,IN TRANS,Bangalore,Hyderabad,100.99,01/04/2025,,,Invalid status
SHO3189,DHL,23/05/2025,Delivered,Delhi,Chennai,-43.9,25/05/2025,30/05/2025,5,Invalid freight cost
SHO3191,FEDEX,10/01/2024,Pending,Chennai,Bangalore,344.07,,,,Expected Delivery Date is missing or invalid
,FEDEX,27/06/2026,In Transit,Pune,Hyderabad,136.62,01/07/2026,,,Missing shipment ID
SHO3195,DHL,23/01/2025,Accepted,Pune,Chennai,-12.47,,,,Expected Delivery Date is missing or invalid; Invalid freight cost
SHO3197,FEDEX,12/06/2024,Accepted,Delhi,Chennai,,10/12/2024,,,Invalid freight cost
SHO3198,BLUEDART,04/12/2026,Delivered,Chennai,Hyderabad,99.97,19/04/2026,23/04/2026,4,Expected Delivery Date is before Ship Date; Delivered Date is before Ship Date
SHO3203,DHL,29/08/2024,In Transit,Delhi,Pune,201.7,09/03/2024,,,Expected Delivery Date is before Ship Date
,DHL,27/01/2025,Pending,Delhi,Bangalore,46.51,29/01/2025,,,Missing shipment ID
SHO3205,BLUEDART,27/09/2024,Delivered,Delhi,Mumbai,-66.13,30/09/2024,10/02/2024,0,Delivered Date is before Ship Date; Invalid freight cost
SHO3206,DHL,31/01/2025,Pending,Hyderabad,Chennai,,02/06/2025,,,Invalid freight cost
SHO3207,BLUEDART,08/01/2025,Delayed,Mumbai,Hyderabad,492.4,,,,Expected Delivery Date is missing or invalid
SHO3209,BLUEDART,01/05/2025,IN TRANS,Hyderabad,Bangalore,444.8,06/05/2025,,,Invalid status
SHO3211,DHL,01/01/2025,Delayed,Bangalore,Mumbai,-18.34,01/07/2025,,,Invalid freight cost
SHO3215,DHL,27/10/2025,In Transit,Delhi,Bangalore,86.61,,,,Expected Delivery Date is missing or invalid
SHO3216,BLUEDART,17/09/2024,Pending,Chennai,Hyderabad,14.84,,,,Expected Delivery Date is missing or invalid
SHO3218,DHL,,Delivered,Delhi,Pune,184.58,22/11/2024,24/11/2024,2,Invalid ship date
SHO3220,FEDEX,06/08/2026,Accepted,Pune,Chennai,336.03,,,,Expected Delivery Date is missing or invalid
SHO3224,FEDEX,05/08/2024,Accepted,Bangalore,Mumbai,491.56,,,,Expected Delivery Date is missing or invalid
SHO3225,BLUEDART,,In Transit,Delhi,Chennai,411.15,28/03/2026,,,Invalid ship date
SHO3226,FEDEX,,Delayed,Bangalore,Chennai,,26/06/2026,02/07/2026,,Invalid ship date; Invalid freight cost
SHO3227,FEDEX,01/10/2025,Accepted,Pune,Hyderabad,338.77,,10/12/2025,,Expected Delivery Date is missing or invalid
SHO3228,DHL,04/10/2024,Accepted,Chennai,Delhi,359.9,,,,Expected Delivery Date is missing or invalid
SHO3231,FEDEX,04/11/2024,Pending,Hyderabad,Bangalore,208.74,,,,Expected Delivery Date is missing or invalid
SHO3234,FEDEX,,Delivered,Bangalore,Chennai,314.64,,,,Invalid ship date; Expected Delivery Date is missing or invalid; Delivered Date is missing or invalid for Delivered status
SHO3236,BLUEDART,05/02/2024,UNKNOWN,Pune,Delhi,118.01,12/02/2024,,,Invalid status
SHO3237,BLUEDART,25/04/2026,IN TRANS,Pune,Chennai,453.36,29/04/2026,,,Invalid status
SHO3238,FEDEX,29/08/2024,Delivered,Pune,Chennai,-21.28,,,,Expected Delivery Date is missing or invalid; Delivered Date is missing or invalid for Delivered status; Invalid freight cost
SHO3243,FEDEX,14/10/2024,Pending,Mumbai,Delhi,-12.9,19/10/2024,,,Invalid freight cost
SHO3244,BLUEDART,18/09/2024,Delayed,Hyderabad,Pune,235.16,,21/09/2024,,Expected Delivery Date is missing or invalid
SHO3245,BLUEDART,04/12/2025,Delayed,Pune,Hyderabad,346.21,,,,Expected Delivery Date is missing or invalid
,DHL,,Delivered,Bangalore,Hyderabad,187.48,19/02/2025,,,Missing shipment ID; Invalid ship date; Delivered Date is missing or invalid for Delivered status
SHO3248,FEDEX,17/07/2024,IN TRANS,Delhi,Hyderabad,,19/07/2024,,,Invalid status; Invalid freight cost
SHO3249,FEDEX,25/09/2024,Pending,Delhi,Mumbai,121.39,10/02/2024,,,Expected Delivery Date is before Ship Date
SHO3252,BLUEDART,07/11/2024,Delivered,Pune,Mumbai,430.25,,13/11/2024,,Expected Delivery Date is missing or invalid
SHO3255,DHL,10/05/2026,IN TRANS,Delhi,Bangalore,168.08,16/05/2026,,,Invalid status
SHO3256,BLUEDART,,Delivered,Chennai,Bangalore,204.96,22/10/2025,23/10/2025,1,Invalid ship date
SHO3257,DHL,,Accepted,Bangalore,Mumbai,-62.52,,,,Invalid ship date; Expected Delivery Date is missing or invalid; Invalid freight cost
SHO3258,DHL,,Pending,Delhi,Pune,468.67,,,,Invalid ship date; Expected Delivery Date is missing or invalid
SHO3259,BLUEDART,,Delivered,Chennai,Mumbai,-26.95,,,,Invalid ship date; Expected Delivery Date is missing or invalid; Delivered Date is missing or invalid for Delivered status; Invalid freight cost
SHO3260,BLUEDART,20/03/2025,Delayed,Chennai,Pune,237.57,,,,Expected Delivery Date is missing or invalid
SHO3263,DHL,,Pending,Chennai,Mumbai,,25/10/2024,,,Invalid ship date; Invalid freight cost
SHO3264,BLUEDART,18/05/2026,In Transit,Hyderabad,Bangalore,-19.54,25/05/2026,,,Invalid freight cost
SHO3268,BLUEDART,,Accepted,Chennai,Delhi,292.59,,,,Invalid ship date; Expected Delivery Date is missing or invalid
,BLUEDART,05/11/2025,In Transit,Chennai,Pune,163.31,17/05/2025,,,Missing shipment ID; Expected Delivery Date is before Ship Date
SHO3270,BLUEDART,,Pending,Hyderabad,Delhi,85.97,27/12/2024,,,Invalid ship date
SHO3272,BLUEDART,03/02/2024,Delivered,Bangalore,Pune,-22.11,02/10/2024,,,Delivered Date is missing or invalid for Delivered status; Invalid freight cost
SHO3273,FEDEX,15/10/2024,Pending,Chennai,Delhi,490.28,,,,Expected Delivery Date is missing or invalid
,FEDEX,12/12/2024,In Transit,Mumbai,Bangalore,400.0,18/12/2024,,,Missing shipment ID
SHO3275,BLUEDART,30/01/2024,Delivered,Pune,Delhi,385.23,,,,Expected Delivery Date is missing or invalid; Delivered Date is missing or invalid for Delivered status
SHO3282,FEDEX,,Delivered,Hyderabad,Bangalore,439.48,,30/08/2025,,Invalid ship date; Expected Delivery Date is missing or invalid
SHO3285,BLUEDART,,Delayed,Pune,Bangalore,168.59,,12/11/2024,,Invalid ship date; Expected Delivery Date is missing or invalid
SHO3286,DHL,21/05/2026,IN TRANS,Delhi,Mumbai,454.84,23/05/2026,,,Invalid status
SHO3288,DHL,,Accepted,Mumbai,Hyderabad,-47.63,29/01/2024,,,Invalid ship date; Invalid freight cost
,FEDEX,27/10/2024,Pending,Bangalore,Hyderabad,294.4,11/03/2024,,,Missing shipment ID; Expected Delivery Date is before Ship Date
SHO3293,DHL,08/05/2024,In Transit,Pune,Bangalore,,,,,Expected Delivery Date is missing or invalid; Invalid freight cost
SHO3294,FEDEX,18/10/2025,UNKNOWN,Hyderabad,Mumbai,98.29,,,,Invalid status; Expected Delivery Date is missing or invalid
SHO3297,BLUEDART,13/11/2024,Accepted,Hyderabad,Chennai,484.46,,,,Expected Delivery Date is missing or invalid
SHO3300,BLUEDART,,Pending,Mumbai,Pune,294.06,25/07/2024,,,Invalid ship date
SHO3301,DHL,22/10/2024,Delayed,Bangalore,Hyderabad,277.28,,,,Expected Delivery Date is missing or invalid
SHO3303,FEDEX,09/10/2025,In Transit,Mumbai,Delhi,482.19,14/09/2025,,,Expected Delivery Date is before Ship Date
SHO3304,BLUEDART,12/11/2025,Pending,Pune,Bangalore,387.0,,,,Expected Delivery Date is missing or invalid
,FEDEX,11/12/2025,Pending,Hyderabad,Pune,405.59,,,,Missing shipment ID; Expected Delivery Date is missing or invalid
SHO3307,DHL,03/01/2025,Pending,Bangalore,Hyderabad,-27.53,03/03/2025,,,Invalid freight cost
SHO3309,FEDEX,05/06/2026,Pending,Delhi,Mumbai,-35.01,08/05/2026,,,Expected Delivery Date is before Ship Date; Invalid freight cost
SHO3312,DHL,,UNKNOWN,Hyderabad,Mumbai,-37.17,16/02/2025,,,Invalid ship date; Invalid status; Invalid freight cost
SHO3313,FEDEX,02/10/2024,Delivered,Bangalore,Pune,,09/10/2024,10/10/2024,1,Invalid freight cost
SHO3314,BLUEDART,,Delayed,Delhi,Bangalore,145.31,14/01/2025,17/01/2025,,Invalid ship date
SHO3315,FEDEX,21/02/2026,In Transit,Hyderabad,Pune,439.02,,,,Expected Delivery Date is missing or invalid
SHO3317,DHL,23/07/2025,UNKNOWN,Chennai,Hyderabad,432.12,29/07/2025,,,Invalid status
SHO3318,FEDEX,25/04/2026,Accepted,Bangalore,Hyderabad,,05/01/2026,,,Expected Delivery Date is before Ship Date; Invalid freight cost
SHO3319,DHL,11/04/2025,In Transit,Delhi,Mumbai,-64.79,16/04/2025,,,Invalid freight cost
SHO3322,DHL,14/12/2024,Accepted,Mumbai,Hyderabad,-34.45,21/12/2024,,,Invalid freight cost
SHO3324,BLUEDART,,Accepted,Hyderabad,Delhi,-67.03,24/10/2024,,,Invalid ship date; Invalid freight cost
SHO3325,DHL,28/09/2024,Delivered,Chennai,Hyderabad,56.76,30/09/2024,,,Delivered Date is missing or invalid for Delivered status
SHO3326,FEDEX,25/08/2025,IN TRANS,Mumbai,Hyderabad,438.68,01/09/2025,,,Invalid status
SHO3328,DHL,,Pending,Mumbai,Pune,470.08,13/05/2024,,,Invalid ship date
SHO3331,BLUEDART,01/09/2026,Delayed,Delhi,Hyderabad,46.13,15/01/2026,16/01/2026,,Expected Delivery Date is before Ship Date
,BLUEDART,11/10/2024,IN TRANS,Bangalore,Pune,-36.84,15/10/2024,,,Missing shipment ID; Invalid status; Invalid freight cost
SHO3333,BLUEDART,,Pending,Bangalore,Chennai,329.61,,,,Invalid ship date; Expected Delivery Date is missing or invalid
SHO3334,FEDEX,,In Transit,Delhi,Pune,418.26,01/01/2025,,,Invalid ship date
SHO3335,BLUEDART,,In Transit,Chennai,Pune,362.22,,,,Invalid ship date; Expected Delivery Date is missing or invalid
SHO3336,FEDEX,18/08/2024,Delayed,Mumbai,Hyderabad,349.81,,29/08/2024,,Expected Delivery Date is missing or invalid
SHO3337,FEDEX,18/10/2024,Pending,Mumbai,Chennai,337.08,,,,Expected Delivery Date is missing or invalid
SHO3338,DHL,,Delayed,Chennai,Mumbai,305.45,11/08/2025,,,Invalid ship date
SHO3339,FEDEX,26/03/2026,Delayed,Bangalore,Pune,352.68,,04/03/2026,,Expected Delivery Date is missing or invalid
SHO3340,BLUEDART,,Delivered,Chennai,Pune,461.49,19/03/2026,17/03/2026,0,Invalid ship date
SHO3341,FEDEX,,In Transit,Hyderabad,Delhi,105.7,01/02/2024,,,Invalid ship date
SHO3343,BLUEDART,,In Transit,Pune,Bangalore,59.65,26/01/2026,,,Invalid ship date
SHO3344,FEDEX,,In Transit,Chennai,Mumbai,174.22,03/11/2024,,,Invalid ship date
SHO3345,BLUEDART,,Pending,Bangalore,Pune,-33.99,18/04/2025,,,Invalid ship date; Invalid freight cost
SHO3346,FEDEX,17/10/2025,UNKNOWN,Mumbai,Bangalore,466.62,,,,Invalid status; Expected Delivery Date is missing or invalid
SHO3347,DHL,,Delayed,Bangalore,Pune,325.21,01/04/2025,,,Invalid ship date
SHO3348,DHL,,Delayed,Delhi,Pune,-45.78,,20/05/2024,,Invalid ship date; Expected Delivery Date is missing or invalid; Invalid freight cost
SHO3349,FEDEX,02/09/2024,In Transit,Chennai,Delhi,160.85,14/02/2024,,,Expected Delivery Date is before Ship Date
SHO3350,DHL,05/03/2024,IN TRANS,Chennai,Delhi,337.24,08/05/2024,,,Invalid status
SHO3351,DHL,27/12/2025,In Transit,Pune,Hyderabad,,03/01/2026,,,Invalid freight cost
SHO3352,FEDEX,08/10/2025,IN TRANS,Delhi,Pune,473.19,13/10/2025,,,Invalid status
SHO3353,DHL,,In Transit,Pune,Chennai,345.52,03/06/2024,,,Invalid ship date
SHO3354,DHL,14/03/2025,Delivered,Bangalore,Chennai,263.93,18/03/2025,,,Delivered Date is missing or invalid for Delivered status
SHO3355,DHL,03/02/2026,Delivered,Chennai,Pune,405.65,03/04/2026,,,Delivered Date is missing or invalid for Delivered status
SHO3356,BLUEDART,,Pending,Hyderabad,Delhi,179.53,16/06/2025,,,Invalid ship date
SHO3357,DHL,,Delayed,Delhi,Mumbai,6.22,25/04/2026,30/04/2026,,Invalid ship date
SHO3358,FEDEX,18/06/2026,Delayed,Chennai,Pune,,,,,Expected Delivery Date is missing or invalid; Invalid freight cost
SHO3360,BLUEDART,,Delivered,Hyderabad,Mumbai,322.88,29/03/2024,30/03/2024,1,Invalid ship date
SHO3361,BLUEDART,17/01/2024,Delayed,Mumbai,Hyderabad,178.81,,30/01/2024,,Expected Delivery Date is missing or invalid
,FEDEX,14/02/2026,In Transit,Mumbai,Hyderabad,-68.03,20/02/2026,,,Missing shipment ID; Invalid freight cost
SHO3364,FEDEX,20/10/2025,Pending,Bangalore,Mumbai,168.36,,,,Expected Delivery Date is missing or invalid
SHO3365,DHL,14/02/2024,UNKNOWN,Chennai,Hyderabad,282.93,17/02/2024,,,Invalid status
SHO3366,FEDEX,30/03/2026,UNKNOWN,Delhi,Mumbai,259.32,06/04/2026,11/04/2026,,Invalid status
SHO3367,BLUEDART,,In Transit,Chennai,Pune,-26.52,28/03/2025,,,Invalid ship date; Invalid freight cost
SHO3369,DHL,,In Transit,Bangalore,Pune,398.92,16/10/2024,,,Invalid ship date
,FEDEX,01/03/2026,Delivered,Delhi,Hyderabad,108.49,03/03/2026,,,Missing shipment ID; Delivered Date is missing or invalid for Delivered status
SHO3372,DHL,14/04/2025,UNKNOWN,Hyderabad,Pune,-54.04,21/04/2025,,,Invalid status; Invalid freight cost
SHO3375,FEDEX,20/03/2025,Delivered,Bangalore,Pune,1.96,,27/03/2025,,Expected Delivery Date is missing or invalid
SHO3376,DHL,20/01/2024,Delivered,Bangalore,Mumbai,412.61,26/01/2024,,,Delivered Date is missing or invalid for Delivered status
SHO3377,FEDEX,08/12/2025,In Transit,Delhi,Bangalore,412.89,19/08/2025,,,Expected Delivery Date is before Ship Date
SHO3378,BLUEDART,27/03/2025,In Transit,Delhi,Bangalore,-31.13,03/04/2025,,,Invalid freight cost
SHO3379,FEDEX,27/09/2025,Accepted,Bangalore,Pune,-44.08,01/10/2025,,,Invalid freight cost
SHO3380,BLUEDART,03/07/2024,Delivered,Hyderabad,Mumbai,252.01,07/05/2024,05/07/2024,59,Expected Delivery Date is before Ship Date
SHO3381,BLUEDART,03/12/2024,Delivered,Pune,Mumbai,486.37,15/03/2024,14/03/2024,0,Expected Delivery Date is before Ship Date; Delivered Date is before Ship Date
SHO3382,FEDEX,25/06/2026,Pending,Delhi,Bangalore,178.55,,,,Expected Delivery Date is missing or invalid
SHO3383,BLUEDART,,Delivered,Delhi,Mumbai,451.6,27/12/2025,,,Invalid ship date; Delivered Date is missing or invalid for Delivered status
SHO3387,FEDEX,,Pending,Delhi,Pune,226.13,,,,Invalid ship date; Expected Delivery Date is missing or invalid
SHO3388,DHL,02/09/2026,Delivered,Delhi,Chennai,98.39,13/02/2026,11/02/2026,0,Expected Delivery Date is before Ship Date; Delivered Date is before Ship Date
SHO3389,BLUEDART,04/06/2025,In Transit,Pune,Chennai,179.4,,,,Expected Delivery Date is missing or invalid
SHO3391,DHL,,Pending,Mumbai,Hyderabad,103.27,07/06/2024,,,Invalid ship date
SHO3395,DHL,27/04/2025,Delivered,Hyderabad,Mumbai,-9.58,05/01/2025,,,Delivered Date is missing or invalid for Delivered status; Expected Delivery Date is before Ship Date; Invalid freight cost
SHO3399,BLUEDART,03/10/2024,Pending,Bangalore,Pune,342.56,,,,Expected Delivery Date is missing or invalid
,FEDEX,16/07/2025,In Transit,Bangalore,Hyderabad,100.22,19/07/2025,,,Missing shipment ID
SHO3402,BLUEDART,21/06/2025,Accepted,Mumbai,Bangalore,327.51,,,,Expected Delivery Date is missing or invalid
SHO3407,FEDEX,03/09/2025,Pending,Bangalore,Chennai,-55.4,16/03/2025,,,Expected Delivery Date is before Ship Date; Invalid freight cost
SHO3412,BLUEDART,14/04/2026,Delivered,Bangalore,Hyderabad,-28.64,16/04/2026,,,Delivered Date is missing or invalid for Delivered status; Invalid freight cost
SHO3413,FEDEX,27/04/2025,Delayed,Chennai,Mumbai,,04/05/2025,05/12/2025,,Invalid freight cost
SHO3415,FEDEX,16/11/2025,IN TRANS,Bangalore,Delhi,337.23,,,,Invalid status; Expected Delivery Date is missing or invalid
SHO3418,DHL,21/05/2024,Delayed,Pune,Hyderabad,,24/05/2024,03/06/2024,,Invalid freight cost
,DHL,28/09/2025,In Transit,Bangalore,Delhi,465.34,03/10/2025,,,Missing shipment ID
SHO3420,DHL,,Accepted,Pune,Mumbai,-62.13,,,,Invalid ship date; Expected Delivery Date is missing or invalid; Invalid freight cost
SHO3422,BLUEDART,13/05/2024,Pending,Bangalore,Chennai,-32.44,20/05/2024,,,Invalid freight cost
SHO3423,DHL,,In Transit,Chennai,Pune,89.82,09/02/2024,,,Invalid ship date
SHO3424,FEDEX,16/03/2026,In Transit,Chennai,Hyderabad,-65.47,22/03/2026,,,Invalid freight cost
,BLUEDART,,Pending,Hyderabad,Mumbai,237.14,,,,Missing shipment ID; Invalid ship date; Expected Delivery Date is missing or invalid
SHO3428,FEDEX,,Delivered,Delhi,Bangalore,111.67,27/06/2026,26/06/2026,0,Invalid ship date
SHO3431,FEDEX,12/09/2025,IN TRANS,Bangalore,Hyderabad,3.75,14/09/2025,,,Invalid status
,BLUEDART,,Delivered,Mumbai,Bangalore,97.4,23/10/2025,24/10/2025,1,Missing shipment ID; Invalid ship date
SHO3434,BLUEDART,10/07/2024,Delayed,Delhi,Pune,,14/10/2024,16/10/2024,,Invalid freight cost
SHO3435,BLUEDART,,Accepted,Delhi,Mumbai,-16.69,22/01/2026,,,Invalid ship date; Invalid freight cost
SHO3437,BLUEDART,01/04/2025,Delayed,Chennai,Bangalore,-43.66,,13/04/2025,,Expected Delivery Date is missing or invalid; Invalid freight cost
SHO3438,FEDEX,06/10/2024,IN TRANS,Chennai,Hyderabad,355.08,06/12/2024,,,Invalid status
SHO3439,FEDEX,,Pending,Mumbai,Bangalore,-28.94,,,,Invalid ship date; Expected Delivery Date is missing or invalid; Invalid freight cost
SHO3440,FEDEX,,In Transit,Chennai,Mumbai,282.87,16/12/2024,,,Invalid ship date
SHO3442,DHL,08/03/2026,Delivered,Chennai,Bangalore,-72.11,15/03/2026,,,Delivered Date is missing or invalid for Delivered status; Invalid freight cost
SHO3446,BLUEDART,10/11/2025,Delayed,Chennai,Pune,-66.95,,23/11/2025,,Expected Delivery Date is missing or invalid; Invalid freight cost
SHO3449,BLUEDART,18/05/2026,In Transit,Bangalore,Pune,114.77,,,,Expected Delivery Date is missing or invalid
SHO3451,BLUEDART,,In Transit,Delhi,Pune,121.64,03/11/2024,,,Invalid ship date
,DHL,02/06/2025,Delayed,Chennai,Mumbai,468.43,06/07/2025,,,Missing shipment ID
SHO3453,DHL,14/04/2026,Delivered,Hyderabad,Chennai,484.36,21/04/2026,,,Delivered Date is missing or invalid for Delivered status
SHO3454,BLUEDART,25/08/2024,In Transit,Pune,Mumbai,-15.21,27/08/2024,,,Invalid freight cost
SHO3455,BLUEDART,14/05/2025,Delayed,Mumbai,Pune,-15.04,20/05/2025,30/05/2025,,Invalid freight cost
SHO3457,BLUEDART,29/12/2025,In Transit,Chennai,Delhi,,01/01/2026,,,Invalid freight cost
SHO3458,FEDEX,04/10/2025,Delayed,Bangalore,Mumbai,-40.85,,18/10/2025,,Expected Delivery Date is missing or invalid; Invalid freight cost
SHO3460,DHL,,Delayed,Pune,Bangalore,156.13,26/06/2025,,,Invalid ship date
SHO3461,BLUEDART,,Delivered,Bangalore,Delhi,-7.25,,,,Invalid ship date; Expected Delivery Date is missing or invalid; Delivered Date is missing or invalid for Delivered status; Invalid freight cost
SHO3462,FEDEX,21/03/2026,UNKNOWN,Pune,Delhi,80.83,28/03/2026,,,Invalid status
SHO3464,DHL,28/06/2024,Delayed,Delhi,Bangalore,290.22,07/04/2024,13/07/2024,,Expected Delivery Date is before Ship Date
SHO3465,FEDEX,25/04/2025,IN TRANS,Pune,Chennai,288.1,29/04/2025,,,Invalid status
SHO3466,FEDEX,01/06/2025,Delivered,Delhi,Hyderabad,,04/06/2025,,,Delivered Date is missing or invalid for Delivered status; Invalid freight cost
SHO3467,FEDEX,28/04/2026,Delivered,Hyderabad,Pune,-18.02,02/05/2026,05/07/2026,64,Invalid freight cost
,BLUEDART,07/07/2025,Pending,Pune,Mumbai,66.98,14/07/2025,,,Missing shipment ID
SHO3470,DHL,02/03/2024,Pending,Bangalore,Hyderabad,250.44,,,,Expected Delivery Date is missing or invalid
SHO3471,FEDEX,18/11/2024,Delayed,Pune,Chennai,269.33,,12/03/2024,,Expected Delivery Date is missing or invalid
,BLUEDART,29/04/2025,Delivered,Pune,Mumbai,140.43,05/01/2025,,,Missing shipment ID; Delivered Date is missing or invalid for Delivered status; Expected Delivery Date is before Ship Date
SHO3479,FEDEX,,Accepted,Hyderabad,Chennai,-60.79,27/04/2025,,,Invalid ship date; Invalid freight cost
SHO3480,DHL,,Accepted,Hyderabad,Chennai,488.61,21/04/2026,28/04/2026,,Invalid ship date
SHO3481,DHL,,Delayed,Pune,Bangalore,448.62,03/09/2025,10/09/2025,,Invalid ship date
SHO3482,BLUEDART,,In Transit,Delhi,Pune,269.61,07/06/2024,,,Invalid ship date
SHO3484,FEDEX,16/11/2025,UNKNOWN,Hyderabad,Delhi,420.44,20/11/2025,,,Invalid status
SHO3485,BLUEDART,06/10/2025,In Transit,Delhi,Pune,345.19,13/06/2025,,,Expected Delivery Date is before Ship Date
SHO3486,FEDEX,26/01/2025,Accepted,Chennai,Mumbai,220.25,02/01/2025,30/01/2025,,Expected Delivery Date is before Ship Date
SHO3487,DHL,09/12/2025,In Transit,Chennai,Hyderabad,302.23,12/11/2025,,,Expected Delivery Date is before Ship Date
SHO3488,FEDEX,08/09/2024,Delivered,Hyderabad,Pune,193.92,14/08/2024,14/08/2024,0,Expected Delivery Date is before Ship Date; Delivered Date is before Ship Date
,DHL,31/01/2024,Delivered,Hyderabad,Mumbai,193.37,06/02/2024,02/05/2024,86,Missing shipment ID
SHO3491,BLUEDART,01/07/2025,Pending,Pune,Bangalore,339.82,07/05/2025,,,Expected Delivery Date is before Ship Date
SHO3492,DHL,01/03/2025,Pending,Hyderabad,Chennai,70.22,08/01/2025,,,Expected Delivery Date is before Ship Date
SHO3493,FEDEX,29/05/2024,In Transit,Delhi,Hyderabad,-50.89,31/05/2024,,,Invalid freight cost
SHO3495,DHL,,In Transit,Hyderabad,Bangalore,391.74,13/03/2025,,,Invalid ship date
SHO3496,FEDEX,06/08/2025,Delayed,Pune,Hyderabad,43.07,11/06/2025,12/06/2025,,Expected Delivery Date is before Ship Date
SHO3497,FEDEX,08/10/2024,In Transit,Pune,Chennai,256.57,17/08/2024,,,Expected Delivery Date is before Ship Date
SHO3498,FEDEX,25/09/2025,Delivered,Delhi,Bangalore,256.67,10/01/2025,10/05/2025,120,Expected Delivery Date is before Ship Date; Delivered Date is before Ship Date
SHO3499,BLUEDART,17/05/2026,IN TRANS,Delhi,Pune,56.01,,,,Invalid status; Expected Delivery Date is missing or invalid
SHO3500,DHL,,Pending,Mumbai,Hyderabad,191.39,06/05/2024,,,Invalid ship date
,BLUEDART,,Pending,Chennai,Mumbai,-26.27,,,,Missing shipment ID; Invalid ship date; Expected Delivery Date is missing or invalid; Invalid freight cost
SHO3502,DHL,07/07/2025,UNKNOWN,Chennai,Delhi,342.67,07/11/2025,,,Invalid status
SHO3503,FEDEX,21/11/2024,Delivered,Pune,Delhi,167.36,24/11/2024,,,Delivered Date is missing or invalid for Delivered status
SHO3505,FEDEX,,In Transit,Pune,Chennai,235.82,,,,Invalid ship date; Expected Delivery Date is missing or invalid
SHO3506,FEDEX,05/12/2025,Delayed,Delhi,Bangalore,20.76,12/11/2025,16/12/2025,,Expected Delivery Date is before Ship Date
,FEDEX,28/02/2025,Pending,Pune,Delhi,321.55,03/05/2025,,,Missing shipment ID
SHO3509,BLUEDART,,Pending,Bangalore,Hyderabad,-34.63,31/01/2025,,,Invalid ship date; Invalid freight cost
SHO3513,FEDEX,,Delayed,Mumbai,Pune,91.08,23/03/2025,01/04/2025,,Invalid ship date
SHO3514,FEDEX,18/08/2025,IN TRANS,Chennai,Pune,-28.37,,,,Invalid status; Expected Delivery Date is missing or invalid; Invalid freight cost
SHO3518,DHL,03/09/2025,Delivered,Bangalore,Delhi,113.05,06/09/2025,09/08/2025,0,Delivered Date is before Ship Date
,BLUEDART,28/03/2024,IN TRANS,Delhi,Hyderabad,440.32,04/04/2024,,,Missing shipment ID; Invalid status
SHO3521,FEDEX,30/05/2024,IN TRANS,Mumbai,Chennai,447.67,06/05/2024,,,Invalid status; Expected Delivery Date is before Ship Date
SHO3522,BLUEDART,20/03/2026,Delayed,Bangalore,Mumbai,36.61,,01/04/2026,,Expected Delivery Date is missing or invalid
SHO3523,FEDEX,19/08/2025,Delayed,Pune,Hyderabad,149.23,,01/09/2025,,Expected Delivery Date is missing or invalid
SHO3524,FEDEX,05/10/2024,Delayed,Bangalore,Pune,333.04,10/07/2024,15/10/2024,,Expected Delivery Date is before Ship Date
SHO3525,BLUEDART,02/07/2024,Pending,Pune,Hyderabad,319.19,,,,Expected Delivery Date is missing or invalid
SHO3526,DHL,14/01/2025,In Transit,Bangalore,Delhi,-6.6,19/01/2025,,,Invalid freight cost
SHO3527,FEDEX,11/07/2025,IN TRANS,Delhi,Chennai,84.46,16/07/2025,,,Invalid status
SHO3528,BLUEDART,,Pending,Mumbai,Delhi,452.97,11/03/2024,,,Invalid ship date
SHO3530,FEDEX,,Delivered,Bangalore,Mumbai,488.86,,,,Invalid ship date; Expected Delivery Date is missing or invalid; Delivered Date is missing or invalid for Delivered status
SHO3531,FEDEX,,Accepted,Pune,Bangalore,8.08,01/08/2026,,,Invalid ship date
SHO3534,DHL,13/11/2024,IN TRANS,Delhi,Chennai,302.43,,,,Invalid status; Expected Delivery Date is missing or invalid
SHO3535,BLUEDART,15/06/2024,IN TRANS,Chennai,Mumbai,388.21,22/06/2024,,,Invalid status
SHO3536,BLUEDART,,Delayed,Pune,Mumbai,272.18,30/11/2024,12/01/2024,,Invalid ship date
SHO3538,FEDEX,29/05/2026,Delayed,Chennai,Pune,321.51,06/04/2026,06/11/2026,,Expected Delivery Date is before Ship Date
SHO3539,DHL,,Delivered,Pune,Hyderabad,,09/01/2024,12/01/2024,3,Invalid ship date; Invalid freight cost
SHO3540,FEDEX,,Pending,Pune,Bangalore,-71.93,29/05/2026,,,Invalid ship date; Invalid freight cost
SHO3541,FEDEX,26/06/2025,In Transit,Bangalore,Chennai,253.02,,,,Expected Delivery Date is missing or invalid
SHO3543,DHL,12/03/2025,Delivered,Mumbai,Bangalore,457.64,,20/03/2025,,Expected Delivery Date is missing or invalid
SHO3545,FEDEX,,Delayed,Mumbai,Delhi,-42.92,,24/02/2025,,Invalid ship date; Expected Delivery Date is missing or invalid; Invalid freight cost
SHO3546,FEDEX,13/03/2025,Accepted,Hyderabad,Chennai,33.66,,,,Expected Delivery Date is missing or invalid
SHO3547,FEDEX,23/03/2025,In Transit,Delhi,Chennai,258.46,,,,Expected Delivery Date is missing or invalid
SHO3550,FEDEX,12/10/2025,Delivered,Mumbai,Pune,,16/12/2025,16/12/2025,0,Invalid freight cost
SHO3551,BLUEDART,16/10/2025,UNKNOWN,Hyderabad,Pune,11.58,20/10/2025,,,Invalid status
SHO3552,FEDEX,18/06/2026,Accepted,Delhi,Chennai,-2.04,23/06/2026,,,Invalid freight cost
SHO3553,FEDEX,18/11/2024,Delivered,Bangalore,Pune,-23.42,25/11/2024,28/11/2024,3,Invalid freight cost
SHO3554,FEDEX,,Pending,Chennai,Delhi,283.84,13/08/2025,,,Invalid ship date
SHO3556,DHL,22/03/2024,IN TRANS,Pune,Hyderabad,438.34,27/03/2024,,,Invalid status
SHO3557,BLUEDART,19/11/2025,Delivered,Pune,Mumbai,106.89,,23/11/2025,,Expected Delivery Date is missing or invalid
SHO3558,BLUEDART,19/11/2025,IN TRANS,Hyderabad,Mumbai,127.41,26/11/2025,,,Invalid status
SHO3560,DHL,08/10/2025,In Transit,Chennai,Pune,185.64,15/08/2025,,,Expected Delivery Date is before Ship Date
,BLUEDART,02/01/2025,Pending,Pune,Mumbai,310.24,05/02/2025,,,Missing shipment ID
SHO3564,DHL,28/12/2024,Accepted,Bangalore,Hyderabad,-35.36,31/12/2024,,,Invalid freight cost
SHO3565,FEDEX,07/09/2025,IN TRANS,Hyderabad,Mumbai,430.87,,,,Invalid status; Expected Delivery Date is missing or invalid
SHO3569,DHL,25/06/2024,Delivered,Bangalore,Hyderabad,-50.7,01/07/2024,01/07/2024,0,Invalid freight cost
,BLUEDART,01/03/2025,IN TRANS,Chennai,Pune,259.95,06/03/2025,,,Missing shipment ID; Invalid status
SHO3571,BLUEDART,07/06/2025,IN TRANS,Bangalore,Hyderabad,15.16,,,,Invalid status; Expected Delivery Date is missing or invalid
SHO3573,FEDEX,24/05/2025,UNKNOWN,Bangalore,Pune,49.32,28/05/2025,,,Invalid status
,DHL,23/09/2025,In Transit,Chennai,Mumbai,240.76,27/09/2025,,,Missing shipment ID
,BLUEDART,14/02/2024,Delivered,Hyderabad,Mumbai,415.13,16/02/2024,17/02/2024,1,Missing shipment ID
SHO3577,DHL,05/12/2026,Accepted,Chennai,Pune,225.45,18/05/2026,,,Expected Delivery Date is before Ship Date
SHO3578,FEDEX,05/12/2026,Delayed,Delhi,Chennai,302.05,14/05/2026,19/05/2026,,Expected Delivery Date is before Ship Date
SHO3579,DHL,29/11/2024,Delayed,Delhi,Chennai,426.34,12/03/2024,,,Expected Delivery Date is before Ship Date
SHO3580,DHL,13/02/2026,Pending,Bangalore,Chennai,,18/02/2026,,,Invalid freight cost
SHO3581,DHL,27/10/2024,Delayed,Mumbai,Bangalore,-35.66,11/02/2024,,,Expected Delivery Date is before Ship Date; Invalid freight cost
SHO3585,DHL,,In Transit,Pune,Hyderabad,451.32,30/06/2025,,,Invalid ship date
SHO3586,DHL,24/06/2025,Pending,Hyderabad,Pune,83.07,,,,Expected Delivery Date is missing or invalid
SHO3589,BLUEDART,,Accepted,Pune,Mumbai,456.84,27/02/2024,,,Invalid ship date
SHO3591,DHL,,Pending,Delhi,Mumbai,58.69,12/05/2025,,,Invalid ship date
SHO3592,BLUEDART,09/06/2025,Delayed,Chennai,Mumbai,-51.09,09/10/2025,,,Invalid freight cost
SHO3594,BLUEDART,12/03/2025,UNKNOWN,Delhi,Pune,127.8,,,,Invalid status; Expected Delivery Date is missing or invalid
SHO3596,FEDEX,03/08/2026,Pending,Hyderabad,Bangalore,496.36,11/03/2026,,,Expected Delivery Date is before Ship Date
SHO3598,DHL,,Delayed,Delhi,Pune,265.54,11/04/2024,,,Invalid ship date
SHO3599,FEDEX,24/07/2025,Delivered,Bangalore,Delhi,460.96,31/07/2025,08/03/2025,0,Delivered Date is before Ship Date
SHO3602,FEDEX,19/05/2025,IN TRANS,Mumbai,Pune,293.53,25/05/2025,,,Invalid status
SHO3605,FEDEX,08/04/2024,Delivered,Hyderabad,Pune,350.45,,18/04/2024,,Expected Delivery Date is missing or invalid
SHO3607,DHL,24/11/2024,IN TRANS,Mumbai,Delhi,287.52,29/11/2024,,,Invalid status
SHO3611,FEDEX,23/10/2025,UNKNOWN,Mumbai,Pune,292.66,29/10/2025,29/10/2025,,Invalid status
SHO3612,FEDEX,14/07/2024,UNKNOWN,Chennai,Mumbai,-37.23,20/07/2024,,,Invalid status; Invalid freight cost
SHO3613,DHL,07/03/2024,IN TRANS,Bangalore,Pune,100.82,12/03/2024,,,Invalid status
SHO3615,FEDEX,03/04/2024,Pending,Pune,Hyderabad,-34.98,06/04/2024,,,Invalid freight cost
SHO3617,DHL,,Delayed,Mumbai,Delhi,-31.09,03/01/2025,,,Invalid ship date; Invalid freight cost
SHO3618,DHL,,Delivered,Hyderabad,Mumbai,319.66,,15/10/2025,,Invalid ship date; Expected Delivery Date is missing or invalid
,DHL,29/04/2026,Delayed,Mumbai,Pune,-21.86,,05/05/2026,,Missing shipment ID; Expected Delivery Date is missing or invalid; Invalid freight cost
SHO3620,DHL,04/05/2024,Accepted,Bangalore,Pune,,,,,Expected Delivery Date is missing or invalid; Invalid freight cost
SHO3623,FEDEX,04/12/2026,In Transit,Pune,Delhi,66.85,16/04/2026,,,Expected Delivery Date is before Ship Date
SHO3626,BLUEDART,01/03/2024,Delayed,Hyderabad,Delhi,-70.35,,09/01/2024,,Expected Delivery Date is missing or invalid; Invalid freight cost
SHO3629,BLUEDART,04/09/2025,Delayed,Delhi,Bangalore,446.02,,09/12/2025,,Expected Delivery Date is missing or invalid
SHO3630,FEDEX,19/05/2026,IN TRANS,Bangalore,Chennai,345.09,24/05/2026,,,Invalid status
SHO3631,DHL,,Pending,Delhi,Hyderabad,352.9,24/04/2025,,,Invalid ship date
SHO3632,FEDEX,,IN TRANS,Mumbai,Chennai,358.59,30/11/2024,,,Invalid ship date; Invalid status
SHO3633,FEDEX,,Delayed,Delhi,Mumbai,29.68,01/11/2025,02/11/2025,,Invalid ship date
SHO3635,BLUEDART,03/03/2026,Delivered,Hyderabad,Delhi,223.84,03/10/2026,,,Delivered Date is missing or invalid for Delivered status
SHO3636,BLUEDART,,Delayed,Chennai,Bangalore,37.06,01/08/2024,16/01/2024,,Invalid ship date
SHO3637,FEDEX,21/03/2024,In Transit,Pune,Hyderabad,354.24,,,,Expected Delivery Date is missing or invalid
SHO3639,BLUEDART,03/05/2024,UNKNOWN,Chennai,Hyderabad,385.44,,,,Invalid status; Expected Delivery Date is missing or invalid
SHO3640,DHL,22/05/2024,Pending,Pune,Hyderabad,203.11,,,,Expected Delivery Date is missing or invalid
SHO3645,FEDEX,,Pending,Hyderabad,Bangalore,384.65,29/08/2025,,,Invalid ship date
SHO3646,FEDEX,09/12/2025,IN TRANS,Delhi,Mumbai,-64.7,16/12/2025,,,Invalid status; Invalid freight cost
SHO3647,FEDEX,,Delivered,Mumbai,Bangalore,82.26,28/11/2024,26/11/2024,0,Invalid ship date
SHO3648,DHL,12/12/2024,Delivered,Hyderabad,Bangalore,59.92,,,,Expected Delivery Date is missing or invalid; Delivered Date is missing or invalid for Delivered status
SHO3649,BLUEDART,13/02/2025,Delivered,Hyderabad,Mumbai,,18/02/2025,19/02/2025,1,Invalid freight cost
SHO3650,DHL,05/03/2024,Pending,Bangalore,Pune,123.61,,,,Expected Delivery Date is missing or invalid
SHO3653,DHL,15/03/2026,IN TRANS,Chennai,Mumbai,35.48,18/03/2026,,,Invalid status
SHO3654,BLUEDART,25/07/2025,IN TRANS,Bangalore,Mumbai,8.84,08/01/2025,,,Invalid status; Expected Delivery Date is before Ship Date
SHO3655,FEDEX,02/06/2024,Accepted,Bangalore,Delhi,142.62,12/02/2024,,,Expected Delivery Date is before Ship Date
SHO3656,BLUEDART,31/05/2026,IN TRANS,Delhi,Bangalore,88.96,06/05/2026,,,Invalid status; Expected Delivery Date is before Ship Date
SHO3658,DHL,27/01/2026,Delayed,Bangalore,Delhi,238.92,,02/02/2026,,Expected Delivery Date is missing or invalid
SHO3659,DHL,24/03/2025,UNKNOWN,Chennai,Bangalore,295.83,,06/04/2025,,Invalid status; Expected Delivery Date is missing or invalid
SHO3660,FEDEX,25/01/2026,Pending,Bangalore,Mumbai,191.95,,,,Expected Delivery Date is missing or invalid
SHO3661,BLUEDART,15/02/2025,In Transit,Hyderabad,Pune,,18/02/2025,,,Invalid freight cost
SHO3663,DHL,,Delivered,Mumbai,Bangalore,127.13,24/10/2025,,,Invalid ship date; Delivered Date is missing or invalid for Delivered status
SHO3664,DHL,,IN TRANS,Hyderabad,Chennai,207.94,,,,Invalid ship date; Invalid status; Expected Delivery Date is missing or invalid
SHO3665,FEDEX,06/11/2025,Accepted,Chennai,Delhi,,,,,Expected Delivery Date is missing or invalid; Invalid freight cost
SHO3666,DHL,,Pending,Mumbai,Hyderabad,-9.38,,,,Invalid ship date; Expected Delivery Date is missing or invalid; Invalid freight cost
SHO3668,FEDEX,15/04/2024,Pending,Bangalore,Pune,-61.45,,,,Expected Delivery Date is missing or invalid; Invalid freight cost
SHO3671,DHL,,In Transit,Delhi,Mumbai,472.42,28/09/2025,,,Invalid ship date
SHO3672,FEDEX,08/07/2024,Pending,Pune,Chennai,-16.37,10/08/2024,,,Invalid freight cost
SHO3676,FEDEX,17/01/2025,Delayed,Bangalore,Mumbai,236.37,,31/01/2025,,Expected Delivery Date is missing or invalid
SHO3677,FEDEX,,IN TRANS,Mumbai,Pune,-29.67,25/08/2024,,,Invalid ship date; Invalid status; Invalid freight cost
SHO3678,DHL,01/12/2025,UNKNOWN,Pune,Chennai,186.06,15/01/2025,20/01/2025,,Invalid status; Expected Delivery Date is before Ship Date
SHO3679,DHL,,In Transit,Hyderabad,Bangalore,487.8,31/08/2024,,,Invalid ship date
SHO3680,FEDEX,25/04/2025,Delayed,Hyderabad,Bangalore,354.62,,06/05/2025,,Expected Delivery Date is missing or invalid
SHO3681,BLUEDART,,Delivered,Chennai,Hyderabad,316.82,,09/05/2025,,Invalid ship date; Expected Delivery Date is missing or invalid
SHO3683,FEDEX,10/02/2025,Delivered,Delhi,Bangalore,340.69,,10/11/2025,,Expected Delivery Date is missing or invalid
SHO3684,FEDEX,24/10/2025,Accepted,Mumbai,Pune,275.04,,,,Expected Delivery Date is missing or invalid
,BLUEDART,16/05/2024,Delivered,Bangalore,Hyderabad,206.04,22/05/2024,26/05/2024,4,Missing shipment ID
SHO3689,FEDEX,20/01/2025,Delayed,Mumbai,Chennai,-14.15,27/01/2025,,,Invalid freight cost
SHO3690,BLUEDART,10/03/2025,In Transit,Hyderabad,Bangalore,316.69,,,,Expected Delivery Date is missing or invalid
,DHL,23/02/2026,In Transit,Pune,Bangalore,254.65,25/02/2026,,,Missing shipment ID
SHO3694,BLUEDART,30/06/2024,Delayed,Hyderabad,Bangalore,-59.66,07/02/2024,10/07/2024,,Expected Delivery Date is before Ship Date; Invalid freight cost
SHO3699,DHL,,Delivered,Pune,Delhi,174.36,29/06/2024,29/06/2024,0,Invalid ship date
SHO3700,DHL,07/12/2025,Pending,Hyderabad,Bangalore,210.41,14/07/2025,,,Expected Delivery Date is before Ship Date
SHO3701,BLUEDART,,Accepted,Mumbai,Bangalore,397.75,27/10/2025,11/01/2025,,Invalid ship date
SHO3702,FEDEX,27/01/2024,Delivered,Chennai,Mumbai,317.33,,02/04/2024,,Expected Delivery Date is missing or invalid
SHO3704,DHL,06/02/2025,IN TRANS,Hyderabad,Chennai,356.43,,,,Invalid status; Expected Delivery Date is missing or invalid
SHO3705,FEDEX,20/10/2024,UNKNOWN,Hyderabad,Pune,250.66,27/10/2024,31/10/2024,,Invalid status
SHO3706,BLUEDART,07/05/2025,Delayed,Chennai,Pune,-44.7,05/10/2025,,,Invalid freight cost
SHO3709,FEDEX,,Delayed,Delhi,Hyderabad,64.7,02/01/2026,,,Invalid ship date
SHO3712,BLUEDART,,In Transit,Mumbai,Bangalore,477.86,30/05/2026,,,Invalid ship date
SHO3714,FEDEX,30/04/2024,Delayed,Hyderabad,Chennai,331.33,05/03/2024,,,Expected Delivery Date is before Ship Date
SHO3715,BLUEDART,02/11/2026,In Transit,Chennai,Mumbai,-32.98,,,,Expected Delivery Date is missing or invalid; Invalid freight cost
SHO3716,DHL,,Pending,Chennai,Bangalore,363.98,,,,Invalid ship date; Expected Delivery Date is missing or invalid
SHO3720,DHL,,In Transit,Hyderabad,Delhi,,,,,Invalid ship date; Expected Delivery Date is missing or invalid; Invalid freight cost
SHO3722,FEDEX,,In Transit,Pune,Mumbai,425.09,01/06/2025,,,Invalid ship date
SHO3723,DHL,06/12/2026,Delayed,Mumbai,Delhi,-48.3,,27/06/2026,,Expected Delivery Date is missing or invalid; Invalid freight cost
SHO3724,BLUEDART,06/06/2026,IN TRANS,Hyderabad,Delhi,68.56,10/06/2026,,,Invalid status
SHO3725,FEDEX,,Delivered,Pune,Delhi,368.7,04/10/2025,10/07/2025,0,Invalid ship date
SHO3726,BLUEDART,,UNKNOWN,Delhi,Bangalore,-72.31,,,,Invalid ship date; Invalid status; Expected Delivery Date is missing or invalid; Invalid freight cost
SHO3727,FEDEX,07/04/2026,Delayed,Pune,Hyderabad,220.96,,17/04/2026,,Expected Delivery Date is missing or invalid
SHO3729,DHL,19/07/2025,IN TRANS,Bangalore,Hyderabad,-47.28,22/07/2025,,,Invalid status; Invalid freight cost
SHO3730,DHL,24/02/2024,IN TRANS,Hyderabad,Chennai,326.98,,,,Invalid status; Expected Delivery Date is missing or invalid
SHO3732,FEDEX,13/04/2025,IN TRANS,Delhi,Bangalore,,15/04/2025,,,Invalid status; Invalid freight cost
SHO3735,FEDEX,07/04/2025,Pending,Delhi,Chennai,43.4,,,,Expected Delivery Date is missing or invalid
,BLUEDART,22/12/2025,In Transit,Chennai,Pune,108.85,,,,Missing shipment ID; Expected Delivery Date is missing or invalid
SHO3737,DHL,04/11/2025,In Transit,Pune,Delhi,445.78,15/04/2025,,,Expected Delivery Date is before Ship Date
SHO3740,DHL,27/09/2024,Accepted,Chennai,Mumbai,8.98,10/01/2024,10/05/2024,,Expected Delivery Date is before Ship Date
SHO3743,BLUEDART,20/06/2026,Pending,Pune,Mumbai,488.33,,,,Expected Delivery Date is missing or invalid
SHO3744,DHL,15/12/2024,IN TRANS,Chennai,Bangalore,-15.9,17/12/2024,,,Invalid status; Invalid freight cost
SHO3746,FEDEX,29/06/2026,In Transit,Chennai,Bangalore,278.6,,,,Expected Delivery Date is missing or invalid
SHO3748,DHL,,In Transit,Mumbai,Hyderabad,231.75,01/01/2026,,,Invalid ship date
SHO3749,DHL,26/04/2024,Accepted,Delhi,Chennai,-16.62,01/05/2024,,,Invalid freight cost
SHO3751,FEDEX,13/04/2026,IN TRANS,Bangalore,Chennai,,,,,Invalid status; Expected Delivery Date is missing or invalid; Invalid freight cost
SHO3756,FEDEX,07/04/2024,IN TRANS,Mumbai,Bangalore,172.52,14/04/2024,,,Invalid status
SHO3757,BLUEDART,11/01/2026,Pending,Delhi,Pune,-28.59,,,,Expected Delivery Date is missing or invalid; Invalid freight cost
SHO3761,DHL,,Delivered,Pune,Hyderabad,-78.5,,24/01/2025,,Invalid ship date; Expected Delivery Date is missing or invalid; Invalid freight cost
SHO3763,BLUEDART,05/12/2024,Pending,Mumbai,Pune,-52.12,10/12/2024,,,Invalid freight cost
SHO3765,BLUEDART,30/10/2024,Delayed,Chennai,Mumbai,164.07,,13/11/2024,,Expected Delivery Date is missing or invalid
,DHL,27/04/2024,Accepted,Delhi,Hyderabad,144.32,29/04/2024,,,Missing shipment ID
SHO3770,BLUEDART,22/03/2025,In Transit,Bangalore,Delhi,,27/03/2025,,,Invalid freight cost
SHO3771,BLUEDART,17/08/2024,Delivered,Pune,Delhi,360.89,24/08/2024,,,Delivered Date is missing or invalid for Delivered status
SHO3772,FEDEX,02/11/2026,Delivered,Delhi,Mumbai,183.36,17/02/2026,18/02/2026,1,Expected Delivery Date is before Ship Date; Delivered Date is before Ship Date
SHO3774,DHL,,Pending,Mumbai,Bangalore,291.39,18/01/2026,,,Invalid ship date
SHO3777,BLUEDART,29/10/2024,IN TRANS,Hyderabad,Pune,105.27,03/11/2024,,,Invalid status
SHO3778,FEDEX,,Delayed,Chennai,Bangalore,364.15,11/04/2026,13/04/2026,,Invalid ship date
SHO3779,FEDEX,29/12/2024,Delivered,Hyderabad,Mumbai,75.86,04/01/2025,,,Delivered Date is missing or invalid for Delivered status
SHO3780,FEDEX,04/10/2025,In Transit,Pune,Bangalore,22.07,17/04/2025,,,Expected Delivery Date is before Ship Date
SHO3781,FEDEX,07/10/2025,In Transit,Bangalore,Hyderabad,-76.17,10/10/2025,,,Invalid freight cost
SHO3782,BLUEDART,13/09/2025,Delayed,Mumbai,Bangalore,267.83,,18/09/2025,,Expected Delivery Date is missing or invalid
SHO3786,DHL,14/06/2024,Delayed,Pune,Chennai,-45.56,21/06/2024,28/06/2024,,Invalid freight cost
SHO3787,BLUEDART,21/03/2024,Delayed,Delhi,Hyderabad,117.15,,03/04/2024,,Expected Delivery Date is missing or invalid
SHO3792,BLUEDART,27/01/2026,Accepted,Hyderabad,Bangalore,,31/01/2026,,,Invalid freight cost
SHO3793,FEDEX,,In Transit,Delhi,Mumbai,310.16,,,,Invalid ship date; Expected Delivery Date is missing or invalid
SHO3794,FEDEX,20/01/2024,Pending,Chennai,Hyderabad,-23.22,27/01/2024,,,Invalid freight cost
SHO3795,DHL,09/11/2025,Delivered,Chennai,Pune,203.17,14/09/2025,09/12/2025,86,Expected Delivery Date is before Ship Date
SHO3800,FEDEX,,Accepted,Hyderabad,Pune,276.64,,,,Invalid ship date; Expected Delivery Date is missing or invalid
SHO3801,DHL,18/03/2025,Pending,Bangalore,Mumbai,-28.98,23/03/2025,,,Invalid freight cost
SHO3803,FEDEX,29/12/2024,Pending,Chennai,Mumbai,184.52,,,,Expected Delivery Date is missing or invalid
SHO3808,BLUEDART,,In Transit,Chennai,Mumbai,-77.24,29/12/2025,,,Invalid ship date; Invalid freight cost
SHO3810,FEDEX,,In Transit,Bangalore,Mumbai,471.51,03/01/2025,,,Invalid ship date
SHO3811,FEDEX,10/05/2026,Delayed,Chennai,Hyderabad,483.0,,25/05/2026,,Expected Delivery Date is missing or invalid
SHO3812,FEDEX,27/09/2025,In Transit,Chennai,Hyderabad,,10/01/2025,,,Expected Delivery Date is before Ship Date; Invalid freight cost
SHO3814,BLUEDART,,UNKNOWN,Delhi,Bangalore,327.29,,,,Invalid ship date; Invalid status; Expected Delivery Date is missing or invalid
SHO3817,DHL,01/01/2026,IN TRANS,Bangalore,Chennai,25.76,01/07/2026,,,Invalid status
SHO3818,DHL,07/06/2024,Accepted,Pune,Chennai,-66.53,13/06/2024,,,Invalid freight cost
SHO3819,BLUEDART,24/05/2024,Delayed,Chennai,Mumbai,20.44,,,,Expected Delivery Date is missing or invalid
,FEDEX,,UNKNOWN,Pune,Bangalore,-12.61,,,,Missing shipment ID; Invalid ship date; Invalid status; Expected Delivery Date is missing or invalid; Invalid freight cost
SHO3822,BLUEDART,,Delayed,Delhi,Mumbai,381.79,24/02/2026,26/02/2026,,Invalid ship date
SHO3824,DHL,06/11/2024,Delayed,Mumbai,Chennai,160.35,18/06/2024,24/06/2024,,Expected Delivery Date is before Ship Date
SHO3825,FEDEX,19/05/2025,Pending,Hyderabad,Mumbai,-37.5,21/05/2025,,,Invalid freight cost
SHO3826,DHL,03/01/2024,Delivered,Hyderabad,Bangalore,442.99,,03/03/2024,,Expected Delivery Date is missing or invalid
SHO3828,FEDEX,06/06/2025,Pending,Chennai,Hyderabad,-71.45,06/10/2025,,,Invalid freight cost
SHO3829,FEDEX,26/05/2024,Pending,Mumbai,Pune,-24.85,01/06/2024,,,Invalid freight cost
SHO3832,BLUEDART,06/10/2025,Accepted,Hyderabad,Mumbai,-26.43,,,,Expected Delivery Date is missing or invalid; Invalid freight cost
SHO3834,FEDEX,21/09/2024,Delayed,Pune,Hyderabad,278.7,,25/09/2024,,Expected Delivery Date is missing or invalid
SHO3835,DHL,,Delivered,Mumbai,Chennai,75.23,28/07/2025,,,Invalid ship date; Delivered Date is missing or invalid for Delivered status
SHO3836,FEDEX,06/08/2025,Delayed,Chennai,Pune,230.04,14/06/2025,21/06/2025,,Expected Delivery Date is before Ship Date
SHO3837,FEDEX,24/06/2024,Delayed,Mumbai,Chennai,378.71,,07/07/2024,,Expected Delivery Date is missing or invalid
SHO3839,BLUEDART,17/04/2026,Pending,Mumbai,Hyderabad,-2.18,24/04/2026,,,Invalid freight cost
SHO3841,FEDEX,05/03/2025,UNKNOWN,Mumbai,Chennai,-24.83,10/03/2025,,,Invalid status; Invalid freight cost
SHO3842,BLUEDART,25/02/2026,Pending,Delhi,Bangalore,31.22,03/01/2026,,,Expected Delivery Date is before Ship Date
SHO3843,FEDEX,,In Transit,Hyderabad,Mumbai,-34.65,,,,Invalid ship date; Expected Delivery Date is missing or invalid; Invalid freight cost
SHO3845,DHL,13/06/2024,Pending,Delhi,Hyderabad,,20/06/2024,,,Invalid freight cost
SHO3846,DHL,01/08/2025,Accepted,Chennai,Bangalore,45.98,,,,Expected Delivery Date is missing or invalid
,BLUEDART,08/11/2025,Accepted,Bangalore,Chennai,-70.78,12/11/2025,,,Missing shipment ID; Invalid freight cost
SHO3848,BLUEDART,,In Transit,Chennai,Pune,274.14,20/09/2025,,,Invalid ship date
SHO3851,FEDEX,,Accepted,Chennai,Pune,77.8,01/07/2025,,,Invalid ship date
SHO3852,FEDEX,25/03/2026,Pending,Delhi,Hyderabad,356.3,,,,Expected Delivery Date is missing or invalid
SHO3853,DHL,,Accepted,Delhi,Mumbai,229.88,,,,Invalid ship date; Expected Delivery Date is missing or invalid
SHO3854,BLUEDART,06/03/2026,Delayed,Bangalore,Delhi,-21.18,09/06/2026,06/11/2026,,Invalid freight cost
SHO3856,FEDEX,,Delayed,Pune,Mumbai,100.94,,16/02/2025,,Invalid ship date; Expected Delivery Date is missing or invalid
SHO3858,BLUEDART,25/11/2024,IN TRANS,Pune,Bangalore,475.82,30/11/2024,,,Invalid status
SHO3859,DHL,18/03/2024,Delivered,Chennai,Bangalore,424.82,24/03/2024,,,Delivered Date is missing or invalid for Delivered status
SHO3860,FEDEX,22/11/2024,Pending,Mumbai,Hyderabad,,25/11/2024,,,Invalid freight cost
SHO3861,BLUEDART,17/01/2025,Delayed,Bangalore,Delhi,-66.1,19/01/2025,24/01/2025,,Invalid freight cost
SHO3863,BLUEDART,17/07/2024,Pending,Pune,Mumbai,-63.04,,,,Expected Delivery Date is missing or invalid; Invalid freight cost
SHO3864,BLUEDART,19/01/2026,IN TRANS,Hyderabad,Delhi,221.26,25/01/2026,,,Invalid status
SHO3866,BLUEDART,,Pending,Bangalore,Pune,175.96,02/07/2026,,,Invalid ship date
SHO3867,FEDEX,03/05/2026,Delivered,Delhi,Pune,257.43,03/09/2026,09/03/2026,0,Delivered Date is before Ship Date
SHO3869,BLUEDART,27/03/2025,IN TRANS,Mumbai,Chennai,178.07,04/01/2025,,,Invalid status; Expected Delivery Date is before Ship Date
SHO3873,BLUEDART,,Delayed,Chennai,Mumbai,228.36,10/07/2025,14/10/2025,,Invalid ship date
SHO3874,DHL,30/03/2026,Delivered,Mumbai,Pune,348.02,,04/06/2026,,Expected Delivery Date is missing or invalid
SHO3877,DHL,09/07/2025,Pending,Pune,Mumbai,-50.13,14/09/2025,,,Invalid freight cost
SHO3879,FEDEX,30/09/2025,Pending,Chennai,Delhi,64.4,,,,Expected Delivery Date is missing or invalid
SHO3880,FEDEX,06/10/2024,Delivered,Delhi,Bangalore,114.24,,14/10/2024,,Expected Delivery Date is missing or invalid
SHO3881,FEDEX,21/09/2025,Delivered,Chennai,Bangalore,-63.12,23/09/2025,27/09/2025,4,Invalid freight cost
SHO3882,FEDEX,29/05/2025,Pending,Mumbai,Delhi,454.76,06/04/2025,,,Expected Delivery Date is before Ship Date
SHO3883,DHL,01/12/2025,IN TRANS,Bangalore,Chennai,382.08,12/08/2025,,,Invalid status; Expected Delivery Date is before Ship Date
SHO3884,DHL,,Delayed,Bangalore,Pune,-57.92,28/05/2024,03/06/2024,,Invalid ship date; Invalid freight cost
SHO3885,DHL,16/11/2025,In Transit,Bangalore,Mumbai,15.8,,,,Expected Delivery Date is missing or invalid
SHO3887,FEDEX,20/03/2024,Delivered,Bangalore,Hyderabad,-44.12,23/03/2024,23/03/2024,0,Invalid freight cost
SHO3890,FEDEX,30/09/2024,Delayed,Chennai,Pune,-5.99,,10/12/2024,,Expected Delivery Date is missing or invalid; Invalid freight cost
SHO3892,DHL,30/03/2026,Pending,Delhi,Chennai,403.62,,,,Expected Delivery Date is missing or invalid
SHO3893,DHL,13/03/2025,Pending,Chennai,Delhi,86.29,,,,Expected Delivery Date is missing or invalid
SHO3894,BLUEDART,,In Transit,Bangalore,Mumbai,30.43,21/05/2024,,,Invalid ship date
SHO3895,DHL,26/06/2024,In Transit,Bangalore,Pune,238.88,07/01/2024,,,Expected Delivery Date is before Ship Date
SHO3896,BLUEDART,08/05/2025,Pending,Bangalore,Delhi,-55.72,12/08/2025,,,Invalid freight cost
SHO3899,BLUEDART,23/02/2026,UNKNOWN,Delhi,Chennai,226.9,03/01/2026,03/02/2026,,Invalid status; Expected Delivery Date is before Ship Date
SHO3900,BLUEDART,04/08/2026,Pending,Hyderabad,Mumbai,398.18,,,,Expected Delivery Date is missing or invalid
SHO3903,FEDEX,,Accepted,Pune,Chennai,69.15,22/09/2025,,,Invalid ship date
SHO3905,DHL,26/09/2024,In Transit,Hyderabad,Chennai,179.46,,,,Expected Delivery Date is missing or invalid
SHO3906,FEDEX,07/12/2025,In Transit,Bangalore,Chennai,49.46,,,,Expected Delivery Date is missing or invalid
SHO3907,FEDEX,20/05/2025,UNKNOWN,Pune,Chennai,134.07,26/05/2025,,,Invalid status
SHO3908,DHL,15/06/2024,Delivered,Chennai,Mumbai,344.4,20/06/2024,,,Delivered Date is missing or invalid for Delivered status
SHO3909,BLUEDART,,Delayed,Bangalore,Mumbai,476.28,25/08/2024,,,Invalid ship date
SHO3910,DHL,,Pending,Bangalore,Hyderabad,458.81,,,,Invalid ship date; Expected Delivery Date is missing or invalid
SHO3915,FEDEX,03/11/2024,Delayed,Bangalore,Pune,213.15,11/09/2024,16/11/2024,,Expected Delivery Date is before Ship Date
SHO3917,FEDEX,25/09/2024,Pending,Hyderabad,Pune,421.62,,,,Expected Delivery Date is missing or invalid
,BLUEDART,,In Transit,Mumbai,Bangalore,65.2,22/03/2025,,,Missing shipment ID; Invalid ship date
SHO3921,DHL,04/08/2025,Accepted,Mumbai,Hyderabad,465.61,13/04/2025,,,Expected Delivery Date is before Ship Date
SHO3922,BLUEDART,04/01/2024,UNKNOWN,Pune,Bangalore,304.05,04/03/2024,,,Invalid status
SHO3923,DHL,25/05/2025,IN TRANS,Mumbai,Pune,,29/05/2025,,,Invalid status; Invalid freight cost
SHO3924,DHL,,UNKNOWN,Pune,Delhi,403.44,08/09/2024,11/09/2024,,Invalid ship date; Invalid status
SHO3925,DHL,,Delayed,Bangalore,Chennai,126.03,21/06/2024,30/06/2024,,Invalid ship date
SHO3927,FEDEX,,Pending,Delhi,Bangalore,99.55,19/02/2026,,,Invalid ship date
SHO3928,BLUEDART,18/03/2026,In Transit,Pune,Bangalore,49.21,,,,Expected Delivery Date is missing or invalid
SHO3930,FEDEX,22/11/2025,Accepted,Bangalore,Pune,211.37,,,,Expected Delivery Date is missing or invalid
SHO3931,FEDEX,28/03/2025,Delivered,Chennai,Mumbai,,04/03/2025,04/08/2025,153,Expected Delivery Date is before Ship Date; Invalid freight cost
,FEDEX,27/05/2025,In Transit,Mumbai,Bangalore,393.23,06/01/2025,,,Missing shipment ID; Expected Delivery Date is before Ship Date
SHO3935,BLUEDART,27/06/2026,Delayed,Chennai,Bangalore,490.22,,07/07/2026,,Expected Delivery Date is missing or invalid
SHO3936,BLUEDART,25/05/2025,Accepted,Chennai,Hyderabad,316.53,,,,Expected Delivery Date is missing or invalid
SHO3937,DHL,20/12/2024,UNKNOWN,Bangalore,Pune,83.58,24/12/2024,26/12/2024,,Invalid status
SHO3938,BLUEDART,14/05/2025,Delayed,Bangalore,Mumbai,-15.15,19/05/2025,22/05/2025,,Invalid freight cost
SHO3939,BLUEDART,13/09/2024,Delayed,Pune,Bangalore,162.18,,23/09/2024,,Expected Delivery Date is missing or invalid
,DHL,16/01/2025,Accepted,Hyderabad,Pune,414.76,21/01/2025,,,Missing shipment ID
SHO3941,FEDEX,08/09/2025,UNKNOWN,Bangalore,Chennai,267.18,16/08/2025,14/08/2025,,Invalid status; Expected Delivery Date is before Ship Date
SHO3942,BLUEDART,02/03/2024,In Transit,Chennai,Mumbai,-59.73,07/02/2024,,,Expected Delivery Date is before Ship Date; Invalid freight cost
SHO3944,FEDEX,28/02/2025,Delivered,Chennai,Pune,492.85,,,,Expected Delivery Date is missing or invalid; Delivered Date is missing or invalid for Delivered status
SHO3950,FEDEX,20/01/2026,Pending,Bangalore,Pune,245.33,,,,Expected Delivery Date is missing or invalid
SHO3952,DHL,21/06/2024,Delivered,Bangalore,Chennai,89.99,27/06/2024,,,Delivered Date is missing or invalid for Delivered status
SHO3953,DHL,02/11/2025,Pending,Chennai,Hyderabad,18.58,11/06/2025,,,Expected Delivery Date is before Ship Date
SHO3955,FEDEX,,UNKNOWN,Hyderabad,Mumbai,332.87,24/03/2025,,,Invalid ship date; Invalid status
SHO3957,FEDEX,04/12/2026,Delayed,Chennai,Hyderabad,152.1,17/04/2026,20/04/2026,,Expected Delivery Date is before Ship Date
SHO3960,FEDEX,,UNKNOWN,Mumbai,Delhi,80.96,22/09/2025,27/09/2025,,Invalid ship date; Invalid status
SHO3965,BLUEDART,06/01/2024,In Transit,Bangalore,Hyderabad,,,,,Expected Delivery Date is missing or invalid; Invalid freight cost
SHO3966,BLUEDART,28/05/2025,UNKNOWN,Pune,Bangalore,440.63,31/05/2025,,,Invalid status
SHO3967,DHL,26/11/2025,IN TRANS,Hyderabad,Mumbai,204.85,28/11/2025,,,Invalid status
SHO3971,BLUEDART,26/03/2026,Pending,Chennai,Bangalore,134.12,,,,Expected Delivery Date is missing or invalid
SHO3972,BLUEDART,,Delayed,Mumbai,Chennai,478.96,22/02/2024,,,Invalid ship date
SHO3974,DHL,,In Transit,Delhi,Bangalore,213.56,18/08/2025,,,Invalid ship date
SHO3975,BLUEDART,17/03/2024,In Transit,Mumbai,Chennai,101.1,,,,Expected Delivery Date is missing or invalid
SHO3976,FEDEX,,Pending,Mumbai,Pune,95.17,24/03/2026,,,Invalid ship date
SHO3977,DHL,12/07/2024,In Transit,Hyderabad,Mumbai,,15/07/2024,,,Invalid freight cost
SHO3978,BLUEDART,,Pending,Pune,Mumbai,478.13,30/11/2024,,,Invalid ship date
SHO3979,FEDEX,22/04/2024,Delayed,Pune,Chennai,118.85,,27/04/2024,,Expected Delivery Date is missing or invalid
SHO3980,DHL,29/11/2024,Delivered,Bangalore,Mumbai,256.78,01/12/2024,12/06/2024,0,Delivered Date is before Ship Date
SHO3982,FEDEX,,Delivered,Chennai,Delhi,218.03,30/03/2024,29/03/2024,0,Invalid ship date
SHO3983,FEDEX,,Pending,Hyderabad,Chennai,443.74,18/08/2025,,,Invalid ship date
SHO3984,FEDEX,20/02/2024,Pending,Chennai,Delhi,-52.92,22/02/2024,,,Invalid freight cost
SHO3985,DHL,26/04/2025,Pending,Pune,Chennai,,29/04/2025,,,Invalid freight cost
SHO3989,BLUEDART,,In Transit,Pune,Delhi,219.98,,,,Invalid ship date; Expected Delivery Date is missing or invalid
SHO3990,BLUEDART,,Delayed,Bangalore,Hyderabad,-33.06,04/07/2024,05/07/2024,,Invalid ship date; Invalid freight cost
SHO3991,DHL,,Pending,Delhi,Mumbai,-13.9,,,,Invalid ship date; Expected Delivery Date is missing or invalid; Invalid freight cost
SHO3994,FEDEX,04/02/2025,UNKNOWN,Pune,Bangalore,67.47,,,,Invalid status; Expected Delivery Date is missing or invalid
SHO3997,FEDEX,30/08/2025,Pending,Mumbai,Bangalore,-74.75,03/09/2025,,,Invalid freight cost
SHO3999,BLUEDART,01/01/2025,Delayed,Bangalore,Hyderabad,444.12,,01/05/2025,,Expected Delivery Date is missing or invalid
SHO4000,FEDEX,09/12/2024,Delivered,Pune,Delhi,380.63,12/12/2024,,,Delivered Date is missing or invalid for Delivered status
SHO4002,BLUEDART,26/08/2024,Delayed,Delhi,Hyderabad,360.9,,09/06/2024,,Expected Delivery Date is missing or invalid
SHO4004,FEDEX,,Delivered,Delhi,Bangalore,-43.38,28/04/2025,29/04/2025,1,Invalid ship date; Invalid freight cost
SHO4006,DHL,13/07/2025,In Transit,Pune,Bangalore,478.34,,,,Expected Delivery Date is missing or invalid
SHO4007,BLUEDART,,In Transit,Bangalore,Delhi,432.01,10/11/2025,,,Invalid ship date
SHO4008,DHL,,Delayed,Mumbai,Pune,-54.94,02/10/2026,,,Invalid ship date; Invalid freight cost
SHO4009,BLUEDART,01/08/2024,Delayed,Bangalore,Hyderabad,-52.56,04/08/2024,07/08/2024,,Invalid freight cost
,BLUEDART,,Accepted,Hyderabad,Chennai,-74.94,15/02/2026,,,Missing shipment ID; Invalid ship date; Invalid freight cost
,BLUEDART,15/01/2026,Accepted,Bangalore,Pune,-25.81,,23/01/2026,,Missing shipment ID; Expected Delivery Date is missing or invalid; Invalid freight cost
SHO4015,BLUEDART,,Delayed,Chennai,Bangalore,205.2,,21/06/2026,,Invalid ship date; Expected Delivery Date is missing or invalid
SHO4016,DHL,12/04/2024,IN TRANS,Chennai,Bangalore,165.75,,,,Invalid status; Expected Delivery Date is missing or invalid
SHO4017,DHL,02/04/2024,Delivered,Pune,Chennai,215.38,,16/02/2024,,Expected Delivery Date is missing or invalid; Delivered Date is before Ship Date
SHO4018,FEDEX,18/03/2026,Delivered,Delhi,Chennai,307.24,22/03/2026,,,Delivered Date is missing or invalid for Delivered status
SHO4019,FEDEX,,In Transit,Hyderabad,Pune,188.81,10/12/2025,,,Invalid ship date
SHO4022,DHL,18/09/2025,Delivered,Hyderabad,Bangalore,44.04,23/09/2025,,,Delivered Date is missing or invalid for Delivered status
,BLUEDART,,Pending,Bangalore,Chennai,460.92,19/07/2024,,,Missing shipment ID; Invalid ship date
SHO4025,FEDEX,08/02/2025,Delivered,Chennai,Delhi,488.56,13/02/2025,,,Delivered Date is missing or invalid for Delivered status
SHO4026,BLUEDART,02/10/2024,Accepted,Pune,Mumbai,130.31,,,,Expected Delivery Date is missing or invalid
SHO4028,BLUEDART,31/10/2024,Pending,Bangalore,Chennai,-21.92,02/11/2024,,,Invalid freight cost
SHO4029,DHL,,Delayed,Chennai,Hyderabad,,02/11/2025,05/11/2025,,Invalid ship date; Invalid freight cost
SHO4030,BLUEDART,25/07/2024,Delivered,Mumbai,Bangalore,237.54,,31/07/2024,,Expected Delivery Date is missing or invalid
SHO4036,BLUEDART,13/08/2025,In Transit,Delhi,Bangalore,477.29,,,,Expected Delivery Date is missing or invalid
SHO4037,BLUEDART,,UNKNOWN,Chennai,Pune,151.95,17/04/2024,23/04/2024,,Invalid ship date; Invalid status
SHO4038,FEDEX,07/06/2026,Delivered,Pune,Mumbai,,06/10/2026,,,Delivered Date is missing or invalid for Delivered status; Invalid freight cost
SHO4040,BLUEDART,,In Transit,Delhi,Bangalore,367.93,14/04/2024,,,Invalid ship date
SHO4041,DHL,25/02/2026,IN TRANS,Delhi,Pune,209.67,27/02/2026,,,Invalid status
SHO4042,FEDEX,15/12/2025,In Transit,Pune,Mumbai,,18/12/2025,,,Invalid freight cost
SHO4043,BLUEDART,,Delayed,Chennai,Delhi,98.73,,03/12/2025,,Invalid ship date; Expected Delivery Date is missing or invalid
SHO4047,BLUEDART,19/01/2026,Delivered,Hyderabad,Mumbai,38.33,,22/01/2026,,Expected Delivery Date is missing or invalid
SHO4048,FEDEX,03/10/2024,Delayed,Chennai,Pune,-49.13,05/10/2024,,,Invalid freight cost
SHO4051,FEDEX,26/11/2025,Pending,Hyderabad,Mumbai,-44.76,29/11/2025,,,Invalid freight cost
SHO4052,BLUEDART,10/05/2025,Delivered,Hyderabad,Pune,,16/05/2025,21/05/2025,5,Invalid freight cost
SHO4053,BLUEDART,27/04/2026,UNKNOWN,Hyderabad,Delhi,357.85,01/05/2026,,,Invalid status
SHO4055,FEDEX,24/09/2025,IN TRANS,Chennai,Delhi,-16.9,10/01/2025,,,Invalid status; Expected Delivery Date is before Ship Date; Invalid freight cost
SHO4056,BLUEDART,15/10/2025,UNKNOWN,Hyderabad,Chennai,405.17,20/10/2025,21/10/2025,,Invalid status
SHO4057,FEDEX,,Accepted,Chennai,Pune,199.4,13/03/2025,13/03/2025,,Invalid ship date
SHO4063,BLUEDART,19/05/2025,Delivered,Bangalore,Chennai,72.75,,23/05/2025,,Expected Delivery Date is missing or invalid
SHO4065,BLUEDART,01/03/2024,Delivered,Chennai,Hyderabad,471.53,,,,Expected Delivery Date is missing or invalid; Delivered Date is missing or invalid for Delivered status
SHO4067,BLUEDART,,Delivered,Chennai,Delhi,-47.51,16/03/2026,18/03/2026,2,Invalid ship date; Invalid freight cost
SHO4068,BLUEDART,17/04/2025,Pending,Bangalore,Pune,286.55,,,,Expected Delivery Date is missing or invalid
SHO4069,FEDEX,28/04/2024,Accepted,Delhi,Chennai,,01/05/2024,,,Invalid freight cost
SHO4071,BLUEDART,13/02/2024,Delivered,Chennai,Bangalore,,,19/02/2024,,Expected Delivery Date is missing or invalid; Invalid freight cost
SHO4072,FEDEX,08/12/2024,Delivered,Chennai,Hyderabad,312.3,14/08/2024,12/08/2024,0,Expected Delivery Date is before Ship Date; Delivered Date is before Ship Date
SHO4075,BLUEDART,21/06/2025,Delayed,Hyderabad,Chennai,280.72,,,,Expected Delivery Date is missing or invalid
SHO4077,FEDEX,,In Transit,Pune,Chennai,325.14,11/01/2025,,,Invalid ship date
,DHL,17/12/2024,Accepted,Pune,Hyderabad,307.96,22/12/2024,,,Missing shipment ID
SHO4079,FEDEX,30/05/2025,IN TRANS,Hyderabad,Mumbai,21.74,02/06/2025,,,Invalid status
SHO4080,FEDEX,12/04/2025,In Transit,Hyderabad,Pune,408.7,,,,Expected Delivery Date is missing or invalid
SHO4082,BLUEDART,21/02/2025,Delayed,Chennai,Delhi,124.47,,05/03/2025,,Expected Delivery Date is missing or invalid
SHO4083,DHL,23/03/2025,Delivered,Delhi,Bangalore,282.91,29/03/2025,,,Delivered Date is missing or invalid for Delivered status
SHO4088,DHL,,In Transit,Mumbai,Chennai,180.63,31/07/2025,,,Invalid ship date
SHO4089,BLUEDART,08/04/2025,In Transit,Hyderabad,Delhi,-30.47,14/04/2025,,,Invalid freight cost
SHO4090,BLUEDART,30/01/2024,Pending,Mumbai,Bangalore,-39.41,05/02/2024,,,Invalid freight cost
SHO4091,BLUEDART,20/03/2025,Pending,Pune,Mumbai,-36.52,23/03/2025,,,Invalid freight cost
SHO4093,BLUEDART,14/02/2024,IN TRANS,Hyderabad,Pune,62.43,16/02/2024,,,Invalid status
SHO4095,DHL,01/03/2025,Delivered,Hyderabad,Chennai,230.32,,,,Expected Delivery Date is missing or invalid; Delivered Date is missing or invalid for Delivered status
SHO4096,BLUEDART,,Pending,Delhi,Mumbai,8.95,16/03/2024,,,Invalid ship date
SHO4097,FEDEX,16/02/2025,Pending,Pune,Mumbai,88.22,,,,Expected Delivery Date is missing or invalid
SHO4099,DHL,10/12/2024,Pending,Hyderabad,Delhi,64.13,,,,Expected Delivery Date is missing or invalid
SHO4103,DHL,11/03/2024,IN TRANS,Hyderabad,Chennai,287.96,,,,Invalid status; Expected Delivery Date is missing or invalid
SHO4104,DHL,04/02/2026,Pending,Bangalore,Delhi,82.85,,,,Expected Delivery Date is missing or invalid
SHO4107,BLUEDART,24/03/2025,Delayed,Hyderabad,Pune,164.81,,27/03/2025,,Expected Delivery Date is missing or invalid
SHO4108,FEDEX,,In Transit,Pune,Delhi,-50.92,13/03/2025,,,Invalid ship date; Invalid freight cost
SHO4109,BLUEDART,,Pending,Bangalore,Mumbai,406.7,07/10/2025,,,Invalid ship date
SHO4111,BLUEDART,,Delayed,Mumbai,Pune,222.13,17/02/2025,23/02/2025,,Invalid ship date
SHO4114,DHL,17/09/2024,In Transit,Chennai,Delhi,58.13,,,,Expected Delivery Date is missing or invalid
SHO4115,BLUEDART,03/08/2026,In Transit,Delhi,Bangalore,420.01,11/03/2026,,,Expected Delivery Date is before Ship Date
SHO4117,DHL,21/03/2025,UNKNOWN,Mumbai,Chennai,40.43,26/03/2025,,,Invalid status
SHO4122,FEDEX,28/04/2024,Pending,Bangalore,Pune,187.36,,,,Expected Delivery Date is missing or invalid
SHO4124,FEDEX,07/05/2026,Pending,Hyderabad,Pune,86.3,,,,Expected Delivery Date is missing or invalid
SHO4125,BLUEDART,12/02/2025,Pending,Mumbai,Bangalore,244.63,,,,Expected Delivery Date is missing or invalid
SHO4126,DHL,13/12/2025,UNKNOWN,Chennai,Delhi,464.54,18/12/2025,,,Invalid status
SHO4128,FEDEX,17/01/2026,Pending,Delhi,Bangalore,-46.31,23/01/2026,,,Invalid freight cost
SHO4129,DHL,17/10/2025,UNKNOWN,Hyderabad,Pune,38.8,,28/10/2025,,Invalid status; Expected Delivery Date is missing or invalid
SHO4130,DHL,02/04/2024,IN TRANS,Pune,Hyderabad,156.2,02/09/2024,,,Invalid status
SHO4133,DHL,,In Transit,Mumbai,Pune,65.69,05/09/2026,,,Invalid ship date
,DHL,13/11/2025,Accepted,Chennai,Bangalore,433.51,,20/11/2025,,Missing shipment ID; Expected Delivery Date is missing or invalid
,FEDEX,12/11/2024,Delayed,Hyderabad,Delhi,166.86,14/12/2024,19/12/2024,,Missing shipment ID
,BLUEDART,05/08/2024,Pending,Hyderabad,Pune,207.1,,,,Missing shipment ID; Expected Delivery Date is missing or invalid
SHO4139,BLUEDART,,Delivered,Pune,Bangalore,60.02,28/08/2025,26/08/2025,0,Invalid ship date
SHO4143,BLUEDART,,IN TRANS,Mumbai,Pune,25.34,,,,Invalid ship date; Invalid status; Expected Delivery Date is missing or invalid
SHO4145,FEDEX,09/05/2025,Pending,Hyderabad,Mumbai,297.1,,,,Expected Delivery Date is missing or invalid
SHO4146,FEDEX,26/05/2026,Pending,Delhi,Chennai,260.33,,,,Expected Delivery Date is missing or invalid
SHO4147,BLUEDART,,IN TRANS,Delhi,Bangalore,308.22,,,,Invalid ship date; Invalid status; Expected Delivery Date is missing or invalid
SHO4150,DHL,01/09/2024,Accepted,Chennai,Mumbai,-34.07,01/12/2024,,,Invalid freight cost
SHO4151,FEDEX,16/10/2025,Delayed,Pune,Mumbai,371.27,,31/10/2025,,Expected Delivery Date is missing or invalid
SHO4152,DHL,09/11/2025,Accepted,Bangalore,Pune,433.54,18/09/2025,,,Expected Delivery Date is before Ship Date
SHO4153,BLUEDART,05/09/2024,In Transit,Mumbai,Hyderabad,471.06,13/05/2024,,,Expected Delivery Date is before Ship Date
SHO4154,BLUEDART,28/11/2024,In Transit,Chennai,Pune,333.44,12/01/2024,,,Expected Delivery Date is before Ship Date
SHO4155,DHL,21/06/2025,Delivered,Pune,Hyderabad,,,03/07/2025,,Expected Delivery Date is missing or invalid; Invalid freight cost
SHO4157,DHL,16/12/2024,IN TRANS,Delhi,Pune,321.64,21/12/2024,,,Invalid status
SHO4159,FEDEX,18/04/2026,Accepted,Hyderabad,Pune,175.57,,,,Expected Delivery Date is missing or invalid
SHO4160,DHL,22/01/2025,Delivered,Mumbai,Chennai,-76.64,24/01/2025,22/01/2025,0,Invalid freight cost
,FEDEX,30/12/2025,Accepted,Delhi,Pune,261.47,04/01/2026,,,Missing shipment ID
SHO4164,BLUEDART,18/06/2024,Delayed,Bangalore,Hyderabad,,21/06/2024,27/06/2024,,Invalid freight cost
SHO4165,FEDEX,08/12/2024,Pending,Mumbai,Pune,434.38,16/08/2024,,,Expected Delivery Date is before Ship Date
SHO4166,BLUEDART,,Delayed,Bangalore,Hyderabad,-60.54,14/01/2026,15/01/2026,,Invalid ship date; Invalid freight cost
SHO4167,BLUEDART,20/07/2025,IN TRANS,Mumbai,Hyderabad,136.3,23/07/2025,,,Invalid status
SHO4168,FEDEX,13/10/2024,Delivered,Mumbai,Bangalore,358.17,18/10/2024,,,Delivered Date is missing or invalid for Delivered status
SHO4169,BLUEDART,,Delivered,Pune,Delhi,439.78,31/12/2025,03/01/2026,3,Invalid ship date
SHO4170,DHL,,Pending,Chennai,Hyderabad,295.45,04/06/2024,,,Invalid ship date
SHO4171,DHL,04/09/2024,UNKNOWN,Chennai,Pune,70.56,04/11/2024,,,Invalid status
SHO4172,BLUEDART,13/03/2024,Delivered,Chennai,Pune,460.58,17/03/2024,,,Delivered Date is missing or invalid for Delivered status
SHO4174,BLUEDART,16/05/2026,In Transit,Delhi,Chennai,-17.02,23/05/2026,,,Invalid freight cost
SHO4175,FEDEX,04/08/2025,In Transit,Pune,Mumbai,179.53,,,,Expected Delivery Date is missing or invalid
SHO4177,DHL,,Pending,Delhi,Bangalore,474.3,,,,Invalid ship date; Expected Delivery Date is missing or invalid
SHO4178,FEDEX,03/07/2025,Pending,Bangalore,Chennai,,03/11/2025,,,Invalid freight cost
SHO4179,DHL,,IN TRANS,Pune,Chennai,65.59,25/09/2025,,,Invalid ship date; Invalid status
SHO4180,FEDEX,31/12/2025,Delayed,Bangalore,Pune,118.84,,17/01/2026,,Expected Delivery Date is missing or invalid
SHO4181,BLUEDART,,Delivered,Chennai,Delhi,268.91,12/01/2026,15/01/2026,3,Invalid ship date
SHO4182,DHL,24/03/2024,Delayed,Delhi,Mumbai,,30/03/2024,,,Invalid freight cost
SHO4183,FEDEX,17/08/2024,UNKNOWN,Bangalore,Delhi,242.81,19/08/2024,,,Invalid status
SHO4184,DHL,22/09/2024,UNKNOWN,Chennai,Delhi,299.77,28/09/2024,03/10/2024,,Invalid status
SHO4185,DHL,25/01/2026,UNKNOWN,Delhi,Hyderabad,128.24,,,,Invalid status; Expected Delivery Date is missing or invalid
SHO4186,BLUEDART,06/11/2024,In Transit,Bangalore,Chennai,414.31,17/06/2024,,,Expected Delivery Date is before Ship Date
SHO4187,FEDEX,11/12/2025,Accepted,Delhi,Bangalore,-36.0,14/12/2025,,,Invalid freight cost
SHO4188,DHL,29/05/2024,Pending,Bangalore,Mumbai,3.05,06/02/2024,,,Expected Delivery Date is before Ship Date
SHO4189,BLUEDART,29/02/2024,Delivered,Chennai,Mumbai,105.79,03/02/2024,03/06/2024,121,Expected Delivery Date is before Ship Date
SHO4190,DHL,18/09/2024,In Transit,Chennai,Mumbai,-11.64,23/09/2024,,,Invalid freight cost
SHO4192,BLUEDART,20/08/2024,Delivered,Hyderabad,Pune,146.63,,,,Expected Delivery Date is missing or invalid; Delivered Date is missing or invalid for Delivered status
SHO4193,FEDEX,,Delivered,Bangalore,Mumbai,380.41,23/06/2026,23/06/2026,0,Invalid ship date
SHO4194,BLUEDART,07/05/2025,Pending,Mumbai,Delhi,-67.62,09/07/2025,,,Invalid freight cost
SHO4197,BLUEDART,,In Transit,Pune,Hyderabad,36.51,07/02/2024,,,Invalid ship date
SHO4198,DHL,06/09/2025,UNKNOWN,Pune,Delhi,262.0,13/09/2025,23/09/2025,,Invalid status
SHO4199,FEDEX,,Pending,Bangalore,Pune,435.57,11/10/2025,,,Invalid ship date
SHO4201,BLUEDART,09/12/2024,Pending,Pune,Delhi,34.67,,,,Expected Delivery Date is missing or invalid
SHO4202,DHL,20/11/2025,In Transit,Delhi,Chennai,-35.6,24/11/2025,,,Invalid freight cost
SHO4203,FEDEX,09/08/2025,IN TRANS,Bangalore,Chennai,303.65,11/09/2025,,,Invalid status
SHO4205,DHL,23/08/2024,Delayed,Mumbai,Hyderabad,341.85,,09/03/2024,,Expected Delivery Date is missing or invalid
SHO4207,FEDEX,,Delayed,Mumbai,Chennai,44.78,,26/02/2024,,Invalid ship date; Expected Delivery Date is missing or invalid
SHO4208,FEDEX,,Pending,Bangalore,Hyderabad,177.89,01/02/2026,,,Invalid ship date
SHO4211,FEDEX,,Delayed,Hyderabad,Pune,365.67,11/09/2024,,,Invalid ship date
SHO4213,FEDEX,06/10/2025,UNKNOWN,Hyderabad,Bangalore,491.44,14/06/2025,24/06/2025,,Invalid status; Expected Delivery Date is before Ship Date
SHO4214,BLUEDART,01/05/2025,Delivered,Delhi,Pune,451.57,05/05/2025,,,Delivered Date is missing or invalid for Delivered status
SHO4216,DHL,05/02/2026,Pending,Hyderabad,Chennai,,08/02/2026,,,Invalid freight cost
SHO4217,FEDEX,29/01/2026,UNKNOWN,Bangalore,Pune,402.84,02/02/2026,02/07/2026,,Invalid status
SHO4218,DHL,,Delivered,Delhi,Mumbai,333.71,,,,Invalid ship date; Expected Delivery Date is missing or invalid; Delivered Date is missing or invalid for Delivered status
SHO4220,BLUEDART,01/05/2024,In Transit,Pune,Bangalore,304.33,,,,Expected Delivery Date is missing or invalid
SHO4221,DHL,04/03/2026,Pending,Bangalore,Chennai,80.08,,,,Expected Delivery Date is missing or invalid
,BLUEDART,25/01/2025,Delivered,Hyderabad,Bangalore,418.73,29/01/2025,01/02/2025,3,Missing shipment ID
SHO4223,DHL,,Pending,Chennai,Delhi,473.11,19/02/2026,,,Invalid ship date
SHO4224,BLUEDART,29/11/2024,Accepted,Delhi,Chennai,,06/12/2024,12/12/2024,,Invalid freight cost
SHO4225,BLUEDART,,Accepted,Hyderabad,Mumbai,180.83,,26/01/2024,,Invalid ship date; Expected Delivery Date is missing or invalid
SHO4227,FEDEX,21/05/2025,In Transit,Hyderabad,Pune,-3.86,27/05/2025,,,Invalid freight cost
SHO4228,DHL,16/11/2024,UNKNOWN,Pune,Delhi,34.45,23/11/2024,,,Invalid status
SHO4229,BLUEDART,,Pending,Delhi,Pune,262.95,22/11/2025,,,Invalid ship date
SHO4231,BLUEDART,15/06/2026,IN TRANS,Hyderabad,Mumbai,204.9,22/06/2026,,,Invalid status
SHO4232,BLUEDART,,In Transit,Hyderabad,Pune,400.64,,,,Invalid ship date; Expected Delivery Date is missing or invalid
SHO4234,DHL,30/07/2024,Delayed,Bangalore,Mumbai,485.3,08/06/2024,,,Expected Delivery Date is before Ship Date
SHO4235,DHL,20/10/2025,IN TRANS,Pune,Hyderabad,-72.77,24/10/2025,,,Invalid status; Invalid freight cost
SHO4236,FEDEX,,Delayed,Bangalore,Delhi,113.48,31/08/2024,,,Invalid ship date
SHO4237,BLUEDART,02/07/2025,Accepted,Chennai,Pune,55.14,12/02/2025,,,Expected Delivery Date is before Ship Date
SHO4241,BLUEDART,28/12/2024,Delivered,Pune,Bangalore,82.05,,,,Expected Delivery Date is missing or invalid; Delivered Date is missing or invalid for Delivered status
SHO4243,BLUEDART,,Delivered,Hyderabad,Delhi,-57.85,02/11/2024,11/01/2024,0,Invalid ship date; Invalid freight cost
SHO4244,DHL,21/12/2024,Delivered,Delhi,Mumbai,396.69,28/12/2024,,,Delivered Date is missing or invalid for Delivered status
SHO4245,BLUEDART,27/02/2024,Delivered,Pune,Bangalore,181.05,,,,Expected Delivery Date is missing or invalid; Delivered Date is missing or invalid for Delivered status
SHO4246,FEDEX,16/10/2025,IN TRANS,Bangalore,Pune,-18.33,18/10/2025,,,Invalid status; Invalid freight cost
SHO4247,BLUEDART,02/06/2024,In Transit,Bangalore,Chennai,-69.68,07/06/2024,,,Invalid freight cost
SHO4248,DHL,07/04/2024,Delayed,Mumbai,Pune,,07/07/2024,,,Invalid freight cost
SHO4249,BLUEDART,06/01/2024,In Transit,Mumbai,Hyderabad,-41.58,04/06/2024,,,Invalid freight cost
SHO4252,DHL,,In Transit,Chennai,Delhi,15.02,09/06/2026,,,Invalid ship date
SHO4255,FEDEX,,Delivered,Bangalore,Mumbai,469.43,31/08/2025,30/08/2025,0,Invalid ship date
SHO4256,FEDEX,09/02/2024,Pending,Hyderabad,Pune,261.91,,,,Expected Delivery Date is missing or invalid
SHO4259,FEDEX,04/04/2026,Delayed,Chennai,Delhi,-58.63,,16/04/2026,,Expected Delivery Date is missing or invalid; Invalid freight cost
SHO4260,BLUEDART,,In Transit,Pune,Chennai,421.35,06/01/2026,,,Invalid ship date
SHO4261,FEDEX,19/01/2026,Delivered,Hyderabad,Chennai,,24/01/2026,25/01/2026,1,Invalid freight cost
SHO4262,FEDEX,,Delayed,Delhi,Pune,297.66,23/09/2024,25/09/2024,,Invalid ship date
SHO4263,BLUEDART,01/05/2024,Delivered,Bangalore,Hyderabad,491.64,12/01/2024,17/01/2024,5,Expected Delivery Date is before Ship Date; Delivered Date is before Ship Date
,DHL,17/01/2025,In Transit,Chennai,Hyderabad,329.6,,,,Missing shipment ID; Expected Delivery Date is missing or invalid
SHO4265,DHL,,Accepted,Hyderabad,Mumbai,145.0,30/10/2024,,,Invalid ship date
,FEDEX,13/04/2026,Delayed,Delhi,Chennai,93.25,16/04/2026,25/04/2026,,Missing shipment ID
SHO4267,BLUEDART,07/10/2024,Delivered,Bangalore,Pune,149.32,16/07/2024,15/07/2024,0,Expected Delivery Date is before Ship Date; Delivered Date is before Ship Date
SHO4268,FEDEX,25/09/2024,Delayed,Chennai,Bangalore,313.87,,10/10/2024,,Expected Delivery Date is missing or invalid
,BLUEDART,24/08/2025,In Transit,Delhi,Hyderabad,186.4,30/08/2025,,,Missing shipment ID
SHO4270,DHL,13/01/2026,Accepted,Bangalore,Pune,,15/01/2026,23/01/2026,,Invalid freight cost
SHO4271,DHL,11/11/2024,Delivered,Bangalore,Mumbai,-4.17,17/11/2024,17/11/2024,0,Invalid freight cost
SHO4274,BLUEDART,21/02/2025,Delayed,Bangalore,Hyderabad,216.52,,03/07/2025,,Expected Delivery Date is missing or invalid
SHO4275,DHL,13/04/2024,IN TRANS,Pune,Chennai,,16/04/2024,,,Invalid status; Invalid freight cost
SHO4278,FEDEX,,In Transit,Chennai,Pune,477.75,16/12/2024,,,Invalid ship date
SHO4279,FEDEX,,Delivered,Hyderabad,Bangalore,472.14,04/10/2025,15/04/2025,0,Invalid ship date
SHO4280,DHL,,Delivered,Hyderabad,Chennai,294.12,22/01/2026,24/01/2026,2,Invalid ship date
SHO4281,DHL,,In Transit,Bangalore,Chennai,236.91,,,,Invalid ship date; Expected Delivery Date is missing or invalid
SHO4284,BLUEDART,26/04/2024,Accepted,Bangalore,Mumbai,78.85,,,,Expected Delivery Date is missing or invalid
SHO4287,FEDEX,17/03/2026,Delivered,Bangalore,Delhi,-55.92,24/03/2026,28/03/2026,4,Invalid freight cost
SHO4288,DHL,,Accepted,Hyderabad,Bangalore,-12.24,,,,Invalid ship date; Expected Delivery Date is missing or invalid; Invalid freight cost
SHO4289,DHL,,Delayed,Mumbai,Pune,194.25,,31/10/2025,,Invalid ship date; Expected Delivery Date is missing or invalid
SHO4290,BLUEDART,26/06/2025,Accepted,Pune,Delhi,,01/07/2025,,,Invalid freight cost
SHO4291,FEDEX,02/11/2025,Accepted,Hyderabad,Pune,-16.25,16/02/2025,,,Expected Delivery Date is before Ship Date; Invalid freight cost
SHO4293,BLUEDART,06/12/2025,Accepted,Mumbai,Delhi,127.46,12/10/2025,,,Expected Delivery Date is before Ship Date
SHO4294,BLUEDART,31/01/2025,Pending,Bangalore,Pune,-50.83,02/03/2025,,,Invalid freight cost
SHO4296,BLUEDART,19/01/2024,Delayed,Chennai,Bangalore,,24/01/2024,01/02/2024,,Invalid freight cost
SHO4300,BLUEDART,24/10/2025,Pending,Delhi,Mumbai,356.51,,,,Expected Delivery Date is missing or invalid
SHO4301,DHL,,Accepted,Pune,Chennai,436.21,19/04/2024,,,Invalid ship date
SHO4303,DHL,,Pending,Pune,Delhi,242.34,,,,Invalid ship date; Expected Delivery Date is missing or invalid
SHO4304,FEDEX,09/06/2024,Pending,Pune,Hyderabad,-70.81,12/06/2024,,,Invalid freight cost
SHO4307,DHL,29/09/2024,UNKNOWN,Chennai,Hyderabad,146.16,05/10/2024,,,Invalid status
SHO4308,DHL,10/09/2025,In Transit,Hyderabad,Mumbai,282.05,,,,Expected Delivery Date is missing or invalid
SHO4309,DHL,,Accepted,Mumbai,Hyderabad,432.47,25/09/2024,,,Invalid ship date
,DHL,02/12/2025,Pending,Chennai,Mumbai,294.5,07/12/2025,,,Missing shipment ID
SHO4312,BLUEDART,08/06/2024,UNKNOWN,Bangalore,Pune,116.6,06/10/2024,10/06/2024,,Invalid status
SHO4313,DHL,22/10/2024,Delayed,Delhi,Pune,,27/10/2024,11/02/2024,,Invalid freight cost
SHO4316,DHL,,Delivered,Mumbai,Bangalore,321.25,18/11/2024,23/11/2024,5,Invalid ship date
SHO4317,BLUEDART,17/04/2025,Pending,Chennai,Bangalore,273.37,,,,Expected Delivery Date is missing or invalid
SHO4318,BLUEDART,,Pending,Pune,Delhi,121.25,19/05/2026,,,Invalid ship date
SHO4319,BLUEDART,29/09/2024,Pending,Mumbai,Bangalore,-38.4,04/10/2024,,,Invalid freight cost
SHO4321,FEDEX,06/03/2025,Pending,Pune,Hyderabad,,,,,Expected Delivery Date is missing or invalid; Invalid freight cost
SHO4323,DHL,20/01/2024,IN TRANS,Hyderabad,Bangalore,128.45,26/01/2024,,,Invalid status
,FEDEX,,UNKNOWN,Pune,Hyderabad,103.29,13/10/2024,,,Missing shipment ID; Invalid ship date; Invalid status
SHO4325,FEDEX,,IN TRANS,Chennai,Hyderabad,42.46,25/10/2025,,,Invalid ship date; Invalid status
SHO4326,FEDEX,23/04/2024,Delayed,Pune,Delhi,158.79,,07/05/2024,,Expected Delivery Date is missing or invalid
SHO4327,FEDEX,,In Transit,Chennai,Bangalore,448.94,17/09/2025,,,Invalid ship date
SHO4328,FEDEX,,In Transit,Delhi,Bangalore,480.41,18/12/2025,,,Invalid ship date
SHO4329,FEDEX,20/07/2024,IN TRANS,Delhi,Bangalore,190.47,24/07/2024,,,Invalid status
SHO4330,FEDEX,19/01/2026,UNKNOWN,Mumbai,Chennai,-42.58,23/01/2026,,,Invalid status; Invalid freight cost
SHO4331,DHL,07/06/2025,Pending,Delhi,Chennai,412.61,,,,Expected Delivery Date is missing or invalid
,FEDEX,20/08/2024,Delayed,Bangalore,Mumbai,182.43,26/08/2024,27/08/2024,,Missing shipment ID
SHO4336,BLUEDART,,Delayed,Pune,Mumbai,29.1,12/03/2025,15/03/2025,,Invalid ship date
SHO4337,BLUEDART,26/05/2025,In Transit,Delhi,Bangalore,483.76,06/01/2025,,,Expected Delivery Date is before Ship Date
SHO4338,FEDEX,20/03/2026,Accepted,Pune,Bangalore,-33.49,25/03/2026,,,Invalid freight cost
,DHL,18/05/2025,In Transit,Mumbai,Hyderabad,-42.22,23/05/2025,,,Missing shipment ID; Invalid freight cost
SHO4343,DHL,,Accepted,Pune,Delhi,469.22,28/09/2025,,,Invalid ship date
SHO4344,DHL,25/12/2024,Accepted,Mumbai,Pune,-79.33,01/01/2025,01/08/2025,,Invalid freight cost
SHO4348,DHL,01/02/2025,Delayed,Mumbai,Bangalore,-7.86,,14/02/2025,,Expected Delivery Date is missing or invalid; Invalid freight cost
SHO4349,BLUEDART,01/03/2024,Delivered,Chennai,Bangalore,350.97,,01/09/2024,,Expected Delivery Date is missing or invalid
SHO4353,DHL,09/07/2024,Delayed,Chennai,Mumbai,49.06,,22/07/2024,,Expected Delivery Date is missing or invalid
SHO4354,DHL,,In Transit,Hyderabad,Pune,,11/02/2025,,,Invalid ship date; Invalid freight cost
SHO4355,BLUEDART,26/09/2025,In Transit,Pune,Hyderabad,410.1,,,,Expected Delivery Date is missing or invalid
SHO4356,DHL,07/09/2025,In Transit,Chennai,Pune,-74.31,10/09/2025,,,Invalid freight cost
SHO4358,BLUEDART,25/02/2024,Delayed,Delhi,Pune,464.77,03/02/2024,,,Expected Delivery Date is before Ship Date
SHO4359,FEDEX,,Delayed,Pune,Chennai,414.2,24/03/2025,27/03/2025,,Invalid ship date
SHO4360,DHL,,Pending,Chennai,Hyderabad,17.45,02/09/2026,,,Invalid ship date
,FEDEX,09/03/2026,In Transit,Mumbai,Pune,-35.3,03/12/2026,,,Missing shipment ID; Invalid freight cost
SHO4364,BLUEDART,,Delayed,Chennai,Hyderabad,325.84,14/09/2025,,,Invalid ship date
SHO4365,BLUEDART,28/03/2024,Delivered,Mumbai,Hyderabad,493.37,,31/03/2024,,Expected Delivery Date is missing or invalid
SHO4366,DHL,18/01/2026,Accepted,Hyderabad,Delhi,-34.03,21/01/2026,,,Invalid freight cost
,DHL,17/04/2025,UNKNOWN,Chennai,Mumbai,42.02,24/04/2025,25/04/2025,,Missing shipment ID; Invalid status
SHO4372,BLUEDART,,IN TRANS,Pune,Bangalore,83.09,05/01/2025,,,Invalid ship date; Invalid status
SHO4374,FEDEX,,IN TRANS,Chennai,Bangalore,311.05,24/03/2025,,,Invalid ship date; Invalid status
SHO4375,FEDEX,06/07/2025,Delivered,Delhi,Hyderabad,492.8,06/09/2025,14/06/2025,0,Delivered Date is before Ship Date
SHO4377,BLUEDART,02/01/2025,IN TRANS,Delhi,Pune,277.21,08/02/2025,,,Invalid status
SHO4378,BLUEDART,02/06/2026,Delayed,Hyderabad,Delhi,140.63,11/02/2026,13/02/2026,,Expected Delivery Date is before Ship Date
SHO4379,FEDEX,28/05/2026,In Transit,Hyderabad,Mumbai,409.11,06/02/2026,,,Expected Delivery Date is before Ship Date
SHO4380,DHL,26/01/2024,Delivered,Bangalore,Chennai,226.85,30/01/2024,,,Delivered Date is missing or invalid for Delivered status
SHO4381,BLUEDART,29/08/2024,In Transit,Delhi,Pune,51.33,,,,Expected Delivery Date is missing or invalid
SHO4382,FEDEX,04/03/2025,Pending,Delhi,Pune,207.84,,,,Expected Delivery Date is missing or invalid
SHO4383,BLUEDART,29/05/2025,Pending,Mumbai,Pune,238.29,06/02/2025,,,Expected Delivery Date is before Ship Date
SHO4384,FEDEX,19/03/2026,Pending,Bangalore,Hyderabad,418.14,,,,Expected Delivery Date is missing or invalid
SHO4385,FEDEX,13/05/2026,IN TRANS,Bangalore,Delhi,-79.74,18/05/2026,,,Invalid status; Invalid freight cost
,DHL,31/01/2024,Delayed,Bangalore,Chennai,-23.14,07/02/2024,16/02/2024,,Missing shipment ID; Invalid freight cost
SHO4387,DHL,10/04/2025,Delivered,Delhi,Chennai,118.04,10/07/2025,,,Delivered Date is missing or invalid for Delivered status
SHO4388,DHL,24/11/2025,IN TRANS,Bangalore,Mumbai,486.11,12/01/2025,,,Invalid status; Expected Delivery Date is before Ship Date
SHO4390,FEDEX,17/06/2024,UNKNOWN,Hyderabad,Delhi,101.4,22/06/2024,,,Invalid status
,FEDEX,24/05/2025,Delivered,Hyderabad,Pune,252.76,27/05/2025,26/05/2025,0,Missing shipment ID
SHO4393,DHL,,IN TRANS,Hyderabad,Pune,186.05,09/03/2025,,,Invalid ship date; Invalid status
SHO4394,FEDEX,08/06/2024,Accepted,Delhi,Bangalore,,13/06/2024,,,Invalid freight cost
SHO4396,DHL,13/01/2024,Delivered,Chennai,Delhi,-77.74,15/01/2024,15/01/2024,0,Invalid freight cost
SHO4398,FEDEX,24/03/2024,IN TRANS,Bangalore,Delhi,56.88,27/03/2024,,,Invalid status
SHO4400,DHL,29/09/2025,Accepted,Chennai,Delhi,,01/10/2025,,,Invalid freight cost
SHO4401,BLUEDART,17/11/2025,IN TRANS,Delhi,Mumbai,266.57,,,,Invalid status; Expected Delivery Date is missing or invalid
SHO4402,DHL,25/10/2024,Delayed,Hyderabad,Delhi,-53.67,,11/02/2024,,Expected Delivery Date is missing or invalid; Invalid freight cost
SHO4403,BLUEDART,24/01/2024,UNKNOWN,Delhi,Hyderabad,5.72,26/01/2024,03/02/2024,,Invalid status
SHO4407,FEDEX,02/09/2024,Pending,Pune,Mumbai,,06/09/2024,,,Invalid freight cost
,BLUEDART,11/03/2024,Delivered,Pune,Mumbai,9.44,,11/08/2024,,Missing shipment ID; Expected Delivery Date is missing or invalid
SHO4409,FEDEX,25/06/2025,UNKNOWN,Delhi,Pune,-79.42,30/06/2025,,,Invalid status; Invalid freight cost
SHO4412,BLUEDART,09/03/2024,UNKNOWN,Delhi,Pune,36.7,09/09/2024,10/09/2024,,Invalid status
SHO4413,BLUEDART,,Delayed,Pune,Mumbai,148.88,,10/02/2025,,Invalid ship date; Expected Delivery Date is missing or invalid
SHO4414,FEDEX,,Delivered,Mumbai,Pune,107.48,22/01/2025,23/01/2025,1,Invalid ship date
SHO4416,BLUEDART,04/01/2025,Delivered,Pune,Hyderabad,209.69,,04/06/2025,,Expected Delivery Date is missing or invalid
SHO4417,FEDEX,11/01/2024,In Transit,Chennai,Bangalore,397.25,,,,Expected Delivery Date is missing or invalid
SHO4419,FEDEX,11/06/2025,IN TRANS,Bangalore,Hyderabad,63.92,15/06/2025,,,Invalid status
SHO4421,BLUEDART,03/02/2024,Accepted,Chennai,Mumbai,-15.91,05/03/2024,,,Invalid freight cost
SHO4422,BLUEDART,10/06/2026,UNKNOWN,Mumbai,Chennai,94.5,15/06/2026,22/06/2026,,Invalid status
SHO4423,DHL,28/05/2025,Delayed,Pune,Hyderabad,-49.05,31/05/2025,07/06/2025,,Invalid freight cost
SHO4424,FEDEX,,In Transit,Mumbai,Delhi,7.05,27/05/2024,,,Invalid ship date
SHO4426,DHL,13/09/2024,Delayed,Pune,Delhi,-67.13,15/09/2024,18/09/2024,,Invalid freight cost
SHO4427,FEDEX,,IN TRANS,Chennai,Mumbai,-15.52,11/01/2024,,,Invalid ship date; Invalid status; Invalid freight cost
SHO4428,FEDEX,20/03/2024,Delivered,Bangalore,Hyderabad,280.75,22/03/2024,,,Delivered Date is missing or invalid for Delivered status
SHO4429,FEDEX,,Pending,Chennai,Delhi,307.64,,,,Invalid ship date; Expected Delivery Date is missing or invalid
SHO4430,BLUEDART,19/06/2026,Pending,Hyderabad,Chennai,98.95,,,,Expected Delivery Date is missing or invalid
SHO4431,DHL,,Delayed,Chennai,Bangalore,48.64,09/05/2025,12/05/2025,,Invalid ship date
SHO4432,BLUEDART,09/11/2024,IN TRANS,Hyderabad,Mumbai,467.53,,,,Invalid status; Expected Delivery Date is missing or invalid
SHO4433,DHL,,Delivered,Pune,Hyderabad,135.95,16/03/2024,15/03/2024,0,Invalid ship date
SHO4434,BLUEDART,25/02/2025,In Transit,Chennai,Bangalore,-60.81,04/03/2025,,,Invalid freight cost
SHO4435,DHL,07/01/2026,IN TRANS,Hyderabad,Mumbai,253.72,,,,Invalid status; Expected Delivery Date is missing or invalid
SHO4437,BLUEDART,30/04/2026,Delivered,Delhi,Mumbai,136.98,07/05/2026,,,Delivered Date is missing or invalid for Delivered status
SHO4439,FEDEX,31/01/2025,IN TRANS,Hyderabad,Bangalore,9.42,03/02/2025,,,Invalid status
SHO4442,DHL,,Pending,Pune,Chennai,150.77,20/02/2026,,,Invalid ship date
SHO4443,BLUEDART,,Delayed,Chennai,Pune,-18.93,24/08/2024,25/08/2024,,Invalid ship date; Invalid freight cost
SHO4444,FEDEX,,In Transit,Mumbai,Pune,171.47,03/11/2025,,,Invalid ship date
SHO4445,FEDEX,24/01/2024,In Transit,Chennai,Hyderabad,479.89,,,,Expected Delivery Date is missing or invalid
SHO4447,FEDEX,23/07/2024,IN TRANS,Chennai,Mumbai,216.57,25/07/2024,,,Invalid status
SHO4449,DHL,24/08/2025,UNKNOWN,Chennai,Mumbai,119.57,,,,Invalid status; Expected Delivery Date is missing or invalid
SHO4451,DHL,02/05/2025,Accepted,Delhi,Chennai,-50.22,02/07/2025,,,Invalid freight cost
SHO4453,DHL,02/10/2025,Pending,Pune,Chennai,133.79,,,,Expected Delivery Date is missing or invalid
SHO4454,DHL,18/01/2025,Delivered,Mumbai,Delhi,399.09,,21/01/2025,,Expected Delivery Date is missing or invalid
SHO4455,FEDEX,,Delayed,Chennai,Mumbai,258.62,17/05/2025,25/05/2025,,Invalid ship date
SHO4456,BLUEDART,06/02/2024,IN TRANS,Chennai,Pune,357.98,11/02/2024,,,Invalid status
SHO4458,DHL,10/08/2025,In Transit,Hyderabad,Bangalore,,12/08/2025,,,Invalid freight cost
SHO4459,BLUEDART,30/05/2024,Pending,Delhi,Mumbai,-66.11,05/06/2024,,,Invalid freight cost
SHO4460,DHL,,IN TRANS,Pune,Chennai,,23/04/2024,,,Invalid ship date; Invalid status; Invalid freight cost
SHO4461,BLUEDART,14/10/2025,In Transit,Hyderabad,Chennai,317.62,,,,Expected Delivery Date is missing or invalid
SHO4464,FEDEX,02/06/2024,IN TRANS,Mumbai,Pune,120.07,06/04/2024,,,Invalid status; Expected Delivery Date is before Ship Date
SHO4465,BLUEDART,08/12/2025,In Transit,Pune,Hyderabad,-49.39,,,,Expected Delivery Date is missing or invalid; Invalid freight cost
SHO4466,BLUEDART,,Pending,Hyderabad,Pune,77.32,23/01/2025,,,Invalid ship date
SHO4467,DHL,07/08/2024,Delayed,Delhi,Mumbai,259.37,,19/08/2024,,Expected Delivery Date is missing or invalid
SHO4468,BLUEDART,26/06/2024,UNKNOWN,Pune,Chennai,80.71,,01/07/2024,,Invalid status; Expected Delivery Date is missing or invalid
SHO4469,FEDEX,,Pending,Hyderabad,Pune,83.36,07/08/2024,,,Invalid ship date
SHO4473,FEDEX,,IN TRANS,Hyderabad,Mumbai,48.81,,,,Invalid ship date; Invalid status; Expected Delivery Date is missing or invalid
SHO4475,FEDEX,03/04/2025,IN TRANS,Mumbai,Delhi,139.64,03/09/2025,,,Invalid status
SHO4477,BLUEDART,08/01/2026,IN TRANS,Hyderabad,Mumbai,320.89,11/01/2026,,,Invalid status
SHO4478,DHL,04/12/2024,Delivered,Delhi,Bangalore,278.53,18/04/2024,19/04/2024,1,Expected Delivery Date is before Ship Date; Delivered Date is before Ship Date
SHO4481,DHL,12/05/2025,Accepted,Bangalore,Hyderabad,-54.72,12/12/2025,,,Invalid freight cost
SHO4483,FEDEX,,Delayed,Hyderabad,Chennai,-11.51,04/11/2026,13/04/2026,,Invalid ship date; Invalid freight cost
SHO4484,FEDEX,30/09/2024,Accepted,Pune,Mumbai,323.34,10/06/2024,,,Expected Delivery Date is before Ship Date
SHO4485,BLUEDART,04/11/2024,Accepted,Pune,Hyderabad,469.98,15/04/2024,,,Expected Delivery Date is before Ship Date
SHO4487,DHL,09/01/2026,Accepted,Hyderabad,Pune,27.1,,,,Expected Delivery Date is missing or invalid
SHO4489,DHL,10/08/2024,UNKNOWN,Delhi,Bangalore,243.57,12/10/2024,,,Invalid status
SHO4492,FEDEX,22/07/2024,Accepted,Pune,Delhi,117.41,,02/08/2024,,Expected Delivery Date is missing or invalid
SHO4494,DHL,02/10/2025,In Transit,Bangalore,Chennai,38.47,16/02/2025,,,Expected Delivery Date is before Ship Date
,FEDEX,30/01/2026,Pending,Mumbai,Delhi,360.55,04/02/2026,,,Missing shipment ID
SHO4497,FEDEX,29/07/2024,In Transit,Chennai,Pune,115.59,08/04/2024,,,Expected Delivery Date is before Ship Date
SHO4499,DHL,07/09/2025,Delivered,Mumbai,Hyderabad,5.62,15/07/2025,14/07/2025,0,Expected Delivery Date is before Ship Date; Delivered Date is before Ship Date
SHO4500,FEDEX,,Delivered,Delhi,Chennai,331.66,05/01/2026,,,Invalid ship date; Delivered Date is missing or invalid for Delivered status
SHO4501,FEDEX,,IN TRANS,Chennai,Bangalore,457.16,19/06/2026,,,Invalid ship date; Invalid status
SHO4502,DHL,05/07/2024,Pending,Mumbai,Chennai,345.23,11/05/2024,,,Expected Delivery Date is before Ship Date
SHO4503,FEDEX,27/04/2025,Delayed,Delhi,Chennai,255.5,,08/05/2025,,Expected Delivery Date is missing or invalid
SHO4504,DHL,15/03/2026,In Transit,Pune,Bangalore,-16.05,22/03/2026,,,Invalid freight cost
SHO4506,DHL,09/11/2024,Delivered,Pune,Chennai,449.53,13/11/2024,,,Delivered Date is missing or invalid for Delivered status
,FEDEX,,Delayed,Mumbai,Pune,31.85,,03/01/2026,,Missing shipment ID; Invalid ship date; Expected Delivery Date is missing or invalid
SHO4508,DHL,05/02/2024,Delivered,Delhi,Bangalore,59.34,,13/05/2024,,Expected Delivery Date is missing or invalid
SHO4511,FEDEX,,Delayed,Delhi,Mumbai,408.08,23/05/2024,,,Invalid ship date
SHO4512,BLUEDART,15/02/2025,Accepted,Bangalore,Chennai,58.22,,,,Expected Delivery Date is missing or invalid
SHO4513,DHL,27/03/2025,Delayed,Pune,Hyderabad,272.88,04/03/2025,04/09/2025,,Expected Delivery Date is before Ship Date
SHO4514,DHL,10/12/2025,Accepted,Delhi,Chennai,405.92,,,,Expected Delivery Date is missing or invalid
,FEDEX,,Delivered,Hyderabad,Bangalore,329.31,16/03/2025,20/03/2025,4,Missing shipment ID; Invalid ship date
SHO4517,FEDEX,09/08/2024,Accepted,Pune,Hyderabad,-27.87,09/12/2024,,,Invalid freight cost
SHO4518,BLUEDART,31/03/2025,IN TRANS,Delhi,Bangalore,116.44,,,,Invalid status; Expected Delivery Date is missing or invalid
SHO4521,FEDEX,,Delivered,Hyderabad,Pune,171.49,,26/03/2024,,Invalid ship date; Expected Delivery Date is missing or invalid
SHO4522,DHL,,Delayed,Chennai,Bangalore,318.65,13/03/2025,15/03/2025,,Invalid ship date
,DHL,,Delayed,Mumbai,Pune,459.15,,22/03/2025,,Missing shipment ID; Invalid ship date; Expected Delivery Date is missing or invalid
SHO4524,BLUEDART,11/06/2025,IN TRANS,Bangalore,Pune,340.58,,,,Invalid status; Expected Delivery Date is missing or invalid
SHO4525,DHL,13/07/2024,Delivered,Pune,Chennai,4.93,17/07/2024,,,Delivered Date is missing or invalid for Delivered status
SHO4527,BLUEDART,23/02/2025,Delivered,Bangalore,Chennai,210.35,,03/03/2025,,Expected Delivery Date is missing or invalid
,BLUEDART,22/01/2026,Delivered,Bangalore,Pune,17.81,25/01/2026,23/01/2026,0,Missing shipment ID
SHO4532,BLUEDART,12/12/2025,Delivered,Chennai,Pune,358.31,17/12/2025,,,Delivered Date is missing or invalid for Delivered status
SHO4533,FEDEX,,In Transit,Hyderabad,Delhi,,25/12/2024,,,Invalid ship date; Invalid freight cost
SHO4534,BLUEDART,,In Transit,Bangalore,Hyderabad,441.07,21/02/2025,,,Invalid ship date
SHO4535,DHL,,Pending,Pune,Hyderabad,234.45,07/05/2025,,,Invalid ship date
SHO4536,DHL,01/12/2025,In Transit,Hyderabad,Bangalore,466.42,,,,Expected Delivery Date is missing or invalid
SHO4537,DHL,01/08/2026,Pending,Bangalore,Pune,36.48,,,,Expected Delivery Date is missing or invalid
SHO4538,FEDEX,04/09/2024,Delayed,Hyderabad,Pune,379.96,,17/04/2024,,Expected Delivery Date is missing or invalid
SHO4539,FEDEX,,IN TRANS,Bangalore,Pune,253.27,04/10/2025,,,Invalid ship date; Invalid status
SHO4540,BLUEDART,24/03/2024,UNKNOWN,Chennai,Bangalore,224.38,,02/04/2024,,Invalid status; Expected Delivery Date is missing or invalid
SHO4542,DHL,28/06/2026,IN TRANS,Hyderabad,Mumbai,260.79,07/03/2026,,,Invalid status; Expected Delivery Date is before Ship Date
SHO4546,DHL,10/11/2024,IN TRANS,Hyderabad,Pune,-6.64,16/10/2024,,,Invalid status; Expected Delivery Date is before Ship Date; Invalid freight cost
SHO4547,BLUEDART,15/11/2024,In Transit,Pune,Mumbai,17.65,,,,Expected Delivery Date is missing or invalid
SHO4550,DHL,13/11/2025,Pending,Bangalore,Chennai,-23.86,18/11/2025,,,Invalid freight cost
SHO4551,FEDEX,02/12/2026,Pending,Hyderabad,Pune,465.47,17/02/2026,,,Expected Delivery Date is before Ship Date
SHO4554,FEDEX,,Pending,Pune,Chennai,162.99,05/07/2024,,,Invalid ship date
SHO4558,DHL,12/03/2025,Delivered,Pune,Chennai,-42.25,07/12/2025,12/06/2025,0,Invalid freight cost
SHO4561,BLUEDART,02/09/2024,Delivered,Bangalore,Chennai,386.88,08/09/2024,,,Delivered Date is missing or invalid for Delivered status
,FEDEX,17/04/2025,In Transit,Chennai,Delhi,191.46,22/04/2025,,,Missing shipment ID
SHO4563,BLUEDART,21/05/2024,Delayed,Delhi,Mumbai,197.68,,04/06/2024,,Expected Delivery Date is missing or invalid
SHO4564,DHL,04/06/2026,IN TRANS,Chennai,Bangalore,344.53,,,,Invalid status; Expected Delivery Date is missing or invalid
SHO4567,BLUEDART,23/05/2024,In Transit,Hyderabad,Chennai,323.98,,,,Expected Delivery Date is missing or invalid
SHO4568,FEDEX,27/01/2026,Delayed,Bangalore,Hyderabad,-35.68,,31/01/2026,,Expected Delivery Date is missing or invalid; Invalid freight cost
SHO4570,DHL,29/05/2026,Delivered,Hyderabad,Pune,397.18,06/04/2026,06/04/2026,0,Expected Delivery Date is before Ship Date; Delivered Date is before Ship Date
SHO4571,FEDEX,03/07/2025,Delayed,Bangalore,Chennai,490.88,,16/03/2025,,Expected Delivery Date is missing or invalid
SHO4572,BLUEDART,02/07/2024,Pending,Mumbai,Bangalore,156.56,12/02/2024,,,Expected Delivery Date is before Ship Date
SHO4573,BLUEDART,,Accepted,Chennai,Mumbai,,10/12/2024,,,Invalid ship date; Invalid freight cost
SHO4574,FEDEX,26/03/2026,Accepted,Delhi,Hyderabad,458.57,04/02/2026,,,Expected Delivery Date is before Ship Date
SHO4576,DHL,20/05/2026,IN TRANS,Delhi,Bangalore,434.78,24/05/2026,,,Invalid status
,BLUEDART,17/01/2025,Pending,Mumbai,Chennai,,23/01/2025,,,Missing shipment ID; Invalid freight cost
SHO4579,DHL,,Delayed,Pune,Mumbai,464.53,11/06/2026,15/06/2026,,Invalid ship date
SHO4580,BLUEDART,01/09/2025,Delivered,Delhi,Pune,94.52,,08/09/2025,,Expected Delivery Date is missing or invalid
SHO4581,DHL,22/05/2025,IN TRANS,Chennai,Pune,107.41,29/05/2025,,,Invalid status
SHO4582,DHL,,Pending,Bangalore,Pune,,06/06/2025,,,Invalid ship date; Invalid freight cost
SHO4583,FEDEX,08/08/2024,In Transit,Mumbai,Delhi,92.52,,,,Expected Delivery Date is missing or invalid
SHO4584,DHL,15/04/2026,Delivered,Hyderabad,Delhi,88.77,,17/04/2026,,Expected Delivery Date is missing or invalid
SHO4585,BLUEDART,02/01/2026,IN TRANS,Delhi,Hyderabad,-68.26,04/02/2026,,,Invalid status; Invalid freight cost
SHO4586,FEDEX,,Delayed,Hyderabad,Delhi,-53.33,,17/08/2024,,Invalid ship date; Expected Delivery Date is missing or invalid; Invalid freight cost
SHO4587,FEDEX,02/06/2026,UNKNOWN,Hyderabad,Pune,-29.13,02/12/2026,16/02/2026,,Invalid status; Invalid freight cost
SHO4588,FEDEX,04/09/2026,Delivered,Chennai,Mumbai,175.1,13/04/2026,04/12/2026,235,Expected Delivery Date is before Ship Date
SHO4589,DHL,27/08/2025,IN TRANS,Hyderabad,Pune,224.91,09/03/2025,,,Invalid status; Expected Delivery Date is before Ship Date
SHO4590,DHL,21/01/2026,Delayed,Delhi,Chennai,228.56,,02/06/2026,,Expected Delivery Date is missing or invalid
SHO4591,FEDEX,05/04/2026,Delivered,Pune,Mumbai,487.74,09/05/2026,,,Delivered Date is missing or invalid for Delivered status
SHO4592,DHL,05/11/2024,In Transit,Mumbai,Pune,30.29,16/05/2024,,,Expected Delivery Date is before Ship Date
SHO4593,DHL,26/08/2025,Delivered,Mumbai,Hyderabad,263.13,,29/08/2025,,Expected Delivery Date is missing or invalid
SHO4595,BLUEDART,,Delayed,Delhi,Pune,83.99,15/05/2026,16/05/2026,,Invalid ship date
SHO4599,DHL,24/09/2024,Delivered,Bangalore,Mumbai,149.25,28/09/2024,,,Delivered Date is missing or invalid for Delivered status
SHO4600,DHL,26/10/2025,In Transit,Delhi,Mumbai,190.32,,,,Expected Delivery Date is missing or invalid
SHO4601,BLUEDART,05/05/2025,IN TRANS,Delhi,Mumbai,24.97,05/07/2025,,,Invalid status
SHO4602,DHL,21/05/2026,Delivered,Delhi,Hyderabad,84.88,28/05/2026,,,Delivered Date is missing or invalid for Delivered status
SHO4604,DHL,,Accepted,Pune,Chennai,398.15,24/05/2024,,,Invalid ship date
SHO4605,DHL,18/10/2025,Accepted,Hyderabad,Delhi,-31.24,25/10/2025,26/10/2025,,Invalid freight cost
SHO4606,BLUEDART,21/05/2026,In Transit,Hyderabad,Bangalore,,,,,Expected Delivery Date is missing or invalid; Invalid freight cost
SHO4607,BLUEDART,31/03/2026,UNKNOWN,Hyderabad,Delhi,75.07,07/04/2026,,,Invalid status
SHO4610,DHL,14/10/2025,Delivered,Chennai,Bangalore,-1.27,21/10/2025,24/10/2025,3,Invalid freight cost
SHO4611,BLUEDART,18/05/2026,Accepted,Pune,Chennai,-49.6,20/05/2026,30/05/2026,,Invalid freight cost
SHO4612,BLUEDART,,Delivered,Hyderabad,Bangalore,90.11,07/04/2024,08/04/2024,1,Invalid ship date
SHO4614,DHL,13/04/2026,Accepted,Bangalore,Pune,320.7,,,,Expected Delivery Date is missing or invalid
SHO4616,FEDEX,25/10/2025,Delivered,Delhi,Hyderabad,307.63,28/10/2025,,,Delivered Date is missing or invalid for Delivered status
,DHL,,UNKNOWN,Delhi,Bangalore,106.28,,13/04/2025,,Missing shipment ID; Invalid ship date; Invalid status; Expected Delivery Date is missing or invalid
SHO4622,DHL,16/07/2025,Delayed,Bangalore,Mumbai,84.26,,,,Expected Delivery Date is missing or invalid
,BLUEDART,02/08/2024,Delayed,Chennai,Hyderabad,-50.77,08/09/2024,,,Missing shipment ID; Invalid freight cost
SHO4626,BLUEDART,,IN TRANS,Delhi,Pune,356.36,,,,Invalid ship date; Invalid status; Expected Delivery Date is missing or invalid
SHO4627,BLUEDART,15/01/2025,IN TRANS,Pune,Bangalore,105.7,19/01/2025,,,Invalid status
SHO4628,FEDEX,03/10/2024,Delayed,Chennai,Delhi,26.57,10/09/2024,,,Expected Delivery Date is before Ship Date
SHO4629,BLUEDART,,Accepted,Mumbai,Hyderabad,81.38,,,,Invalid ship date; Expected Delivery Date is missing or invalid
SHO4631,DHL,,Delayed,Delhi,Pune,-10.27,23/06/2024,07/03/2024,,Invalid ship date; Invalid freight cost
,FEDEX,06/10/2025,In Transit,Mumbai,Hyderabad,423.34,,,,Missing shipment ID; Expected Delivery Date is missing or invalid
SHO4635,FEDEX,12/04/2025,In Transit,Delhi,Chennai,355.73,,,,Expected Delivery Date is missing or invalid
SHO4638,FEDEX,,Pending,Mumbai,Delhi,347.38,14/03/2024,,,Invalid ship date
SHO4640,BLUEDART,,Pending,Bangalore,Delhi,338.17,,,,Invalid ship date; Expected Delivery Date is missing or invalid
SHO4642,FEDEX,,Pending,Mumbai,Hyderabad,-22.88,02/06/2024,,,Invalid ship date; Invalid freight cost
SHO4643,DHL,21/01/2025,Delivered,Chennai,Pune,370.1,23/01/2025,,,Delivered Date is missing or invalid for Delivered status
SHO4644,DHL,,Accepted,Delhi,Chennai,158.52,23/12/2025,,,Invalid ship date
SHO4645,BLUEDART,,In Transit,Bangalore,Hyderabad,68.13,23/04/2026,,,Invalid ship date
SHO4646,FEDEX,04/07/2025,Delivered,Mumbai,Delhi,446.87,07/09/2025,,,Delivered Date is missing or invalid for Delivered status
SHO4649,FEDEX,11/09/2025,In Transit,Chennai,Bangalore,161.68,,,,Expected Delivery Date is missing or invalid
SHO4651,DHL,12/01/2024,IN TRANS,Mumbai,Hyderabad,225.18,12/04/2024,,,Invalid status
SHO4652,DHL,07/01/2024,In Transit,Chennai,Bangalore,410.13,,,,Expected Delivery Date is missing or invalid
SHO4654,FEDEX,10/12/2024,Delivered,Bangalore,Delhi,451.68,,15/12/2024,,Expected Delivery Date is missing or invalid
SHO4655,FEDEX,,In Transit,Pune,Mumbai,380.08,22/12/2025,,,Invalid ship date
,FEDEX,06/10/2025,In Transit,Mumbai,Bangalore,148.79,,,,Missing shipment ID; Expected Delivery Date is missing or invalid
SHO4661,BLUEDART,05/04/2025,Delayed,Bangalore,Pune,-71.29,11/05/2025,21/05/2025,,Invalid freight cost
SHO4662,DHL,,Pending,Delhi,Mumbai,453.64,,,,Invalid ship date; Expected Delivery Date is missing or invalid
SHO4663,DHL,,Delivered,Mumbai,Pune,323.89,20/01/2024,21/01/2024,1,Invalid ship date
SHO4665,BLUEDART,08/10/2024,Delayed,Chennai,Pune,89.28,,20/10/2024,,Expected Delivery Date is missing or invalid
SHO4667,FEDEX,,Delayed,Bangalore,Mumbai,277.13,29/06/2025,30/06/2025,,Invalid ship date
SHO4668,FEDEX,10/11/2025,In Transit,Hyderabad,Bangalore,-70.22,16/11/2025,,,Invalid freight cost
SHO4670,BLUEDART,01/02/2026,Pending,Bangalore,Delhi,,04/02/2026,,,Invalid freight cost
,FEDEX,08/10/2025,In Transit,Bangalore,Hyderabad,302.58,17/08/2025,,,Missing shipment ID; Expected Delivery Date is before Ship Date
SHO4672,DHL,04/07/2024,Pending,Bangalore,Delhi,-56.9,07/10/2024,,,Invalid freight cost
SHO4673,BLUEDART,,Delivered,Delhi,Hyderabad,45.4,05/12/2025,03/12/2025,0,Invalid ship date
SHO4675,DHL,20/04/2024,IN TRANS,Delhi,Bangalore,236.9,26/04/2024,,,Invalid status
SHO4677,FEDEX,,IN TRANS,Chennai,Mumbai,479.61,,,,Invalid ship date; Invalid status; Expected Delivery Date is missing or invalid
SHO4678,FEDEX,07/03/2024,Delivered,Hyderabad,Pune,117.27,,15/07/2024,,Expected Delivery Date is missing or invalid
SHO4679,FEDEX,,Accepted,Pune,Delhi,-24.05,,,,Invalid ship date; Expected Delivery Date is missing or invalid; Invalid freight cost
SHO4680,BLUEDART,06/12/2025,Delivered,Delhi,Mumbai,-21.25,13/12/2025,16/12/2025,3,Invalid freight cost
SHO4682,BLUEDART,17/05/2025,Delivered,Hyderabad,Delhi,476.96,,22/05/2025,,Expected Delivery Date is missing or invalid
SHO4683,BLUEDART,05/09/2026,Delivered,Mumbai,Bangalore,410.9,14/05/2026,13/05/2026,0,Expected Delivery Date is before Ship Date; Delivered Date is before Ship Date
SHO4685,BLUEDART,,Delayed,Chennai,Pune,243.96,,14/08/2025,,Invalid ship date; Expected Delivery Date is missing or invalid
SHO4686,DHL,20/01/2026,Pending,Delhi,Bangalore,352.97,,,,Expected Delivery Date is missing or invalid
SHO4687,FEDEX,11/06/2024,Accepted,Chennai,Delhi,-79.17,,,,Expected Delivery Date is missing or invalid; Invalid freight cost
SHO4688,FEDEX,02/07/2026,Pending,Delhi,Hyderabad,157.41,13/02/2026,,,Expected Delivery Date is before Ship Date
SHO4689,DHL,15/05/2025,In Transit,Hyderabad,Delhi,29.1,,,,Expected Delivery Date is missing or invalid
SHO4690,DHL,17/06/2025,IN TRANS,Hyderabad,Pune,1.47,22/06/2025,,,Invalid status
SHO4695,BLUEDART,03/04/2026,Delivered,Hyderabad,Mumbai,182.8,08/03/2026,09/03/2026,1,Expected Delivery Date is before Ship Date; Delivered Date is before Ship Date
SHO4698,DHL,,Accepted,Pune,Hyderabad,-69.2,25/02/2024,,,Invalid ship date; Invalid freight cost
SHO4700,FEDEX,26/06/2024,In Transit,Bangalore,Delhi,193.1,07/02/2024,,,Expected Delivery Date is before Ship Date
SHO4701,DHL,,Delivered,Pune,Delhi,-69.56,,15/02/2025,,Invalid ship date; Expected Delivery Date is missing or invalid; Invalid freight cost
SHO4702,DHL,24/05/2024,Accepted,Hyderabad,Mumbai,-21.0,31/05/2024,,,Invalid freight cost
SHO4703,DHL,,In Transit,Pune,Bangalore,-10.59,24/01/2024,,,Invalid ship date; Invalid freight cost
SHO4704,BLUEDART,24/05/2025,Delivered,Mumbai,Hyderabad,83.48,30/05/2025,,,Delivered Date is missing or invalid for Delivered status
SHO4705,DHL,,Delivered,Mumbai,Hyderabad,-4.53,27/07/2024,27/07/2024,0,Invalid ship date; Invalid freight cost
SHO4706,FEDEX,22/11/2024,IN TRANS,Pune,Mumbai,387.36,,,,Invalid status; Expected Delivery Date is missing or invalid
SHO4707,BLUEDART,02/05/2024,Delivered,Pune,Chennai,412.86,02/12/2024,14/02/2024,0,Delivered Date is before Ship Date
SHO4709,FEDEX,22/04/2025,In Transit,Delhi,Hyderabad,183.75,,,,Expected Delivery Date is missing or invalid
,BLUEDART,11/06/2024,In Transit,Pune,Delhi,446.55,15/06/2024,,,Missing shipment ID
SHO4711,BLUEDART,20/12/2024,Accepted,Pune,Delhi,387.81,,25/12/2024,,Expected Delivery Date is missing or invalid
SHO4713,FEDEX,24/01/2025,Pending,Hyderabad,Chennai,-6.71,29/01/2025,,,Invalid freight cost
SHO4715,FEDEX,12/04/2024,UNKNOWN,Pune,Delhi,287.45,07/12/2024,,,Invalid status
SHO4717,BLUEDART,,In Transit,Mumbai,Delhi,-36.55,10/11/2025,,,Invalid ship date; Invalid freight cost
SHO4719,DHL,17/01/2026,In Transit,Chennai,Mumbai,203.93,,,,Expected Delivery Date is missing or invalid
,FEDEX,,Pending,Delhi,Mumbai,400.71,04/05/2026,,,Missing shipment ID; Invalid ship date
SHO4721,BLUEDART,13/06/2024,Delayed,Chennai,Hyderabad,-67.39,17/06/2024,24/06/2024,,Invalid freight cost
,BLUEDART,,Accepted,Delhi,Pune,-63.2,,,,Missing shipment ID; Invalid ship date; Expected Delivery Date is missing or invalid; Invalid freight cost
SHO4726,DHL,,Pending,Mumbai,Hyderabad,464.25,27/06/2025,,,Invalid ship date
SHO4727,BLUEDART,10/05/2024,Accepted,Mumbai,Delhi,-24.82,05/12/2024,,,Invalid freight cost
SHO4728,DHL,22/03/2024,Delayed,Chennai,Bangalore,272.51,,04/06/2024,,Expected Delivery Date is missing or invalid
SHO4730,DHL,04/01/2026,Delayed,Mumbai,Chennai,33.17,,13/04/2026,,Expected Delivery Date is missing or invalid
SHO4731,DHL,02/02/2024,IN TRANS,Chennai,Pune,134.53,06/02/2024,,,Invalid status
SHO4732,DHL,23/12/2024,Pending,Pune,Bangalore,51.88,,,,Expected Delivery Date is missing or invalid
SHO4733,FEDEX,,Accepted,Bangalore,Hyderabad,194.34,10/11/2024,,,Invalid ship date
SHO4734,FEDEX,21/05/2026,Delayed,Pune,Bangalore,,,31/05/2026,,Expected Delivery Date is missing or invalid; Invalid freight cost
SHO4736,FEDEX,14/05/2024,UNKNOWN,Mumbai,Chennai,,21/05/2024,,,Invalid status; Invalid freight cost
SHO4737,BLUEDART,27/08/2024,UNKNOWN,Bangalore,Delhi,146.5,30/08/2024,,,Invalid status
SHO4739,BLUEDART,02/11/2024,IN TRANS,Pune,Mumbai,57.45,08/11/2024,,,Invalid status
SHO4740,FEDEX,14/12/2025,Pending,Pune,Bangalore,-17.63,17/12/2025,,,Invalid freight cost
SHO4742,BLUEDART,08/04/2026,In Transit,Mumbai,Pune,-66.47,10/04/2026,,,Invalid freight cost
SHO4743,DHL,,Pending,Chennai,Mumbai,375.53,11/12/2025,,,Invalid ship date
SHO4744,FEDEX,18/04/2026,In Transit,Mumbai,Hyderabad,,20/04/2026,,,Invalid freight cost
SHO4745,FEDEX,13/11/2025,In Transit,Mumbai,Chennai,-77.83,15/11/2025,,,Invalid freight cost
SHO4749,DHL,02/11/2026,Delivered,Hyderabad,Chennai,343.37,18/02/2026,20/02/2026,2,Expected Delivery Date is before Ship Date; Delivered Date is before Ship Date
SHO4750,DHL,19/09/2024,UNKNOWN,Pune,Chennai,218.65,25/09/2024,,,Invalid status
SHO4751,DHL,,Accepted,Delhi,Hyderabad,20.65,,,,Invalid ship date; Expected Delivery Date is missing or invalid
SHO4752,DHL,19/03/2025,Pending,Bangalore,Chennai,375.44,,,,Expected Delivery Date is missing or invalid
SHO4756,FEDEX,,Pending,Delhi,Bangalore,33.52,30/09/2024,,,Invalid ship date
SHO4758,FEDEX,,Accepted,Pune,Chennai,173.29,24/11/2024,,,Invalid ship date
SHO4759,BLUEDART,03/03/2024,UNKNOWN,Hyderabad,Delhi,191.26,,,,Invalid status; Expected Delivery Date is missing or invalid
SHO4761,BLUEDART,21/10/2025,Delivered,Mumbai,Chennai,141.31,23/10/2025,,,Delivered Date is missing or invalid for Delivered status
SHO4763,FEDEX,13/09/2024,Delayed,Delhi,Bangalore,84.41,,30/09/2024,,Expected Delivery Date is missing or invalid
SHO4764,FEDEX,23/04/2026,Delayed,Pune,Delhi,327.6,,05/07/2026,,Expected Delivery Date is missing or invalid
SHO4765,BLUEDART,,In Transit,Hyderabad,Pune,475.54,27/11/2025,,,Invalid ship date
SHO4766,DHL,,Pending,Hyderabad,Bangalore,181.69,17/06/2024,,,Invalid ship date
SHO4768,DHL,05/12/2024,Pending,Hyderabad,Mumbai,-13.69,11/12/2024,,,Invalid freight cost
SHO4769,FEDEX,03/11/2024,Delivered,Pune,Mumbai,20.95,17/03/2024,16/03/2024,0,Expected Delivery Date is before Ship Date; Delivered Date is before Ship Date
SHO4770,DHL,11/07/2024,Pending,Bangalore,Chennai,139.54,,,,Expected Delivery Date is missing or invalid
SHO4775,DHL,31/01/2024,Accepted,Chennai,Pune,320.8,,02/08/2024,,Expected Delivery Date is missing or invalid
SHO4776,FEDEX,15/10/2024,In Transit,Pune,Mumbai,85.69,,,,Expected Delivery Date is missing or invalid
SHO4777,DHL,,In Transit,Pune,Chennai,-65.75,15/01/2025,,,Invalid ship date; Invalid freight cost
SHO4779,DHL,,Delayed,Chennai,Pune,300.43,26/01/2026,31/01/2026,,Invalid ship date
SHO4781,DHL,,Pending,Hyderabad,Chennai,6.56,23/10/2024,,,Invalid ship date
SHO4783,DHL,,Pending,Mumbai,Hyderabad,391.39,01/02/2024,,,Invalid ship date
SHO4786,FEDEX,15/11/2024,IN TRANS,Delhi,Bangalore,78.55,19/11/2024,,,Invalid status
SHO4788,DHL,19/07/2024,Delayed,Hyderabad,Bangalore,-17.88,24/07/2024,30/07/2024,,Invalid freight cost
SHO4789,FEDEX,28/12/2024,Pending,Mumbai,Pune,-17.9,02/01/2025,,,Invalid freight cost
SHO4791,FEDEX,26/08/2024,UNKNOWN,Pune,Hyderabad,31.69,02/09/2024,,,Invalid status
SHO4795,DHL,29/05/2024,Pending,Chennai,Hyderabad,134.08,,,,Expected Delivery Date is missing or invalid
SHO4797,BLUEDART,,Pending,Pune,Hyderabad,138.81,12/11/2025,,,Invalid ship date
SHO4798,FEDEX,09/11/2025,Accepted,Mumbai,Delhi,,17/09/2025,,,Expected Delivery Date is before Ship Date; Invalid freight cost
SHO4799,DHL,04/01/2024,In Transit,Delhi,Chennai,28.65,,,,Expected Delivery Date is missing or invalid
SHO4800,BLUEDART,11/12/2025,IN TRANS,Pune,Delhi,279.39,14/12/2025,,,Invalid status
SHO4802,DHL,,Delayed,Bangalore,Chennai,352.74,24/05/2025,,,Invalid ship date
SHO4805,BLUEDART,,Delayed,Bangalore,Delhi,450.59,27/05/2024,02/06/2024,,Invalid ship date
SHO4808,DHL,,In Transit,Bangalore,Pune,189.79,14/05/2025,,,Invalid ship date
SHO4810,DHL,26/06/2025,In Transit,Bangalore,Delhi,-0.96,,,,Expected Delivery Date is missing or invalid; Invalid freight cost
SHO4811,DHL,30/03/2026,Accepted,Delhi,Mumbai,31.54,04/01/2026,07/04/2026,,Expected Delivery Date is before Ship Date
SHO4813,BLUEDART,22/12/2025,Delayed,Pune,Delhi,172.46,,01/01/2026,,Expected Delivery Date is missing or invalid
SHO4814,FEDEX,19/12/2024,Delayed,Bangalore,Chennai,285.29,,,,Expected Delivery Date is missing or invalid
SHO4816,DHL,,IN TRANS,Mumbai,Chennai,158.14,20/12/2025,,,Invalid ship date; Invalid status
SHO4817,FEDEX,,Delayed,Bangalore,Chennai,-52.27,27/06/2024,07/05/2024,,Invalid ship date; Invalid freight cost
SHO4818,DHL,22/11/2025,IN TRANS,Mumbai,Hyderabad,20.26,24/11/2025,,,Invalid status
SHO4819,FEDEX,22/01/2025,Accepted,Mumbai,Hyderabad,,28/01/2025,,,Invalid freight cost
SHO4821,FEDEX,05/05/2024,Pending,Hyderabad,Chennai,-8.41,10/05/2024,,,Invalid freight cost
SHO4822,BLUEDART,,In Transit,Mumbai,Delhi,1.31,29/12/2025,,,Invalid ship date
SHO4824,BLUEDART,24/02/2026,Delayed,Mumbai,Pune,-76.38,02/03/2026,08/03/2026,,Invalid freight cost
SHO4825,BLUEDART,,In Transit,Bangalore,Pune,434.72,13/07/2024,,,Invalid ship date
SHO4826,FEDEX,15/10/2025,UNKNOWN,Pune,Delhi,-57.37,20/10/2025,18/10/2025,,Invalid status; Invalid freight cost
SHO4828,BLUEDART,07/11/2024,UNKNOWN,Delhi,Bangalore,75.61,18/07/2024,,,Invalid status; Expected Delivery Date is before Ship Date
SHO4830,DHL,02/09/2024,In Transit,Chennai,Bangalore,142.62,12/02/2024,,,Expected Delivery Date is before Ship Date
SHO4832,DHL,20/09/2024,IN TRANS,Bangalore,Mumbai,74.79,24/09/2024,,,Invalid status
SHO4836,BLUEDART,05/12/2026,Delayed,Pune,Delhi,314.06,19/05/2026,,,Expected Delivery Date is before Ship Date
SHO4837,DHL,15/12/2024,In Transit,Pune,Chennai,-39.78,19/12/2024,,,Invalid freight cost
SHO4839,FEDEX,03/08/2025,Pending,Pune,Delhi,-37.27,12/03/2025,,,Expected Delivery Date is before Ship Date; Invalid freight cost
,DHL,17/03/2026,Pending,Bangalore,Hyderabad,473.67,20/03/2026,,,Missing shipment ID
SHO4842,DHL,22/08/2025,IN TRANS,Bangalore,Delhi,165.93,27/08/2025,,,Invalid status
SHO4843,BLUEDART,16/12/2024,Delayed,Hyderabad,Bangalore,-2.32,22/12/2024,26/12/2024,,Invalid freight cost
SHO4844,BLUEDART,10/07/2025,Delivered,Bangalore,Mumbai,425.27,,,,Expected Delivery Date is missing or invalid; Delivered Date is missing or invalid for Delivered status
SHO4845,BLUEDART,22/01/2025,Delivered,Hyderabad,Pune,-59.33,25/01/2025,,,Delivered Date is missing or invalid for Delivered status; Invalid freight cost
SHO4847,FEDEX,28/03/2025,In Transit,Delhi,Hyderabad,-77.38,30/03/2025,,,Invalid freight cost
SHO4849,FEDEX,,Delayed,Hyderabad,Delhi,392.77,,,,Invalid ship date; Expected Delivery Date is missing or invalid
SHO4850,DHL,24/12/2024,Accepted,Mumbai,Chennai,-47.58,28/12/2024,01/01/2025,,Invalid freight cost
SHO4851,DHL,10/04/2025,Delayed,Mumbai,Pune,384.47,,21/04/2025,,Expected Delivery Date is missing or invalid
SHO4853,DHL,23/11/2025,IN TRANS,Pune,Mumbai,271.63,26/11/2025,,,Invalid status
SHO4854,DHL,16/01/2025,Pending,Pune,Bangalore,-58.94,18/01/2025,,,Invalid freight cost
SHO4856,DHL,04/11/2026,In Transit,Chennai,Mumbai,-38.35,,,,Expected Delivery Date is missing or invalid; Invalid freight cost
SHO4859,FEDEX,12/01/2025,Delayed,Pune,Delhi,-23.78,04/12/2025,12/10/2025,,Invalid freight cost
SHO4860,FEDEX,05/11/2026,Delivered,Bangalore,Delhi,256.61,17/05/2026,22/05/2026,5,Expected Delivery Date is before Ship Date; Delivered Date is before Ship Date
SHO4861,FEDEX,,In Transit,Chennai,Pune,142.87,,,,Invalid ship date; Expected Delivery Date is missing or invalid
SHO4862,FEDEX,,Delayed,Mumbai,Pune,112.11,21/06/2025,,,Invalid ship date
SHO4865,BLUEDART,26/07/2024,Delivered,Mumbai,Delhi,273.21,,02/08/2024,,Expected Delivery Date is missing or invalid
SHO4867,DHL,04/12/2026,Accepted,Delhi,Pune,0.2,,,,Expected Delivery Date is missing or invalid
SHO4868,DHL,17/04/2024,Delivered,Chennai,Mumbai,496.02,19/04/2024,,,Delivered Date is missing or invalid for Delivered status
SHO4870,DHL,27/08/2025,Delivered,Pune,Hyderabad,167.5,,08/09/2025,,Expected Delivery Date is missing or invalid
SHO4872,BLUEDART,30/04/2024,Delivered,Mumbai,Hyderabad,346.27,,05/05/2024,,Expected Delivery Date is missing or invalid
SHO4874,BLUEDART,09/04/2024,Delayed,Mumbai,Hyderabad,-30.45,,18/04/2024,,Expected Delivery Date is missing or invalid; Invalid freight cost
SHO4876,DHL,,Delayed,Bangalore,Delhi,415.82,,,,Invalid ship date; Expected Delivery Date is missing or invalid
SHO4877,DHL,06/10/2025,UNKNOWN,Bangalore,Pune,281.95,16/06/2025,,,Invalid status; Expected Delivery Date is before Ship Date
SHO4878,FEDEX,16/05/2025,Pending,Bangalore,Hyderabad,323.91,,,,Expected Delivery Date is missing or invalid
SHO4881,DHL,26/08/2025,In Transit,Chennai,Mumbai,376.44,09/01/2025,,,Expected Delivery Date is before Ship Date
SHO4883,BLUEDART,04/11/2026,In Transit,Hyderabad,Pune,-8.47,,,,Expected Delivery Date is missing or invalid; Invalid freight cost
,FEDEX,04/08/2025,Pending,Hyderabad,Mumbai,6.86,08/08/2025,,,Missing shipment ID
SHO4885,FEDEX,27/10/2025,UNKNOWN,Chennai,Delhi,-5.73,,11/03/2025,,Invalid status; Expected Delivery Date is missing or invalid; Invalid freight cost
SHO4888,BLUEDART,03/09/2024,Delayed,Hyderabad,Chennai,260.87,,14/03/2024,,Expected Delivery Date is missing or invalid
,BLUEDART,14/03/2025,Delivered,Hyderabad,Chennai,283.35,19/03/2025,20/03/2025,1,Missing shipment ID
SHO4890,FEDEX,14/12/2024,Delivered,Hyderabad,Delhi,-0.66,21/12/2024,23/12/2024,2,Invalid freight cost
SHO4892,DHL,06/02/2025,Delivered,Mumbai,Chennai,,02/09/2025,14/02/2025,0,Invalid freight cost
,DHL,25/03/2026,Pending,Bangalore,Delhi,-71.78,31/03/2026,,,Missing shipment ID; Invalid freight cost
SHO4894,DHL,05/07/2026,Accepted,Bangalore,Mumbai,315.66,10/05/2026,,,Expected Delivery Date is before Ship Date
SHO4895,DHL,,Delayed,Hyderabad,Chennai,199.41,15/01/2024,22/01/2024,,Invalid ship date
SHO4896,BLUEDART,21/06/2025,UNKNOWN,Delhi,Mumbai,411.7,23/06/2025,,,Invalid status
SHO4897,BLUEDART,04/05/2025,UNKNOWN,Pune,Chennai,-18.54,04/11/2025,,,Invalid status; Invalid freight cost
SHO4900,DHL,,Delayed,Pune,Delhi,8.04,01/02/2026,01/08/2026,,Invalid ship date
SHO4902,BLUEDART,,IN TRANS,Chennai,Mumbai,156.27,18/04/2024,,,Invalid ship date; Invalid status
SHO4904,DHL,23/02/2024,IN TRANS,Hyderabad,Bangalore,-58.68,25/02/2024,,,Invalid status; Invalid freight cost
SHO4906,DHL,05/10/2025,Delayed,Delhi,Hyderabad,337.33,10/09/2025,10/11/2025,,Expected Delivery Date is before Ship Date
SHO4908,DHL,,Delivered,Delhi,Mumbai,67.49,15/06/2026,,,Invalid ship date; Delivered Date is missing or invalid for Delivered status
SHO4910,DHL,09/12/2024,Delivered,Mumbai,Pune,428.56,,,,Expected Delivery Date is missing or invalid; Delivered Date is missing or invalid for Delivered status
SHO4913,FEDEX,,Delivered,Delhi,Hyderabad,383.71,25/06/2026,23/06/2026,0,Invalid ship date
SHO4915,BLUEDART,05/07/2024,Delivered,Chennai,Hyderabad,7.09,,13/05/2024,,Expected Delivery Date is missing or invalid; Delivered Date is before Ship Date
SHO4916,FEDEX,,Delayed,Delhi,Mumbai,496.9,01/02/2025,02/11/2025,,Invalid ship date
SHO4917,FEDEX,,In Transit,Mumbai,Bangalore,279.25,,,,Invalid ship date; Expected Delivery Date is missing or invalid
SHO4918,BLUEDART,01/01/2025,In Transit,Chennai,Pune,-69.74,01/04/2025,,,Invalid freight cost
SHO4919,DHL,01/07/2025,Accepted,Hyderabad,Pune,63.88,13/01/2025,,,Expected Delivery Date is before Ship Date
SHO4922,FEDEX,25/03/2025,Delivered,Chennai,Pune,431.21,01/04/2025,,,Delivered Date is missing or invalid for Delivered status
SHO4923,BLUEDART,,Pending,Hyderabad,Mumbai,486.58,05/10/2026,,,Invalid ship date
SHO4924,BLUEDART,06/03/2025,In Transit,Chennai,Hyderabad,338.54,,,,Expected Delivery Date is missing or invalid
SHO4925,DHL,02/10/2024,Delivered,Delhi,Chennai,-21.21,10/07/2024,10/10/2024,92,Expected Delivery Date is before Ship Date; Invalid freight cost
SHO4926,BLUEDART,04/12/2024,IN TRANS,Mumbai,Delhi,216.54,17/04/2024,,,Invalid status; Expected Delivery Date is before Ship Date
,BLUEDART,09/06/2024,Delivered,Mumbai,Delhi,-41.72,,13/06/2024,,Missing shipment ID; Expected Delivery Date is missing or invalid; Invalid freight cost
SHO4930,BLUEDART,18/07/2024,In Transit,Chennai,Mumbai,265.14,,,,Expected Delivery Date is missing or invalid
SHO4932,DHL,11/03/2024,IN TRANS,Chennai,Pune,-3.24,06/11/2024,,,Invalid status; Invalid freight cost
,BLUEDART,,Delivered,Pune,Chennai,-46.82,24/03/2025,,,Missing shipment ID; Invalid ship date; Delivered Date is missing or invalid for Delivered status; Invalid freight cost
SHO4936,FEDEX,11/01/2025,Delivered,Hyderabad,Pune,-29.65,15/01/2025,20/01/2025,5,Invalid freight cost
SHO4938,DHL,,In Transit,Hyderabad,Bangalore,96.68,19/08/2025,,,Invalid ship date
SHO4939,BLUEDART,,IN TRANS,Mumbai,Chennai,369.85,26/10/2025,,,Invalid ship date; Invalid status
SHO4940,FEDEX,17/05/2024,In Transit,Delhi,Chennai,-56.82,21/05/2024,,,Invalid freight cost
SHO4941,BLUEDART,08/02/2025,Delivered,Bangalore,Chennai,449.76,08/05/2025,,,Delivered Date is missing or invalid for Delivered status
SHO4943,FEDEX,03/05/2025,Delayed,Pune,Chennai,126.75,07/03/2025,,,Expected Delivery Date is before Ship Date
SHO4944,DHL,,In Transit,Pune,Delhi,460.56,26/03/2025,,,Invalid ship date
,BLUEDART,10/09/2024,Delivered,Hyderabad,Chennai,169.05,,15/10/2024,,Missing shipment ID; Expected Delivery Date is missing or invalid
SHO4948,FEDEX,20/06/2025,In Transit,Chennai,Bangalore,-50.18,23/06/2025,,,Invalid freight cost
SHO4950,FEDEX,18/05/2024,Delivered,Pune,Hyderabad,-58.39,24/05/2024,26/05/2024,2,Invalid freight cost
SHO4952,BLUEDART,04/11/2025,UNKNOWN,Mumbai,Chennai,311.97,16/04/2025,20/04/2025,,Invalid status; Expected Delivery Date is before Ship Date
SHO4953,BLUEDART,13/08/2025,IN TRANS,Chennai,Bangalore,316.92,20/08/2025,,,Invalid status
SHO4954,BLUEDART,27/01/2026,Pending,Delhi,Bangalore,462.45,,,,Expected Delivery Date is missing or invalid
SHO4955,DHL,,Pending,Delhi,Bangalore,380.88,29/05/2026,,,Invalid ship date
SHO4956,BLUEDART,,Accepted,Pune,Bangalore,225.0,,,,Invalid ship date; Expected Delivery Date is missing or invalid
SHO4958,FEDEX,29/01/2024,Delayed,Hyderabad,Mumbai,360.31,02/01/2024,,,Expected Delivery Date is before Ship Date
SHO4960,DHL,,Pending,Bangalore,Chennai,398.1,14/05/2024,,,Invalid ship date
SHO4961,BLUEDART,,In Transit,Chennai,Hyderabad,-0.29,,,,Invalid ship date; Expected Delivery Date is missing or invalid; Invalid freight cost
SHO4964,FEDEX,05/07/2026,Delayed,Delhi,Chennai,-44.73,,22/05/2026,,Expected Delivery Date is missing or invalid; Invalid freight cost
SHO4965,FEDEX,19/07/2025,Pending,Chennai,Bangalore,-4.31,25/07/2025,,,Invalid freight cost
SHO4966,FEDEX,,UNKNOWN,Mumbai,Hyderabad,443.59,06/09/2024,,,Invalid ship date; Invalid status
SHO4967,BLUEDART,07/06/2026,Delayed,Delhi,Chennai,348.63,,18/06/2026,,Expected Delivery Date is missing or invalid
SHO4968,BLUEDART,,In Transit,Pune,Hyderabad,276.14,24/07/2024,,,Invalid ship date
SHO4970,FEDEX,,Delivered,Hyderabad,Bangalore,343.55,11/10/2024,,,Invalid ship date; Delivered Date is missing or invalid for Delivered status
SHO4971,DHL,,Accepted,Pune,Chennai,35.52,02/05/2024,,,Invalid ship date
SHO4972,DHL,29/05/2026,Delayed,Delhi,Pune,341.61,06/02/2026,06/06/2026,,Expected Delivery Date is before Ship Date
,BLUEDART,,In Transit,Mumbai,Bangalore,23.06,24/04/2024,,,Missing shipment ID; Invalid ship date
SHO4975,FEDEX,06/12/2025,IN TRANS,Hyderabad,Pune,,11/12/2025,,,Invalid status; Invalid freight cost
SHO4976,DHL,17/02/2024,Delivered,Delhi,Pune,495.97,,24/02/2024,,Expected Delivery Date is missing or invalid
SHO4978,BLUEDART,02/10/2025,In Transit,Hyderabad,Delhi,18.32,,,,Expected Delivery Date is missing or invalid
SHO4979,FEDEX,10/12/2025,Delivered,Hyderabad,Mumbai,-41.51,,11/12/2025,,Expected Delivery Date is missing or invalid; Invalid freight cost
SHO4981,FEDEX,20/12/2025,Accepted,Pune,Hyderabad,,22/12/2025,25/12/2025,,Invalid freight cost
SHO4982,BLUEDART,27/04/2025,IN TRANS,Chennai,Mumbai,465.4,05/04/2025,,,Invalid status; Expected Delivery Date is before Ship Date
SHO4984,FEDEX,23/11/2024,In Transit,Mumbai,Pune,157.77,,,,Expected Delivery Date is missing or invalid
SHO4985,DHL,29/11/2024,Pending,Chennai,Pune,265.28,12/04/2024,,,Expected Delivery Date is before Ship Date
SHO4987,BLUEDART,,In Transit,Chennai,Bangalore,350.32,07/04/2025,,,Invalid ship date
SHO4994,DHL,02/06/2024,Delivered,Chennai,Pune,206.33,06/04/2024,06/09/2024,153,Expected Delivery Date is before Ship Date
,DHL,21/11/2025,Delivered,Mumbai,Delhi,131.42,28/11/2025,12/03/2025,0,Missing shipment ID; Delivered Date is before Ship Date
SHO4997,FEDEX,03/12/2025,In Transit,Mumbai,Delhi,120.64,,,,Expected Delivery Date is missing or invalid
SHO4998,BLUEDART,,Delivered,Mumbai,Hyderabad,180.64,28/06/2026,07/03/2026,0,Invalid ship date
SHO4999,FEDEX,05/12/2024,Accepted,Delhi,Bangalore,319.21,18/05/2024,,,Expected Delivery Date is before Ship Date
SHO5000,DHL,18/06/2025,Delivered,Chennai,Mumbai,260.97,,,,Expected Delivery Date is missing or invalid; Delivered Date is missing or invalid for Delivered status
,FEDEX,16/05/2024,Accepted,Bangalore,Pune,244.04,18/05/2024,,,Missing shipment ID
SHO5002,BLUEDART,,In Transit,Bangalore,Pune,390.44,08/10/2025,,,Invalid ship date
SHO5003,FEDEX,,In Transit,Hyderabad,Delhi,96.72,13/05/2026,,,Invalid ship date
SHO5005,BLUEDART,10/06/2025,Accepted,Hyderabad,Bangalore,389.13,,,,Expected Delivery Date is missing or invalid
SHO5006,BLUEDART,24/12/2024,In Transit,Delhi,Pune,,28/12/2024,,,Invalid freight cost
SHO5007,FEDEX,11/10/2024,Delivered,Mumbai,Pune,223.89,,,,Expected Delivery Date is missing or invalid; Delivered Date is missing or invalid for Delivered status
SHO5008,BLUEDART,,In Transit,Delhi,Mumbai,44.4,04/05/2025,,,Invalid ship date
SHO5010,FEDEX,08/09/2024,Delayed,Chennai,Mumbai,-68.14,,14/08/2024,,Expected Delivery Date is missing or invalid; Invalid freight cost
SHO5012,FEDEX,,Pending,Pune,Chennai,380.97,17/01/2024,,,Invalid ship date
,BLUEDART,24/12/2024,Delivered,Chennai,Delhi,381.29,31/12/2024,,,Missing shipment ID; Delivered Date is missing or invalid for Delivered status
SHO5014,DHL,11/05/2026,IN TRANS,Delhi,Chennai,250.63,18/05/2026,,,Invalid status
SHO5015,DHL,19/02/2025,In Transit,Delhi,Mumbai,-38.52,,,,Expected Delivery Date is missing or invalid; Invalid freight cost
SHO5016,FEDEX,21/09/2025,UNKNOWN,Hyderabad,Delhi,-3.54,28/09/2025,,,Invalid status; Invalid freight cost
SHO5017,DHL,,Delayed,Delhi,Hyderabad,182.49,17/06/2026,20/06/2026,,Invalid ship date
,FEDEX,16/07/2024,Delivered,Chennai,Pune,490.8,19/07/2024,,,Missing shipment ID; Delivered Date is missing or invalid for Delivered status
SHO5019,FEDEX,04/08/2024,In Transit,Mumbai,Bangalore,100.19,,,,Expected Delivery Date is missing or invalid
SHO5020,DHL,30/10/2024,Delayed,Delhi,Mumbai,-44.93,11/04/2024,14/11/2024,,Expected Delivery Date is before Ship Date; Invalid freight cost
,DHL,25/11/2025,Pending,Pune,Hyderabad,96.9,29/11/2025,,,Missing shipment ID
SHO5023,DHL,18/06/2025,UNKNOWN,Delhi,Hyderabad,210.62,22/06/2025,,,Invalid status
,FEDEX,19/05/2024,Delayed,Chennai,Mumbai,222.12,25/05/2024,28/05/2024,,Missing shipment ID
SHO5027,FEDEX,29/05/2025,Pending,Hyderabad,Chennai,,03/06/2025,,,Invalid freight cost
SHO5028,FEDEX,05/05/2024,In Transit,Bangalore,Chennai,,10/05/2024,,,Invalid freight cost
SHO5029,DHL,,Accepted,Hyderabad,Bangalore,227.45,24/01/2024,,,Invalid ship date
SHO5030,FEDEX,07/07/2025,UNKNOWN,Pune,Bangalore,210.38,07/09/2025,,,Invalid status
SHO5031,DHL,,Delayed,Chennai,Delhi,259.97,,30/07/2025,,Invalid ship date; Expected Delivery Date is missing or invalid
SHO5032,DHL,01/10/2025,Delivered,Hyderabad,Pune,146.92,,15/01/2025,,Expected Delivery Date is missing or invalid; Delivered Date is before Ship Date
,FEDEX,,Pending,Pune,Delhi,392.52,27/03/2026,,,Missing shipment ID; Invalid ship date
SHO5035,DHL,,Delayed,Hyderabad,Pune,56.27,08/03/2026,,,Invalid ship date
SHO5038,BLUEDART,29/07/2024,In Transit,Mumbai,Chennai,344.08,08/01/2024,,,Expected Delivery Date is before Ship Date
SHO5039,BLUEDART,04/12/2026,Delivered,Bangalore,Pune,74.81,19/04/2026,20/04/2026,1,Expected Delivery Date is before Ship Date; Delivered Date is before Ship Date
,BLUEDART,22/01/2024,Delivered,Delhi,Bangalore,61.46,29/01/2024,02/01/2024,0,Missing shipment ID; Delivered Date is before Ship Date
SHO5045,FEDEX,15/04/2026,IN TRANS,Pune,Chennai,200.47,21/04/2026,,,Invalid status
SHO5046,DHL,10/12/2025,In Transit,Hyderabad,Pune,360.61,,,,Expected Delivery Date is missing or invalid
SHO5047,DHL,,Pending,Chennai,Delhi,368.86,,,,Invalid ship date; Expected Delivery Date is missing or invalid
SHO5048,BLUEDART,18/05/2025,IN TRANS,Delhi,Bangalore,27.81,,,,Invalid status; Expected Delivery Date is missing or invalid
SHO5049,BLUEDART,14/08/2024,IN TRANS,Hyderabad,Chennai,67.71,20/08/2024,,,Invalid status
SHO5050,BLUEDART,01/12/2024,Delayed,Chennai,Mumbai,265.45,19/01/2024,27/01/2024,,Expected Delivery Date is before Ship Date
SHO5051,FEDEX,12/12/2024,Delivered,Hyderabad,Mumbai,,17/12/2024,,,Delivered Date is missing or invalid for Delivered status; Invalid freight cost
SHO5052,FEDEX,25/07/2024,Delayed,Hyderabad,Delhi,71.63,,04/08/2024,,Expected Delivery Date is missing or invalid
SHO5053,FEDEX,,Delivered,Delhi,Bangalore,39.85,26/03/2024,28/03/2024,2,Invalid ship date
SHO5055,FEDEX,28/02/2024,IN TRANS,Mumbai,Delhi,279.33,,,,Invalid status; Expected Delivery Date is missing or invalid
,BLUEDART,,Delayed,Delhi,Chennai,-12.95,05/03/2025,14/03/2025,,Missing shipment ID; Invalid ship date; Invalid freight cost
SHO5063,FEDEX,16/07/2024,Delayed,Mumbai,Pune,-56.8,,29/07/2024,,Expected Delivery Date is missing or invalid; Invalid freight cost
SHO5064,FEDEX,02/07/2025,Pending,Mumbai,Bangalore,-71.96,07/07/2025,,,Invalid freight cost
,BLUEDART,30/04/2026,In Transit,Chennai,Mumbai,117.56,05/07/2026,,,Missing shipment ID
SHO5067,BLUEDART,,UNKNOWN,Hyderabad,Pune,32.47,22/04/2024,,,Invalid ship date; Invalid status
SHO5069,FEDEX,02/02/2025,Pending,Mumbai,Delhi,-63.19,02/06/2025,,,Invalid freight cost
SHO5071,BLUEDART,04/11/2024,Pending,Mumbai,Hyderabad,297.2,14/04/2024,,,Expected Delivery Date is before Ship Date
SHO5072,FEDEX,,In Transit,Bangalore,Mumbai,189.79,25/12/2025,,,Invalid ship date
SHO5073,BLUEDART,22/03/2025,In Transit,Bangalore,Mumbai,2.97,,,,Expected Delivery Date is missing or invalid
SHO5075,DHL,04/10/2026,Accepted,Hyderabad,Delhi,132.11,13/04/2026,,,Expected Delivery Date is before Ship Date
SHO5076,DHL,09/07/2024,Delivered,Bangalore,Mumbai,,10/09/2024,15/09/2024,5,Invalid freight cost
SHO5078,DHL,16/09/2025,In Transit,Mumbai,Bangalore,340.36,,,,Expected Delivery Date is missing or invalid
SHO5079,DHL,19/01/2026,Pending,Pune,Bangalore,44.14,,,,Expected Delivery Date is missing or invalid
SHO5080,DHL,15/11/2025,Delivered,Mumbai,Delhi,,21/11/2025,22/11/2025,1,Invalid freight cost
SHO5081,BLUEDART,23/11/2024,IN TRANS,Mumbai,Hyderabad,173.2,26/11/2024,,,Invalid status
SHO5083,BLUEDART,08/07/2024,Accepted,Pune,Hyderabad,49.05,,,,Expected Delivery Date is missing or invalid
SHO5085,FEDEX,,In Transit,Bangalore,Chennai,395.52,04/04/2025,,,Invalid ship date
SHO5086,FEDEX,18/08/2024,Delayed,Mumbai,Pune,-2.86,,,,Expected Delivery Date is missing or invalid; Invalid freight cost
SHO5087,FEDEX,11/01/2024,Delivered,Hyderabad,Bangalore,-31.53,18/01/2024,19/01/2024,1,Invalid freight cost
SHO5088,DHL,30/04/2024,Delayed,Chennai,Pune,499.8,,05/11/2024,,Expected Delivery Date is missing or invalid
SHO5089,BLUEDART,31/01/2025,Pending,Pune,Hyderabad,,06/02/2025,,,Invalid freight cost
SHO5091,BLUEDART,,Pending,Mumbai,Chennai,369.42,05/06/2024,,,Invalid ship date
SHO5092,BLUEDART,,Pending,Delhi,Hyderabad,443.35,16/04/2024,,,Invalid ship date
SHO5093,DHL,,Delivered,Bangalore,Mumbai,,17/08/2025,18/08/2025,1,Invalid ship date; Invalid freight cost
SHO5094,FEDEX,06/04/2025,In Transit,Hyderabad,Chennai,,04/10/2025,,,Invalid freight cost
SHO5095,DHL,,Accepted,Hyderabad,Chennai,391.69,05/05/2024,,,Invalid ship date
SHO5097,DHL,,IN TRANS,Bangalore,Delhi,-34.58,11/05/2026,,,Invalid ship date; Invalid status; Invalid freight cost
SHO5100,BLUEDART,25/07/2025,Accepted,Chennai,Mumbai,475.21,,,,Expected Delivery Date is missing or invalid
,BLUEDART,11/01/2024,Accepted,Hyderabad,Bangalore,317.61,14/01/2024,15/01/2024,,Missing shipment ID
SHO5103,FEDEX,,Delayed,Mumbai,Chennai,260.2,,,,Invalid ship date; Expected Delivery Date is missing or invalid
SHO5104,FEDEX,11/09/2025,Delivered,Chennai,Bangalore,396.69,,15/11/2025,,Expected Delivery Date is missing or invalid
SHO5105,DHL,04/09/2026,IN TRANS,Hyderabad,Bangalore,96.63,13/04/2026,,,Invalid status; Expected Delivery Date is before Ship Date
SHO5106,BLUEDART,27/11/2025,Accepted,Mumbai,Pune,-31.71,29/11/2025,,,Invalid freight cost
SHO5111,BLUEDART,17/11/2025,IN TRANS,Mumbai,Hyderabad,224.38,20/11/2025,,,Invalid status
SHO5114,BLUEDART,,Delayed,Mumbai,Chennai,194.0,19/06/2025,27/06/2025,,Invalid ship date
,FEDEX,08/10/2025,Delivered,Bangalore,Chennai,185.87,17/08/2025,,,Missing shipment ID; Delivered Date is missing or invalid for Delivered status; Expected Delivery Date is before Ship Date
SHO5119,BLUEDART,17/04/2026,IN TRANS,Mumbai,Chennai,-31.15,23/04/2026,,,Invalid status; Invalid freight cost
SHO5123,FEDEX,,In Transit,Chennai,Bangalore,385.52,13/05/2025,,,Invalid ship date
SHO5125,FEDEX,21/01/2024,Delivered,Hyderabad,Pune,249.6,,01/02/2024,,Expected Delivery Date is missing or invalid
SHO5127,DHL,02/07/2025,Pending,Bangalore,Mumbai,486.39,07/06/2025,,,Expected Delivery Date is before Ship Date
SHO5128,FEDEX,12/01/2024,Accepted,Pune,Chennai,-46.73,05/12/2024,,,Invalid freight cost
SHO5129,DHL,10/10/2025,IN TRANS,Delhi,Bangalore,238.94,16/10/2025,,,Invalid status
SHO5132,BLUEDART,28/01/2025,UNKNOWN,Hyderabad,Delhi,371.65,31/01/2025,,,Invalid status
SHO5133,BLUEDART,,Delivered,Pune,Delhi,385.54,,03/06/2025,,Invalid ship date; Expected Delivery Date is missing or invalid
SHO5135,FEDEX,25/11/2025,Delivered,Pune,Chennai,256.67,,05/12/2025,,Expected Delivery Date is missing or invalid
SHO5136,FEDEX,,Delayed,Mumbai,Pune,43.11,19/10/2025,,,Invalid ship date
SHO5137,DHL,19/01/2025,Delayed,Delhi,Mumbai,-4.24,,02/02/2025,,Expected Delivery Date is missing or invalid; Invalid freight cost
SHO5138,BLUEDART,,Delivered,Delhi,Pune,299.79,05/10/2026,,,Invalid ship date; Delivered Date is missing or invalid for Delivered status
SHO5139,DHL,,UNKNOWN,Pune,Delhi,-26.55,02/11/2025,,,Invalid ship date; Invalid status; Invalid freight cost
SHO5140,FEDEX,04/03/2024,Accepted,Chennai,Hyderabad,238.63,,,,Expected Delivery Date is missing or invalid
SHO5141,DHL,16/06/2025,Delayed,Mumbai,Hyderabad,-20.02,23/06/2025,29/06/2025,,Invalid freight cost
SHO5144,FEDEX,04/11/2025,Pending,Mumbai,Pune,29.98,,,,Expected Delivery Date is missing or invalid
SHO5145,BLUEDART,14/01/2024,Delayed,Delhi,Pune,288.13,,,,Expected Delivery Date is missing or invalid
SHO5146,DHL,29/05/2024,IN TRANS,Mumbai,Pune,443.56,31/05/2024,,,Invalid status
SHO5147,DHL,18/02/2026,Pending,Hyderabad,Mumbai,-7.51,,,,Expected Delivery Date is missing or invalid; Invalid freight cost
SHO5148,DHL,,UNKNOWN,Mumbai,Pune,335.79,03/06/2024,,,Invalid ship date; Invalid status
SHO5150,BLUEDART,24/12/2025,Delivered,Hyderabad,Pune,-41.08,27/12/2025,31/12/2025,4,Invalid freight cost
SHO5151,BLUEDART,,In Transit,Chennai,Pune,117.6,09/06/2024,,,Invalid ship date
SHO5152,BLUEDART,11/01/2026,IN TRANS,Delhi,Pune,416.11,,,,Invalid status; Expected Delivery Date is missing or invalid
SHO5153,FEDEX,24/07/2025,In Transit,Mumbai,Pune,188.1,,,,Expected Delivery Date is missing or invalid
SHO5155,DHL,19/02/2026,IN TRANS,Pune,Delhi,201.75,26/02/2026,,,Invalid status
SHO5160,BLUEDART,30/05/2026,IN TRANS,Hyderabad,Bangalore,-69.67,01/06/2026,,,Invalid status; Invalid freight cost
SHO5161,FEDEX,06/11/2024,Accepted,Delhi,Bangalore,182.02,11/09/2024,,,Expected Delivery Date is before Ship Date
SHO5164,BLUEDART,,IN TRANS,Pune,Chennai,111.11,24/08/2025,,,Invalid ship date; Invalid status
SHO5165,FEDEX,,Accepted,Bangalore,Mumbai,37.62,,31/12/2024,,Invalid ship date; Expected Delivery Date is missing or invalid
SHO5166,BLUEDART,09/05/2025,Pending,Hyderabad,Delhi,495.03,,,,Expected Delivery Date is missing or invalid
,FEDEX,03/05/2024,Accepted,Mumbai,Pune,456.12,08/05/2024,,,Missing shipment ID
SHO5168,FEDEX,,Delayed,Delhi,Mumbai,384.88,,,,Invalid ship date; Expected Delivery Date is missing or invalid
,BLUEDART,,Delayed,Mumbai,Hyderabad,254.35,03/05/2026,,,Missing shipment ID; Invalid ship date
SHO5172,FEDEX,,In Transit,Mumbai,Hyderabad,35.47,,,,Invalid ship date; Expected Delivery Date is missing or invalid
SHO5173,DHL,07/11/2025,UNKNOWN,Pune,Hyderabad,123.78,,14/11/2025,,Invalid status; Expected Delivery Date is missing or invalid
SHO5174,DHL,23/02/2026,IN TRANS,Chennai,Bangalore,3.83,26/02/2026,,,Invalid status
SHO5175,DHL,26/06/2024,Delivered,Hyderabad,Pune,95.36,28/06/2024,,,Delivered Date is missing or invalid for Delivered status
SHO5176,DHL,,Pending,Mumbai,Chennai,-71.49,,,,Invalid ship date; Expected Delivery Date is missing or invalid; Invalid freight cost
SHO5177,BLUEDART,,Delayed,Bangalore,Chennai,406.44,,29/04/2024,,Invalid ship date; Expected Delivery Date is missing or invalid
SHO5178,FEDEX,24/10/2024,Accepted,Hyderabad,Delhi,297.37,,11/01/2024,,Expected Delivery Date is missing or invalid
SHO5180,FEDEX,,In Transit,Pune,Hyderabad,383.75,15/02/2025,,,Invalid ship date
SHO5181,DHL,25/12/2024,UNKNOWN,Mumbai,Hyderabad,59.86,,,,Invalid status; Expected Delivery Date is missing or invalid
SHO5182,DHL,,UNKNOWN,Mumbai,Bangalore,466.94,,23/09/2025,,Invalid ship date; Invalid status; Expected Delivery Date is missing or invalid
SHO5184,FEDEX,09/12/2025,Delivered,Bangalore,Delhi,467.61,19/09/2025,,,Delivered Date is missing or invalid for Delivered status; Expected Delivery Date is before Ship Date
SHO5185,DHL,19/04/2024,In Transit,Bangalore,Hyderabad,,26/04/2024,,,Invalid freight cost
SHO5187,DHL,30/12/2024,UNKNOWN,Pune,Chennai,-50.87,06/01/2025,01/09/2025,,Invalid status; Invalid freight cost
SHO5188,BLUEDART,04/09/2024,Pending,Pune,Mumbai,198.32,09/08/2024,,,Expected Delivery Date is before Ship Date
SHO5189,FEDEX,05/02/2024,Delivered,Hyderabad,Pune,260.29,,14/02/2024,,Expected Delivery Date is missing or invalid
SHO5191,FEDEX,05/06/2026,IN TRANS,Hyderabad,Pune,-63.17,05/09/2026,,,Invalid status; Invalid freight cost
SHO5193,BLUEDART,,In Transit,Delhi,Chennai,210.99,23/11/2025,,,Invalid ship date
SHO5195,DHL,,Delayed,Pune,Bangalore,58.6,,24/04/2025,,Invalid ship date; Expected Delivery Date is missing or invalid
SHO5198,FEDEX,15/05/2024,UNKNOWN,Pune,Chennai,82.72,22/05/2024,,,Invalid status
SHO5199,FEDEX,05/04/2025,In Transit,Mumbai,Pune,,04/10/2025,,,Invalid freight cost
SHO5200,FEDEX,15/09/2025,Delivered,Delhi,Pune,-43.21,18/09/2025,,,Delivered Date is missing or invalid for Delivered status; Invalid freight cost
SHO5201,DHL,30/10/2024,Pending,Pune,Chennai,-49.26,02/11/2024,,,Invalid freight cost
SHO5206,DHL,05/07/2025,Delivered,Chennai,Bangalore,-4.06,,13/05/2025,,Expected Delivery Date is missing or invalid; Delivered Date is before Ship Date; Invalid freight cost
SHO5207,FEDEX,24/02/2026,Delivered,Hyderabad,Chennai,176.85,,27/02/2026,,Expected Delivery Date is missing or invalid
SHO5208,DHL,,Delayed,Mumbai,Chennai,325.37,23/05/2024,26/05/2024,,Invalid ship date
,BLUEDART,07/11/2024,IN TRANS,Hyderabad,Bangalore,256.32,14/07/2024,,,Missing shipment ID; Invalid status; Expected Delivery Date is before Ship Date
SHO5214,DHL,,In Transit,Delhi,Hyderabad,83.89,07/10/2024,,,Invalid ship date
SHO5215,DHL,02/06/2024,In Transit,Mumbai,Pune,14.31,,,,Expected Delivery Date is missing or invalid
SHO5217,DHL,,In Transit,Mumbai,Bangalore,338.25,18/04/2026,,,Invalid ship date
SHO5219,BLUEDART,,IN TRANS,Bangalore,Mumbai,270.74,25/04/2026,,,Invalid ship date; Invalid status
SHO5223,FEDEX,20/09/2024,IN TRANS,Pune,Chennai,411.22,26/09/2024,,,Invalid status
SHO5224,DHL,28/01/2026,UNKNOWN,Mumbai,Bangalore,147.24,30/01/2026,02/05/2026,,Invalid status
SHO5225,FEDEX,10/11/2024,IN TRANS,Pune,Chennai,92.21,11/12/2024,,,Invalid status
SHO5226,FEDEX,02/05/2025,In Transit,Delhi,Hyderabad,186.7,08/02/2025,,,Expected Delivery Date is before Ship Date
SHO5227,FEDEX,11/12/2025,Delayed,Hyderabad,Bangalore,,13/12/2025,20/12/2025,,Invalid freight cost
SHO5228,DHL,18/11/2025,IN TRANS,Delhi,Pune,218.5,24/11/2025,,,Invalid status
SHO5231,DHL,11/10/2025,Delayed,Bangalore,Mumbai,-71.89,16/10/2025,17/10/2025,,Invalid freight cost
SHO5232,DHL,,Accepted,Hyderabad,Delhi,185.84,21/01/2025,,,Invalid ship date
SHO5234,FEDEX,,UNKNOWN,Chennai,Bangalore,30.03,29/04/2025,05/08/2025,,Invalid ship date; Invalid status
SHO5237,BLUEDART,31/03/2024,In Transit,Chennai,Pune,413.27,,,,Expected Delivery Date is missing or invalid
SHO5240,BLUEDART,06/02/2024,IN TRANS,Hyderabad,Mumbai,311.06,07/06/2024,,,Invalid status
SHO5241,DHL,11/03/2024,Pending,Delhi,Pune,459.76,,,,Expected Delivery Date is missing or invalid
SHO5242,DHL,30/06/2026,Delivered,Delhi,Mumbai,129.99,07/07/2026,,,Delivered Date is missing or invalid for Delivered status
,BLUEDART,21/08/2025,Delivered,Delhi,Hyderabad,332.58,28/08/2025,28/08/2025,0,Missing shipment ID
SHO5244,FEDEX,09/02/2025,Delayed,Hyderabad,Mumbai,-35.69,05/09/2025,,,Invalid freight cost
SHO5246,FEDEX,17/10/2025,In Transit,Delhi,Hyderabad,-75.66,21/10/2025,,,Invalid freight cost
SHO5247,DHL,05/12/2026,Delivered,Delhi,Hyderabad,103.8,18/05/2026,21/05/2026,3,Expected Delivery Date is before Ship Date; Delivered Date is before Ship Date
,FEDEX,05/08/2025,Delayed,Delhi,Pune,-44.6,08/08/2025,14/08/2025,,Missing shipment ID; Invalid freight cost
SHO5251,DHL,08/04/2025,Delivered,Pune,Delhi,,15/04/2025,18/04/2025,3,Invalid freight cost
SHO5252,FEDEX,10/07/2025,Delivered,Delhi,Chennai,129.46,07/12/2025,,,Delivered Date is missing or invalid for Delivered status
,DHL,04/12/2026,Delivered,Hyderabad,Pune,87.55,16/04/2026,18/04/2026,2,Missing shipment ID; Expected Delivery Date is before Ship Date; Delivered Date is before Ship Date
SHO5254,FEDEX,23/06/2024,Delivered,Pune,Mumbai,,25/06/2024,24/06/2024,0,Invalid freight cost
SHO5256,FEDEX,04/02/2026,Pending,Bangalore,Delhi,,04/04/2026,,,Invalid freight cost
SHO5257,FEDEX,20/04/2025,Delivered,Mumbai,Pune,356.49,22/04/2025,,,Delivered Date is missing or invalid for Delivered status
SHO5259,DHL,12/01/2025,IN TRANS,Bangalore,Delhi,,12/03/2025,,,Invalid status; Invalid freight cost
SHO5260,FEDEX,,In Transit,Chennai,Mumbai,50.35,21/06/2025,,,Invalid ship date
SHO5261,BLUEDART,27/05/2026,UNKNOWN,Bangalore,Pune,-21.29,03/06/2026,,,Invalid status; Invalid freight cost
SHO5265,DHL,21/06/2025,In Transit,Pune,Hyderabad,20.41,,,,Expected Delivery Date is missing or invalid
SHO5266,BLUEDART,20/04/2026,Delayed,Chennai,Mumbai,273.2,,30/04/2026,,Expected Delivery Date is missing or invalid
SHO5269,BLUEDART,19/06/2025,In Transit,Chennai,Bangalore,383.57,,,,Expected Delivery Date is missing or invalid
SHO5270,BLUEDART,09/04/2026,Delayed,Chennai,Bangalore,-72.23,11/04/2026,20/04/2026,,Invalid freight cost
SHO5271,DHL,,In Transit,Pune,Chennai,,22/07/2024,,,Invalid ship date; Invalid freight cost
SHO5273,BLUEDART,16/05/2024,UNKNOWN,Pune,Mumbai,458.09,22/05/2024,,,Invalid status
SHO5274,FEDEX,28/03/2026,In Transit,Bangalore,Hyderabad,-72.94,30/03/2026,,,Invalid freight cost
SHO5276,BLUEDART,01/02/2026,In Transit,Pune,Delhi,-16.15,06/01/2026,,,Expected Delivery Date is before Ship Date; Invalid freight cost
SHO5277,BLUEDART,,Pending,Pune,Mumbai,5.99,17/12/2025,,,Invalid ship date
SHO5280,DHL,28/09/2025,Pending,Delhi,Chennai,50.47,10/01/2025,,,Expected Delivery Date is before Ship Date
SHO5281,DHL,04/08/2026,Pending,Chennai,Pune,499.67,,,,Expected Delivery Date is missing or invalid
SHO5282,DHL,,In Transit,Mumbai,Bangalore,207.87,14/12/2024,,,Invalid ship date
SHO5284,BLUEDART,27/10/2024,Pending,Chennai,Hyderabad,-36.69,30/10/2024,,,Invalid freight cost
SHO5289,DHL,07/01/2026,In Transit,Hyderabad,Chennai,-22.67,13/01/2026,,,Invalid freight cost
SHO5290,DHL,02/05/2024,Pending,Hyderabad,Delhi,110.45,,,,Expected Delivery Date is missing or invalid
SHO5292,BLUEDART,20/04/2025,In Transit,Pune,Bangalore,-12.74,27/04/2025,,,Invalid freight cost
SHO5293,FEDEX,05/07/2024,Pending,Chennai,Delhi,8.78,,,,Expected Delivery Date is missing or invalid
SHO5294,FEDEX,13/06/2024,Delivered,Bangalore,Delhi,274.99,20/06/2024,,,Delivered Date is missing or invalid for Delivered status
SHO5296,FEDEX,,Pending,Hyderabad,Bangalore,365.45,22/05/2026,,,Invalid ship date
SHO5303,BLUEDART,29/06/2024,UNKNOWN,Hyderabad,Mumbai,,07/02/2024,,,Invalid status; Expected Delivery Date is before Ship Date; Invalid freight cost
,DHL,05/07/2024,Pending,Hyderabad,Chennai,454.08,07/08/2024,,,Missing shipment ID
SHO5305,BLUEDART,23/04/2025,IN TRANS,Delhi,Bangalore,9.87,,,,Invalid status; Expected Delivery Date is missing or invalid
SHO5306,FEDEX,07/10/2025,In Transit,Delhi,Chennai,59.84,,,,Expected Delivery Date is missing or invalid
SHO5308,BLUEDART,03/09/2025,In Transit,Delhi,Mumbai,56.64,,,,Expected Delivery Date is missing or invalid
SHO5311,DHL,14/07/2025,Delivered,Mumbai,Chennai,333.43,,19/07/2025,,Expected Delivery Date is missing or invalid
SHO5312,FEDEX,25/01/2024,Pending,Hyderabad,Bangalore,425.9,,,,Expected Delivery Date is missing or invalid
SHO5314,FEDEX,03/02/2025,IN TRANS,Hyderabad,Pune,441.57,,,,Invalid status; Expected Delivery Date is missing or invalid
SHO5315,BLUEDART,15/09/2024,Delivered,Chennai,Delhi,245.94,22/09/2024,,,Delivered Date is missing or invalid for Delivered status
,FEDEX,07/11/2024,In Transit,Mumbai,Hyderabad,245.99,18/07/2024,,,Missing shipment ID; Expected Delivery Date is before Ship Date
SHO5317,FEDEX,,In Transit,Mumbai,Pune,280.56,29/06/2026,,,Invalid ship date
SHO5318,DHL,19/06/2025,Delivered,Chennai,Bangalore,377.31,24/06/2025,,,Delivered Date is missing or invalid for Delivered status
,BLUEDART,15/11/2024,Delivered,Pune,Mumbai,117.56,17/11/2024,15/11/2024,0,Missing shipment ID
SHO5322,BLUEDART,22/11/2024,IN TRANS,Mumbai,Bangalore,155.79,24/11/2024,,,Invalid status
SHO5325,BLUEDART,20/10/2025,Pending,Pune,Chennai,-19.84,26/10/2025,,,Invalid freight cost
SHO5326,FEDEX,28/05/2025,IN TRANS,Hyderabad,Bangalore,223.62,30/05/2025,,,Invalid status
SHO5328,FEDEX,,Pending,Pune,Bangalore,334.13,10/10/2025,,,Invalid ship date
SHO5329,FEDEX,04/10/2024,Pending,Pune,Chennai,182.82,,,,Expected Delivery Date is missing or invalid
SHO5330,FEDEX,24/12/2025,Pending,Chennai,Mumbai,-14.79,27/12/2025,,,Invalid freight cost
SHO5331,BLUEDART,15/02/2026,Accepted,Bangalore,Delhi,,,,,Expected Delivery Date is missing or invalid; Invalid freight cost
SHO5332,FEDEX,07/06/2026,IN TRANS,Chennai,Pune,-39.36,13/06/2026,,,Invalid status; Invalid freight cost
,FEDEX,,IN TRANS,Chennai,Pune,393.97,28/10/2024,,,Missing shipment ID; Invalid ship date; Invalid status
,FEDEX,20/12/2025,In Transit,Pune,Delhi,332.07,27/12/2025,,,Missing shipment ID
SHO5338,FEDEX,04/12/2024,Pending,Chennai,Delhi,216.97,17/04/2024,,,Expected Delivery Date is before Ship Date
SHO5340,FEDEX,,Delayed,Mumbai,Bangalore,60.59,15/10/2025,25/10/2025,,Invalid ship date
SHO5341,DHL,,IN TRANS,Delhi,Hyderabad,272.19,,,,Invalid ship date; Invalid status; Expected Delivery Date is missing or invalid
SHO5342,BLUEDART,12/09/2024,Delivered,Pune,Hyderabad,-76.07,14/09/2024,,,Delivered Date is missing or invalid for Delivered status; Invalid freight cost
SHO5344,DHL,30/05/2024,Accepted,Pune,Chennai,477.07,06/03/2024,,,Expected Delivery Date is before Ship Date
SHO5345,BLUEDART,,Delayed,Pune,Mumbai,271.04,25/04/2026,05/03/2026,,Invalid ship date
SHO5346,DHL,13/05/2026,Delayed,Chennai,Hyderabad,70.33,,26/05/2026,,Expected Delivery Date is missing or invalid
,DHL,,Delivered,Mumbai,Chennai,459.28,29/05/2026,,,Missing shipment ID; Invalid ship date; Delivered Date is missing or invalid for Delivered status
SHO5349,BLUEDART,,Delivered,Hyderabad,Mumbai,86.62,,,,Invalid ship date; Expected Delivery Date is missing or invalid; Delivered Date is missing or invalid for Delivered status
SHO5352,DHL,30/01/2025,IN TRANS,Delhi,Hyderabad,478.91,02/03/2025,,,Invalid status
,BLUEDART,13/01/2024,Delayed,Hyderabad,Pune,224.93,,21/01/2024,,Missing shipment ID; Expected Delivery Date is missing or invalid
SHO5355,FEDEX,17/04/2026,Pending,Bangalore,Hyderabad,,20/04/2026,,,Invalid freight cost
SHO5357,FEDEX,17/05/2024,Delivered,Delhi,Mumbai,8.67,19/05/2024,,,Delivered Date is missing or invalid for Delivered status
SHO5359,DHL,02/04/2024,In Transit,Bangalore,Mumbai,,09/02/2024,,,Expected Delivery Date is before Ship Date; Invalid freight cost
SHO5360,FEDEX,15/04/2025,In Transit,Delhi,Mumbai,-43.17,19/04/2025,,,Invalid freight cost
SHO5361,DHL,,Accepted,Pune,Delhi,485.84,26/06/2024,,,Invalid ship date
SHO5362,DHL,17/01/2025,Delivered,Hyderabad,Delhi,-46.34,,23/01/2025,,Expected Delivery Date is missing or invalid; Invalid freight cost
SHO5363,DHL,,IN TRANS,Pune,Chennai,3.47,,,,Invalid ship date; Invalid status; Expected Delivery Date is missing or invalid
SHO5364,BLUEDART,,Delayed,Pune,Delhi,40.8,10/12/2024,,,Invalid ship date
,FEDEX,22/03/2024,IN TRANS,Bangalore,Mumbai,148.5,,,,Missing shipment ID; Invalid status; Expected Delivery Date is missing or invalid
SHO5367,BLUEDART,12/05/2025,IN TRANS,Hyderabad,Delhi,-73.54,15/05/2025,,,Invalid status; Invalid freight cost
SHO5369,BLUEDART,01/08/2025,Delayed,Delhi,Pune,195.68,11/01/2025,,,Expected Delivery Date is before Ship Date
SHO5370,DHL,01/02/2025,UNKNOWN,Hyderabad,Delhi,134.64,01/06/2025,,,Invalid status
SHO5372,FEDEX,04/02/2026,Accepted,Pune,Chennai,446.62,,,,Expected Delivery Date is missing or invalid
SHO5373,DHL,04/08/2024,Delivered,Hyderabad,Delhi,12.53,08/08/2024,,,Delivered Date is missing or invalid for Delivered status
SHO5374,DHL,01/05/2025,Delivered,Hyderabad,Chennai,100.87,05/03/2025,03/05/2025,59,Expected Delivery Date is before Ship Date
SHO5375,DHL,26/05/2024,UNKNOWN,Chennai,Mumbai,320.27,01/06/2024,,,Invalid status
SHO5377,DHL,,Delivered,Mumbai,Delhi,418.53,,01/08/2024,,Invalid ship date; Expected Delivery Date is missing or invalid
SHO5378,BLUEDART,,IN TRANS,Hyderabad,Mumbai,7.47,09/04/2024,,,Invalid ship date; Invalid status
SHO5379,DHL,26/09/2024,Accepted,Pune,Chennai,225.79,,,,Expected Delivery Date is missing or invalid
SHO5380,FEDEX,29/10/2025,In Transit,Mumbai,Bangalore,319.08,11/04/2025,,,Expected Delivery Date is before Ship Date
SHO5382,BLUEDART,05/10/2024,IN TRANS,Delhi,Bangalore,2.32,10/11/2024,,,Invalid status
SHO5383,FEDEX,03/08/2024,Pending,Bangalore,Chennai,296.01,11/03/2024,,,Expected Delivery Date is before Ship Date
SHO5384,FEDEX,05/12/2024,Pending,Pune,Delhi,153.34,14/05/2024,,,Expected Delivery Date is before Ship Date
SHO5385,BLUEDART,,Delayed,Bangalore,Hyderabad,434.8,,21/11/2024,,Invalid ship date; Expected Delivery Date is missing or invalid
SHO5386,FEDEX,21/04/2025,Accepted,Pune,Mumbai,-62.23,,,,Expected Delivery Date is missing or invalid; Invalid freight cost
SHO5387,DHL,,IN TRANS,Delhi,Bangalore,64.57,10/12/2025,,,Invalid ship date; Invalid status
SHO5388,DHL,27/04/2025,Delivered,Pune,Bangalore,457.27,05/04/2025,05/07/2025,91,Expected Delivery Date is before Ship Date
SHO5389,BLUEDART,02/06/2026,Delayed,Hyderabad,Delhi,79.35,,18/06/2026,,Expected Delivery Date is missing or invalid
SHO5392,BLUEDART,03/10/2025,In Transit,Chennai,Bangalore,327.42,,,,Expected Delivery Date is missing or invalid
SHO5394,FEDEX,,In Transit,Mumbai,Delhi,123.78,09/09/2024,,,Invalid ship date
SHO5397,FEDEX,02/10/2026,IN TRANS,Mumbai,Delhi,240.1,17/02/2026,,,Invalid status; Expected Delivery Date is before Ship Date
SHO5400,DHL,03/04/2025,Delayed,Bangalore,Chennai,484.12,08/03/2025,09/03/2025,,Expected Delivery Date is before Ship Date
SHO5401,BLUEDART,13/10/2025,Delayed,Pune,Hyderabad,485.38,,22/10/2025,,Expected Delivery Date is missing or invalid
SHO5402,FEDEX,,Delivered,Chennai,Pune,226.12,28/10/2025,01/11/2025,4,Invalid ship date
SHO5403,FEDEX,05/09/2026,Pending,Mumbai,Delhi,12.0,14/05/2026,,,Expected Delivery Date is before Ship Date
SHO5404,DHL,14/01/2025,Delayed,Hyderabad,Pune,-9.78,16/01/2025,23/01/2025,,Invalid freight cost
SHO5406,DHL,07/12/2024,Accepted,Bangalore,Chennai,142.11,17/07/2024,,,Expected Delivery Date is before Ship Date
SHO5409,FEDEX,,Pending,Mumbai,Chennai,114.91,23/11/2025,,,Invalid ship date
SHO5410,DHL,22/04/2026,In Transit,Mumbai,Delhi,322.0,,,,Expected Delivery Date is missing or invalid
SHO5411,FEDEX,06/01/2024,UNKNOWN,Mumbai,Delhi,117.5,,11/01/2024,,Invalid status; Expected Delivery Date is missing or invalid
SHO5415,FEDEX,,UNKNOWN,Pune,Hyderabad,67.73,26/07/2025,01/08/2025,,Invalid ship date; Invalid status
SHO5416,DHL,,Accepted,Bangalore,Mumbai,-65.8,11/10/2025,,,Invalid ship date; Invalid freight cost
SHO5417,FEDEX,07/06/2024,Pending,Pune,Mumbai,80.23,,,,Expected Delivery Date is missing or invalid
,DHL,,Delivered,Chennai,Pune,238.21,04/05/2024,09/05/2024,5,Missing shipment ID; Invalid ship date
SHO5420,FEDEX,12/04/2025,Pending,Chennai,Bangalore,-4.68,19/04/2025,,,Invalid freight cost
SHO5422,DHL,01/01/2026,IN TRANS,Chennai,Delhi,157.87,,,,Invalid status; Expected Delivery Date is missing or invalid
SHO5423,FEDEX,,Pending,Pune,Hyderabad,483.76,07/08/2024,,,Invalid ship date
SHO5424,BLUEDART,03/11/2026,Delivered,Bangalore,Chennai,107.22,15/03/2026,20/03/2026,5,Expected Delivery Date is before Ship Date; Delivered Date is before Ship Date
SHO5425,FEDEX,,Delayed,Mumbai,Hyderabad,450.24,14/04/2025,16/04/2025,,Invalid ship date
SHO5427,DHL,01/11/2024,Delayed,Chennai,Pune,-47.49,,20/01/2024,,Expected Delivery Date is missing or invalid; Invalid freight cost
SHO5428,FEDEX,09/10/2024,IN TRANS,Chennai,Bangalore,-79.78,13/09/2024,,,Invalid status; Expected Delivery Date is before Ship Date; Invalid freight cost
SHO5429,FEDEX,,Delayed,Hyderabad,Bangalore,,16/05/2025,17/05/2025,,Invalid ship date; Invalid freight cost
SHO5430,FEDEX,18/10/2024,Delivered,Bangalore,Chennai,,21/10/2024,26/10/2024,5,Invalid freight cost
SHO5434,BLUEDART,13/06/2026,IN TRANS,Delhi,Mumbai,329.65,18/06/2026,,,Invalid status
,DHL,13/01/2025,In Transit,Hyderabad,Delhi,339.86,15/01/2025,,,Missing shipment ID
SHO5441,DHL,23/01/2024,In Transit,Chennai,Mumbai,-72.52,,,,Expected Delivery Date is missing or invalid; Invalid freight cost
SHO5442,DHL,23/01/2024,Delivered,Bangalore,Delhi,189.06,28/01/2024,,,Delivered Date is missing or invalid for Delivered status
SHO5443,FEDEX,,Delayed,Delhi,Chennai,304.44,06/08/2024,09/06/2024,,Invalid ship date
SHO5444,BLUEDART,31/01/2026,Delivered,Bangalore,Hyderabad,105.14,02/03/2026,02/01/2026,0,Delivered Date is before Ship Date
SHO5449,BLUEDART,31/01/2025,Accepted,Pune,Delhi,311.31,,,,Expected Delivery Date is missing or invalid
SHO5450,FEDEX,26/01/2025,Delivered,Hyderabad,Bangalore,236.28,,29/01/2025,,Expected Delivery Date is missing or invalid
SHO5451,FEDEX,25/10/2024,Delivered,Pune,Bangalore,43.46,,01/11/2024,,Expected Delivery Date is missing or invalid
SHO5452,DHL,22/09/2024,In Transit,Chennai,Pune,100.18,,,,Expected Delivery Date is missing or invalid
SHO5453,BLUEDART,,Delivered,Bangalore,Delhi,434.82,03/11/2025,03/11/2025,0,Invalid ship date
SHO5454,BLUEDART,,Delivered,Pune,Hyderabad,437.31,,12/12/2024,,Invalid ship date; Expected Delivery Date is missing or invalid
SHO5455,DHL,09/07/2024,In Transit,Mumbai,Bangalore,-22.08,09/09/2024,,,Invalid freight cost
SHO5459,BLUEDART,,Delayed,Bangalore,Chennai,182.68,,26/11/2024,,Invalid ship date; Expected Delivery Date is missing or invalid
SHO5460,BLUEDART,10/09/2025,Delayed,Bangalore,Delhi,-18.89,12/10/2025,15/10/2025,,Invalid freight cost
SHO5461,BLUEDART,03/06/2024,Delayed,Delhi,Bangalore,-31.45,,08/06/2024,,Expected Delivery Date is missing or invalid; Invalid freight cost
SHO5463,BLUEDART,19/10/2025,Delivered,Delhi,Hyderabad,,21/10/2025,25/10/2025,4,Invalid freight cost
,BLUEDART,,Delayed,Bangalore,Delhi,92.05,07/02/2024,,,Missing shipment ID; Invalid ship date
SHO5465,FEDEX,25/03/2024,Delivered,Chennai,Delhi,162.49,,06/04/2024,,Expected Delivery Date is missing or invalid
SHO5466,FEDEX,10/11/2025,Accepted,Delhi,Pune,331.92,16/10/2025,,,Expected Delivery Date is before Ship Date
SHO5467,FEDEX,09/06/2025,Delivered,Bangalore,Chennai,460.07,15/06/2025,,,Delivered Date is missing or invalid for Delivered status
SHO5468,FEDEX,,Pending,Pune,Hyderabad,70.72,,,,Invalid ship date; Expected Delivery Date is missing or invalid
SHO5469,DHL,11/12/2025,In Transit,Delhi,Chennai,-76.0,19/11/2025,,,Expected Delivery Date is before Ship Date; Invalid freight cost
SHO5471,BLUEDART,22/03/2026,Pending,Mumbai,Chennai,,,,,Expected Delivery Date is missing or invalid; Invalid freight cost
SHO5472,BLUEDART,07/05/2026,In Transit,Chennai,Hyderabad,,14/05/2026,,,Invalid freight cost
SHO5481,DHL,31/08/2025,In Transit,Pune,Bangalore,52.71,09/02/2025,,,Expected Delivery Date is before Ship Date
SHO5482,FEDEX,09/01/2026,UNKNOWN,Bangalore,Chennai,364.32,13/01/2026,,,Invalid status
SHO5483,FEDEX,01/07/2025,Delayed,Delhi,Hyderabad,217.76,14/01/2025,,,Expected Delivery Date is before Ship Date
SHO5484,FEDEX,06/06/2026,Delivered,Bangalore,Delhi,-7.38,13/06/2026,,,Delivered Date is missing or invalid for Delivered status; Invalid freight cost
SHO5485,BLUEDART,26/04/2025,IN TRANS,Hyderabad,Mumbai,306.0,02/05/2025,,,Invalid status
SHO5489,FEDEX,29/12/2025,Delivered,Chennai,Hyderabad,-33.11,04/01/2026,,,Delivered Date is missing or invalid for Delivered status; Invalid freight cost
SHO5491,BLUEDART,,Pending,Pune,Chennai,243.68,,,,Invalid ship date; Expected Delivery Date is missing or invalid
SHO5493,BLUEDART,24/05/2024,Delayed,Delhi,Bangalore,-71.1,,,,Expected Delivery Date is missing or invalid; Invalid freight cost
SHO5494,FEDEX,,In Transit,Chennai,Hyderabad,163.67,06/06/2024,,,Invalid ship date
SHO5495,FEDEX,28/03/2024,Delivered,Delhi,Mumbai,164.69,02/04/2024,,,Delivered Date is missing or invalid for Delivered status
SHO5496,FEDEX,03/12/2025,Delivered,Mumbai,Pune,356.81,,19/03/2025,,Expected Delivery Date is missing or invalid; Delivered Date is before Ship Date
SHO5497,DHL,,Accepted,Delhi,Pune,302.02,11/01/2025,,,Invalid ship date
SHO5498,DHL,13/04/2025,In Transit,Bangalore,Hyderabad,259.81,,,,Expected Delivery Date is missing or invalid
SHO5499,DHL,03/12/2024,Pending,Chennai,Delhi,-59.21,08/12/2024,,,Invalid freight cost
SHO5500,DHL,28/11/2024,Delivered,Delhi,Hyderabad,-0.42,02/12/2024,,,Delivered Date is missing or invalid for Delivered status; Invalid freight cost
SHO5502,BLUEDART,07/12/2024,Delayed,Bangalore,Mumbai,212.71,18/07/2024,,,Expected Delivery Date is before Ship Date
SHO5504,FEDEX,24/10/2025,Pending,Chennai,Bangalore,-72.94,28/10/2025,,,Invalid freight cost
SHO5505,BLUEDART,02/04/2024,Delivered,Pune,Chennai,211.38,11/02/2024,14/02/2024,3,Expected Delivery Date is before Ship Date; Delivered Date is before Ship Date
SHO5508,FEDEX,11/07/2025,Delayed,Bangalore,Chennai,-18.65,18/07/2025,23/07/2025,,Invalid freight cost
SHO5509,FEDEX,04/11/2024,In Transit,Pune,Chennai,-24.09,08/11/2024,,,Invalid freight cost
SHO5510,BLUEDART,15/02/2026,In Transit,Pune,Hyderabad,-79.33,17/02/2026,,,Invalid freight cost
SHO5511,FEDEX,13/10/2024,Pending,Hyderabad,Delhi,97.41,,,,Expected Delivery Date is missing or invalid
SHO5512,DHL,01/06/2025,IN TRANS,Hyderabad,Bangalore,337.53,,,,Invalid status; Expected Delivery Date is missing or invalid
SHO5516,FEDEX,,Delivered,Chennai,Hyderabad,372.57,01/06/2026,,,Invalid ship date; Delivered Date is missing or invalid for Delivered status
SHO5519,FEDEX,,IN TRANS,Pune,Mumbai,-29.62,24/05/2026,,,Invalid ship date; Invalid status; Invalid freight cost
SHO5522,FEDEX,24/10/2024,IN TRANS,Bangalore,Mumbai,296.17,,,,Invalid status; Expected Delivery Date is missing or invalid
SHO5525,FEDEX,05/08/2025,IN TRANS,Bangalore,Pune,54.66,08/08/2025,,,Invalid status
SHO5526,DHL,,Delivered,Pune,Mumbai,251.24,13/11/2024,,,Invalid ship date; Delivered Date is missing or invalid for Delivered status
SHO5527,DHL,31/10/2025,Delayed,Delhi,Mumbai,490.09,,15/11/2025,,Expected Delivery Date is missing or invalid
,FEDEX,,In Transit,Chennai,Pune,184.52,,,,Missing shipment ID; Invalid ship date; Expected Delivery Date is missing or invalid
SHO5529,BLUEDART,10/04/2025,In Transit,Chennai,Bangalore,,,,,Expected Delivery Date is missing or invalid; Invalid freight cost
,DHL,06/11/2024,Delayed,Bangalore,Mumbai,74.06,16/06/2024,,,Missing shipment ID; Expected Delivery Date is before Ship Date
SHO5533,FEDEX,13/12/2025,IN TRANS,Hyderabad,Chennai,169.73,15/12/2025,,,Invalid status
SHO5535,BLUEDART,13/09/2024,Delayed,Pune,Delhi,-19.66,17/09/2024,25/09/2024,,Invalid freight cost
SHO5541,DHL,07/05/2024,Delivered,Delhi,Bangalore,310.67,,15/05/2024,,Expected Delivery Date is missing or invalid
SHO5542,BLUEDART,,Accepted,Pune,Mumbai,209.21,26/05/2024,,,Invalid ship date
SHO5544,BLUEDART,,Pending,Chennai,Delhi,-14.96,04/10/2025,,,Invalid ship date; Invalid freight cost
SHO5546,FEDEX,12/04/2024,Delivered,Delhi,Mumbai,234.39,,10/12/2024,,Expected Delivery Date is missing or invalid
SHO5549,DHL,10/05/2026,Delayed,Chennai,Bangalore,410.74,,16/05/2026,,Expected Delivery Date is missing or invalid
SHO5550,FEDEX,25/08/2024,Delivered,Mumbai,Chennai,-8.66,30/08/2024,02/09/2024,3,Invalid freight cost
SHO5551,BLUEDART,20/09/2025,Delivered,Delhi,Hyderabad,157.17,23/09/2025,,,Delivered Date is missing or invalid for Delivered status
SHO5552,DHL,12/09/2025,In Transit,Pune,Hyderabad,-63.66,13/12/2025,,,Invalid freight cost
SHO5553,FEDEX,,Accepted,Chennai,Hyderabad,236.79,11/07/2025,,,Invalid ship date
SHO5554,BLUEDART,,UNKNOWN,Hyderabad,Bangalore,354.76,21/01/2024,24/01/2024,,Invalid ship date; Invalid status
SHO5556,FEDEX,20/02/2025,Delayed,Chennai,Pune,-43.13,23/02/2025,03/02/2025,,Invalid freight cost
SHO5557,BLUEDART,,Delayed,Chennai,Mumbai,250.16,05/02/2025,,,Invalid ship date
SHO5558,BLUEDART,21/05/2024,Delivered,Pune,Delhi,,,,,Expected Delivery Date is missing or invalid; Delivered Date is missing or invalid for Delivered status; Invalid freight cost
,FEDEX,,Delayed,Delhi,Pune,236.18,10/05/2026,,,Missing shipment ID; Invalid ship date
SHO5560,BLUEDART,11/12/2025,Accepted,Hyderabad,Delhi,-74.25,18/12/2025,,,Invalid freight cost
SHO5562,DHL,,Delayed,Bangalore,Chennai,76.95,24/01/2024,,,Invalid ship date
SHO5563,BLUEDART,21/09/2025,Delayed,Bangalore,Pune,,25/09/2025,,,Invalid freight cost
SHO5564,FEDEX,23/02/2025,IN TRANS,Mumbai,Hyderabad,58.42,01/03/2025,,,Invalid status
SHO5565,BLUEDART,19/05/2026,Pending,Pune,Delhi,287.04,,,,Expected Delivery Date is missing or invalid
SHO5567,DHL,20/01/2024,IN TRANS,Hyderabad,Mumbai,142.06,,,,Invalid status; Expected Delivery Date is missing or invalid
SHO5569,DHL,25/08/2025,Pending,Hyderabad,Delhi,478.53,,,,Expected Delivery Date is missing or invalid
SHO5570,DHL,03/02/2026,Pending,Chennai,Bangalore,-39.76,05/03/2026,,,Invalid freight cost
SHO5571,BLUEDART,,Delayed,Mumbai,Pune,275.98,14/02/2025,,,Invalid ship date
SHO5572,BLUEDART,27/10/2025,Delayed,Hyderabad,Mumbai,-48.23,,07/11/2025,,Expected Delivery Date is missing or invalid; Invalid freight cost
SHO5573,BLUEDART,,Pending,Delhi,Hyderabad,-11.27,15/10/2025,,,Invalid ship date; Invalid freight cost
,DHL,19/07/2024,In Transit,Hyderabad,Bangalore,305.7,21/07/2024,,,Missing shipment ID
SHO5580,BLUEDART,,Delivered,Mumbai,Bangalore,421.07,29/01/2024,27/01/2024,0,Invalid ship date
SHO5581,DHL,,Delayed,Bangalore,Chennai,405.56,07/12/2024,19/07/2024,,Invalid ship date
SHO5585,FEDEX,02/03/2025,Delayed,Mumbai,Pune,404.81,,,,Expected Delivery Date is missing or invalid
SHO5588,BLUEDART,04/01/2026,Delayed,Delhi,Mumbai,-65.96,,10/01/2026,,Expected Delivery Date is missing or invalid; Invalid freight cost
SHO5590,DHL,17/11/2025,Delayed,Pune,Hyderabad,46.38,,21/11/2025,,Expected Delivery Date is missing or invalid
SHO5592,DHL,,Accepted,Pune,Chennai,83.19,02/07/2024,05/07/2024,,Invalid ship date
SHO5593,FEDEX,27/12/2025,Delivered,Hyderabad,Delhi,418.73,,01/01/2026,,Expected Delivery Date is missing or invalid
SHO5594,BLUEDART,07/04/2024,IN TRANS,Mumbai,Hyderabad,409.59,07/08/2024,,,Invalid status
SHO5598,BLUEDART,22/01/2026,Pending,Hyderabad,Bangalore,-74.59,25/01/2026,,,Invalid freight cost
SHO5599,FEDEX,,Pending,Hyderabad,Bangalore,144.4,07/01/2026,,,Invalid ship date
SHO5601,DHL,04/01/2025,IN TRANS,Hyderabad,Bangalore,74.48,11/01/2025,,,Invalid status
SHO5602,FEDEX,31/05/2026,Delivered,Pune,Hyderabad,419.57,06/05/2026,,,Delivered Date is missing or invalid for Delivered status; Expected Delivery Date is before Ship Date
SHO5605,FEDEX,11/01/2026,In Transit,Hyderabad,Mumbai,431.35,,,,Expected Delivery Date is missing or invalid
SHO5606,DHL,,Accepted,Pune,Delhi,-4.74,01/03/2025,,,Invalid ship date; Invalid freight cost
SHO5607,DHL,10/07/2025,In Transit,Chennai,Hyderabad,-5.24,,,,Expected Delivery Date is missing or invalid; Invalid freight cost
SHO5608,FEDEX,25/01/2026,In Transit,Chennai,Mumbai,-78.21,,,,Expected Delivery Date is missing or invalid; Invalid freight cost
SHO5610,FEDEX,,In Transit,Pune,Bangalore,-15.6,01/06/2025,,,Invalid ship date; Invalid freight cost
SHO5611,DHL,19/04/2025,Pending,Pune,Mumbai,189.85,,,,Expected Delivery Date is missing or invalid
SHO5613,FEDEX,14/03/2025,Delivered,Bangalore,Delhi,-44.38,,,,Expected Delivery Date is missing or invalid; Delivered Date is missing or invalid for Delivered status; Invalid freight cost
SHO5614,FEDEX,14/09/2025,Delayed,Bangalore,Pune,-20.99,21/09/2025,,,Invalid freight cost
SHO5615,DHL,,In Transit,Pune,Hyderabad,-76.29,13/05/2026,,,Invalid ship date; Invalid freight cost
SHO5618,FEDEX,,Delayed,Bangalore,Pune,-71.6,27/07/2024,31/07/2024,,Invalid ship date; Invalid freight cost
SHO5619,BLUEDART,16/12/2025,Accepted,Hyderabad,Bangalore,-21.04,19/12/2025,,,Invalid freight cost
SHO5620,FEDEX,02/10/2025,Delayed,Hyderabad,Delhi,325.47,14/02/2025,21/02/2025,,Expected Delivery Date is before Ship Date
SHO5622,DHL,26/02/2024,In Transit,Delhi,Bangalore,-63.96,03/02/2024,,,Expected Delivery Date is before Ship Date; Invalid freight cost
SHO5624,DHL,,Delayed,Pune,Mumbai,98.61,06/05/2025,09/05/2025,,Invalid ship date
SHO5625,DHL,21/10/2025,Delivered,Mumbai,Pune,-28.42,24/10/2025,26/10/2025,2,Invalid freight cost
SHO5626,FEDEX,03/04/2025,Accepted,Bangalore,Chennai,133.13,07/03/2025,15/03/2025,,Expected Delivery Date is before Ship Date
SHO5627,FEDEX,30/07/2024,Delayed,Bangalore,Chennai,-71.31,08/03/2024,08/08/2024,,Expected Delivery Date is before Ship Date; Invalid freight cost
SHO5628,BLUEDART,09/12/2025,Accepted,Hyderabad,Pune,471.39,19/09/2025,,,Expected Delivery Date is before Ship Date
SHO5630,DHL,,Delayed,Pune,Mumbai,395.4,28/06/2024,07/05/2024,,Invalid ship date
SHO5632,DHL,,In Transit,Pune,Mumbai,72.27,07/06/2024,,,Invalid ship date
SHO5633,FEDEX,22/06/2024,Pending,Chennai,Hyderabad,167.09,,,,Expected Delivery Date is missing or invalid
SHO5635,FEDEX,02/06/2025,In Transit,Delhi,Pune,465.1,13/02/2025,,,Expected Delivery Date is before Ship Date
SHO5638,FEDEX,24/08/2024,Pending,Bangalore,Mumbai,-41.14,,,,Expected Delivery Date is missing or invalid; Invalid freight cost
SHO5639,DHL,03/02/2026,UNKNOWN,Chennai,Bangalore,125.99,03/06/2026,,,Invalid status
,BLUEDART,24/10/2024,In Transit,Mumbai,Delhi,368.89,,,,Missing shipment ID; Expected Delivery Date is missing or invalid
SHO5641,FEDEX,24/02/2024,Delivered,Mumbai,Bangalore,334.13,,27/02/2024,,Expected Delivery Date is missing or invalid
SHO5642,DHL,,Delayed,Hyderabad,Bangalore,-11.79,15/07/2024,16/07/2024,,Invalid ship date; Invalid freight cost
SHO5644,BLUEDART,25/01/2026,Accepted,Bangalore,Delhi,395.84,,,,Expected Delivery Date is missing or invalid
SHO5646,BLUEDART,16/02/2024,Delayed,Bangalore,Delhi,,18/02/2024,25/02/2024,,Invalid freight cost
SHO5647,BLUEDART,21/09/2025,IN TRANS,Delhi,Bangalore,195.91,27/09/2025,,,Invalid status
SHO5648,DHL,,Delayed,Hyderabad,Pune,364.84,07/07/2025,10/07/2025,,Invalid ship date
SHO5649,DHL,07/09/2025,Delivered,Delhi,Chennai,-0.93,16/07/2025,14/07/2025,0,Expected Delivery Date is before Ship Date; Delivered Date is before Ship Date; Invalid freight cost
SHO5651,BLUEDART,04/05/2025,Accepted,Bangalore,Mumbai,-47.41,12/04/2025,,,Expected Delivery Date is before Ship Date; Invalid freight cost
SHO5652,BLUEDART,16/08/2024,IN TRANS,Mumbai,Pune,262.48,,,,Invalid status; Expected Delivery Date is missing or invalid
SHO5653,FEDEX,,Pending,Mumbai,Chennai,60.92,09/06/2025,,,Invalid ship date
SHO5655,FEDEX,19/09/2025,Delayed,Bangalore,Pune,-29.05,25/09/2025,26/09/2025,,Invalid freight cost
SHO5659,BLUEDART,,In Transit,Mumbai,Hyderabad,482.15,26/07/2024,,,Invalid ship date
SHO5661,BLUEDART,02/11/2026,Accepted,Chennai,Bangalore,23.46,17/02/2026,,,Expected Delivery Date is before Ship Date
SHO5662,DHL,13/02/2026,Accepted,Pune,Hyderabad,-71.96,19/02/2026,,,Invalid freight cost
SHO5663,BLUEDART,01/02/2026,Delayed,Chennai,Pune,10.09,04/01/2026,09/01/2026,,Expected Delivery Date is before Ship Date
SHO5666,BLUEDART,25/11/2025,IN TRANS,Hyderabad,Chennai,134.99,30/11/2025,,,Invalid status
SHO5667,DHL,10/09/2025,Delayed,Bangalore,Mumbai,,09/12/2025,17/09/2025,,Invalid freight cost
SHO5668,DHL,30/03/2025,In Transit,Pune,Delhi,148.18,04/01/2025,,,Expected Delivery Date is before Ship Date
,BLUEDART,30/09/2025,UNKNOWN,Pune,Hyderabad,456.7,06/10/2025,,,Missing shipment ID; Invalid status
SHO5671,BLUEDART,24/07/2024,IN TRANS,Pune,Chennai,210.46,,,,Invalid status; Expected Delivery Date is missing or invalid
SHO5672,FEDEX,,Delayed,Mumbai,Hyderabad,416.71,23/03/2025,01/04/2025,,Invalid ship date
SHO5674,BLUEDART,,UNKNOWN,Hyderabad,Chennai,254.12,28/06/2024,,,Invalid ship date; Invalid status
SHO5675,BLUEDART,,Delivered,Delhi,Mumbai,22.47,,,,Invalid ship date; Expected Delivery Date is missing or invalid; Delivered Date is missing or invalid for Delivered status
SHO5677,DHL,13/02/2025,IN TRANS,Mumbai,Pune,54.52,20/02/2025,,,Invalid status
SHO5678,DHL,,Accepted,Bangalore,Pune,167.85,07/04/2026,,,Invalid ship date
SHO5680,BLUEDART,,Delayed,Hyderabad,Delhi,246.28,,19/12/2024,,Invalid ship date; Expected Delivery Date is missing or invalid
SHO5682,DHL,20/11/2025,IN TRANS,Pune,Hyderabad,401.4,,,,Invalid status; Expected Delivery Date is missing or invalid
SHO5683,FEDEX,14/01/2024,In Transit,Hyderabad,Mumbai,-43.86,17/01/2024,,,Invalid freight cost
SHO5685,DHL,15/06/2025,Pending,Pune,Hyderabad,292.75,,,,Expected Delivery Date is missing or invalid
SHO5686,FEDEX,,Pending,Mumbai,Chennai,181.37,24/06/2024,,,Invalid ship date
SHO5687,FEDEX,15/06/2025,Delivered,Hyderabad,Mumbai,137.29,19/06/2025,,,Delivered Date is missing or invalid for Delivered status
SHO5688,BLUEDART,16/06/2026,UNKNOWN,Mumbai,Bangalore,234.23,21/06/2026,23/06/2026,,Invalid status
SHO5689,FEDEX,27/04/2024,Delayed,Hyderabad,Mumbai,450.14,,01/05/2024,,Expected Delivery Date is missing or invalid
SHO5690,BLUEDART,06/11/2025,IN TRANS,Chennai,Mumbai,263.36,16/06/2025,,,Invalid status; Expected Delivery Date is before Ship Date
SHO5691,DHL,06/07/2024,UNKNOWN,Chennai,Pune,439.41,08/07/2024,18/07/2024,,Invalid status
SHO5692,FEDEX,18/03/2026,Delivered,Hyderabad,Chennai,95.81,,,,Expected Delivery Date is missing or invalid; Delivered Date is missing or invalid for Delivered status
SHO5693,FEDEX,22/09/2025,Pending,Mumbai,Pune,289.48,,,,Expected Delivery Date is missing or invalid
SHO5694,DHL,17/04/2025,Delayed,Bangalore,Chennai,-60.85,19/04/2025,24/04/2025,,Invalid freight cost
SHO5695,DHL,,Accepted,Chennai,Delhi,471.04,,21/02/2024,,Invalid ship date; Expected Delivery Date is missing or invalid
SHO5697,FEDEX,,Delayed,Bangalore,Chennai,-20.49,13/05/2026,,,Invalid ship date; Invalid freight cost
SHO5698,BLUEDART,04/10/2025,Delivered,Delhi,Bangalore,-8.27,,,,Expected Delivery Date is missing or invalid; Delivered Date is missing or invalid for Delivered status; Invalid freight cost
SHO5699,BLUEDART,17/04/2024,Delivered,Bangalore,Chennai,44.63,,18/04/2024,,Expected Delivery Date is missing or invalid
SHO5702,FEDEX,,Pending,Hyderabad,Delhi,299.49,18/02/2025,,,Invalid ship date
SHO5704,BLUEDART,28/01/2026,IN TRANS,Pune,Mumbai,454.98,30/01/2026,,,Invalid status
SHO5705,DHL,,Delivered,Bangalore,Delhi,96.31,06/02/2024,06/06/2024,121,Invalid ship date
SHO5708,BLUEDART,,Accepted,Mumbai,Pune,48.96,19/03/2024,,,Invalid ship date
SHO5712,FEDEX,23/02/2025,IN TRANS,Bangalore,Mumbai,201.25,26/02/2025,,,Invalid status
SHO5714,DHL,,Delayed,Mumbai,Hyderabad,-39.15,03/02/2026,,,Invalid ship date; Invalid freight cost
SHO5715,BLUEDART,,Pending,Bangalore,Hyderabad,112.76,07/09/2024,,,Invalid ship date
SHO5721,BLUEDART,,IN TRANS,Pune,Delhi,294.43,21/02/2025,,,Invalid ship date; Invalid status
SHO5724,DHL,27/11/2024,Pending,Pune,Delhi,-53.8,02/12/2024,,,Invalid freight cost
SHO5726,DHL,,IN TRANS,Mumbai,Hyderabad,-30.16,24/03/2026,,,Invalid ship date; Invalid status; Invalid freight cost
SHO5727,BLUEDART,28/02/2026,In Transit,Chennai,Mumbai,-39.71,04/03/2026,,,Invalid freight cost
SHO5728,FEDEX,04/12/2025,Delivered,Pune,Chennai,-64.0,14/04/2025,14/04/2025,0,Expected Delivery Date is before Ship Date; Delivered Date is before Ship Date; Invalid freight cost
,FEDEX,,Pending,Chennai,Bangalore,239.18,,,,Missing shipment ID; Invalid ship date; Expected Delivery Date is missing or invalid
SHO5730,DHL,,In Transit,Bangalore,Delhi,375.89,,,,Invalid ship date; Expected Delivery Date is missing or invalid
SHO5731,DHL,17/09/2025,UNKNOWN,Chennai,Bangalore,469.54,23/09/2025,,,Invalid status
SHO5732,BLUEDART,05/06/2024,Pending,Mumbai,Hyderabad,231.3,,,,Expected Delivery Date is missing or invalid
SHO5733,BLUEDART,12/09/2025,IN TRANS,Delhi,Bangalore,9.23,11/12/2025,,,Invalid status
SHO5734,DHL,,In Transit,Delhi,Hyderabad,498.4,16/11/2024,,,Invalid ship date
SHO5735,DHL,,Delivered,Bangalore,Pune,215.62,26/04/2024,26/04/2024,0,Invalid ship date
SHO5736,BLUEDART,,Delayed,Mumbai,Hyderabad,54.98,17/09/2025,19/09/2025,,Invalid ship date
SHO5737,FEDEX,25/03/2025,In Transit,Hyderabad,Delhi,-37.69,30/03/2025,,,Invalid freight cost
SHO5739,DHL,,Delayed,Chennai,Hyderabad,337.52,08/12/2024,17/12/2024,,Invalid ship date
SHO5742,DHL,13/01/2024,IN TRANS,Bangalore,Pune,126.07,17/01/2024,,,Invalid status
SHO5744,DHL,,Delayed,Mumbai,Chennai,290.04,07/04/2026,13/04/2026,,Invalid ship date
SHO5745,BLUEDART,,Pending,Mumbai,Delhi,239.75,,,,Invalid ship date; Expected Delivery Date is missing or invalid
SHO5746,DHL,04/05/2024,Delayed,Chennai,Mumbai,164.7,,14/04/2024,,Expected Delivery Date is missing or invalid
,FEDEX,,In Transit,Mumbai,Delhi,409.44,22/08/2025,,,Missing shipment ID; Invalid ship date
SHO5748,FEDEX,,Delivered,Bangalore,Hyderabad,345.51,15/10/2024,16/10/2024,1,Invalid ship date
,BLUEDART,28/01/2026,Pending,Delhi,Pune,348.51,02/04/2026,,,Missing shipment ID
,BLUEDART,25/04/2024,IN TRANS,Chennai,Bangalore,265.4,05/01/2024,,,Missing shipment ID; Invalid status; Expected Delivery Date is before Ship Date
SHO5756,BLUEDART,02/05/2024,IN TRANS,Bangalore,Hyderabad,39.83,07/02/2024,,,Invalid status; Expected Delivery Date is before Ship Date
SHO5757,BLUEDART,12/08/2025,Delivered,Bangalore,Mumbai,26.17,,16/12/2025,,Expected Delivery Date is missing or invalid
SHO5758,BLUEDART,01/07/2025,Pending,Delhi,Chennai,362.0,13/01/2025,,,Expected Delivery Date is before Ship Date
SHO5759,BLUEDART,28/09/2025,IN TRANS,Bangalore,Pune,-56.32,02/10/2025,,,Invalid status; Invalid freight cost
SHO5760,DHL,22/02/2024,UNKNOWN,Delhi,Bangalore,236.79,25/02/2024,,,Invalid status
SHO5761,FEDEX,08/02/2026,IN TRANS,Pune,Delhi,79.85,15/02/2026,,,Invalid status
SHO5763,BLUEDART,10/10/2024,IN TRANS,Delhi,Pune,494.5,17/10/2024,,,Invalid status
SHO5764,DHL,05/06/2024,Delayed,Chennai,Pune,-14.29,07/06/2024,08/06/2024,,Invalid freight cost
SHO5765,BLUEDART,,Delivered,Mumbai,Pune,13.7,21/05/2024,21/05/2024,0,Invalid ship date
,DHL,03/08/2026,Delayed,Chennai,Hyderabad,,,11/03/2026,,Missing shipment ID; Expected Delivery Date is missing or invalid; Invalid freight cost
SHO5768,BLUEDART,15/11/2025,Delayed,Hyderabad,Mumbai,367.13,,12/01/2025,,Expected Delivery Date is missing or invalid
SHO5769,BLUEDART,,Pending,Bangalore,Chennai,9.9,,,,Invalid ship date; Expected Delivery Date is missing or invalid
SHO5772,FEDEX,26/03/2025,Delivered,Hyderabad,Mumbai,107.72,,04/04/2025,,Expected Delivery Date is missing or invalid
SHO5773,DHL,01/07/2024,Delayed,Pune,Mumbai,308.28,,,,Expected Delivery Date is missing or invalid
SHO5774,FEDEX,11/05/2025,IN TRANS,Pune,Delhi,447.14,13/05/2025,,,Invalid status
SHO5775,DHL,,Accepted,Bangalore,Mumbai,-71.12,20/09/2025,,,Invalid ship date; Invalid freight cost
SHO5776,FEDEX,11/10/2024,Delivered,Mumbai,Hyderabad,438.69,14/11/2024,,,Delivered Date is missing or invalid for Delivered status
SHO5777,DHL,,Delivered,Pune,Hyderabad,448.55,27/08/2024,09/01/2024,0,Invalid ship date
SHO5779,DHL,31/03/2026,Delivered,Mumbai,Delhi,-8.75,,03/04/2026,,Expected Delivery Date is missing or invalid; Invalid freight cost
SHO5780,DHL,12/04/2024,Delayed,Delhi,Pune,187.86,,22/04/2024,,Expected Delivery Date is missing or invalid
SHO5781,FEDEX,,Pending,Bangalore,Pune,78.0,09/06/2026,,,Invalid ship date
SHO5783,DHL,21/07/2024,Accepted,Hyderabad,Chennai,-12.93,25/07/2024,,,Invalid freight cost
SHO5787,BLUEDART,20/05/2025,Pending,Pune,Delhi,444.9,,,,Expected Delivery Date is missing or invalid
SHO5788,BLUEDART,03/08/2026,Pending,Hyderabad,Bangalore,214.89,,,,Expected Delivery Date is missing or invalid
SHO5791,BLUEDART,,In Transit,Bangalore,Pune,324.29,,,,Invalid ship date; Expected Delivery Date is missing or invalid
SHO5793,DHL,05/11/2024,Delayed,Pune,Delhi,54.3,13/05/2024,23/05/2024,,Expected Delivery Date is before Ship Date
,DHL,,UNKNOWN,Mumbai,Hyderabad,211.35,26/03/2026,27/03/2026,,Missing shipment ID; Invalid ship date; Invalid status
,DHL,,In Transit,Pune,Bangalore,176.75,,,,Missing shipment ID; Invalid ship date; Expected Delivery Date is missing or invalid
,BLUEDART,23/05/2026,Pending,Pune,Mumbai,357.0,28/05/2026,,,Missing shipment ID
SHO5798,DHL,,Delayed,Pune,Chennai,377.5,15/05/2025,18/05/2025,,Invalid ship date
SHO5800,DHL,24/03/2024,IN TRANS,Delhi,Bangalore,373.08,28/03/2024,,,Invalid status
SHO5801,BLUEDART,21/04/2026,Pending,Mumbai,Hyderabad,483.25,,,,Expected Delivery Date is missing or invalid
SHO5803,DHL,27/03/2024,IN TRANS,Mumbai,Pune,139.73,01/04/2024,,,Invalid status
SHO5805,DHL,,UNKNOWN,Delhi,Mumbai,479.64,01/12/2024,,,Invalid ship date; Invalid status
SHO5807,DHL,24/04/2026,Delayed,Delhi,Chennai,-30.71,27/04/2026,,,Invalid freight cost
SHO5808,BLUEDART,23/04/2025,Delivered,Chennai,Mumbai,7.95,,29/04/2025,,Expected Delivery Date is missing or invalid
SHO5809,FEDEX,07/04/2025,Delivered,Delhi,Bangalore,334.09,13/04/2025,,,Delivered Date is missing or invalid for Delivered status
SHO5815,FEDEX,,Delayed,Hyderabad,Mumbai,6.92,16/01/2026,19/01/2026,,Invalid ship date
SHO5817,BLUEDART,,Accepted,Chennai,Pune,-22.25,02/03/2026,,,Invalid ship date; Invalid freight cost
SHO5818,FEDEX,22/08/2025,IN TRANS,Delhi,Bangalore,248.5,29/08/2025,,,Invalid status
SHO5819,FEDEX,15/06/2024,Accepted,Mumbai,Bangalore,170.96,,,,Expected Delivery Date is missing or invalid
SHO5823,BLUEDART,26/09/2025,Delivered,Chennai,Pune,-34.01,10/01/2025,29/09/2025,262,Expected Delivery Date is before Ship Date; Invalid freight cost
SHO5824,BLUEDART,28/09/2024,Delivered,Pune,Hyderabad,-63.48,04/10/2024,10/03/2024,0,Delivered Date is before Ship Date; Invalid freight cost
SHO5828,BLUEDART,24/07/2025,Delayed,Delhi,Bangalore,,,08/02/2025,,Expected Delivery Date is missing or invalid; Invalid freight cost
,FEDEX,,Pending,Delhi,Mumbai,,05/08/2025,,,Missing shipment ID; Invalid ship date; Invalid freight cost
SHO5830,BLUEDART,20/04/2025,Accepted,Bangalore,Chennai,293.73,,,,Expected Delivery Date is missing or invalid
SHO5831,DHL,,Pending,Mumbai,Chennai,,18/03/2025,,,Invalid ship date; Invalid freight cost
SHO5832,FEDEX,23/12/2025,Delayed,Bangalore,Hyderabad,369.44,,01/01/2026,,Expected Delivery Date is missing or invalid
SHO5833,DHL,29/06/2025,In Transit,Pune,Delhi,201.57,07/06/2025,,,Expected Delivery Date is before Ship Date
SHO5834,DHL,28/06/2025,Pending,Delhi,Chennai,1.5,07/02/2025,,,Expected Delivery Date is before Ship Date
SHO5835,DHL,22/07/2025,Delivered,Chennai,Hyderabad,,,,,Expected Delivery Date is missing or invalid; Delivered Date is missing or invalid for Delivered status; Invalid freight cost
SHO5836,DHL,08/09/2025,Delayed,Delhi,Mumbai,294.36,,17/08/2025,,Expected Delivery Date is missing or invalid
SHO5837,FEDEX,29/01/2026,Delayed,Hyderabad,Delhi,127.62,,01/02/2026,,Expected Delivery Date is missing or invalid
SHO5839,FEDEX,,Delayed,Chennai,Hyderabad,,13/06/2024,23/06/2024,,Invalid ship date; Invalid freight cost
SHO5840,FEDEX,23/01/2026,Delivered,Delhi,Bangalore,-14.6,29/01/2026,29/01/2026,0,Invalid freight cost
SHO5841,DHL,10/05/2025,UNKNOWN,Delhi,Mumbai,92.88,13/05/2025,17/05/2025,,Invalid status
SHO5842,DHL,08/07/2025,UNKNOWN,Pune,Bangalore,63.2,14/08/2025,,,Invalid status
SHO5843,BLUEDART,,In Transit,Chennai,Mumbai,355.17,07/05/2024,,,Invalid ship date
SHO5844,DHL,,Accepted,Hyderabad,Bangalore,105.67,10/05/2025,,,Invalid ship date
SHO5845,BLUEDART,23/03/2024,Pending,Pune,Chennai,-7.69,25/03/2024,,,Invalid freight cost
,BLUEDART,08/05/2024,Accepted,Pune,Delhi,295.58,,,,Missing shipment ID; Expected Delivery Date is missing or invalid
SHO5848,FEDEX,06/07/2024,In Transit,Pune,Delhi,270.36,,,,Expected Delivery Date is missing or invalid
,DHL,22/07/2025,Delivered,Bangalore,Pune,119.1,,29/07/2025,,Missing shipment ID; Expected Delivery Date is missing or invalid
SHO5855,FEDEX,11/06/2025,Pending,Delhi,Bangalore,,11/12/2025,,,Invalid freight cost
SHO5859,BLUEDART,,Pending,Delhi,Mumbai,289.27,22/01/2025,,,Invalid ship date
SHO5861,DHL,31/01/2024,Delivered,Pune,Mumbai,168.19,,02/05/2024,,Expected Delivery Date is missing or invalid
SHO5868,BLUEDART,,Delivered,Bangalore,Chennai,134.23,28/11/2024,01/12/2024,3,Invalid ship date
SHO5869,BLUEDART,,Delayed,Bangalore,Delhi,89.98,24/06/2024,26/06/2024,,Invalid ship date
SHO5870,DHL,18/03/2026,IN TRANS,Hyderabad,Delhi,-19.51,21/03/2026,,,Invalid status; Invalid freight cost
SHO5871,FEDEX,23/12/2024,In Transit,Pune,Bangalore,107.25,,,,Expected Delivery Date is missing or invalid
SHO5872,BLUEDART,20/01/2025,Delivered,Bangalore,Chennai,477.88,,,,Expected Delivery Date is missing or invalid; Delivered Date is missing or invalid for Delivered status
SHO5873,BLUEDART,,Delayed,Pune,Delhi,30.34,01/07/2024,,,Invalid ship date
SHO5875,DHL,13/03/2024,Delivered,Hyderabad,Chennai,125.06,,17/03/2024,,Expected Delivery Date is missing or invalid
SHO5882,DHL,02/03/2025,Pending,Bangalore,Pune,,,,,Expected Delivery Date is missing or invalid; Invalid freight cost
SHO5885,DHL,,Pending,Pune,Hyderabad,431.46,03/10/2026,,,Invalid ship date
SHO5887,DHL,20/06/2025,Delivered,Chennai,Delhi,24.85,24/06/2025,,,Delivered Date is missing or invalid for Delivered status
SHO5889,FEDEX,,Pending,Bangalore,Chennai,99.79,22/06/2026,,,Invalid ship date
SHO5890,BLUEDART,05/02/2026,Accepted,Mumbai,Pune,-57.33,09/05/2026,12/05/2026,,Invalid freight cost
SHO5893,DHL,,In Transit,Bangalore,Hyderabad,362.28,25/03/2025,,,Invalid ship date
SHO5894,BLUEDART,04/11/2026,In Transit,Hyderabad,Mumbai,267.94,13/04/2026,,,Expected Delivery Date is before Ship Date
SHO5895,DHL,12/01/2025,Delivered,Chennai,Pune,-40.88,,20/01/2025,,Expected Delivery Date is missing or invalid; Invalid freight cost
SHO5896,FEDEX,02/11/2024,Delivered,Delhi,Hyderabad,379.87,11/09/2024,,,Delivered Date is missing or invalid for Delivered status; Expected Delivery Date is before Ship Date
SHO5897,FEDEX,30/07/2025,Delayed,Mumbai,Hyderabad,175.86,08/05/2025,13/08/2025,,Expected Delivery Date is before Ship Date
SHO5898,BLUEDART,06/01/2024,IN TRANS,Delhi,Bangalore,354.05,01/08/2024,,,Invalid status
SHO5900,FEDEX,,Pending,Hyderabad,Chennai,195.07,01/05/2025,,,Invalid ship date
SHO5901,FEDEX,24/12/2025,Pending,Hyderabad,Delhi,6.07,,,,Expected Delivery Date is missing or invalid
SHO5902,FEDEX,03/06/2024,In Transit,Delhi,Bangalore,-39.79,,,,Expected Delivery Date is missing or invalid; Invalid freight cost
SHO5903,DHL,04/12/2024,Pending,Delhi,Hyderabad,-2.02,18/04/2024,,,Expected Delivery Date is before Ship Date; Invalid freight cost
,DHL,20/07/2024,IN TRANS,Chennai,Hyderabad,69.03,,,,Missing shipment ID; Invalid status; Expected Delivery Date is missing or invalid
SHO5907,DHL,,Pending,Chennai,Delhi,53.28,15/11/2024,,,Invalid ship date
SHO5909,BLUEDART,30/01/2025,Delayed,Delhi,Mumbai,259.99,02/01/2025,09/02/2025,,Expected Delivery Date is before Ship Date
SHO5910,BLUEDART,25/02/2024,Delayed,Pune,Mumbai,396.55,,07/03/2024,,Expected Delivery Date is missing or invalid
SHO5912,DHL,12/12/2024,Pending,Chennai,Bangalore,,19/12/2024,,,Invalid freight cost
SHO5914,FEDEX,20/03/2025,Delayed,Hyderabad,Pune,-5.66,26/03/2025,02/04/2025,,Invalid freight cost
SHO5915,DHL,11/10/2024,Delayed,Hyderabad,Delhi,221.31,,,,Expected Delivery Date is missing or invalid
SHO5917,DHL,,Pending,Chennai,Pune,60.67,,,,Invalid ship date; Expected Delivery Date is missing or invalid
SHO5920,BLUEDART,08/03/2026,Delivered,Chennai,Mumbai,461.92,,15/03/2026,,Expected Delivery Date is missing or invalid
SHO5921,FEDEX,,In Transit,Chennai,Mumbai,233.65,22/06/2025,,,Invalid ship date
SHO5922,BLUEDART,14/09/2024,Delivered,Hyderabad,Delhi,-20.37,18/09/2024,18/09/2024,0,Invalid freight cost
SHO5923,BLUEDART,09/07/2024,UNKNOWN,Bangalore,Mumbai,-24.05,07/12/2024,20/07/2024,,Invalid status; Invalid freight cost
,BLUEDART,29/07/2025,IN TRANS,Hyderabad,Delhi,8.38,31/07/2025,,,Missing shipment ID; Invalid status
SHO5927,DHL,03/06/2026,Delayed,Chennai,Hyderabad,,,16/03/2026,,Expected Delivery Date is missing or invalid; Invalid freight cost
,FEDEX,29/01/2025,In Transit,Pune,Mumbai,251.25,02/02/2025,,,Missing shipment ID
SHO5929,DHL,31/10/2025,Delayed,Hyderabad,Delhi,38.69,11/04/2025,11/07/2025,,Expected Delivery Date is before Ship Date
SHO5935,FEDEX,25/02/2024,Delivered,Delhi,Hyderabad,339.35,03/01/2024,03/03/2024,60,Expected Delivery Date is before Ship Date
SHO5936,DHL,,Delivered,Delhi,Pune,244.31,20/02/2024,23/02/2024,3,Invalid ship date
SHO5937,BLUEDART,15/12/2024,UNKNOWN,Mumbai,Chennai,45.67,17/12/2024,,,Invalid status
SHO5940,FEDEX,03/09/2026,Pending,Delhi,Mumbai,133.41,,,,Expected Delivery Date is missing or invalid
SHO5943,BLUEDART,06/09/2025,Delivered,Chennai,Hyderabad,477.44,16/06/2025,18/06/2025,2,Expected Delivery Date is before Ship Date; Delivered Date is before Ship Date
SHO5944,DHL,,Pending,Chennai,Bangalore,-62.92,08/11/2024,,,Invalid ship date; Invalid freight cost
SHO5945,BLUEDART,24/04/2025,Delivered,Mumbai,Delhi,204.09,30/04/2025,,,Delivered Date is missing or invalid for Delivered status
SHO5947,DHL,18/05/2024,IN TRANS,Pune,Chennai,451.94,22/05/2024,,,Invalid status
SHO5948,FEDEX,,In Transit,Hyderabad,Pune,437.23,,,,Invalid ship date; Expected Delivery Date is missing or invalid
,FEDEX,27/04/2024,Accepted,Pune,Bangalore,179.48,05/01/2024,,,Missing shipment ID; Expected Delivery Date is before Ship Date
SHO5952,BLUEDART,24/02/2026,Delivered,Pune,Delhi,-46.77,03/03/2026,03/03/2026,0,Invalid freight cost
SHO5957,DHL,,Delayed,Hyderabad,Mumbai,274.68,,,,Invalid ship date; Expected Delivery Date is missing or invalid
,BLUEDART,26/02/2026,IN TRANS,Mumbai,Hyderabad,150.85,05/03/2026,,,Missing shipment ID; Invalid status
SHO5960,BLUEDART,09/07/2025,Delivered,Mumbai,Hyderabad,-30.58,13/07/2025,,,Delivered Date is missing or invalid for Delivered status; Invalid freight cost
SHO5961,BLUEDART,04/06/2025,In Transit,Bangalore,Delhi,,06/08/2025,,,Invalid freight cost
SHO5963,BLUEDART,27/06/2026,IN TRANS,Pune,Hyderabad,135.01,02/07/2026,,,Invalid status
SHO5966,DHL,,Delivered,Bangalore,Chennai,15.86,09/06/2025,12/06/2025,3,Invalid ship date
SHO5967,FEDEX,17/02/2026,UNKNOWN,Pune,Hyderabad,-77.28,,24/02/2026,,Invalid status; Expected Delivery Date is missing or invalid; Invalid freight cost
SHO5968,DHL,28/04/2026,Pending,Mumbai,Hyderabad,28.4,,,,Expected Delivery Date is missing or invalid
SHO5969,BLUEDART,18/08/2025,Delivered,Bangalore,Hyderabad,391.3,,,,Expected Delivery Date is missing or invalid; Delivered Date is missing or invalid for Delivered status
SHO5971,DHL,11/05/2025,Delivered,Delhi,Mumbai,-44.61,17/05/2025,18/05/2025,1,Invalid freight cost
,DHL,,In Transit,Hyderabad,Pune,284.05,,,,Missing shipment ID; Invalid ship date; Expected Delivery Date is missing or invalid
SHO5974,DHL,27/01/2024,Delayed,Hyderabad,Chennai,475.97,02/01/2024,10/02/2024,,Expected Delivery Date is before Ship Date
,DHL,29/08/2024,Accepted,Hyderabad,Chennai,321.63,09/03/2024,,,Missing shipment ID; Expected Delivery Date is before Ship Date
SHO5976,FEDEX,03/09/2024,In Transit,Hyderabad,Bangalore,268.06,14/03/2024,,,Expected Delivery Date is before Ship Date
SHO5977,DHL,26/11/2025,UNKNOWN,Chennai,Hyderabad,-60.94,,,,Invalid status; Expected Delivery Date is missing or invalid; Invalid freight cost
SHO5979,FEDEX,30/03/2026,UNKNOWN,Chennai,Bangalore,170.42,04/05/2026,,,Invalid status
SHO5980,FEDEX,28/09/2025,Pending,Hyderabad,Mumbai,257.79,10/04/2025,,,Expected Delivery Date is before Ship Date
SHO5983,DHL,,Delivered,Chennai,Hyderabad,-19.45,09/08/2024,09/07/2024,0,Invalid ship date; Invalid freight cost
SHO5984,BLUEDART,21/07/2024,In Transit,Delhi,Hyderabad,-18.97,25/07/2024,,,Invalid freight cost
SHO5988,DHL,19/09/2024,UNKNOWN,Hyderabad,Delhi,140.87,23/09/2024,,,Invalid status
SHO5991,DHL,24/09/2024,In Transit,Delhi,Pune,-33.82,29/09/2024,,,Invalid freight cost
SHO5994,DHL,31/12/2025,Accepted,Delhi,Chennai,-34.75,03/01/2026,,,Invalid freight cost
SHO5996,FEDEX,,Delivered,Delhi,Bangalore,164.71,28/10/2025,,,Invalid ship date; Delivered Date is missing or invalid for Delivered status
SHO5997,BLUEDART,,Accepted,Hyderabad,Pune,-64.25,01/07/2024,,,Invalid ship date; Invalid freight cost
SHO5999,DHL,29/10/2025,In Transit,Hyderabad,Chennai,,05/11/2025,,,Invalid freight cost
SHO6000,DHL,15/05/2026,Accepted,Bangalore,Chennai,282.41,,,,Expected Delivery Date is missing or invalid
SHO6001,FEDEX,28/08/2025,Delayed,Chennai,Delhi,434.54,,09/03/2025,,Expected Delivery Date is missing or invalid
SHO6002,BLUEDART,13/01/2024,In Transit,Chennai,Delhi,-56.29,16/01/2024,,,Invalid freight cost
SHO6004,BLUEDART,,Delivered,Mumbai,Delhi,380.35,,24/05/2026,,Invalid ship date; Expected Delivery Date is missing or invalid
SHO6006,FEDEX,17/05/2024,In Transit,Chennai,Hyderabad,,21/05/2024,,,Invalid freight cost
SHO6007,BLUEDART,,Accepted,Chennai,Mumbai,389.81,02/02/2026,02/11/2026,,Invalid ship date
SHO6008,FEDEX,01/04/2025,UNKNOWN,Chennai,Bangalore,-61.43,01/08/2025,,,Invalid status; Invalid freight cost
SHO6009,BLUEDART,,In Transit,Pune,Hyderabad,42.58,10/05/2025,,,Invalid ship date
SHO6010,FEDEX,26/02/2026,Pending,Pune,Delhi,,04/03/2026,,,Invalid freight cost
SHO6012,DHL,28/05/2025,Delivered,Delhi,Hyderabad,134.68,31/05/2025,,,Delivered Date is missing or invalid for Delivered status
SHO6014,FEDEX,,Accepted,Mumbai,Chennai,-7.74,,,,Invalid ship date; Expected Delivery Date is missing or invalid; Invalid freight cost
SHO6016,FEDEX,27/11/2024,In Transit,Pune,Delhi,245.36,12/02/2024,,,Expected Delivery Date is before Ship Date
SHO6018,FEDEX,20/10/2024,Accepted,Mumbai,Chennai,264.44,,,,Expected Delivery Date is missing or invalid
SHO6019,BLUEDART,18/04/2024,Pending,Bangalore,Hyderabad,,,,,Expected Delivery Date is missing or invalid; Invalid freight cost
SHO6020,BLUEDART,,In Transit,Delhi,Chennai,453.79,15/09/2025,,,Invalid ship date
SHO6021,FEDEX,29/03/2026,UNKNOWN,Chennai,Bangalore,,04/03/2026,,,Invalid status; Expected Delivery Date is before Ship Date; Invalid freight cost
,DHL,,Pending,Chennai,Mumbai,311.44,04/07/2026,,,Missing shipment ID; Invalid ship date
,BLUEDART,09/04/2024,Delayed,Bangalore,Pune,329.28,12/04/2024,18/04/2024,,Missing shipment ID
SHO6025,DHL,,Pending,Delhi,Chennai,177.26,,,,Invalid ship date; Expected Delivery Date is missing or invalid
SHO6026,BLUEDART,18/06/2024,Delivered,Mumbai,Chennai,370.62,,23/06/2024,,Expected Delivery Date is missing or invalid
SHO6028,BLUEDART,06/11/2025,IN TRANS,Chennai,Mumbai,229.91,17/06/2025,,,Invalid status; Expected Delivery Date is before Ship Date
SHO6030,FEDEX,17/10/2025,Delayed,Hyderabad,Chennai,349.33,,30/10/2025,,Expected Delivery Date is missing or invalid
SHO6032,BLUEDART,11/12/2025,Pending,Delhi,Bangalore,179.15,,,,Expected Delivery Date is missing or invalid
SHO6033,FEDEX,15/05/2025,Delayed,Pune,Chennai,-6.81,21/05/2025,30/05/2025,,Invalid freight cost
,FEDEX,17/03/2024,Delivered,Bangalore,Mumbai,32.34,24/03/2024,22/03/2024,0,Missing shipment ID
SHO6040,DHL,04/09/2024,Delivered,Hyderabad,Bangalore,400.02,07/09/2024,09/06/2024,0,Delivered Date is before Ship Date
SHO6042,DHL,17/04/2026,In Transit,Hyderabad,Pune,164.23,,,,Expected Delivery Date is missing or invalid
SHO6043,DHL,,Delivered,Chennai,Hyderabad,168.45,25/02/2026,,,Invalid ship date; Delivered Date is missing or invalid for Delivered status
SHO6044,BLUEDART,28/02/2025,In Transit,Bangalore,Pune,-25.46,03/06/2025,,,Invalid freight cost
SHO6048,DHL,20/04/2024,Delivered,Hyderabad,Delhi,373.3,,30/04/2024,,Expected Delivery Date is missing or invalid
SHO6049,FEDEX,16/01/2025,Delivered,Chennai,Delhi,326.66,20/01/2025,,,Delivered Date is missing or invalid for Delivered status
SHO6050,BLUEDART,25/09/2024,Delivered,Chennai,Mumbai,,10/02/2024,07/10/2024,240,Expected Delivery Date is before Ship Date; Invalid freight cost
SHO6051,DHL,,Delayed,Pune,Hyderabad,258.35,,,,Invalid ship date; Expected Delivery Date is missing or invalid
SHO6052,BLUEDART,,In Transit,Pune,Delhi,-24.8,11/01/2024,,,Invalid ship date; Invalid freight cost
SHO6054,BLUEDART,29/07/2025,Accepted,Bangalore,Mumbai,163.74,,,,Expected Delivery Date is missing or invalid
SHO6055,BLUEDART,,Delayed,Bangalore,Mumbai,-48.22,01/04/2024,01/09/2024,,Invalid ship date; Invalid freight cost
SHO6056,FEDEX,,Delivered,Mumbai,Delhi,,18/06/2024,19/06/2024,1,Invalid ship date; Invalid freight cost
,BLUEDART,17/02/2025,Accepted,Bangalore,Pune,323.34,19/02/2025,,,Missing shipment ID
SHO6059,BLUEDART,25/04/2026,IN TRANS,Hyderabad,Delhi,183.33,28/04/2026,,,Invalid status
SHO6060,FEDEX,23/08/2025,Delivered,Pune,Delhi,-4.69,,26/08/2025,,Expected Delivery Date is missing or invalid; Invalid freight cost
SHO6066,DHL,,Accepted,Bangalore,Pune,298.1,07/01/2026,,,Invalid ship date
SHO6067,BLUEDART,,Pending,Delhi,Mumbai,-16.23,,,,Invalid ship date; Expected Delivery Date is missing or invalid; Invalid freight cost
SHO6068,DHL,30/01/2024,Accepted,Pune,Delhi,172.83,,,,Expected Delivery Date is missing or invalid
SHO6070,DHL,27/08/2024,In Transit,Chennai,Hyderabad,-42.93,01/09/2024,,,Invalid freight cost
SHO6071,BLUEDART,,Delayed,Delhi,Chennai,194.48,24/07/2025,30/07/2025,,Invalid ship date
SHO6072,FEDEX,,Accepted,Mumbai,Pune,145.89,06/09/2025,,,Invalid ship date
SHO6073,BLUEDART,18/07/2024,Pending,Hyderabad,Delhi,240.53,,,,Expected Delivery Date is missing or invalid
SHO6074,FEDEX,03/01/2025,Accepted,Chennai,Delhi,162.69,,07/03/2025,,Expected Delivery Date is missing or invalid
SHO6075,BLUEDART,28/08/2025,IN TRANS,Pune,Chennai,437.0,,,,Invalid status; Expected Delivery Date is missing or invalid
SHO6076,BLUEDART,,In Transit,Hyderabad,Delhi,470.66,27/04/2025,,,Invalid ship date
SHO6077,DHL,,Accepted,Bangalore,Delhi,-27.6,02/10/2026,,,Invalid ship date; Invalid freight cost
SHO6078,DHL,,Delivered,Chennai,Mumbai,74.05,20/02/2024,21/02/2024,1,Invalid ship date
,FEDEX,17/04/2024,Accepted,Pune,Chennai,245.7,23/04/2024,,,Missing shipment ID
SHO6080,BLUEDART,,Pending,Chennai,Hyderabad,,16/11/2024,,,Invalid ship date; Invalid freight cost
SHO6081,BLUEDART,,Pending,Chennai,Bangalore,465.8,29/03/2024,,,Invalid ship date
SHO6085,FEDEX,12/05/2026,In Transit,Delhi,Mumbai,,15/05/2026,,,Invalid freight cost
SHO6086,BLUEDART,13/07/2024,Delivered,Mumbai,Delhi,120.01,,17/07/2024,,Expected Delivery Date is missing or invalid
SHO6087,DHL,01/02/2025,In Transit,Chennai,Delhi,315.4,,,,Expected Delivery Date is missing or invalid
SHO6091,BLUEDART,,IN TRANS,Hyderabad,Mumbai,35.13,21/09/2025,,,Invalid ship date; Invalid status
SHO6092,DHL,26/08/2025,Delivered,Chennai,Delhi,312.53,09/02/2025,,,Delivered Date is missing or invalid for Delivered status; Expected Delivery Date is before Ship Date
SHO6093,DHL,31/05/2024,Delayed,Delhi,Bangalore,-15.02,05/06/2024,15/06/2024,,Invalid freight cost
SHO6095,FEDEX,,Accepted,Bangalore,Pune,14.51,26/06/2024,,,Invalid ship date
SHO6096,DHL,31/03/2026,Delayed,Pune,Bangalore,152.1,,14/04/2026,,Expected Delivery Date is missing or invalid
SHO6098,FEDEX,03/02/2024,UNKNOWN,Hyderabad,Pune,-72.16,08/03/2024,03/11/2024,,Invalid status; Invalid freight cost
SHO6101,DHL,24/01/2025,Delivered,Mumbai,Chennai,251.3,,31/01/2025,,Expected Delivery Date is missing or invalid
SHO6103,FEDEX,10/04/2025,IN TRANS,Pune,Mumbai,,13/04/2025,,,Invalid status; Invalid freight cost
SHO6104,DHL,,In Transit,Mumbai,Pune,162.33,11/10/2025,,,Invalid ship date
SHO6106,DHL,09/12/2024,In Transit,Delhi,Bangalore,-10.97,14/12/2024,,,Invalid freight cost
,BLUEDART,28/05/2024,Delayed,Hyderabad,Bangalore,98.57,06/02/2024,06/05/2024,,Missing shipment ID; Expected Delivery Date is before Ship Date
SHO6108,DHL,06/10/2026,Delivered,Bangalore,Pune,360.03,16/06/2026,18/06/2026,2,Expected Delivery Date is before Ship Date; Delivered Date is before Ship Date
SHO6110,FEDEX,26/06/2026,Pending,Mumbai,Hyderabad,-14.95,,,,Expected Delivery Date is missing or invalid; Invalid freight cost
SHO6112,DHL,01/02/2025,Delayed,Pune,Bangalore,75.32,,13/02/2025,,Expected Delivery Date is missing or invalid
SHO6113,FEDEX,,Delayed,Pune,Delhi,144.93,08/06/2026,,,Invalid ship date
SHO6114,BLUEDART,11/10/2024,Pending,Bangalore,Pune,-66.68,15/11/2024,,,Invalid freight cost
SHO6115,DHL,,Pending,Hyderabad,Delhi,332.26,06/07/2026,,,Invalid ship date
SHO6116,BLUEDART,23/12/2025,Delayed,Delhi,Hyderabad,,,01/09/2026,,Expected Delivery Date is missing or invalid; Invalid freight cost
SHO6117,FEDEX,15/03/2026,Pending,Chennai,Hyderabad,192.42,,,,Expected Delivery Date is missing or invalid
SHO6118,BLUEDART,02/08/2025,Delivered,Mumbai,Hyderabad,-28.59,,04/08/2025,,Expected Delivery Date is missing or invalid; Invalid freight cost
SHO6119,DHL,03/04/2026,Delayed,Delhi,Mumbai,432.3,,,,Expected Delivery Date is missing or invalid
SHO6120,FEDEX,26/04/2025,Delivered,Pune,Mumbai,-16.09,,,,Expected Delivery Date is missing or invalid; Delivered Date is missing or invalid for Delivered status; Invalid freight cost
SHO6122,DHL,16/05/2025,Delivered,Pune,Mumbai,385.53,,,,Expected Delivery Date is missing or invalid; Delivered Date is missing or invalid for Delivered status
SHO6123,FEDEX,,Delayed,Mumbai,Pune,-46.56,10/03/2025,08/10/2025,,Invalid ship date; Invalid freight cost
SHO6126,BLUEDART,20/01/2025,Delivered,Bangalore,Chennai,426.12,22/01/2025,,,Delivered Date is missing or invalid for Delivered status
SHO6127,DHL,28/06/2024,IN TRANS,Hyderabad,Mumbai,96.58,02/07/2024,,,Invalid status
SHO6129,DHL,20/10/2024,IN TRANS,Bangalore,Delhi,448.83,23/10/2024,,,Invalid status
SHO6130,FEDEX,,Delivered,Chennai,Bangalore,33.55,07/05/2026,05/12/2026,212,Invalid ship date
SHO6132,DHL,21/02/2025,Accepted,Hyderabad,Delhi,,23/02/2025,,,Invalid freight cost
,FEDEX,23/05/2025,Delivered,Mumbai,Hyderabad,230.31,25/05/2025,23/05/2025,0,Missing shipment ID
SHO6134,FEDEX,01/01/2025,In Transit,Delhi,Hyderabad,348.95,,,,Expected Delivery Date is missing or invalid
SHO6135,DHL,,In Transit,Mumbai,Chennai,60.53,28/03/2024,,,Invalid ship date
SHO6136,BLUEDART,26/03/2024,Delayed,Hyderabad,Chennai,-54.08,04/01/2024,05/04/2024,,Expected Delivery Date is before Ship Date; Invalid freight cost
,DHL,28/11/2024,Delivered,Pune,Delhi,60.43,30/11/2024,03/12/2024,3,Missing shipment ID
SHO6145,FEDEX,,Delivered,Hyderabad,Delhi,356.08,,03/02/2024,,Invalid ship date; Expected Delivery Date is missing or invalid
SHO6147,FEDEX,,Accepted,Hyderabad,Chennai,167.94,18/08/2025,,,Invalid ship date
,BLUEDART,09/06/2024,Delayed,Bangalore,Chennai,7.98,08/09/2024,18/09/2024,,Missing shipment ID
SHO6150,BLUEDART,14/05/2026,IN TRANS,Bangalore,Pune,85.71,21/05/2026,,,Invalid status
SHO6151,BLUEDART,10/12/2024,IN TRANS,Bangalore,Mumbai,433.7,14/12/2024,,,Invalid status
,FEDEX,18/06/2025,In Transit,Delhi,Mumbai,56.87,24/06/2025,,,Missing shipment ID
SHO6154,BLUEDART,26/06/2024,IN TRANS,Chennai,Pune,423.6,29/06/2024,,,Invalid status
SHO6155,FEDEX,23/03/2026,IN TRANS,Bangalore,Pune,216.94,27/03/2026,,,Invalid status
SHO6160,FEDEX,19/12/2024,Delayed,Bangalore,Chennai,232.14,,,,Expected Delivery Date is missing or invalid
SHO6163,BLUEDART,20/01/2024,UNKNOWN,Pune,Hyderabad,244.98,,,,Invalid status; Expected Delivery Date is missing or invalid
SHO6164,BLUEDART,27/10/2024,IN TRANS,Delhi,Hyderabad,-61.76,,,,Invalid status; Expected Delivery Date is missing or invalid; Invalid freight cost
SHO6165,FEDEX,26/05/2026,Delivered,Mumbai,Hyderabad,348.25,,03/06/2026,,Expected Delivery Date is missing or invalid
,FEDEX,15/08/2025,Pending,Delhi,Pune,325.27,,,,Missing shipment ID; Expected Delivery Date is missing or invalid
SHO6168,FEDEX,,Delayed,Chennai,Mumbai,337.77,02/04/2026,12/02/2026,,Invalid ship date
SHO6169,FEDEX,29/08/2025,Pending,Mumbai,Hyderabad,300.43,09/04/2025,,,Expected Delivery Date is before Ship Date
SHO6171,DHL,,Delayed,Hyderabad,Pune,36.55,09/02/2025,06/09/2025,,Invalid ship date
SHO6173,DHL,01/08/2026,Delayed,Delhi,Mumbai,-38.47,,12/01/2026,,Expected Delivery Date is missing or invalid; Invalid freight cost
SHO6175,BLUEDART,29/11/2025,UNKNOWN,Bangalore,Pune,113.82,12/02/2025,,,Invalid status; Expected Delivery Date is before Ship Date
SHO6176,FEDEX,05/12/2024,In Transit,Pune,Delhi,236.16,,,,Expected Delivery Date is missing or invalid
SHO6180,DHL,31/12/2025,In Transit,Delhi,Hyderabad,229.61,,,,Expected Delivery Date is missing or invalid
SHO6182,FEDEX,04/06/2025,IN TRANS,Pune,Bangalore,353.28,11/06/2025,,,Invalid status
SHO6183,FEDEX,30/03/2024,Delayed,Delhi,Mumbai,,02/04/2024,04/04/2024,,Invalid freight cost
SHO6184,DHL,30/06/2024,IN TRANS,Mumbai,Bangalore,47.26,,,,Invalid status; Expected Delivery Date is missing or invalid
SHO6185,BLUEDART,,Delivered,Hyderabad,Chennai,336.47,09/06/2026,09/06/2026,0,Invalid ship date
SHO6187,BLUEDART,17/10/2024,In Transit,Mumbai,Delhi,,24/10/2024,,,Invalid freight cost
SHO6190,DHL,17/04/2024,IN TRANS,Mumbai,Bangalore,161.26,22/04/2024,,,Invalid status
,DHL,07/04/2024,Delayed,Delhi,Bangalore,439.47,12/04/2024,22/04/2024,,Missing shipment ID
SHO6193,FEDEX,23/08/2025,Delayed,Delhi,Bangalore,452.89,,31/08/2025,,Expected Delivery Date is missing or invalid
SHO6194,DHL,,In Transit,Hyderabad,Pune,397.05,04/05/2026,,,Invalid ship date
SHO6195,DHL,,In Transit,Pune,Delhi,365.13,09/06/2025,,,Invalid ship date
SHO6197,DHL,,Pending,Bangalore,Delhi,469.92,,,,Invalid ship date; Expected Delivery Date is missing or invalid
SHO6199,FEDEX,22/04/2024,In Transit,Chennai,Pune,219.4,,,,Expected Delivery Date is missing or invalid
SHO6200,DHL,20/11/2025,Delayed,Delhi,Chennai,-20.25,26/11/2025,12/02/2025,,Invalid freight cost
SHO6202,DHL,,In Transit,Chennai,Delhi,-34.84,11/03/2025,,,Invalid ship date; Invalid freight cost
SHO6203,FEDEX,,Delayed,Bangalore,Chennai,49.76,15/12/2025,23/12/2025,,Invalid ship date
SHO6204,DHL,02/01/2025,In Transit,Bangalore,Hyderabad,495.84,,,,Expected Delivery Date is missing or invalid
SHO6206,FEDEX,,Delivered,Hyderabad,Bangalore,203.91,13/07/2025,,,Invalid ship date; Delivered Date is missing or invalid for Delivered status
SHO6207,DHL,,Delayed,Bangalore,Delhi,-22.35,18/08/2025,19/08/2025,,Invalid ship date; Invalid freight cost
SHO6209,DHL,22/06/2026,Delayed,Pune,Hyderabad,-43.23,,,,Expected Delivery Date is missing or invalid; Invalid freight cost
SHO6216,BLUEDART,31/07/2025,In Transit,Mumbai,Bangalore,-8.71,,,,Expected Delivery Date is missing or invalid; Invalid freight cost
SHO6217,BLUEDART,,Accepted,Hyderabad,Chennai,460.5,13/05/2025,,,Invalid ship date
SHO6218,DHL,04/09/2024,Delivered,Chennai,Mumbai,-50.35,,,,Expected Delivery Date is missing or invalid; Delivered Date is missing or invalid for Delivered status; Invalid freight cost
SHO6219,FEDEX,02/10/2024,Delayed,Bangalore,Pune,73.43,,11/10/2024,,Expected Delivery Date is missing or invalid
SHO6220,FEDEX,15/09/2024,Delayed,Pune,Chennai,,19/09/2024,26/09/2024,,Invalid freight cost
SHO6223,BLUEDART,05/07/2024,Accepted,Bangalore,Mumbai,329.96,10/05/2024,,,Expected Delivery Date is before Ship Date
SHO6224,BLUEDART,01/03/2025,Delivered,Hyderabad,Mumbai,240.91,,01/08/2025,,Expected Delivery Date is missing or invalid
SHO6225,FEDEX,29/01/2024,In Transit,Hyderabad,Chennai,-18.88,,,,Expected Delivery Date is missing or invalid; Invalid freight cost
SHO6226,BLUEDART,27/11/2024,UNKNOWN,Delhi,Hyderabad,-44.55,29/11/2024,,,Invalid status; Invalid freight cost
SHO6227,DHL,18/02/2025,In Transit,Hyderabad,Pune,,22/02/2025,,,Invalid freight cost
SHO6231,DHL,12/08/2024,Pending,Hyderabad,Pune,165.4,,,,Expected Delivery Date is missing or invalid
,BLUEDART,,UNKNOWN,Chennai,Mumbai,4.35,14/03/2026,,,Missing shipment ID; Invalid ship date; Invalid status
SHO6234,BLUEDART,31/05/2026,Delivered,Chennai,Pune,51.24,02/06/2026,,,Delivered Date is missing or invalid for Delivered status
SHO6237,BLUEDART,11/05/2024,Delayed,Hyderabad,Chennai,272.41,,21/05/2024,,Expected Delivery Date is missing or invalid
SHO6239,FEDEX,12/06/2024,Accepted,Bangalore,Hyderabad,-7.36,,13/12/2024,,Expected Delivery Date is missing or invalid; Invalid freight cost
SHO6240,DHL,,IN TRANS,Chennai,Mumbai,125.87,,,,Invalid ship date; Invalid status; Expected Delivery Date is missing or invalid
,DHL,31/10/2024,Delayed,Mumbai,Chennai,465.12,11/06/2024,10/11/2024,,Missing shipment ID; Expected Delivery Date is before Ship Date
,FEDEX,15/02/2026,Delayed,Mumbai,Pune,225.8,21/02/2026,25/02/2026,,Missing shipment ID
SHO6245,DHL,02/07/2026,Pending,Chennai,Hyderabad,370.93,,,,Expected Delivery Date is missing or invalid
SHO6246,DHL,,Accepted,Delhi,Mumbai,286.9,10/03/2025,,,Invalid ship date
,BLUEDART,05/05/2025,Pending,Delhi,Hyderabad,99.4,05/12/2025,,,Missing shipment ID
SHO6249,FEDEX,13/05/2025,Pending,Chennai,Hyderabad,416.17,,,,Expected Delivery Date is missing or invalid
SHO6251,DHL,,Delayed,Bangalore,Chennai,228.97,,07/06/2026,,Invalid ship date; Expected Delivery Date is missing or invalid
,DHL,08/08/2025,Delayed,Chennai,Mumbai,428.39,14/08/2025,,,Missing shipment ID
SHO6257,DHL,,In Transit,Hyderabad,Pune,-8.74,18/09/2025,,,Invalid ship date; Invalid freight cost
SHO6258,FEDEX,31/03/2025,IN TRANS,Pune,Bangalore,371.55,05/04/2025,,,Invalid status
SHO6260,FEDEX,05/03/2025,Delivered,Bangalore,Chennai,-27.9,03/07/2025,09/03/2025,0,Invalid freight cost
SHO6266,FEDEX,25/09/2024,Accepted,Delhi,Pune,-7.89,29/09/2024,,,Invalid freight cost
SHO6267,FEDEX,,Accepted,Chennai,Hyderabad,238.69,19/03/2024,,,Invalid ship date
,BLUEDART,08/09/2025,IN TRANS,Delhi,Bangalore,341.86,08/12/2025,,,Missing shipment ID; Invalid status
SHO6269,BLUEDART,,Accepted,Bangalore,Mumbai,475.07,,,,Invalid ship date; Expected Delivery Date is missing or invalid
SHO6270,BLUEDART,27/08/2024,Delivered,Chennai,Pune,251.94,09/03/2024,06/09/2024,181,Expected Delivery Date is before Ship Date
SHO6271,BLUEDART,,In Transit,Bangalore,Mumbai,23.87,04/07/2024,,,Invalid ship date
SHO6273,BLUEDART,,Pending,Chennai,Delhi,428.13,26/01/2024,,,Invalid ship date
SHO6274,FEDEX,,Pending,Delhi,Pune,40.77,12/04/2025,,,Invalid ship date
SHO6275,BLUEDART,,Delivered,Mumbai,Pune,140.23,19/10/2024,18/10/2024,0,Invalid ship date
SHO6277,DHL,01/06/2025,Delayed,Chennai,Hyderabad,255.78,,10/06/2025,,Expected Delivery Date is missing or invalid
SHO6281,DHL,20/09/2025,In Transit,Bangalore,Hyderabad,-54.71,26/09/2025,,,Invalid freight cost
,BLUEDART,25/01/2025,UNKNOWN,Delhi,Pune,155.2,30/01/2025,,,Missing shipment ID; Invalid status
,FEDEX,,Accepted,Bangalore,Mumbai,,24/01/2025,,,Missing shipment ID; Invalid ship date; Invalid freight cost
SHO6285,BLUEDART,09/06/2025,IN TRANS,Delhi,Hyderabad,245.64,,,,Invalid status; Expected Delivery Date is missing or invalid
SHO6286,BLUEDART,,Pending,Pune,Delhi,129.48,21/10/2024,,,Invalid ship date
SHO6287,BLUEDART,18/12/2024,Delayed,Bangalore,Pune,444.58,,,,Expected Delivery Date is missing or invalid
SHO6288,FEDEX,,In Transit,Bangalore,Mumbai,-47.31,,,,Invalid ship date; Expected Delivery Date is missing or invalid; Invalid freight cost
SHO6292,BLUEDART,,Pending,Hyderabad,Bangalore,275.31,26/02/2025,,,Invalid ship date
SHO6293,DHL,04/11/2025,Pending,Mumbai,Chennai,9.24,11/06/2025,,,Expected Delivery Date is before Ship Date
SHO6294,DHL,,Delayed,Delhi,Chennai,454.95,16/06/2026,,,Invalid ship date
SHO6298,BLUEDART,,Pending,Chennai,Pune,322.18,18/02/2026,,,Invalid ship date
SHO6299,FEDEX,,Delayed,Delhi,Mumbai,298.68,17/08/2024,25/08/2024,,Invalid ship date
SHO6300,FEDEX,,In Transit,Delhi,Bangalore,468.51,18/03/2025,,,Invalid ship date
,BLUEDART,16/05/2026,IN TRANS,Hyderabad,Pune,110.8,21/05/2026,,,Missing shipment ID; Invalid status
SHO6304,FEDEX,04/06/2025,Pending,Mumbai,Delhi,150.05,,,,Expected Delivery Date is missing or invalid
SHO6305,BLUEDART,,Pending,Bangalore,Mumbai,165.05,15/05/2024,,,Invalid ship date
SHO6307,DHL,,Pending,Delhi,Hyderabad,218.18,18/10/2025,,,Invalid ship date
SHO6308,FEDEX,04/01/2025,In Transit,Hyderabad,Mumbai,301.32,,,,Expected Delivery Date is missing or invalid
SHO6314,DHL,30/09/2025,Pending,Mumbai,Chennai,327.99,10/04/2025,,,Expected Delivery Date is before Ship Date
SHO6318,DHL,25/06/2024,In Transit,Mumbai,Chennai,333.45,,,,Expected Delivery Date is missing or invalid
SHO6319,BLUEDART,23/05/2025,Delivered,Chennai,Hyderabad,-53.37,29/05/2025,03/06/2025,5,Invalid freight cost
SHO6320,BLUEDART,,Pending,Pune,Mumbai,457.47,,,,Invalid ship date; Expected Delivery Date is missing or invalid
SHO6321,FEDEX,07/05/2024,In Transit,Bangalore,Mumbai,-51.54,09/07/2024,,,Invalid freight cost
SHO6323,FEDEX,30/05/2024,IN TRANS,Bangalore,Pune,95.04,06/04/2024,,,Invalid status; Expected Delivery Date is before Ship Date
SHO6324,FEDEX,02/01/2025,Delivered,Bangalore,Pune,-2.54,06/01/2025,07/01/2025,1,Invalid freight cost
SHO6325,DHL,22/10/2024,Pending,Hyderabad,Bangalore,-55.67,,,,Expected Delivery Date is missing or invalid; Invalid freight cost
SHO6327,DHL,09/10/2025,In Transit,Pune,Mumbai,184.92,17/09/2025,,,Expected Delivery Date is before Ship Date
SHO6328,FEDEX,19/04/2024,Delivered,Pune,Hyderabad,87.42,,,,Expected Delivery Date is missing or invalid; Delivered Date is missing or invalid for Delivered status
SHO6329,BLUEDART,26/07/2025,IN TRANS,Chennai,Mumbai,92.34,,,,Invalid status; Expected Delivery Date is missing or invalid
SHO6331,BLUEDART,,Delivered,Hyderabad,Mumbai,27.1,21/05/2025,19/05/2025,0,Invalid ship date
SHO6333,DHL,25/05/2026,Delayed,Chennai,Delhi,-16.83,30/05/2026,,,Invalid freight cost
SHO6335,FEDEX,05/08/2024,Delivered,Delhi,Pune,202.88,,,,Expected Delivery Date is missing or invalid; Delivered Date is missing or invalid for Delivered status
SHO6337,DHL,02/08/2024,Pending,Mumbai,Pune,392.29,14/02/2024,,,Expected Delivery Date is before Ship Date
SHO6339,BLUEDART,11/04/2026,IN TRANS,Hyderabad,Delhi,299.93,16/04/2026,,,Invalid status
SHO6342,BLUEDART,09/03/2024,In Transit,Chennai,Bangalore,446.13,,,,Expected Delivery Date is missing or invalid
,FEDEX,13/06/2026,Delivered,Chennai,Hyderabad,-35.3,15/06/2026,19/06/2026,4,Missing shipment ID; Invalid freight cost
SHO6345,BLUEDART,29/06/2026,Delivered,Mumbai,Pune,270.2,07/05/2026,07/04/2026,0,Expected Delivery Date is before Ship Date; Delivered Date is before Ship Date
SHO6346,FEDEX,,In Transit,Delhi,Mumbai,220.19,12/12/2024,,,Invalid ship date
SHO6350,DHL,03/02/2025,IN TRANS,Hyderabad,Bangalore,-60.49,09/02/2025,,,Invalid status; Invalid freight cost
SHO6352,BLUEDART,24/10/2025,Delayed,Chennai,Bangalore,30.63,,,,Expected Delivery Date is missing or invalid
,FEDEX,,IN TRANS,Delhi,Bangalore,304.16,,,,Missing shipment ID; Invalid ship date; Invalid status; Expected Delivery Date is missing or invalid
SHO6355,DHL,,UNKNOWN,Chennai,Mumbai,379.21,18/09/2025,19/09/2025,,Invalid ship date; Invalid status
SHO6358,FEDEX,14/06/2025,Delayed,Chennai,Delhi,-73.01,,26/06/2025,,Expected Delivery Date is missing or invalid; Invalid freight cost
,FEDEX,25/03/2024,In Transit,Delhi,Pune,458.19,04/01/2024,,,Missing shipment ID; Expected Delivery Date is before Ship Date
SHO6361,BLUEDART,27/06/2024,Pending,Chennai,Delhi,-49.29,29/06/2024,,,Invalid freight cost
SHO6366,FEDEX,,In Transit,Pune,Hyderabad,338.37,12/10/2024,,,Invalid ship date
SHO6367,BLUEDART,06/01/2024,Pending,Pune,Bangalore,120.22,,,,Expected Delivery Date is missing or invalid
SHO6368,BLUEDART,07/01/2024,IN TRANS,Chennai,Mumbai,155.56,13/01/2024,,,Invalid status
SHO6369,DHL,,Delayed,Pune,Hyderabad,493.87,24/11/2025,12/01/2025,,Invalid ship date
SHO6374,DHL,02/07/2024,Delivered,Delhi,Hyderabad,-56.83,,07/08/2024,,Expected Delivery Date is missing or invalid; Invalid freight cost
SHO6375,DHL,28/05/2024,IN TRANS,Delhi,Pune,487.32,30/05/2024,,,Invalid status
SHO6377,DHL,23/07/2025,Pending,Delhi,Bangalore,109.24,,,,Expected Delivery Date is missing or invalid
SHO6380,BLUEDART,30/03/2025,Delayed,Pune,Hyderabad,-62.12,04/02/2025,,,Expected Delivery Date is before Ship Date; Invalid freight cost
SHO6381,BLUEDART,15/04/2024,Delayed,Chennai,Mumbai,-13.22,20/04/2024,29/04/2024,,Invalid freight cost
SHO6382,BLUEDART,14/09/2025,Delivered,Delhi,Pune,88.61,,20/09/2025,,Expected Delivery Date is missing or invalid
SHO6383,DHL,09/08/2025,Delivered,Mumbai,Delhi,445.79,10/09/2025,,,Delivered Date is missing or invalid for Delivered status
SHO6384,DHL,,Delayed,Bangalore,Mumbai,47.37,,13/03/2026,,Invalid ship date; Expected Delivery Date is missing or invalid
SHO6386,BLUEDART,28/05/2024,IN TRANS,Hyderabad,Mumbai,327.97,06/01/2024,,,Invalid status; Expected Delivery Date is before Ship Date
SHO6387,FEDEX,26/06/2025,Pending,Delhi,Mumbai,-48.03,07/02/2025,,,Expected Delivery Date is before Ship Date; Invalid freight cost
SHO6388,BLUEDART,30/01/2024,Delivered,Hyderabad,Mumbai,274.3,05/02/2024,,,Delivered Date is missing or invalid for Delivered status
SHO6389,BLUEDART,26/03/2024,IN TRANS,Chennai,Bangalore,28.95,28/03/2024,,,Invalid status
SHO6392,FEDEX,30/09/2025,Pending,Chennai,Mumbai,-40.22,10/02/2025,,,Expected Delivery Date is before Ship Date; Invalid freight cost
SHO6393,FEDEX,10/05/2025,IN TRANS,Chennai,Hyderabad,,12/10/2025,,,Invalid status; Invalid freight cost
SHO6394,DHL,21/01/2026,Delivered,Hyderabad,Mumbai,436.13,28/01/2026,,,Delivered Date is missing or invalid for Delivered status
SHO6395,FEDEX,,Delivered,Bangalore,Hyderabad,-74.74,02/01/2026,03/02/2026,32,Invalid ship date; Invalid freight cost
SHO6396,DHL,,Delivered,Hyderabad,Pune,83.28,20/05/2024,21/05/2024,1,Invalid ship date
SHO6400,DHL,30/04/2026,Delivered,Hyderabad,Pune,481.19,,05/08/2026,,Expected Delivery Date is missing or invalid
SHO6401,BLUEDART,,In Transit,Chennai,Bangalore,206.14,,,,Invalid ship date; Expected Delivery Date is missing or invalid
SHO6402,BLUEDART,12/02/2026,UNKNOWN,Chennai,Bangalore,269.41,14/02/2026,,,Invalid status
SHO6403,BLUEDART,09/01/2026,Accepted,Chennai,Hyderabad,-54.66,12/01/2026,,,Invalid freight cost
SHO6404,BLUEDART,26/05/2025,IN TRANS,Pune,Bangalore,115.18,29/05/2025,,,Invalid status
SHO6405,BLUEDART,,In Transit,Hyderabad,Pune,53.43,10/03/2025,,,Invalid ship date
SHO6406,DHL,12/11/2025,Delayed,Mumbai,Bangalore,323.68,,,,Expected Delivery Date is missing or invalid
SHO6409,DHL,02/05/2025,Delayed,Hyderabad,Chennai,178.52,,14/05/2025,,Expected Delivery Date is missing or invalid
SHO6414,FEDEX,06/11/2024,Delayed,Bangalore,Hyderabad,-1.5,,20/06/2024,,Expected Delivery Date is missing or invalid; Invalid freight cost
SHO6416,BLUEDART,26/08/2025,In Transit,Delhi,Mumbai,185.83,09/01/2025,,,Expected Delivery Date is before Ship Date
SHO6417,BLUEDART,,IN TRANS,Mumbai,Bangalore,,15/11/2025,,,Invalid ship date; Invalid status; Invalid freight cost
SHO6418,BLUEDART,,Delayed,Chennai,Pune,109.2,19/07/2025,26/07/2025,,Invalid ship date
SHO6422,FEDEX,17/11/2025,Accepted,Pune,Mumbai,,20/11/2025,,,Invalid freight cost
SHO6423,BLUEDART,28/02/2026,Delayed,Pune,Bangalore,,05/03/2026,03/08/2026,,Invalid freight cost
SHO6425,DHL,,IN TRANS,Pune,Chennai,59.44,13/03/2025,,,Invalid ship date; Invalid status
SHO6428,DHL,12/10/2024,UNKNOWN,Delhi,Pune,233.25,18/10/2024,,,Invalid status
SHO6430,BLUEDART,03/05/2025,Delivered,Chennai,Mumbai,231.5,11/03/2025,11/03/2025,0,Expected Delivery Date is before Ship Date; Delivered Date is before Ship Date
SHO6432,BLUEDART,28/08/2025,Pending,Mumbai,Delhi,47.33,09/01/2025,,,Expected Delivery Date is before Ship Date
SHO6434,FEDEX,06/04/2024,In Transit,Pune,Chennai,-47.68,08/06/2024,,,Invalid freight cost
SHO6435,DHL,,Pending,Pune,Delhi,5.2,10/01/2026,,,Invalid ship date
SHO6437,BLUEDART,30/09/2025,Delivered,Delhi,Mumbai,-34.87,10/04/2025,08/10/2025,181,Expected Delivery Date is before Ship Date; Invalid freight cost
SHO6438,DHL,10/11/2024,In Transit,Bangalore,Pune,217.39,,,,Expected Delivery Date is missing or invalid
SHO6440,BLUEDART,15/07/2024,In Transit,Mumbai,Delhi,,22/07/2024,,,Invalid freight cost
SHO6441,BLUEDART,,Delivered,Chennai,Bangalore,71.01,12/08/2025,,,Invalid ship date; Delivered Date is missing or invalid for Delivered status
SHO6443,FEDEX,25/11/2025,In Transit,Chennai,Mumbai,-45.41,,,,Expected Delivery Date is missing or invalid; Invalid freight cost
SHO6444,DHL,05/12/2026,In Transit,Bangalore,Hyderabad,93.69,,,,Expected Delivery Date is missing or invalid
SHO6447,DHL,11/12/2024,IN TRANS,Mumbai,Chennai,463.78,15/12/2024,,,Invalid status
,DHL,30/03/2026,Delayed,Hyderabad,Chennai,241.15,05/04/2026,11/04/2026,,Missing shipment ID
SHO6449,DHL,18/06/2025,Pending,Bangalore,Mumbai,458.41,,,,Expected Delivery Date is missing or invalid
SHO6450,BLUEDART,13/05/2026,Pending,Bangalore,Hyderabad,134.51,,,,Expected Delivery Date is missing or invalid
SHO6454,DHL,07/06/2025,UNKNOWN,Bangalore,Pune,423.1,,,,Invalid status; Expected Delivery Date is missing or invalid
SHO6456,FEDEX,,In Transit,Chennai,Bangalore,-31.74,29/04/2025,,,Invalid ship date; Invalid freight cost
SHO6457,BLUEDART,20/07/2024,Delivered,Bangalore,Delhi,25.32,,21/07/2024,,Expected Delivery Date is missing or invalid
SHO6458,DHL,,Delayed,Pune,Hyderabad,217.27,04/07/2024,09/04/2024,,Invalid ship date
SHO6461,BLUEDART,10/05/2025,Accepted,Chennai,Pune,-77.89,12/05/2025,,,Invalid freight cost
SHO6462,FEDEX,29/04/2025,Delivered,Hyderabad,Mumbai,,,,,Expected Delivery Date is missing or invalid; Delivered Date is missing or invalid for Delivered status; Invalid freight cost
SHO6464,BLUEDART,19/05/2024,Delivered,Hyderabad,Mumbai,-49.97,26/05/2024,,,Delivered Date is missing or invalid for Delivered status; Invalid freight cost
SHO6465,DHL,03/06/2026,Pending,Hyderabad,Chennai,-58.21,08/06/2026,,,Invalid freight cost
SHO6467,DHL,20/06/2024,UNKNOWN,Delhi,Chennai,374.87,23/06/2024,,,Invalid status
SHO6468,FEDEX,19/09/2024,In Transit,Chennai,Mumbai,,21/09/2024,,,Invalid freight cost
SHO6469,BLUEDART,,Accepted,Delhi,Pune,444.1,13/12/2024,,,Invalid ship date
SHO6473,BLUEDART,15/02/2025,Accepted,Delhi,Bangalore,441.89,,,,Expected Delivery Date is missing or invalid
SHO6474,BLUEDART,02/11/2024,Delayed,Delhi,Chennai,-58.92,17/02/2024,23/02/2024,,Expected Delivery Date is before Ship Date; Invalid freight cost
SHO6476,BLUEDART,,Delivered,Pune,Hyderabad,444.31,04/04/2025,04/05/2025,30,Invalid ship date
,BLUEDART,,In Transit,Mumbai,Pune,158.32,11/12/2025,,,Missing shipment ID; Invalid ship date
,FEDEX,,IN TRANS,Hyderabad,Chennai,-43.77,13/05/2025,,,Missing shipment ID; Invalid ship date; Invalid status; Invalid freight cost
SHO6481,FEDEX,21/01/2026,Delivered,Mumbai,Hyderabad,84.35,,31/01/2026,,Expected Delivery Date is missing or invalid
SHO6482,FEDEX,28/09/2025,Pending,Bangalore,Pune,-7.61,10/03/2025,,,Expected Delivery Date is before Ship Date; Invalid freight cost
SHO6485,BLUEDART,,Delayed,Delhi,Mumbai,219.45,02/02/2025,04/02/2025,,Invalid ship date
SHO6488,BLUEDART,04/09/2024,IN TRANS,Hyderabad,Mumbai,432.4,08/09/2024,,,Invalid status
SHO6490,DHL,08/09/2024,Delivered,Pune,Bangalore,153.36,12/08/2024,13/08/2024,1,Expected Delivery Date is before Ship Date; Delivered Date is before Ship Date
SHO6491,FEDEX,14/04/2024,Delayed,Bangalore,Mumbai,,19/04/2024,,,Invalid freight cost
SHO6492,FEDEX,20/01/2024,Accepted,Chennai,Pune,77.81,,,,Expected Delivery Date is missing or invalid
SHO6493,DHL,,Delivered,Pune,Hyderabad,181.58,,04/07/2024,,Invalid ship date; Expected Delivery Date is missing or invalid
SHO6494,DHL,16/01/2026,Delayed,Pune,Hyderabad,155.47,,22/01/2026,,Expected Delivery Date is missing or invalid
SHO6495,FEDEX,,In Transit,Delhi,Pune,,19/08/2025,,,Invalid ship date; Invalid freight cost
SHO6496,DHL,,Accepted,Pune,Chennai,337.47,,,,Invalid ship date; Expected Delivery Date is missing or invalid
SHO6497,FEDEX,08/10/2024,Pending,Chennai,Bangalore,-11.22,15/10/2024,,,Invalid freight cost
SHO6498,BLUEDART,11/12/2024,In Transit,Hyderabad,Bangalore,392.32,16/11/2024,,,Expected Delivery Date is before Ship Date
SHO6499,FEDEX,02/06/2024,Pending,Hyderabad,Pune,217.26,06/04/2024,,,Expected Delivery Date is before Ship Date
SHO6500,DHL,08/02/2024,IN TRANS,Delhi,Mumbai,214.64,,,,Invalid status; Expected Delivery Date is missing or invalid
SHO6501,DHL,15/03/2024,IN TRANS,Hyderabad,Delhi,315.7,17/03/2024,,,Invalid status
SHO6502,BLUEDART,,In Transit,Hyderabad,Bangalore,401.03,28/05/2026,,,Invalid ship date
SHO6503,FEDEX,29/10/2025,In Transit,Delhi,Mumbai,44.0,11/01/2025,,,Expected Delivery Date is before Ship Date
SHO6506,DHL,01/09/2026,Delayed,Bangalore,Delhi,463.76,,17/01/2026,,Expected Delivery Date is missing or invalid
SHO6507,DHL,,IN TRANS,Hyderabad,Chennai,328.45,18/04/2025,,,Invalid ship date; Invalid status
SHO6509,DHL,,Delayed,Mumbai,Pune,192.78,07/08/2025,,,Invalid ship date
SHO6512,FEDEX,18/04/2024,Delayed,Bangalore,Pune,-34.52,,29/04/2024,,Expected Delivery Date is missing or invalid; Invalid freight cost
,BLUEDART,31/01/2025,Delivered,Hyderabad,Bangalore,351.22,05/02/2025,06/02/2025,1,Missing shipment ID
SHO6514,DHL,,Delayed,Pune,Mumbai,9.56,03/04/2026,14/03/2026,,Invalid ship date
SHO6515,DHL,24/11/2024,Delayed,Bangalore,Pune,7.79,,29/11/2024,,Expected Delivery Date is missing or invalid
SHO6517,FEDEX,28/04/2025,In Transit,Chennai,Delhi,20.4,05/04/2025,,,Expected Delivery Date is before Ship Date
SHO6519,FEDEX,16/07/2025,UNKNOWN,Hyderabad,Pune,339.19,22/07/2025,,,Invalid status
SHO6521,FEDEX,21/08/2024,In Transit,Delhi,Bangalore,241.71,,,,Expected Delivery Date is missing or invalid
SHO6522,DHL,10/07/2025,Delivered,Delhi,Mumbai,324.03,10/10/2025,,,Delivered Date is missing or invalid for Delivered status
SHO6523,FEDEX,,Delivered,Chennai,Hyderabad,169.62,22/05/2025,21/05/2025,0,Invalid ship date
SHO6524,BLUEDART,09/01/2025,UNKNOWN,Bangalore,Mumbai,324.33,13/01/2025,18/01/2025,,Invalid status
SHO6525,FEDEX,,Accepted,Bangalore,Mumbai,284.92,,,,Invalid ship date; Expected Delivery Date is missing or invalid
SHO6526,DHL,30/07/2024,Delayed,Chennai,Mumbai,437.97,08/03/2024,,,Expected Delivery Date is before Ship Date
SHO6527,BLUEDART,19/11/2025,In Transit,Pune,Mumbai,,23/11/2025,,,Invalid freight cost
SHO6528,BLUEDART,,Pending,Hyderabad,Pune,385.72,25/07/2025,,,Invalid ship date
SHO6529,BLUEDART,,Delivered,Hyderabad,Chennai,159.37,21/10/2025,24/10/2025,3,Invalid ship date
SHO6532,DHL,11/05/2026,Delivered,Chennai,Delhi,288.35,18/05/2026,,,Delivered Date is missing or invalid for Delivered status
,DHL,20/11/2024,Delivered,Bangalore,Pune,221.53,27/11/2024,26/11/2024,0,Missing shipment ID
SHO6535,BLUEDART,23/07/2025,Delivered,Bangalore,Hyderabad,487.57,27/07/2025,,,Delivered Date is missing or invalid for Delivered status
SHO6539,FEDEX,06/06/2024,Delivered,Pune,Hyderabad,-57.1,06/09/2024,10/06/2024,0,Invalid freight cost
,DHL,26/06/2024,Pending,Chennai,Mumbai,257.29,28/06/2024,,,Missing shipment ID
SHO6542,DHL,,Delayed,Bangalore,Pune,-5.65,02/12/2025,12/12/2025,,Invalid ship date; Invalid freight cost
SHO6544,BLUEDART,10/03/2026,Pending,Delhi,Hyderabad,-68.13,,,,Expected Delivery Date is missing or invalid; Invalid freight cost
SHO6545,DHL,02/01/2025,IN TRANS,Mumbai,Delhi,476.8,,,,Invalid status; Expected Delivery Date is missing or invalid
SHO6546,FEDEX,14/02/2025,IN TRANS,Delhi,Hyderabad,147.08,16/02/2025,,,Invalid status
,DHL,,Delayed,Chennai,Pune,377.78,24/02/2024,28/02/2024,,Missing shipment ID; Invalid ship date
SHO6550,FEDEX,13/03/2024,Delivered,Delhi,Mumbai,-27.48,,20/03/2024,,Expected Delivery Date is missing or invalid; Invalid freight cost
SHO6551,FEDEX,27/09/2025,Pending,Mumbai,Hyderabad,-37.83,10/03/2025,,,Expected Delivery Date is before Ship Date; Invalid freight cost
SHO6552,FEDEX,03/04/2024,In Transit,Mumbai,Delhi,169.39,07/03/2024,,,Expected Delivery Date is before Ship Date
SHO6554,FEDEX,,UNKNOWN,Pune,Chennai,-6.14,21/06/2026,,,Invalid ship date; Invalid status; Invalid freight cost
,BLUEDART,,IN TRANS,Pune,Mumbai,183.09,24/10/2024,,,Missing shipment ID; Invalid ship date; Invalid status
SHO6558,BLUEDART,04/08/2025,Accepted,Mumbai,Pune,46.13,,,,Expected Delivery Date is missing or invalid
SHO6559,BLUEDART,01/08/2024,Delivered,Chennai,Bangalore,111.49,13/01/2024,16/01/2024,3,Expected Delivery Date is before Ship Date; Delivered Date is before Ship Date
SHO6563,FEDEX,05/10/2026,Delivered,Chennai,Bangalore,188.66,,14/05/2026,,Expected Delivery Date is missing or invalid; Delivered Date is before Ship Date
SHO6566,BLUEDART,25/06/2026,Delayed,Delhi,Mumbai,,,09/07/2026,,Expected Delivery Date is missing or invalid; Invalid freight cost
SHO6567,DHL,04/11/2024,Delayed,Mumbai,Bangalore,375.28,14/04/2024,21/04/2024,,Expected Delivery Date is before Ship Date
SHO6569,BLUEDART,23/10/2025,UNKNOWN,Mumbai,Chennai,483.21,,,,Invalid status; Expected Delivery Date is missing or invalid
SHO6571,FEDEX,12/12/2024,Accepted,Hyderabad,Chennai,421.34,,,,Expected Delivery Date is missing or invalid
SHO6572,BLUEDART,03/11/2025,Pending,Bangalore,Delhi,324.86,17/03/2025,,,Expected Delivery Date is before Ship Date
SHO6573,BLUEDART,01/10/2024,Delivered,Delhi,Chennai,254.74,10/05/2024,10/08/2024,92,Expected Delivery Date is before Ship Date; Delivered Date is before Ship Date
SHO6574,DHL,21/04/2025,Pending,Hyderabad,Chennai,-55.75,27/04/2025,,,Invalid freight cost
,BLUEDART,10/10/2025,Delayed,Chennai,Delhi,130.68,13/10/2025,21/10/2025,,Missing shipment ID
SHO6578,DHL,08/06/2025,Pending,Pune,Delhi,,13/06/2025,,,Invalid freight cost
SHO6580,FEDEX,,Accepted,Delhi,Mumbai,232.89,,,,Invalid ship date; Expected Delivery Date is missing or invalid
SHO6581,DHL,13/10/2024,In Transit,Chennai,Hyderabad,41.03,,,,Expected Delivery Date is missing or invalid
SHO6583,BLUEDART,,Delayed,Hyderabad,Delhi,270.55,05/02/2026,13/02/2026,,Invalid ship date
SHO6585,FEDEX,,Accepted,Hyderabad,Bangalore,345.76,04/12/2025,,,Invalid ship date
SHO6586,DHL,03/02/2025,Accepted,Mumbai,Delhi,295.85,,,,Expected Delivery Date is missing or invalid
SHO6589,BLUEDART,03/10/2024,In Transit,Chennai,Bangalore,394.98,17/03/2024,,,Expected Delivery Date is before Ship Date
SHO6590,DHL,05/12/2024,In Transit,Delhi,Hyderabad,-71.81,09/12/2024,,,Invalid freight cost
SHO6591,FEDEX,17/03/2026,Pending,Pune,Delhi,-64.52,23/03/2026,,,Invalid freight cost
SHO6592,BLUEDART,09/04/2025,IN TRANS,Delhi,Chennai,225.01,13/04/2025,,,Invalid status
SHO6596,FEDEX,,Delayed,Chennai,Bangalore,444.9,23/09/2025,29/09/2025,,Invalid ship date
SHO6598,DHL,15/05/2026,IN TRANS,Mumbai,Pune,382.72,21/05/2026,,,Invalid status
,FEDEX,,Delayed,Chennai,Mumbai,-8.86,27/09/2024,,,Missing shipment ID; Invalid ship date; Invalid freight cost
SHO6601,FEDEX,11/03/2026,Delayed,Chennai,Bangalore,-29.82,14/03/2026,24/03/2026,,Invalid freight cost
SHO6604,DHL,25/07/2025,Delivered,Pune,Delhi,,,08/03/2025,,Expected Delivery Date is missing or invalid; Delivered Date is before Ship Date; Invalid freight cost
SHO6606,BLUEDART,02/03/2026,In Transit,Chennai,Bangalore,342.34,,,,Expected Delivery Date is missing or invalid
SHO6607,BLUEDART,05/05/2026,Pending,Chennai,Delhi,-14.68,,,,Expected Delivery Date is missing or invalid; Invalid freight cost
SHO6608,BLUEDART,,UNKNOWN,Mumbai,Pune,162.42,30/01/2024,,,Invalid ship date; Invalid status
SHO6609,BLUEDART,,Delayed,Mumbai,Hyderabad,381.74,22/04/2024,,,Invalid ship date
SHO6611,DHL,26/10/2024,Delayed,Pune,Mumbai,-29.27,29/10/2024,11/04/2024,,Invalid freight cost
,FEDEX,02/06/2024,UNKNOWN,Bangalore,Delhi,480.12,06/08/2024,10/06/2024,,Missing shipment ID; Invalid status
SHO6613,BLUEDART,10/12/2024,Delayed,Chennai,Bangalore,,16/12/2024,22/12/2024,,Invalid freight cost
SHO6616,BLUEDART,12/02/2024,Delayed,Hyderabad,Chennai,,18/02/2024,19/02/2024,,Invalid freight cost
,FEDEX,15/08/2025,Delivered,Bangalore,Chennai,415.91,22/08/2025,,,Missing shipment ID; Delivered Date is missing or invalid for Delivered status
SHO6619,BLUEDART,15/05/2025,In Transit,Chennai,Pune,133.38,,,,Expected Delivery Date is missing or invalid
SHO6620,DHL,19/08/2025,UNKNOWN,Delhi,Bangalore,224.63,,,,Invalid status; Expected Delivery Date is missing or invalid
SHO6621,BLUEDART,23/04/2026,Delivered,Chennai,Pune,-13.48,26/04/2026,26/04/2026,0,Invalid freight cost
SHO6622,FEDEX,,In Transit,Mumbai,Hyderabad,410.9,14/04/2026,,,Invalid ship date
SHO6623,DHL,25/02/2025,Pending,Pune,Hyderabad,-49.75,03/03/2025,,,Invalid freight cost
SHO6627,BLUEDART,27/04/2024,Delayed,Delhi,Pune,129.95,,10/05/2024,,Expected Delivery Date is missing or invalid
SHO6628,FEDEX,,In Transit,Bangalore,Chennai,339.58,13/06/2025,,,Invalid ship date
SHO6630,BLUEDART,22/09/2024,Accepted,Mumbai,Bangalore,445.56,,,,Expected Delivery Date is missing or invalid
SHO6633,DHL,16/11/2024,UNKNOWN,Chennai,Delhi,,,,,Invalid status; Expected Delivery Date is missing or invalid; Invalid freight cost
SHO6635,FEDEX,18/02/2024,UNKNOWN,Hyderabad,Pune,304.31,23/02/2024,,,Invalid status
SHO6636,DHL,,Delayed,Mumbai,Bangalore,-44.04,29/10/2024,,,Invalid ship date; Invalid freight cost
SHO6637,FEDEX,28/12/2025,IN TRANS,Pune,Chennai,246.76,01/02/2026,,,Invalid status
SHO6638,DHL,10/12/2025,Delivered,Hyderabad,Pune,-40.09,12/12/2025,,,Delivered Date is missing or invalid for Delivered status; Invalid freight cost
SHO6639,BLUEDART,02/12/2025,Delayed,Hyderabad,Delhi,-9.71,19/02/2025,26/02/2025,,Expected Delivery Date is before Ship Date; Invalid freight cost
SHO6640,DHL,23/03/2026,Accepted,Pune,Chennai,-53.4,28/03/2026,,,Invalid freight cost
SHO6641,BLUEDART,16/05/2026,Pending,Mumbai,Bangalore,-42.53,23/05/2026,,,Invalid freight cost
SHO6646,FEDEX,,Accepted,Hyderabad,Chennai,-66.72,21/11/2025,,,Invalid ship date; Invalid freight cost
SHO6647,FEDEX,27/08/2024,Accepted,Hyderabad,Mumbai,57.09,09/01/2024,,,Expected Delivery Date is before Ship Date
SHO6648,BLUEDART,11/08/2024,Pending,Chennai,Hyderabad,13.68,,,,Expected Delivery Date is missing or invalid
SHO6650,BLUEDART,11/12/2025,Pending,Mumbai,Delhi,384.58,,,,Expected Delivery Date is missing or invalid
SHO6651,FEDEX,,Delayed,Bangalore,Pune,-9.13,17/06/2026,20/06/2026,,Invalid ship date; Invalid freight cost
SHO6652,FEDEX,,In Transit,Bangalore,Hyderabad,444.03,07/09/2025,,,Invalid ship date
SHO6653,FEDEX,09/05/2026,Accepted,Bangalore,Mumbai,294.96,,,,Expected Delivery Date is missing or invalid
SHO6654,BLUEDART,,In Transit,Hyderabad,Pune,468.41,17/06/2026,,,Invalid ship date
SHO6655,FEDEX,,In Transit,Bangalore,Chennai,48.22,,,,Invalid ship date; Expected Delivery Date is missing or invalid
SHO6657,FEDEX,12/01/2025,Pending,Mumbai,Delhi,31.0,,,,Expected Delivery Date is missing or invalid
SHO6661,FEDEX,11/12/2025,Delivered,Bangalore,Mumbai,350.21,17/11/2025,22/11/2025,5,Expected Delivery Date is before Ship Date; Delivered Date is before Ship Date
SHO6662,DHL,,Pending,Mumbai,Chennai,42.43,,,,Invalid ship date; Expected Delivery Date is missing or invalid
SHO6664,DHL,13/09/2025,In Transit,Pune,Mumbai,-13.66,15/09/2025,,,Invalid freight cost
SHO6665,BLUEDART,12/02/2024,IN TRANS,Bangalore,Mumbai,308.28,14/02/2024,,,Invalid status
SHO6667,BLUEDART,,Delayed,Mumbai,Pune,88.59,,28/02/2026,,Invalid ship date; Expected Delivery Date is missing or invalid
SHO6668,BLUEDART,17/09/2024,In Transit,Chennai,Delhi,16.44,,,,Expected Delivery Date is missing or invalid
SHO6671,DHL,22/01/2025,UNKNOWN,Hyderabad,Chennai,3.38,24/01/2025,,,Invalid status
SHO6675,FEDEX,,Delivered,Chennai,Pune,72.8,27/05/2024,29/05/2024,2,Invalid ship date
SHO6677,FEDEX,17/06/2024,Delayed,Delhi,Pune,368.12,,24/06/2024,,Expected Delivery Date is missing or invalid
,DHL,01/05/2026,Delayed,Pune,Hyderabad,172.05,08/01/2026,18/01/2026,,Missing shipment ID; Expected Delivery Date is before Ship Date
SHO6680,FEDEX,17/09/2025,In Transit,Pune,Delhi,-38.17,19/09/2025,,,Invalid freight cost
SHO6682,FEDEX,22/04/2026,Delayed,Mumbai,Pune,217.72,,03/05/2026,,Expected Delivery Date is missing or invalid
SHO6684,FEDEX,,In Transit,Hyderabad,Bangalore,88.87,15/07/2025,,,Invalid ship date
SHO6685,BLUEDART,09/01/2025,Delivered,Pune,Delhi,,13/01/2025,14/01/2025,1,Invalid freight cost
SHO6687,FEDEX,02/09/2024,Delivered,Hyderabad,Delhi,487.1,04/09/2024,09/03/2024,0,Delivered Date is before Ship Date
SHO6688,FEDEX,22/02/2024,Accepted,Chennai,Mumbai,,,,,Expected Delivery Date is missing or invalid; Invalid freight cost
SHO6689,FEDEX,,Pending,Chennai,Bangalore,477.18,09/12/2025,,,Invalid ship date
SHO6692,DHL,23/07/2024,In Transit,Delhi,Chennai,242.35,,,,Expected Delivery Date is missing or invalid
SHO6693,FEDEX,07/12/2025,Delayed,Mumbai,Chennai,-12.98,,21/07/2025,,Expected Delivery Date is missing or invalid; Invalid freight cost
SHO6694,FEDEX,,In Transit,Delhi,Pune,112.61,29/08/2025,,,Invalid ship date
SHO6696,BLUEDART,27/02/2024,Accepted,Bangalore,Hyderabad,-70.09,02/03/2024,,,Invalid freight cost
SHO6697,BLUEDART,,Pending,Pune,Mumbai,304.4,,,,Invalid ship date; Expected Delivery Date is missing or invalid
,BLUEDART,26/02/2026,Accepted,Mumbai,Bangalore,305.86,28/02/2026,,,Missing shipment ID
SHO6700,FEDEX,22/04/2026,Delivered,Bangalore,Chennai,93.55,,25/04/2026,,Expected Delivery Date is missing or invalid
SHO6703,DHL,28/02/2024,Accepted,Pune,Delhi,-72.98,05/03/2024,,,Invalid freight cost
SHO6704,BLUEDART,28/02/2024,Accepted,Pune,Delhi,401.21,,,,Expected Delivery Date is missing or invalid
SHO6705,BLUEDART,19/06/2026,In Transit,Pune,Mumbai,-32.38,22/06/2026,,,Invalid freight cost
SHO6707,FEDEX,02/07/2024,IN TRANS,Hyderabad,Bangalore,230.27,05/07/2024,,,Invalid status
SHO6709,FEDEX,,Pending,Hyderabad,Mumbai,250.07,27/02/2026,,,Invalid ship date
SHO6711,FEDEX,22/04/2026,Delivered,Mumbai,Hyderabad,,26/04/2026,28/04/2026,2,Invalid freight cost
SHO6712,BLUEDART,14/04/2024,IN TRANS,Delhi,Pune,172.77,20/04/2024,,,Invalid status
SHO6713,BLUEDART,17/03/2025,Delivered,Mumbai,Chennai,472.03,,,,Expected Delivery Date is missing or invalid; Delivered Date is missing or invalid for Delivered status
SHO6714,DHL,07/04/2025,Delivered,Pune,Hyderabad,16.61,11/04/2025,,,Delivered Date is missing or invalid for Delivered status
SHO6715,FEDEX,27/06/2025,Delivered,Mumbai,Delhi,169.89,,06/07/2025,,Expected Delivery Date is missing or invalid
SHO6718,DHL,03/11/2024,Accepted,Delhi,Pune,285.41,15/03/2024,,,Expected Delivery Date is before Ship Date
SHO6719,FEDEX,19/03/2025,UNKNOWN,Pune,Delhi,462.19,23/03/2025,,,Invalid status
SHO6721,BLUEDART,07/06/2025,In Transit,Mumbai,Bangalore,-33.11,10/07/2025,,,Invalid freight cost
SHO6722,BLUEDART,,Pending,Hyderabad,Delhi,,,,,Invalid ship date; Expected Delivery Date is missing or invalid; Invalid freight cost
SHO6726,FEDEX,13/02/2024,Pending,Bangalore,Hyderabad,466.39,,,,Expected Delivery Date is missing or invalid
SHO6727,BLUEDART,15/04/2025,Delayed,Mumbai,Delhi,446.66,,27/04/2025,,Expected Delivery Date is missing or invalid
SHO6731,BLUEDART,13/02/2024,IN TRANS,Hyderabad,Mumbai,183.95,15/02/2024,,,Invalid status
SHO6733,BLUEDART,23/06/2026,UNKNOWN,Mumbai,Pune,376.01,26/06/2026,,,Invalid status
SHO6735,BLUEDART,22/08/2025,Delivered,Chennai,Pune,299.7,,,,Expected Delivery Date is missing or invalid; Delivered Date is missing or invalid for Delivered status
SHO6738,DHL,30/09/2024,Pending,Bangalore,Hyderabad,361.07,,,,Expected Delivery Date is missing or invalid
,DHL,25/11/2024,Delayed,Mumbai,Chennai,491.83,27/11/2024,02/12/2024,,Missing shipment ID
SHO6741,BLUEDART,27/12/2025,In Transit,Pune,Hyderabad,498.37,,,,Expected Delivery Date is missing or invalid
SHO6742,FEDEX,28/09/2024,Pending,Pune,Hyderabad,344.12,10/05/2024,,,Expected Delivery Date is before Ship Date
SHO6744,FEDEX,,Pending,Bangalore,Chennai,175.13,03/04/2026,,,Invalid ship date
SHO6745,DHL,19/05/2025,Delivered,Bangalore,Hyderabad,-14.2,25/05/2025,26/05/2025,1,Invalid freight cost
SHO6747,FEDEX,10/04/2025,In Transit,Mumbai,Delhi,-53.03,10/10/2025,,,Invalid freight cost
SHO6748,DHL,17/06/2024,Delivered,Hyderabad,Mumbai,68.98,,21/06/2024,,Expected Delivery Date is missing or invalid
SHO6751,FEDEX,,Pending,Hyderabad,Chennai,-17.24,23/01/2024,,,Invalid ship date; Invalid freight cost
SHO6753,BLUEDART,,Pending,Delhi,Hyderabad,92.06,,,,Invalid ship date; Expected Delivery Date is missing or invalid
SHO6754,DHL,26/04/2026,Pending,Chennai,Delhi,62.44,05/01/2026,,,Expected Delivery Date is before Ship Date
SHO6755,FEDEX,18/01/2025,Pending,Mumbai,Bangalore,145.67,,,,Expected Delivery Date is missing or invalid
SHO6756,BLUEDART,,Delivered,Pune,Bangalore,446.2,04/11/2025,,,Invalid ship date; Delivered Date is missing or invalid for Delivered status
SHO6757,FEDEX,,Delivered,Mumbai,Pune,127.79,,,,Invalid ship date; Expected Delivery Date is missing or invalid; Delivered Date is missing or invalid for Delivered status
SHO6759,FEDEX,20/12/2024,Delivered,Chennai,Mumbai,,22/12/2024,22/12/2024,0,Invalid freight cost
SHO6761,BLUEDART,23/02/2025,Delayed,Chennai,Hyderabad,170.87,,06/03/2025,,Expected Delivery Date is missing or invalid
SHO6762,BLUEDART,16/06/2025,Delivered,Chennai,Delhi,220.07,,,,Expected Delivery Date is missing or invalid; Delivered Date is missing or invalid for Delivered status
SHO6763,BLUEDART,26/02/2024,UNKNOWN,Hyderabad,Pune,-62.68,01/03/2024,02/03/2024,,Invalid status; Invalid freight cost
SHO6766,FEDEX,,In Transit,Delhi,Pune,397.41,29/05/2025,,,Invalid ship date
SHO6768,FEDEX,,Delayed,Pune,Chennai,394.21,09/07/2024,17/09/2024,,Invalid ship date
SHO6770,DHL,24/02/2024,UNKNOWN,Hyderabad,Delhi,-63.45,03/01/2024,,,Invalid status; Expected Delivery Date is before Ship Date; Invalid freight cost
SHO6772,BLUEDART,,IN TRANS,Mumbai,Pune,79.95,29/07/2024,,,Invalid ship date; Invalid status
SHO6774,DHL,23/11/2024,UNKNOWN,Delhi,Pune,430.62,29/11/2024,12/06/2024,,Invalid status
SHO6775,DHL,,Delivered,Hyderabad,Chennai,356.37,,17/11/2024,,Invalid ship date; Expected Delivery Date is missing or invalid
SHO6778,FEDEX,21/01/2025,Pending,Mumbai,Hyderabad,,25/01/2025,,,Invalid freight cost
SHO6780,BLUEDART,17/08/2025,Delivered,Delhi,Pune,,,,,Expected Delivery Date is missing or invalid; Delivered Date is missing or invalid for Delivered status; Invalid freight cost
SHO6781,FEDEX,14/08/2025,Delivered,Pune,Mumbai,-19.26,,26/08/2025,,Expected Delivery Date is missing or invalid; Invalid freight cost
SHO6782,BLUEDART,,In Transit,Bangalore,Chennai,173.32,,,,Invalid ship date; Expected Delivery Date is missing or invalid
SHO6783,DHL,01/03/2024,IN TRANS,Bangalore,Mumbai,124.81,01/05/2024,,,Invalid status
SHO6785,BLUEDART,12/12/2024,Accepted,Pune,Bangalore,-21.93,19/12/2024,,,Invalid freight cost
SHO6787,FEDEX,23/04/2024,In Transit,Chennai,Pune,-25.57,29/04/2024,,,Invalid freight cost
SHO6789,FEDEX,07/02/2025,Pending,Hyderabad,Mumbai,-33.89,07/07/2025,,,Invalid freight cost
SHO6790,BLUEDART,23/02/2025,Pending,Mumbai,Delhi,114.05,,,,Expected Delivery Date is missing or invalid
SHO6791,FEDEX,,IN TRANS,Chennai,Delhi,5.34,06/06/2026,,,Invalid ship date; Invalid status
SHO6792,BLUEDART,,Pending,Chennai,Hyderabad,33.29,24/06/2025,,,Invalid ship date
SHO6794,FEDEX,22/12/2024,Pending,Pune,Delhi,69.62,,,,Expected Delivery Date is missing or invalid
SHO6795,FEDEX,19/02/2025,In Transit,Chennai,Bangalore,-78.85,23/02/2025,,,Invalid freight cost
SHO6796,DHL,,In Transit,Bangalore,Chennai,195.69,02/08/2024,,,Invalid ship date
SHO6797,DHL,21/01/2025,Pending,Hyderabad,Chennai,-74.39,26/01/2025,,,Invalid freight cost
SHO6798,DHL,02/01/2024,Delivered,Mumbai,Bangalore,63.62,08/02/2024,,,Delivered Date is missing or invalid for Delivered status
SHO6799,DHL,20/09/2025,Pending,Pune,Bangalore,-68.82,27/09/2025,,,Invalid freight cost
SHO6800,DHL,13/06/2024,Pending,Chennai,Mumbai,292.0,,,,Expected Delivery Date is missing or invalid
SHO6804,BLUEDART,,Delayed,Delhi,Chennai,220.03,18/01/2026,28/01/2026,,Invalid ship date
SHO6805,BLUEDART,,Accepted,Mumbai,Bangalore,,03/02/2024,,,Invalid ship date; Invalid freight cost
SHO6806,DHL,29/06/2025,Delayed,Chennai,Pune,415.33,,04/07/2025,,Expected Delivery Date is missing or invalid
SHO6807,DHL,19/06/2026,Delivered,Mumbai,Pune,446.47,26/06/2026,07/01/2026,0,Delivered Date is before Ship Date
SHO6808,DHL,,Pending,Chennai,Mumbai,225.2,,,,Invalid ship date; Expected Delivery Date is missing or invalid
SHO6809,BLUEDART,19/05/2025,Delivered,Pune,Delhi,16.12,,29/05/2025,,Expected Delivery Date is missing or invalid
SHO6810,FEDEX,03/12/2026,Delivered,Delhi,Pune,347.68,14/03/2026,18/03/2026,4,Expected Delivery Date is before Ship Date; Delivered Date is before Ship Date
SHO6811,BLUEDART,31/01/2026,IN TRANS,Pune,Bangalore,176.94,,,,Invalid status; Expected Delivery Date is missing or invalid
SHO6812,BLUEDART,23/02/2024,Accepted,Delhi,Mumbai,76.68,03/01/2024,,,Expected Delivery Date is before Ship Date
SHO6814,FEDEX,26/02/2025,UNKNOWN,Delhi,Hyderabad,-14.01,,,,Invalid status; Expected Delivery Date is missing or invalid; Invalid freight cost
SHO6816,FEDEX,28/01/2025,Delivered,Delhi,Chennai,,01/02/2025,30/01/2025,0,Invalid freight cost
SHO6817,BLUEDART,04/04/2025,Delivered,Chennai,Mumbai,-13.54,,11/04/2025,,Expected Delivery Date is missing or invalid; Invalid freight cost
SHO6818,FEDEX,28/10/2024,In Transit,Delhi,Mumbai,-5.26,01/11/2024,,,Invalid freight cost
SHO6819,DHL,,IN TRANS,Delhi,Chennai,265.63,03/10/2026,,,Invalid ship date; Invalid status
SHO6820,DHL,09/01/2024,UNKNOWN,Pune,Hyderabad,37.17,08/09/2024,,,Invalid status
SHO6821,DHL,26/05/2026,Delivered,Mumbai,Delhi,420.77,06/02/2026,31/05/2026,114,Expected Delivery Date is before Ship Date
SHO6822,DHL,09/05/2024,Accepted,Hyderabad,Pune,-58.55,12/05/2024,19/05/2024,,Invalid freight cost
SHO6823,FEDEX,01/12/2024,In Transit,Pune,Chennai,,12/04/2024,,,Expected Delivery Date is before Ship Date; Invalid freight cost
SHO6825,FEDEX,29/03/2026,In Transit,Hyderabad,Delhi,122.67,,,,Expected Delivery Date is missing or invalid
SHO6827,FEDEX,,UNKNOWN,Pune,Bangalore,393.91,26/02/2025,24/02/2025,,Invalid ship date; Invalid status
SHO6829,BLUEDART,29/10/2025,UNKNOWN,Chennai,Hyderabad,210.57,05/11/2025,,,Invalid status
SHO6831,BLUEDART,,In Transit,Delhi,Mumbai,494.73,19/09/2024,,,Invalid ship date
,DHL,22/08/2024,In Transit,Bangalore,Mumbai,293.65,,,,Missing shipment ID; Expected Delivery Date is missing or invalid
SHO6837,BLUEDART,15/06/2024,Delivered,Pune,Mumbai,438.45,,15/06/2024,,Expected Delivery Date is missing or invalid
SHO6838,BLUEDART,02/09/2025,In Transit,Mumbai,Hyderabad,345.11,15/02/2025,,,Expected Delivery Date is before Ship Date
SHO6842,DHL,20/01/2025,Delivered,Bangalore,Chennai,-46.8,22/01/2025,23/01/2025,1,Invalid freight cost
SHO6844,DHL,11/12/2025,In Transit,Mumbai,Pune,26.37,19/11/2025,,,Expected Delivery Date is before Ship Date
SHO6845,FEDEX,11/10/2025,Pending,Mumbai,Hyderabad,-29.05,18/10/2025,,,Invalid freight cost
SHO6846,FEDEX,07/03/2025,Accepted,Mumbai,Hyderabad,-48.11,14/03/2025,,,Invalid freight cost
SHO6847,DHL,12/09/2024,UNKNOWN,Mumbai,Bangalore,14.27,,13/09/2024,,Invalid status; Expected Delivery Date is missing or invalid
SHO6849,FEDEX,13/02/2024,Delivered,Bangalore,Hyderabad,485.2,,,,Expected Delivery Date is missing or invalid; Delivered Date is missing or invalid for Delivered status
SHO6850,DHL,18/05/2025,In Transit,Pune,Chennai,-45.24,,,,Expected Delivery Date is missing or invalid; Invalid freight cost
SHO6851,BLUEDART,17/04/2026,Accepted,Delhi,Bangalore,-71.38,,,,Expected Delivery Date is missing or invalid; Invalid freight cost
SHO6852,DHL,14/01/2025,Pending,Mumbai,Hyderabad,-50.05,17/01/2025,,,Invalid freight cost
SHO6853,DHL,29/10/2025,Delayed,Pune,Chennai,-18.46,11/02/2025,09/11/2025,,Expected Delivery Date is before Ship Date; Invalid freight cost
SHO6854,DHL,,Delivered,Pune,Chennai,3.84,05/08/2025,,,Invalid ship date; Delivered Date is missing or invalid for Delivered status
SHO6856,FEDEX,,Delivered,Hyderabad,Mumbai,446.47,23/10/2025,26/10/2025,3,Invalid ship date
SHO6857,FEDEX,16/07/2025,IN TRANS,Hyderabad,Bangalore,198.87,,,,Invalid status; Expected Delivery Date is missing or invalid
SHO6859,BLUEDART,28/04/2024,Delivered,Bangalore,Pune,319.23,,30/04/2024,,Expected Delivery Date is missing or invalid
SHO6861,BLUEDART,07/11/2025,Delivered,Pune,Mumbai,58.57,,,,Expected Delivery Date is missing or invalid; Delivered Date is missing or invalid for Delivered status
SHO6862,DHL,04/01/2025,Pending,Delhi,Chennai,17.85,,,,Expected Delivery Date is missing or invalid
SHO6865,FEDEX,,Accepted,Bangalore,Pune,17.31,20/05/2026,,,Invalid ship date
,DHL,02/11/2024,Pending,Bangalore,Mumbai,118.82,13/02/2024,,,Missing shipment ID; Expected Delivery Date is before Ship Date
SHO6871,FEDEX,03/08/2026,UNKNOWN,Chennai,Hyderabad,60.9,13/03/2026,,,Invalid status; Expected Delivery Date is before Ship Date
SHO6875,FEDEX,25/08/2025,Delayed,Chennai,Bangalore,84.31,,06/09/2025,,Expected Delivery Date is missing or invalid
SHO6876,FEDEX,24/01/2026,Delivered,Bangalore,Delhi,-58.94,28/01/2026,02/01/2026,0,Delivered Date is before Ship Date; Invalid freight cost
SHO6877,FEDEX,25/05/2025,Delivered,Pune,Chennai,-32.22,28/05/2025,,,Delivered Date is missing or invalid for Delivered status; Invalid freight cost
SHO6879,FEDEX,10/06/2025,Delivered,Pune,Hyderabad,413.55,,19/06/2025,,Expected Delivery Date is missing or invalid
SHO6880,FEDEX,30/01/2024,UNKNOWN,Hyderabad,Bangalore,125.77,02/05/2024,13/02/2024,,Invalid status
SHO6882,BLUEDART,08/02/2024,UNKNOWN,Mumbai,Delhi,286.13,14/02/2024,,,Invalid status
SHO6885,FEDEX,,UNKNOWN,Pune,Mumbai,212.25,,,,Invalid ship date; Invalid status; Expected Delivery Date is missing or invalid
,DHL,20/11/2024,Delayed,Pune,Mumbai,100.63,,28/11/2024,,Missing shipment ID; Expected Delivery Date is missing or invalid
SHO6888,BLUEDART,04/07/2025,Delivered,Chennai,Pune,399.03,13/04/2025,16/04/2025,3,Expected Delivery Date is before Ship Date; Delivered Date is before Ship Date
SHO6889,FEDEX,,Delivered,Hyderabad,Mumbai,220.41,12/06/2024,12/07/2024,30,Invalid ship date
SHO6891,BLUEDART,18/11/2025,IN TRANS,Hyderabad,Pune,302.31,25/11/2025,,,Invalid status
SHO6892,FEDEX,14/06/2024,In Transit,Delhi,Chennai,280.24,,,,Expected Delivery Date is missing or invalid
SHO6894,DHL,15/10/2025,In Transit,Mumbai,Delhi,-27.13,17/10/2025,,,Invalid freight cost
SHO6895,BLUEDART,30/04/2025,Accepted,Bangalore,Pune,84.42,,,,Expected Delivery Date is missing or invalid
SHO6896,BLUEDART,13/07/2024,In Transit,Hyderabad,Pune,-72.17,18/07/2024,,,Invalid freight cost
SHO6897,DHL,16/12/2025,Delivered,Bangalore,Pune,449.4,,22/12/2025,,Expected Delivery Date is missing or invalid
SHO6899,FEDEX,05/06/2024,UNKNOWN,Mumbai,Bangalore,31.44,09/06/2024,14/06/2024,,Invalid status
,BLUEDART,03/04/2026,Delivered,Chennai,Pune,19.11,,08/03/2026,,Missing shipment ID; Expected Delivery Date is missing or invalid; Delivered Date is before Ship Date
SHO6902,DHL,13/08/2024,Delayed,Hyderabad,Bangalore,-32.2,15/08/2024,19/08/2024,,Invalid freight cost
SHO6903,BLUEDART,11/01/2025,Accepted,Delhi,Chennai,475.46,,,,Expected Delivery Date is missing or invalid
SHO6906,DHL,,Accepted,Hyderabad,Mumbai,-56.17,05/07/2024,,,Invalid ship date; Invalid freight cost
SHO6907,FEDEX,,IN TRANS,Delhi,Bangalore,-32.44,23/03/2025,,,Invalid ship date; Invalid status; Invalid freight cost
SHO6909,FEDEX,11/12/2025,Delayed,Delhi,Mumbai,-5.72,14/12/2025,19/12/2025,,Invalid freight cost
,DHL,14/10/2024,Delayed,Bangalore,Pune,60.31,19/10/2024,,,Missing shipment ID
,BLUEDART,09/04/2024,UNKNOWN,Hyderabad,Delhi,441.55,,,,Missing shipment ID; Invalid status; Expected Delivery Date is missing or invalid
SHO6913,BLUEDART,24/01/2026,Delivered,Delhi,Mumbai,,29/01/2026,03/02/2026,5,Invalid freight cost
SHO6915,BLUEDART,26/07/2025,Delivered,Mumbai,Delhi,179.46,,28/07/2025,,Expected Delivery Date is missing or invalid
SHO6917,DHL,,UNKNOWN,Pune,Hyderabad,3.53,14/03/2024,15/03/2024,,Invalid ship date; Invalid status
SHO6918,DHL,11/05/2024,Delivered,Delhi,Chennai,-48.48,14/05/2024,17/05/2024,3,Invalid freight cost
SHO6919,DHL,28/12/2024,Delayed,Hyderabad,Pune,-16.38,31/12/2024,04/01/2025,,Invalid freight cost
SHO6921,FEDEX,26/05/2025,Pending,Hyderabad,Chennai,-4.46,28/05/2025,,,Invalid freight cost
SHO6922,FEDEX,17/06/2025,In Transit,Pune,Mumbai,-17.34,24/06/2025,,,Invalid freight cost
SHO6925,BLUEDART,04/06/2025,In Transit,Chennai,Bangalore,,,,,Expected Delivery Date is missing or invalid; Invalid freight cost
SHO6926,BLUEDART,30/08/2024,Delayed,Hyderabad,Chennai,-13.9,06/09/2024,15/09/2024,,Invalid freight cost
SHO6930,BLUEDART,23/03/2026,UNKNOWN,Hyderabad,Mumbai,92.66,,31/03/2026,,Invalid status; Expected Delivery Date is missing or invalid
SHO6933,DHL,,Accepted,Chennai,Delhi,472.68,15/02/2024,,,Invalid ship date
SHO6935,DHL,12/07/2024,IN TRANS,Chennai,Delhi,404.78,,,,Invalid status; Expected Delivery Date is missing or invalid
SHO6936,FEDEX,15/09/2024,Pending,Hyderabad,Mumbai,-75.3,19/09/2024,,,Invalid freight cost
SHO6937,FEDEX,19/06/2024,Delayed,Pune,Bangalore,494.16,,,,Expected Delivery Date is missing or invalid
SHO6938,FEDEX,16/01/2026,IN TRANS,Hyderabad,Bangalore,-0.42,23/01/2026,,,Invalid status; Invalid freight cost
SHO6939,DHL,,Delivered,Delhi,Mumbai,436.05,24/11/2025,,,Invalid ship date; Delivered Date is missing or invalid for Delivered status
SHO6941,FEDEX,02/02/2026,UNKNOWN,Hyderabad,Pune,178.47,06/02/2026,,,Invalid status
SHO6942,BLUEDART,19/04/2026,In Transit,Mumbai,Pune,,25/04/2026,,,Invalid freight cost
SHO6943,BLUEDART,19/07/2025,UNKNOWN,Bangalore,Delhi,-18.82,26/07/2025,27/07/2025,,Invalid status; Invalid freight cost
SHO6945,FEDEX,,In Transit,Bangalore,Delhi,344.2,06/08/2024,,,Invalid ship date
SHO6946,FEDEX,,UNKNOWN,Pune,Hyderabad,213.0,07/03/2026,10/03/2026,,Invalid ship date; Invalid status
SHO6947,FEDEX,02/09/2024,Delayed,Bangalore,Chennai,321.3,,08/09/2024,,Expected Delivery Date is missing or invalid
SHO6949,BLUEDART,10/12/2025,Pending,Mumbai,Pune,491.33,14/10/2025,,,Expected Delivery Date is before Ship Date
SHO6951,BLUEDART,14/02/2025,Delayed,Delhi,Hyderabad,,21/02/2025,28/02/2025,,Invalid freight cost
SHO6952,FEDEX,06/07/2025,In Transit,Mumbai,Pune,86.57,,,,Expected Delivery Date is missing or invalid
SHO6955,FEDEX,,IN TRANS,Mumbai,Hyderabad,458.67,,,,Invalid ship date; Invalid status; Expected Delivery Date is missing or invalid
SHO6956,DHL,07/11/2025,Delayed,Pune,Chennai,-13.06,,16/11/2025,,Expected Delivery Date is missing or invalid; Invalid freight cost
SHO6957,DHL,19/03/2025,Delayed,Bangalore,Mumbai,-78.52,,26/03/2025,,Expected Delivery Date is missing or invalid; Invalid freight cost
,DHL,06/10/2025,In Transit,Hyderabad,Mumbai,244.99,10/10/2025,,,Missing shipment ID
SHO6960,FEDEX,01/09/2025,Delayed,Pune,Mumbai,,,06/09/2025,,Expected Delivery Date is missing or invalid; Invalid freight cost
SHO6963,BLUEDART,26/08/2024,Accepted,Mumbai,Bangalore,240.09,,,,Expected Delivery Date is missing or invalid
SHO6964,FEDEX,28/10/2025,Delayed,Hyderabad,Chennai,,11/04/2025,10/11/2025,,Expected Delivery Date is before Ship Date; Invalid freight cost
SHO6965,DHL,01/03/2024,UNKNOWN,Chennai,Bangalore,88.56,,09/01/2024,,Invalid status; Expected Delivery Date is missing or invalid
SHO6966,DHL,25/07/2024,In Transit,Hyderabad,Mumbai,,30/07/2024,,,Invalid freight cost
SHO6967,BLUEDART,08/05/2024,Accepted,Delhi,Pune,47.39,,,,Expected Delivery Date is missing or invalid
SHO6968,FEDEX,,In Transit,Chennai,Hyderabad,148.66,16/04/2024,,,Invalid ship date
SHO6969,FEDEX,18/05/2026,UNKNOWN,Mumbai,Bangalore,340.93,25/05/2026,24/05/2026,,Invalid status
SHO6970,DHL,26/01/2026,IN TRANS,Pune,Delhi,425.66,29/01/2026,,,Invalid status
SHO6972,FEDEX,,UNKNOWN,Pune,Chennai,393.48,03/06/2024,03/06/2024,,Invalid ship date; Invalid status
SHO6973,DHL,,IN TRANS,Pune,Mumbai,73.64,,,,Invalid ship date; Invalid status; Expected Delivery Date is missing or invalid
SHO6974,DHL,05/10/2024,Pending,Pune,Hyderabad,361.39,16/05/2024,,,Expected Delivery Date is before Ship Date
SHO6975,BLUEDART,08/04/2026,Accepted,Pune,Mumbai,-13.15,10/04/2026,15/04/2026,,Invalid freight cost
SHO6977,DHL,12/11/2025,In Transit,Hyderabad,Delhi,-59.52,,,,Expected Delivery Date is missing or invalid; Invalid freight cost
SHO6978,DHL,,Accepted,Hyderabad,Mumbai,32.08,15/05/2024,,,Invalid ship date
SHO6980,BLUEDART,05/11/2025,Pending,Mumbai,Hyderabad,-57.21,09/11/2025,,,Invalid freight cost
SHO6981,BLUEDART,09/12/2024,UNKNOWN,Mumbai,Delhi,256.16,16/09/2024,21/09/2024,,Invalid status; Expected Delivery Date is before Ship Date
SHO6982,FEDEX,08/06/2025,Delivered,Mumbai,Delhi,101.03,,14/08/2025,,Expected Delivery Date is missing or invalid
SHO6984,DHL,10/04/2026,In Transit,Mumbai,Hyderabad,49.95,,,,Expected Delivery Date is missing or invalid
SHO6987,FEDEX,,Accepted,Pune,Bangalore,206.7,,,,Invalid ship date; Expected Delivery Date is missing or invalid
SHO6989,BLUEDART,,IN TRANS,Delhi,Chennai,182.45,07/09/2024,,,Invalid ship date; Invalid status
SHO6990,BLUEDART,26/12/2024,UNKNOWN,Delhi,Mumbai,121.05,28/12/2024,30/12/2024,,Invalid status
SHO6991,FEDEX,,Accepted,Pune,Chennai,300.86,30/04/2025,,,Invalid ship date
,DHL,07/06/2026,Pending,Delhi,Mumbai,32.64,14/06/2026,,,Missing shipment ID
SHO6995,DHL,26/08/2025,In Transit,Chennai,Hyderabad,74.06,,,,Expected Delivery Date is missing or invalid
SHO6996,FEDEX,25/02/2024,In Transit,Mumbai,Delhi,34.58,,,,Expected Delivery Date is missing or invalid
SHO6997,BLUEDART,22/04/2024,Delivered,Pune,Mumbai,384.94,28/04/2024,,,Delivered Date is missing or invalid for Delivered status
SHO7000,BLUEDART,01/07/2025,Delayed,Delhi,Mumbai,,01/09/2025,,,Invalid freight cost
SHO7001,BLUEDART,12/02/2025,Delayed,Chennai,Delhi,,12/06/2025,09/12/2025,,Invalid freight cost
SHO7002,FEDEX,,Delayed,Mumbai,Hyderabad,307.24,,,,Invalid ship date; Expected Delivery Date is missing or invalid
SHO7007,FEDEX,31/05/2026,Pending,Chennai,Mumbai,367.58,06/03/2026,,,Expected Delivery Date is before Ship Date
SHO7008,FEDEX,29/06/2024,In Transit,Chennai,Mumbai,282.93,,,,Expected Delivery Date is missing or invalid
SHO7009,FEDEX,09/12/2024,IN TRANS,Pune,Bangalore,418.13,15/09/2024,,,Invalid status; Expected Delivery Date is before Ship Date
SHO7011,BLUEDART,22/03/2026,UNKNOWN,Pune,Delhi,133.42,26/03/2026,27/03/2026,,Invalid status
,FEDEX,27/02/2024,In Transit,Delhi,Chennai,204.0,03/01/2024,,,Missing shipment ID; Expected Delivery Date is before Ship Date
SHO7014,FEDEX,,In Transit,Bangalore,Chennai,-79.94,28/02/2025,,,Invalid ship date; Invalid freight cost
SHO7015,BLUEDART,09/06/2025,Pending,Delhi,Chennai,466.66,,,,Expected Delivery Date is missing or invalid
SHO7016,DHL,03/02/2025,Delivered,Delhi,Pune,345.37,,03/08/2025,,Expected Delivery Date is missing or invalid
,BLUEDART,02/04/2025,Accepted,Bangalore,Pune,,09/04/2025,,,Missing shipment ID; Invalid freight cost
SHO7022,DHL,17/01/2026,Delayed,Pune,Hyderabad,295.01,,02/02/2026,,Expected Delivery Date is missing or invalid
SHO7024,FEDEX,,Delivered,Bangalore,Hyderabad,-33.38,,15/04/2024,,Invalid ship date; Expected Delivery Date is missing or invalid; Invalid freight cost
SHO7030,FEDEX,,IN TRANS,Mumbai,Hyderabad,446.43,16/03/2025,,,Invalid ship date; Invalid status
SHO7032,BLUEDART,,Delivered,Mumbai,Hyderabad,247.83,05/07/2024,,,Invalid ship date; Delivered Date is missing or invalid for Delivered status
SHO7033,DHL,08/11/2024,In Transit,Bangalore,Pune,278.9,17/08/2024,,,Expected Delivery Date is before Ship Date
SHO7035,DHL,18/10/2025,Pending,Mumbai,Hyderabad,,23/10/2025,,,Invalid freight cost
SHO7036,DHL,17/06/2026,Accepted,Delhi,Pune,56.83,,,,Expected Delivery Date is missing or invalid
SHO7037,FEDEX,,Pending,Pune,Chennai,17.3,21/08/2025,,,Invalid ship date
SHO7039,FEDEX,27/08/2024,Pending,Pune,Bangalore,185.69,,,,Expected Delivery Date is missing or invalid
SHO7041,FEDEX,06/05/2024,Accepted,Delhi,Hyderabad,439.61,,,,Expected Delivery Date is missing or invalid
SHO7043,FEDEX,28/08/2025,UNKNOWN,Delhi,Pune,197.38,30/08/2025,,,Invalid status
SHO7045,FEDEX,,Pending,Mumbai,Delhi,258.49,24/02/2026,,,Invalid ship date
SHO7046,BLUEDART,29/01/2024,Delivered,Pune,Delhi,138.07,02/01/2024,31/01/2024,29,Expected Delivery Date is before Ship Date
SHO7047,FEDEX,17/02/2024,In Transit,Mumbai,Pune,453.24,,,,Expected Delivery Date is missing or invalid
SHO7048,DHL,06/07/2024,Delivered,Pune,Hyderabad,259.66,,14/06/2024,,Expected Delivery Date is missing or invalid; Delivered Date is before Ship Date
SHO7050,FEDEX,04/10/2025,Pending,Chennai,Delhi,310.71,10/06/2025,,,Expected Delivery Date is before Ship Date
SHO7051,BLUEDART,,Delayed,Hyderabad,Chennai,5.97,,06/05/2026,,Invalid ship date; Expected Delivery Date is missing or invalid
SHO7053,DHL,06/09/2025,In Transit,Chennai,Hyderabad,-61.94,06/12/2025,,,Invalid freight cost
SHO7054,BLUEDART,25/04/2024,IN TRANS,Mumbai,Delhi,334.04,27/04/2024,,,Invalid status
SHO7056,DHL,26/03/2024,In Transit,Hyderabad,Chennai,,29/03/2024,,,Invalid freight cost
SHO7058,BLUEDART,19/07/2025,Pending,Bangalore,Delhi,343.97,,,,Expected Delivery Date is missing or invalid
SHO7059,FEDEX,,UNKNOWN,Hyderabad,Pune,292.65,30/03/2026,,,Invalid ship date; Invalid status
SHO7060,FEDEX,13/04/2025,Delivered,Hyderabad,Chennai,2.93,16/04/2025,,,Delivered Date is missing or invalid for Delivered status
SHO7063,FEDEX,07/10/2024,Pending,Pune,Hyderabad,434.95,12/07/2024,,,Expected Delivery Date is before Ship Date
SHO7065,DHL,12/03/2024,UNKNOWN,Pune,Bangalore,62.78,15/03/2024,,,Invalid status
SHO7069,BLUEDART,11/08/2025,Accepted,Chennai,Hyderabad,159.91,,,,Expected Delivery Date is missing or invalid
SHO7070,FEDEX,01/11/2024,Pending,Bangalore,Pune,328.4,11/08/2024,,,Expected Delivery Date is before Ship Date
SHO7071,DHL,18/08/2024,Delivered,Chennai,Hyderabad,381.24,,22/08/2024,,Expected Delivery Date is missing or invalid
SHO7073,FEDEX,07/02/2024,In Transit,Delhi,Mumbai,408.98,,,,Expected Delivery Date is missing or invalid
SHO7074,BLUEDART,12/01/2024,Pending,Hyderabad,Bangalore,396.57,,,,Expected Delivery Date is missing or invalid
SHO7075,BLUEDART,02/11/2025,Delivered,Chennai,Hyderabad,17.4,11/06/2025,08/11/2025,150,Expected Delivery Date is before Ship Date
,DHL,11/08/2025,In Transit,Bangalore,Delhi,63.24,14/11/2025,,,Missing shipment ID
SHO7080,DHL,26/10/2024,Pending,Pune,Mumbai,425.54,11/01/2024,,,Expected Delivery Date is before Ship Date
SHO7081,FEDEX,,Delayed,Hyderabad,Chennai,273.83,31/05/2025,04/06/2025,,Invalid ship date
,FEDEX,25/03/2024,In Transit,Bangalore,Pune,344.9,30/03/2024,,,Missing shipment ID
SHO7083,FEDEX,,In Transit,Pune,Delhi,268.82,04/05/2025,,,Invalid ship date
SHO7084,BLUEDART,11/02/2026,In Transit,Chennai,Pune,378.77,,,,Expected Delivery Date is missing or invalid
SHO7085,BLUEDART,03/08/2024,Delayed,Mumbai,Hyderabad,185.84,,,,Expected Delivery Date is missing or invalid
,FEDEX,17/05/2024,Delivered,Mumbai,Delhi,299.69,21/05/2024,26/05/2024,5,Missing shipment ID
SHO7088,FEDEX,,In Transit,Mumbai,Hyderabad,336.09,04/01/2024,,,Invalid ship date
SHO7089,DHL,28/03/2025,UNKNOWN,Hyderabad,Bangalore,239.45,30/03/2025,,,Invalid status
SHO7090,DHL,,Delayed,Delhi,Hyderabad,472.04,11/09/2024,09/12/2024,,Invalid ship date
SHO7091,FEDEX,31/07/2025,Delayed,Delhi,Pune,334.27,08/05/2025,,,Expected Delivery Date is before Ship Date
SHO7092,DHL,05/07/2025,Delayed,Chennai,Delhi,441.14,,21/05/2025,,Expected Delivery Date is missing or invalid
SHO7093,FEDEX,25/08/2024,Delivered,Chennai,Delhi,,09/01/2024,31/08/2024,235,Expected Delivery Date is before Ship Date; Invalid freight cost
,FEDEX,06/12/2025,IN TRANS,Pune,Hyderabad,-16.22,,,,Missing shipment ID; Invalid status; Expected Delivery Date is missing or invalid; Invalid freight cost
SHO7096,FEDEX,03/01/2025,UNKNOWN,Pune,Delhi,59.82,03/05/2025,05/03/2025,,Invalid status
,FEDEX,28/11/2025,UNKNOWN,Mumbai,Hyderabad,480.54,04/12/2025,07/12/2025,,Missing shipment ID; Invalid status
SHO7098,FEDEX,,Delayed,Hyderabad,Mumbai,44.0,17/12/2025,,,Invalid ship date
SHO7099,DHL,16/12/2024,Pending,Bangalore,Hyderabad,-61.54,,,,Expected Delivery Date is missing or invalid; Invalid freight cost
SHO7100,FEDEX,08/03/2024,Delivered,Chennai,Pune,-22.71,10/03/2024,12/03/2024,2,Invalid freight cost
SHO7101,DHL,26/03/2024,IN TRANS,Delhi,Pune,340.36,28/03/2024,,,Invalid status
SHO7102,DHL,16/08/2025,In Transit,Hyderabad,Bangalore,136.33,,,,Expected Delivery Date is missing or invalid
SHO7104,FEDEX,28/10/2025,Accepted,Hyderabad,Bangalore,372.73,11/02/2025,,,Expected Delivery Date is before Ship Date
SHO7105,BLUEDART,,Delivered,Delhi,Bangalore,141.59,22/12/2025,,,Invalid ship date; Delivered Date is missing or invalid for Delivered status
SHO7109,DHL,14/11/2024,In Transit,Chennai,Bangalore,26.16,,,,Expected Delivery Date is missing or invalid
SHO7110,DHL,18/07/2025,Accepted,Mumbai,Pune,233.05,,,,Expected Delivery Date is missing or invalid
SHO7113,DHL,08/04/2025,Delivered,Mumbai,Bangalore,-43.7,15/04/2025,16/04/2025,1,Invalid freight cost
SHO7115,BLUEDART,25/01/2024,In Transit,Mumbai,Delhi,0.25,,,,Expected Delivery Date is missing or invalid
SHO7116,FEDEX,31/07/2025,In Transit,Delhi,Chennai,360.39,,,,Expected Delivery Date is missing or invalid
SHO7120,DHL,,Delayed,Chennai,Hyderabad,388.95,21/02/2024,29/02/2024,,Invalid ship date
SHO7121,DHL,,Delivered,Bangalore,Chennai,482.78,01/09/2026,,,Invalid ship date; Delivered Date is missing or invalid for Delivered status
SHO7122,BLUEDART,04/05/2024,UNKNOWN,Chennai,Hyderabad,150.39,05/08/2024,,,Invalid status
SHO7123,DHL,27/12/2025,UNKNOWN,Chennai,Delhi,221.24,02/01/2026,04/01/2026,,Invalid status
SHO7124,DHL,21/07/2025,Accepted,Mumbai,Bangalore,-57.48,24/07/2025,,,Invalid freight cost
SHO7125,DHL,01/06/2025,In Transit,Hyderabad,Bangalore,455.86,13/01/2025,,,Expected Delivery Date is before Ship Date
SHO7126,DHL,,Accepted,Mumbai,Bangalore,26.05,02/09/2025,,,Invalid ship date
SHO7127,BLUEDART,17/09/2024,Pending,Delhi,Bangalore,173.77,,,,Expected Delivery Date is missing or invalid
SHO7128,DHL,20/09/2025,Accepted,Pune,Chennai,,24/09/2025,,,Invalid freight cost
SHO7130,DHL,06/09/2024,UNKNOWN,Delhi,Chennai,95.11,08/09/2024,,,Invalid status
SHO7131,BLUEDART,30/07/2025,Delivered,Bangalore,Mumbai,-62.87,,04/08/2025,,Expected Delivery Date is missing or invalid; Invalid freight cost
SHO7136,FEDEX,,Pending,Delhi,Mumbai,268.4,22/10/2024,,,Invalid ship date
,BLUEDART,26/10/2024,Delayed,Bangalore,Pune,7.66,30/10/2024,11/05/2024,,Missing shipment ID
SHO7138,DHL,11/11/2025,Pending,Delhi,Pune,-54.25,15/11/2025,,,Invalid freight cost
SHO7139,BLUEDART,27/05/2024,IN TRANS,Hyderabad,Delhi,422.24,06/02/2024,,,Invalid status; Expected Delivery Date is before Ship Date
SHO7141,BLUEDART,07/08/2024,Delayed,Delhi,Chennai,362.7,13/07/2024,22/07/2024,,Expected Delivery Date is before Ship Date
SHO7143,DHL,02/06/2025,UNKNOWN,Mumbai,Chennai,-8.22,,,,Invalid status; Expected Delivery Date is missing or invalid; Invalid freight cost
SHO7145,DHL,01/07/2026,UNKNOWN,Chennai,Pune,407.34,13/01/2026,,,Invalid status; Expected Delivery Date is before Ship Date
SHO7148,BLUEDART,23/05/2024,Delayed,Pune,Bangalore,398.32,,,,Expected Delivery Date is missing or invalid
SHO7149,BLUEDART,26/02/2025,Delivered,Delhi,Pune,349.72,03/03/2025,,,Delivered Date is missing or invalid for Delivered status
SHO7150,BLUEDART,04/10/2024,Delayed,Mumbai,Chennai,,,19/04/2024,,Expected Delivery Date is missing or invalid; Invalid freight cost
SHO7151,BLUEDART,17/05/2024,In Transit,Mumbai,Pune,408.74,,,,Expected Delivery Date is missing or invalid
SHO7158,DHL,26/03/2025,In Transit,Mumbai,Chennai,,29/03/2025,,,Invalid freight cost
SHO7161,FEDEX,20/10/2025,Accepted,Hyderabad,Bangalore,13.83,,,,Expected Delivery Date is missing or invalid
SHO7162,FEDEX,17/01/2024,Delivered,Hyderabad,Bangalore,,,28/01/2024,,Expected Delivery Date is missing or invalid; Invalid freight cost
SHO7163,BLUEDART,,Delivered,Delhi,Hyderabad,376.7,23/04/2026,21/04/2026,0,Invalid ship date
SHO7164,BLUEDART,02/08/2024,In Transit,Chennai,Hyderabad,-25.81,08/07/2024,,,Expected Delivery Date is before Ship Date; Invalid freight cost
SHO7165,BLUEDART,,In Transit,Mumbai,Bangalore,181.73,28/12/2025,,,Invalid ship date
SHO7168,BLUEDART,30/01/2026,Pending,Mumbai,Pune,-57.95,04/02/2026,,,Invalid freight cost
SHO7169,DHL,17/02/2024,Delayed,Delhi,Mumbai,98.5,,,,Expected Delivery Date is missing or invalid
SHO7170,DHL,06/09/2026,Delivered,Hyderabad,Chennai,-48.88,16/06/2026,16/06/2026,0,Expected Delivery Date is before Ship Date; Delivered Date is before Ship Date; Invalid freight cost
SHO7171,FEDEX,05/02/2025,Delayed,Bangalore,Delhi,-63.11,07/02/2025,13/02/2025,,Invalid freight cost
SHO7174,FEDEX,,Accepted,Bangalore,Chennai,338.46,04/05/2024,,,Invalid ship date
SHO7175,BLUEDART,03/09/2025,Accepted,Pune,Chennai,53.52,11/03/2025,,,Expected Delivery Date is before Ship Date
SHO7177,FEDEX,,Delayed,Hyderabad,Bangalore,137.54,05/02/2024,14/02/2024,,Invalid ship date
SHO7180,BLUEDART,02/04/2026,In Transit,Hyderabad,Bangalore,486.36,,,,Expected Delivery Date is missing or invalid
SHO7182,BLUEDART,14/04/2024,In Transit,Hyderabad,Bangalore,250.49,,,,Expected Delivery Date is missing or invalid
SHO7186,BLUEDART,31/05/2025,In Transit,Chennai,Mumbai,490.17,06/02/2025,,,Expected Delivery Date is before Ship Date
SHO7188,FEDEX,11/01/2025,IN TRANS,Bangalore,Mumbai,348.75,04/11/2025,,,Invalid status
SHO7190,FEDEX,17/11/2025,Delivered,Chennai,Delhi,396.25,21/11/2025,,,Delivered Date is missing or invalid for Delivered status
SHO7191,FEDEX,,In Transit,Chennai,Bangalore,368.68,,,,Invalid ship date; Expected Delivery Date is missing or invalid
SHO7192,BLUEDART,,In Transit,Delhi,Pune,95.57,14/10/2025,,,Invalid ship date
SHO7193,DHL,26/12/2025,Delivered,Delhi,Chennai,182.03,30/12/2025,,,Delivered Date is missing or invalid for Delivered status
SHO7198,BLUEDART,08/11/2025,Delivered,Hyderabad,Mumbai,339.72,,,,Expected Delivery Date is missing or invalid; Delivered Date is missing or invalid for Delivered status
SHO7201,DHL,,Accepted,Mumbai,Hyderabad,150.0,15/04/2025,,,Invalid ship date
SHO7202,FEDEX,06/05/2026,Delayed,Chennai,Hyderabad,-43.37,13/05/2026,,,Invalid freight cost
SHO7203,DHL,13/03/2026,Delivered,Bangalore,Chennai,109.95,18/03/2026,,,Delivered Date is missing or invalid for Delivered status
SHO7204,DHL,,In Transit,Pune,Bangalore,84.31,20/05/2025,,,Invalid ship date
SHO7207,FEDEX,23/06/2026,UNKNOWN,Bangalore,Mumbai,92.41,28/06/2026,,,Invalid status
SHO7208,FEDEX,,Delivered,Mumbai,Hyderabad,,25/03/2024,30/03/2024,5,Invalid ship date; Invalid freight cost
SHO7211,BLUEDART,23/07/2024,UNKNOWN,Delhi,Hyderabad,32.76,26/07/2024,,,Invalid status
SHO7212,BLUEDART,,Delivered,Hyderabad,Bangalore,296.85,,06/05/2025,,Invalid ship date; Expected Delivery Date is missing or invalid
SHO7213,BLUEDART,14/10/2025,In Transit,Bangalore,Hyderabad,455.84,,,,Expected Delivery Date is missing or invalid
SHO7214,FEDEX,27/02/2024,Delayed,Delhi,Mumbai,,,03/06/2024,,Expected Delivery Date is missing or invalid; Invalid freight cost
SHO7215,BLUEDART,,Pending,Pune,Hyderabad,175.69,,,,Invalid ship date; Expected Delivery Date is missing or invalid
SHO7217,BLUEDART,08/01/2026,Delivered,Chennai,Pune,,01/11/2026,09/01/2026,0,Invalid freight cost
SHO7218,FEDEX,06/10/2025,Pending,Mumbai,Hyderabad,369.26,,,,Expected Delivery Date is missing or invalid
,FEDEX,24/04/2025,Pending,Delhi,Pune,464.13,,,,Missing shipment ID; Expected Delivery Date is missing or invalid
SHO7220,DHL,03/12/2025,Accepted,Pune,Chennai,,14/03/2025,03/12/2025,,Expected Delivery Date is before Ship Date; Invalid freight cost
SHO7221,FEDEX,09/06/2026,Delivered,Hyderabad,Mumbai,247.55,,15/06/2026,,Expected Delivery Date is missing or invalid
SHO7222,DHL,31/08/2024,IN TRANS,Delhi,Pune,280.23,,,,Invalid status; Expected Delivery Date is missing or invalid
SHO7223,BLUEDART,03/04/2024,In Transit,Chennai,Hyderabad,340.47,,,,Expected Delivery Date is missing or invalid
SHO7225,FEDEX,12/12/2025,Delivered,Mumbai,Chennai,-37.83,15/12/2025,19/12/2025,4,Invalid freight cost
,FEDEX,14/04/2025,Delivered,Mumbai,Bangalore,93.44,17/04/2025,,,Missing shipment ID; Delivered Date is missing or invalid for Delivered status
SHO7229,FEDEX,06/02/2025,Pending,Delhi,Pune,363.25,,,,Expected Delivery Date is missing or invalid
SHO7230,FEDEX,06/09/2026,Accepted,Bangalore,Chennai,492.3,15/06/2026,,,Expected Delivery Date is before Ship Date
SHO7237,BLUEDART,06/02/2026,Delayed,Delhi,Mumbai,119.68,,15/02/2026,,Expected Delivery Date is missing or invalid
SHO7238,DHL,,Delivered,Bangalore,Mumbai,477.84,,01/03/2024,,Invalid ship date; Expected Delivery Date is missing or invalid
SHO7240,FEDEX,02/10/2025,Delayed,Delhi,Chennai,218.55,15/02/2025,25/02/2025,,Expected Delivery Date is before Ship Date
,FEDEX,12/06/2026,Delivered,Hyderabad,Delhi,413.71,,21/06/2026,,Missing shipment ID; Expected Delivery Date is missing or invalid
SHO7243,BLUEDART,16/04/2025,In Transit,Hyderabad,Pune,160.31,,,,Expected Delivery Date is missing or invalid
SHO7244,FEDEX,17/03/2026,IN TRANS,Bangalore,Chennai,311.82,,,,Invalid status; Expected Delivery Date is missing or invalid
SHO7245,BLUEDART,29/05/2026,Delayed,Mumbai,Chennai,368.07,,13/06/2026,,Expected Delivery Date is missing or invalid
,DHL,22/02/2024,Pending,Pune,Hyderabad,473.14,28/02/2024,,,Missing shipment ID
SHO7248,BLUEDART,24/06/2025,Delivered,Delhi,Chennai,-14.18,01/07/2025,29/06/2025,0,Invalid freight cost
SHO7249,BLUEDART,05/08/2025,Delayed,Hyderabad,Bangalore,416.01,13/05/2025,,,Expected Delivery Date is before Ship Date
SHO7250,DHL,,In Transit,Hyderabad,Bangalore,284.31,,,,Invalid ship date; Expected Delivery Date is missing or invalid
SHO7251,BLUEDART,28/08/2024,In Transit,Mumbai,Chennai,473.16,,,,Expected Delivery Date is missing or invalid
SHO7252,BLUEDART,,In Transit,Delhi,Bangalore,220.35,02/11/2024,,,Invalid ship date
SHO7253,BLUEDART,,Delayed,Chennai,Mumbai,146.66,19/12/2024,28/12/2024,,Invalid ship date
SHO7254,BLUEDART,11/04/2024,In Transit,Hyderabad,Pune,,,,,Expected Delivery Date is missing or invalid; Invalid freight cost
SHO7256,BLUEDART,25/11/2024,Pending,Mumbai,Pune,-53.33,30/11/2024,,,Invalid freight cost
SHO7258,DHL,29/04/2026,IN TRANS,Chennai,Hyderabad,-53.25,,,,Invalid status; Expected Delivery Date is missing or invalid; Invalid freight cost
SHO7260,DHL,,In Transit,Bangalore,Hyderabad,316.18,24/03/2025,,,Invalid ship date
SHO7261,BLUEDART,,Delayed,Chennai,Delhi,489.42,29/12/2025,01/04/2026,,Invalid ship date
SHO7265,FEDEX,22/10/2025,IN TRANS,Hyderabad,Bangalore,-30.85,27/10/2025,,,Invalid status; Invalid freight cost
SHO7266,FEDEX,,In Transit,Chennai,Delhi,462.68,06/05/2024,,,Invalid ship date
SHO7268,DHL,28/06/2024,Delayed,Mumbai,Pune,261.66,07/02/2024,08/07/2024,,Expected Delivery Date is before Ship Date
SHO7269,DHL,25/04/2024,Delivered,Bangalore,Hyderabad,,28/04/2024,26/04/2024,0,Invalid freight cost
SHO7273,DHL,,Pending,Chennai,Pune,491.74,,,,Invalid ship date; Expected Delivery Date is missing or invalid
SHO7274,DHL,29/07/2025,In Transit,Hyderabad,Mumbai,45.08,,,,Expected Delivery Date is missing or invalid
SHO7276,DHL,05/05/2025,UNKNOWN,Hyderabad,Mumbai,291.61,10/05/2025,09/05/2025,,Invalid status
SHO7277,BLUEDART,,Accepted,Delhi,Mumbai,165.89,26/11/2025,,,Invalid ship date
SHO7278,BLUEDART,,Accepted,Chennai,Pune,203.22,11/04/2025,18/04/2025,,Invalid ship date
SHO7280,DHL,21/05/2025,In Transit,Pune,Mumbai,232.47,,,,Expected Delivery Date is missing or invalid
SHO7281,FEDEX,23/05/2026,In Transit,Bangalore,Hyderabad,277.81,,,,Expected Delivery Date is missing or invalid
SHO7283,BLUEDART,18/09/2024,In Transit,Chennai,Hyderabad,198.29,,,,Expected Delivery Date is missing or invalid
SHO7287,BLUEDART,22/03/2025,Delivered,Delhi,Chennai,373.16,,28/03/2025,,Expected Delivery Date is missing or invalid
SHO7288,BLUEDART,06/07/2025,IN TRANS,Bangalore,Hyderabad,-13.73,,,,Invalid status; Expected Delivery Date is missing or invalid; Invalid freight cost
,DHL,25/08/2025,Accepted,Bangalore,Delhi,395.13,28/08/2025,,,Missing shipment ID
SHO7290,BLUEDART,,Pending,Delhi,Bangalore,272.34,06/02/2024,,,Invalid ship date
SHO7292,BLUEDART,30/06/2024,Delivered,Hyderabad,Mumbai,-18.59,,03/07/2024,,Expected Delivery Date is missing or invalid; Invalid freight cost
SHO7293,DHL,04/02/2024,Delayed,Bangalore,Pune,-34.46,02/07/2024,15/02/2024,,Invalid freight cost
SHO7294,FEDEX,23/01/2026,Delayed,Pune,Chennai,-31.12,,01/02/2026,,Expected Delivery Date is missing or invalid; Invalid freight cost
SHO7295,DHL,05/05/2025,Delivered,Chennai,Delhi,89.36,,15/05/2025,,Expected Delivery Date is missing or invalid
,DHL,15/04/2026,In Transit,Chennai,Delhi,218.43,22/04/2026,,,Missing shipment ID
SHO7297,BLUEDART,21/04/2025,Pending,Bangalore,Delhi,12.33,,,,Expected Delivery Date is missing or invalid
,BLUEDART,05/06/2024,Delayed,Bangalore,Pune,157.35,,11/05/2024,,Missing shipment ID; Expected Delivery Date is missing or invalid
SHO7300,DHL,02/06/2025,Delayed,Delhi,Mumbai,-58.1,13/02/2025,16/02/2025,,Expected Delivery Date is before Ship Date; Invalid freight cost
SHO7301,BLUEDART,,Accepted,Delhi,Bangalore,357.95,,,,Invalid ship date; Expected Delivery Date is missing or invalid
SHO7303,FEDEX,,UNKNOWN,Delhi,Chennai,-40.73,21/02/2025,22/02/2025,,Invalid ship date; Invalid status; Invalid freight cost
SHO7304,FEDEX,,Accepted,Pune,Delhi,176.38,,,,Invalid ship date; Expected Delivery Date is missing or invalid
SHO7305,DHL,,In Transit,Bangalore,Hyderabad,100.92,10/02/2026,,,Invalid ship date
SHO7309,DHL,21/05/2025,Delayed,Hyderabad,Pune,193.37,,26/05/2025,,Expected Delivery Date is missing or invalid
SHO7310,BLUEDART,23/04/2024,IN TRANS,Delhi,Chennai,475.4,30/04/2024,,,Invalid status
SHO7312,BLUEDART,,UNKNOWN,Pune,Bangalore,396.43,18/11/2024,,,Invalid ship date; Invalid status
SHO7315,FEDEX,02/12/2024,Pending,Bangalore,Mumbai,80.14,17/02/2024,,,Expected Delivery Date is before Ship Date
SHO7316,BLUEDART,11/01/2025,In Transit,Chennai,Delhi,226.62,,,,Expected Delivery Date is missing or invalid
SHO7317,BLUEDART,09/10/2025,Delayed,Delhi,Chennai,422.23,,24/10/2025,,Expected Delivery Date is missing or invalid
SHO7318,DHL,,In Transit,Hyderabad,Mumbai,247.58,11/06/2024,,,Invalid ship date
SHO7319,FEDEX,30/12/2024,Delayed,Delhi,Chennai,328.04,,,,Expected Delivery Date is missing or invalid
SHO7320,FEDEX,,IN TRANS,Pune,Delhi,-12.8,16/01/2024,,,Invalid ship date; Invalid status; Invalid freight cost
,FEDEX,07/05/2024,Delayed,Mumbai,Hyderabad,-42.84,,19/05/2024,,Missing shipment ID; Expected Delivery Date is missing or invalid; Invalid freight cost
SHO7322,FEDEX,,In Transit,Chennai,Hyderabad,480.86,26/08/2025,,,Invalid ship date
SHO7323,BLUEDART,13/11/2025,UNKNOWN,Pune,Hyderabad,258.09,16/11/2025,19/11/2025,,Invalid status
SHO7325,DHL,17/02/2025,In Transit,Hyderabad,Mumbai,217.29,,,,Expected Delivery Date is missing or invalid
SHO7326,DHL,28/03/2025,UNKNOWN,Pune,Delhi,308.06,30/03/2025,,,Invalid status
,DHL,,Pending,Mumbai,Chennai,490.88,07/10/2024,,,Missing shipment ID; Invalid ship date
SHO7328,DHL,10/11/2024,IN TRANS,Delhi,Bangalore,135.96,17/10/2024,,,Invalid status; Expected Delivery Date is before Ship Date
SHO7331,BLUEDART,06/09/2024,Delivered,Mumbai,Bangalore,203.93,06/11/2024,16/06/2024,0,Delivered Date is before Ship Date
SHO7332,FEDEX,03/02/2025,Delivered,Bangalore,Hyderabad,-75.33,03/06/2025,03/10/2025,122,Invalid freight cost
SHO7337,BLUEDART,,In Transit,Mumbai,Chennai,266.9,11/04/2025,,,Invalid ship date
SHO7338,BLUEDART,03/09/2024,Delivered,Bangalore,Hyderabad,-26.31,08/09/2024,10/09/2024,2,Invalid freight cost
,DHL,26/08/2025,Accepted,Bangalore,Hyderabad,131.14,31/08/2025,,,Missing shipment ID
SHO7343,DHL,24/02/2026,Delivered,Pune,Chennai,244.49,,03/07/2026,,Expected Delivery Date is missing or invalid
,FEDEX,26/08/2025,Delivered,Chennai,Delhi,-74.0,,,,Missing shipment ID; Expected Delivery Date is missing or invalid; Delivered Date is missing or invalid for Delivered status; Invalid freight cost
SHO7346,BLUEDART,18/09/2024,Pending,Chennai,Pune,435.32,,,,Expected Delivery Date is missing or invalid
SHO7347,DHL,12/09/2025,In Transit,Bangalore,Mumbai,-25.12,19/09/2025,,,Invalid freight cost
SHO7348,DHL,20/10/2024,Delayed,Hyderabad,Bangalore,-36.9,27/10/2024,11/03/2024,,Invalid freight cost
SHO7349,DHL,01/06/2026,UNKNOWN,Chennai,Delhi,,06/08/2026,,,Invalid status; Invalid freight cost
,DHL,16/05/2025,Pending,Bangalore,Hyderabad,17.76,21/05/2025,,,Missing shipment ID
SHO7351,FEDEX,,Delivered,Mumbai,Pune,-8.64,19/08/2024,21/08/2024,2,Invalid ship date; Invalid freight cost
SHO7352,FEDEX,17/03/2025,Pending,Hyderabad,Mumbai,349.31,,,,Expected Delivery Date is missing or invalid
SHO7353,FEDEX,,Pending,Mumbai,Bangalore,-31.21,13/01/2026,,,Invalid ship date; Invalid freight cost
SHO7355,DHL,22/05/2026,Delivered,Pune,Bangalore,-37.35,,29/05/2026,,Expected Delivery Date is missing or invalid; Invalid freight cost
SHO7356,FEDEX,,Pending,Bangalore,Mumbai,369.18,,,,Invalid ship date; Expected Delivery Date is missing or invalid
SHO7357,BLUEDART,26/01/2025,Delivered,Chennai,Hyderabad,314.6,,30/01/2025,,Expected Delivery Date is missing or invalid
SHO7358,DHL,05/10/2024,Delayed,Hyderabad,Chennai,175.25,15/05/2024,,,Expected Delivery Date is before Ship Date
SHO7362,DHL,,IN TRANS,Hyderabad,Delhi,73.58,,,,Invalid ship date; Invalid status; Expected Delivery Date is missing or invalid
SHO7363,BLUEDART,,Delivered,Chennai,Pune,248.81,19/12/2025,17/12/2025,0,Invalid ship date
SHO7367,BLUEDART,23/01/2025,Delayed,Chennai,Pune,-24.71,26/01/2025,27/01/2025,,Invalid freight cost
SHO7368,DHL,21/10/2024,In Transit,Chennai,Delhi,171.34,,,,Expected Delivery Date is missing or invalid
SHO7372,BLUEDART,26/04/2025,Accepted,Chennai,Mumbai,-23.73,01/05/2025,04/05/2025,,Invalid freight cost
SHO7374,FEDEX,08/09/2025,UNKNOWN,Pune,Delhi,186.62,,,,Invalid status; Expected Delivery Date is missing or invalid
SHO7375,FEDEX,22/02/2026,IN TRANS,Mumbai,Hyderabad,415.64,28/02/2026,,,Invalid status
SHO7376,FEDEX,17/05/2025,Delivered,Mumbai,Hyderabad,-74.44,23/05/2025,23/05/2025,0,Invalid freight cost
SHO7377,BLUEDART,,In Transit,Hyderabad,Delhi,372.11,16/03/2025,,,Invalid ship date
SHO7378,FEDEX,18/06/2026,Delivered,Hyderabad,Mumbai,367.25,,28/06/2026,,Expected Delivery Date is missing or invalid
SHO7379,FEDEX,14/05/2024,IN TRANS,Hyderabad,Bangalore,-68.22,,,,Invalid status; Expected Delivery Date is missing or invalid; Invalid freight cost
SHO7381,BLUEDART,20/04/2026,Delayed,Mumbai,Bangalore,-63.28,23/04/2026,05/02/2026,,Invalid freight cost
SHO7382,FEDEX,07/01/2024,In Transit,Hyderabad,Bangalore,-63.0,,,,Expected Delivery Date is missing or invalid; Invalid freight cost
SHO7384,FEDEX,,Pending,Bangalore,Hyderabad,384.12,15/01/2025,,,Invalid ship date
SHO7386,FEDEX,25/12/2025,In Transit,Mumbai,Chennai,393.25,,,,Expected Delivery Date is missing or invalid
SHO7387,BLUEDART,11/07/2025,Delivered,Mumbai,Hyderabad,,14/11/2025,12/11/2025,0,Invalid freight cost
SHO7389,FEDEX,,Delayed,Mumbai,Delhi,65.04,08/03/2025,08/08/2025,,Invalid ship date
SHO7391,FEDEX,06/03/2024,UNKNOWN,Chennai,Bangalore,237.52,,,,Invalid status; Expected Delivery Date is missing or invalid
SHO7392,DHL,,In Transit,Delhi,Hyderabad,143.82,27/08/2024,,,Invalid ship date
SHO7394,DHL,10/02/2025,Delayed,Delhi,Chennai,273.7,,17/02/2025,,Expected Delivery Date is missing or invalid
SHO7395,BLUEDART,28/11/2024,Delivered,Mumbai,Hyderabad,316.98,,07/12/2024,,Expected Delivery Date is missing or invalid
SHO7396,BLUEDART,18/02/2024,Pending,Hyderabad,Mumbai,-27.08,21/02/2024,,,Invalid freight cost
SHO7398,DHL,01/02/2025,Delivered,Chennai,Hyderabad,-77.95,05/02/2025,05/02/2025,0,Invalid freight cost
SHO7399,FEDEX,25/01/2026,Accepted,Pune,Chennai,40.02,,,,Expected Delivery Date is missing or invalid
SHO7400,FEDEX,28/03/2024,Delayed,Pune,Delhi,-54.77,01/04/2024,,,Invalid freight cost
SHO7401,DHL,,Pending,Chennai,Hyderabad,299.09,,,,Invalid ship date; Expected Delivery Date is missing or invalid
SHO7403,FEDEX,28/10/2024,Delayed,Hyderabad,Bangalore,-35.38,,12/11/2024,,Expected Delivery Date is missing or invalid; Invalid freight cost
SHO7404,FEDEX,04/08/2025,In Transit,Pune,Delhi,235.62,08/07/2025,,,Expected Delivery Date is before Ship Date
SHO7405,DHL,,Delayed,Chennai,Pune,222.02,21/06/2024,23/06/2024,,Invalid ship date
SHO7406,FEDEX,18/12/2025,UNKNOWN,Mumbai,Pune,408.97,24/12/2025,30/12/2025,,Invalid status
SHO7408,DHL,23/02/2025,In Transit,Chennai,Hyderabad,357.0,03/02/2025,,,Expected Delivery Date is before Ship Date
SHO7410,DHL,04/07/2026,UNKNOWN,Bangalore,Delhi,163.07,04/12/2026,14/04/2026,,Invalid status
SHO7413,DHL,12/12/2024,IN TRANS,Delhi,Chennai,229.82,14/12/2024,,,Invalid status
SHO7414,FEDEX,05/05/2026,UNKNOWN,Pune,Hyderabad,-65.38,08/05/2026,,,Invalid status; Invalid freight cost
SHO7415,FEDEX,,Delivered,Hyderabad,Pune,273.9,10/10/2025,,,Invalid ship date; Delivered Date is missing or invalid for Delivered status
SHO7416,BLUEDART,,Delivered,Mumbai,Pune,270.46,,03/09/2024,,Invalid ship date; Expected Delivery Date is missing or invalid
SHO7417,BLUEDART,16/01/2024,Delivered,Hyderabad,Pune,39.45,,23/01/2024,,Expected Delivery Date is missing or invalid
SHO7418,DHL,03/05/2024,In Transit,Hyderabad,Delhi,498.95,,,,Expected Delivery Date is missing or invalid
SHO7420,DHL,,In Transit,Bangalore,Chennai,152.99,08/10/2025,,,Invalid ship date
SHO7421,FEDEX,,Pending,Chennai,Bangalore,163.17,,,,Invalid ship date; Expected Delivery Date is missing or invalid
SHO7423,FEDEX,,In Transit,Pune,Delhi,479.33,18/08/2024,,,Invalid ship date
SHO7424,FEDEX,23/07/2024,UNKNOWN,Mumbai,Delhi,-21.48,26/07/2024,28/07/2024,,Invalid status; Invalid freight cost
SHO7425,BLUEDART,05/06/2024,Accepted,Bangalore,Delhi,158.62,,,,Expected Delivery Date is missing or invalid
SHO7426,DHL,25/03/2025,In Transit,Pune,Delhi,285.76,,,,Expected Delivery Date is missing or invalid
SHO7427,BLUEDART,,Delayed,Hyderabad,Chennai,185.53,15/07/2024,,,Invalid ship date
SHO7428,DHL,22/01/2026,Accepted,Hyderabad,Pune,243.33,,01/02/2026,,Expected Delivery Date is missing or invalid
SHO7429,DHL,04/09/2024,In Transit,Bangalore,Mumbai,189.44,16/04/2024,,,Expected Delivery Date is before Ship Date
SHO7431,BLUEDART,,Delayed,Delhi,Chennai,393.67,03/06/2025,10/03/2025,,Invalid ship date
SHO7434,DHL,25/06/2025,Delayed,Chennai,Delhi,56.37,,09/07/2025,,Expected Delivery Date is missing or invalid
SHO7436,BLUEDART,17/08/2024,In Transit,Hyderabad,Pune,-15.23,20/08/2024,,,Invalid freight cost
SHO7437,FEDEX,,In Transit,Bangalore,Hyderabad,455.97,05/03/2024,,,Invalid ship date
SHO7438,DHL,03/10/2026,Delivered,Pune,Bangalore,,13/03/2026,,,Delivered Date is missing or invalid for Delivered status; Expected Delivery Date is before Ship Date; Invalid freight cost
SHO7440,FEDEX,30/03/2026,Delivered,Mumbai,Chennai,281.35,04/02/2026,03/04/2026,58,Expected Delivery Date is before Ship Date
SHO7441,FEDEX,04/05/2024,Delivered,Pune,Mumbai,448.48,,07/04/2024,,Expected Delivery Date is missing or invalid; Delivered Date is before Ship Date
SHO7442,DHL,05/04/2024,In Transit,Bangalore,Mumbai,307.28,,,,Expected Delivery Date is missing or invalid
SHO7444,FEDEX,21/10/2025,In Transit,Chennai,Delhi,-69.01,,,,Expected Delivery Date is missing or invalid; Invalid freight cost
SHO7445,BLUEDART,25/02/2026,Delayed,Chennai,Bangalore,208.4,,03/05/2026,,Expected Delivery Date is missing or invalid
SHO7449,BLUEDART,,Delayed,Pune,Bangalore,30.72,22/01/2026,28/01/2026,,Invalid ship date
SHO7450,BLUEDART,14/03/2024,Accepted,Bangalore,Chennai,150.26,,,,Expected Delivery Date is missing or invalid
SHO7451,BLUEDART,,UNKNOWN,Mumbai,Hyderabad,193.04,26/11/2024,,,Invalid ship date; Invalid status
SHO7452,FEDEX,23/09/2025,In Transit,Delhi,Mumbai,-72.71,,,,Expected Delivery Date is missing or invalid; Invalid freight cost
SHO7453,FEDEX,15/08/2025,Accepted,Bangalore,Pune,,18/08/2025,,,Invalid freight cost
SHO7454,DHL,01/09/2024,UNKNOWN,Chennai,Pune,365.53,09/08/2024,,,Invalid status; Expected Delivery Date is before Ship Date
SHO7456,FEDEX,26/07/2024,Delayed,Chennai,Hyderabad,309.18,08/01/2024,08/08/2024,,Expected Delivery Date is before Ship Date
SHO7457,DHL,,Delayed,Pune,Mumbai,356.75,16/04/2024,19/04/2024,,Invalid ship date
SHO7458,BLUEDART,,Pending,Mumbai,Delhi,-64.5,13/12/2024,,,Invalid ship date; Invalid freight cost
SHO7459,FEDEX,27/07/2025,IN TRANS,Chennai,Pune,414.3,08/03/2025,,,Invalid status; Expected Delivery Date is before Ship Date
SHO7463,DHL,12/08/2024,IN TRANS,Bangalore,Mumbai,,15/08/2024,,,Invalid status; Invalid freight cost
SHO7465,BLUEDART,17/01/2025,Delivered,Pune,Delhi,-18.03,21/01/2025,24/01/2025,3,Invalid freight cost
SHO7466,DHL,26/01/2025,Delayed,Mumbai,Bangalore,329.18,,02/10/2025,,Expected Delivery Date is missing or invalid
SHO7467,DHL,08/04/2024,IN TRANS,Pune,Mumbai,,08/11/2024,,,Invalid status; Invalid freight cost
,DHL,04/08/2025,IN TRANS,Delhi,Hyderabad,279.35,14/04/2025,,,Missing shipment ID; Invalid status; Expected Delivery Date is before Ship Date
SHO7469,BLUEDART,,In Transit,Pune,Mumbai,452.79,14/03/2026,,,Invalid ship date
SHO7470,DHL,22/03/2025,In Transit,Pune,Delhi,179.24,,,,Expected Delivery Date is missing or invalid
SHO7471,BLUEDART,,Pending,Bangalore,Delhi,354.25,26/03/2026,,,Invalid ship date
SHO7472,DHL,23/02/2025,Delivered,Mumbai,Pune,122.3,03/02/2025,07/03/2025,32,Expected Delivery Date is before Ship Date
SHO7474,BLUEDART,14/03/2024,IN TRANS,Pune,Hyderabad,280.27,17/03/2024,,,Invalid status
SHO7475,FEDEX,,In Transit,Pune,Bangalore,-35.15,10/04/2026,,,Invalid ship date; Invalid freight cost
SHO7477,DHL,,Pending,Bangalore,Hyderabad,465.7,,,,Invalid ship date; Expected Delivery Date is missing or invalid
SHO7478,FEDEX,,Delayed,Chennai,Mumbai,6.2,04/08/2025,08/08/2025,,Invalid ship date
SHO7480,FEDEX,,Accepted,Hyderabad,Chennai,-57.71,25/10/2024,02/11/2024,,Invalid ship date; Invalid freight cost
SHO7482,BLUEDART,02/04/2025,Accepted,Bangalore,Mumbai,15.34,10/02/2025,,,Expected Delivery Date is before Ship Date
SHO7484,DHL,06/01/2026,Accepted,Hyderabad,Bangalore,435.72,,,,Expected Delivery Date is missing or invalid
SHO7486,BLUEDART,18/03/2026,Accepted,Delhi,Bangalore,-21.93,,,,Expected Delivery Date is missing or invalid; Invalid freight cost
SHO7490,FEDEX,09/08/2024,Delayed,Bangalore,Chennai,49.53,,14/08/2024,,Expected Delivery Date is missing or invalid
SHO7491,DHL,14/05/2025,Delivered,Bangalore,Hyderabad,437.63,,,,Expected Delivery Date is missing or invalid; Delivered Date is missing or invalid for Delivered status
SHO7492,BLUEDART,30/08/2024,Accepted,Bangalore,Delhi,400.2,,,,Expected Delivery Date is missing or invalid
SHO7493,DHL,28/04/2026,Delayed,Chennai,Pune,287.54,,05/09/2026,,Expected Delivery Date is missing or invalid
SHO7496,DHL,,In Transit,Mumbai,Bangalore,173.46,27/10/2024,,,Invalid ship date
SHO7497,DHL,14/07/2025,Pending,Mumbai,Hyderabad,457.88,,,,Expected Delivery Date is missing or invalid
SHO7499,BLUEDART,09/11/2025,Delayed,Delhi,Mumbai,-14.14,12/11/2025,22/11/2025,,Invalid freight cost
SHO7502,BLUEDART,,In Transit,Pune,Mumbai,-58.23,04/12/2025,,,Invalid ship date; Invalid freight cost
SHO7505,FEDEX,03/09/2026,In Transit,Delhi,Hyderabad,-47.24,14/03/2026,,,Expected Delivery Date is before Ship Date; Invalid freight cost
,FEDEX,25/07/2025,Pending,Chennai,Bangalore,75.03,08/01/2025,,,Missing shipment ID; Expected Delivery Date is before Ship Date
SHO7509,FEDEX,,Pending,Chennai,Bangalore,200.42,07/04/2024,,,Invalid ship date
,BLUEDART,22/09/2025,Pending,Delhi,Pune,439.78,24/09/2025,,,Missing shipment ID
SHO7512,FEDEX,25/01/2026,In Transit,Chennai,Pune,325.71,,,,Expected Delivery Date is missing or invalid
SHO7514,DHL,,Delayed,Chennai,Bangalore,472.64,09/02/2025,09/03/2025,,Invalid ship date
SHO7515,FEDEX,07/01/2025,Delivered,Delhi,Mumbai,,,,,Expected Delivery Date is missing or invalid; Delivered Date is missing or invalid for Delivered status; Invalid freight cost
SHO7516,FEDEX,07/11/2025,Delayed,Hyderabad,Mumbai,-6.25,14/11/2025,,,Invalid freight cost
SHO7518,FEDEX,31/08/2024,Accepted,Delhi,Hyderabad,158.06,09/06/2024,,,Expected Delivery Date is before Ship Date
SHO7520,BLUEDART,28/06/2025,Delayed,Hyderabad,Delhi,388.31,07/03/2025,10/07/2025,,Expected Delivery Date is before Ship Date
SHO7521,FEDEX,,Delivered,Delhi,Pune,459.21,05/07/2025,09/05/2025,0,Invalid ship date
SHO7522,DHL,,Delayed,Pune,Mumbai,-76.98,,,,Invalid ship date; Expected Delivery Date is missing or invalid; Invalid freight cost
SHO7525,BLUEDART,,Pending,Bangalore,Pune,494.68,23/02/2025,,,Invalid ship date
SHO7526,BLUEDART,11/12/2025,Delivered,Pune,Delhi,444.0,,18/11/2025,,Expected Delivery Date is missing or invalid; Delivered Date is before Ship Date
SHO7527,FEDEX,30/04/2026,IN TRANS,Hyderabad,Chennai,6.2,04/05/2026,,,Invalid status
SHO7528,BLUEDART,04/07/2025,Delivered,Bangalore,Pune,330.18,,14/07/2025,,Expected Delivery Date is missing or invalid
SHO7529,DHL,13/11/2025,Delivered,Mumbai,Bangalore,22.84,,23/11/2025,,Expected Delivery Date is missing or invalid
SHO7532,DHL,14/12/2024,Delayed,Hyderabad,Mumbai,289.07,,25/12/2024,,Expected Delivery Date is missing or invalid
SHO7533,FEDEX,08/07/2025,Delivered,Chennai,Delhi,41.81,08/09/2025,,,Delivered Date is missing or invalid for Delivered status
SHO7534,DHL,,Delayed,Chennai,Pune,,,05/05/2024,,Invalid ship date; Expected Delivery Date is missing or invalid; Invalid freight cost
SHO7535,FEDEX,30/04/2024,In Transit,Hyderabad,Mumbai,-61.86,05/02/2024,,,Expected Delivery Date is before Ship Date; Invalid freight cost
SHO7536,BLUEDART,21/03/2025,In Transit,Chennai,Hyderabad,,,,,Expected Delivery Date is missing or invalid; Invalid freight cost
SHO7537,DHL,,Pending,Hyderabad,Delhi,11.01,23/03/2025,,,Invalid ship date
SHO7540,DHL,24/02/2026,Pending,Chennai,Pune,460.25,,,,Expected Delivery Date is missing or invalid
SHO7541,FEDEX,02/05/2024,Pending,Hyderabad,Delhi,36.82,,,,Expected Delivery Date is missing or invalid
SHO7542,DHL,,Accepted,Delhi,Pune,380.92,24/02/2025,,,Invalid ship date
SHO7543,FEDEX,,Accepted,Chennai,Delhi,28.74,,,,Invalid ship date; Expected Delivery Date is missing or invalid
SHO7544,BLUEDART,,In Transit,Mumbai,Hyderabad,69.02,,,,Invalid ship date; Expected Delivery Date is missing or invalid
SHO7545,BLUEDART,26/03/2026,IN TRANS,Chennai,Hyderabad,219.8,04/01/2026,,,Invalid status; Expected Delivery Date is before Ship Date
,DHL,26/04/2026,Pending,Mumbai,Hyderabad,372.44,,,,Missing shipment ID; Expected Delivery Date is missing or invalid
SHO7548,FEDEX,17/03/2024,UNKNOWN,Hyderabad,Delhi,435.02,20/03/2024,,,Invalid status
SHO7549,BLUEDART,,Delivered,Mumbai,Hyderabad,91.04,,14/03/2026,,Invalid ship date; Expected Delivery Date is missing or invalid
SHO7550,DHL,20/06/2025,Delivered,Pune,Bangalore,42.16,,,,Expected Delivery Date is missing or invalid; Delivered Date is missing or invalid for Delivered status
SHO7551,BLUEDART,24/07/2024,Delivered,Hyderabad,Delhi,112.37,29/07/2024,,,Delivered Date is missing or invalid for Delivered status
SHO7552,FEDEX,13/02/2025,Pending,Chennai,Hyderabad,80.72,,,,Expected Delivery Date is missing or invalid
SHO7555,FEDEX,01/05/2025,Delayed,Mumbai,Hyderabad,,03/05/2025,,,Invalid freight cost
SHO7556,FEDEX,28/12/2025,In Transit,Bangalore,Hyderabad,245.01,,,,Expected Delivery Date is missing or invalid
SHO7557,FEDEX,30/12/2025,In Transit,Delhi,Pune,167.9,,,,Expected Delivery Date is missing or invalid
SHO7559,DHL,,Accepted,Chennai,Delhi,210.78,17/09/2024,,,Invalid ship date
SHO7560,DHL,07/04/2024,Pending,Pune,Hyderabad,,07/07/2024,,,Invalid freight cost
SHO7561,DHL,21/07/2024,UNKNOWN,Bangalore,Delhi,-68.5,26/07/2024,30/07/2024,,Invalid status; Invalid freight cost
SHO7562,DHL,15/02/2026,Accepted,Delhi,Mumbai,-34.94,22/02/2026,,,Invalid freight cost
SHO7565,DHL,,Accepted,Bangalore,Mumbai,492.43,29/03/2024,,,Invalid ship date
SHO7566,DHL,29/05/2025,Accepted,Delhi,Chennai,138.77,06/04/2025,,,Expected Delivery Date is before Ship Date
SHO7568,DHL,04/06/2025,UNKNOWN,Bangalore,Mumbai,-9.13,,,,Invalid status; Expected Delivery Date is missing or invalid; Invalid freight cost
,FEDEX,23/08/2024,In Transit,Pune,Chennai,5.21,29/08/2024,,,Missing shipment ID
SHO7571,FEDEX,05/10/2025,Delayed,Hyderabad,Bangalore,395.98,,,,Expected Delivery Date is missing or invalid
SHO7572,BLUEDART,27/05/2025,Pending,Chennai,Delhi,279.78,,,,Expected Delivery Date is missing or invalid
SHO7573,DHL,02/12/2025,Accepted,Delhi,Pune,-43.22,12/05/2025,,,Expected Delivery Date is before Ship Date; Invalid freight cost
SHO7574,BLUEDART,24/06/2025,Delayed,Hyderabad,Chennai,-23.52,26/06/2025,28/06/2025,,Invalid freight cost
SHO7575,BLUEDART,24/07/2025,Delivered,Chennai,Mumbai,164.43,,08/04/2025,,Expected Delivery Date is missing or invalid; Delivered Date is before Ship Date
SHO7577,BLUEDART,04/09/2026,IN TRANS,Hyderabad,Bangalore,-65.19,,,,Invalid status; Expected Delivery Date is missing or invalid; Invalid freight cost
SHO7578,FEDEX,,In Transit,Bangalore,Chennai,0.48,18/04/2024,,,Invalid ship date
SHO7579,BLUEDART,06/03/2024,IN TRANS,Mumbai,Chennai,124.77,11/03/2024,,,Invalid status
SHO7582,FEDEX,05/11/2024,In Transit,Delhi,Pune,26.85,11/07/2024,,,Expected Delivery Date is before Ship Date
SHO7583,FEDEX,21/08/2024,Pending,Delhi,Chennai,363.11,,,,Expected Delivery Date is missing or invalid
SHO7584,FEDEX,13/12/2024,Pending,Pune,Hyderabad,,20/12/2024,,,Invalid freight cost
SHO7585,FEDEX,,Delivered,Pune,Mumbai,189.73,,26/06/2024,,Invalid ship date; Expected Delivery Date is missing or invalid
SHO7589,BLUEDART,20/09/2024,IN TRANS,Hyderabad,Pune,100.96,27/09/2024,,,Invalid status
SHO7590,DHL,18/04/2025,Delivered,Delhi,Mumbai,-20.09,21/04/2025,22/04/2025,1,Invalid freight cost
,FEDEX,,In Transit,Mumbai,Pune,493.36,31/08/2025,,,Missing shipment ID; Invalid ship date
SHO7592,DHL,23/09/2025,Delivered,Pune,Chennai,145.59,,30/09/2025,,Expected Delivery Date is missing or invalid
,FEDEX,04/07/2025,Delivered,Mumbai,Pune,440.49,,,,Missing shipment ID; Expected Delivery Date is missing or invalid; Delivered Date is missing or invalid for Delivered status
SHO7597,FEDEX,,IN TRANS,Mumbai,Bangalore,-25.71,21/08/2024,,,Invalid ship date; Invalid status; Invalid freight cost
,DHL,11/06/2024,In Transit,Delhi,Chennai,392.53,09/11/2024,,,Missing shipment ID
SHO7601,DHL,18/08/2024,Delivered,Pune,Delhi,-3.0,,22/08/2024,,Expected Delivery Date is missing or invalid; Invalid freight cost
SHO7603,BLUEDART,24/05/2024,Pending,Chennai,Mumbai,-45.3,31/05/2024,,,Invalid freight cost
SHO7605,BLUEDART,20/02/2026,Delayed,Hyderabad,Mumbai,379.67,,27/02/2026,,Expected Delivery Date is missing or invalid
SHO7606,FEDEX,16/10/2024,UNKNOWN,Hyderabad,Chennai,493.33,19/10/2024,,,Invalid status
SHO7607,BLUEDART,27/10/2025,Delayed,Pune,Chennai,-16.2,11/01/2025,,,Expected Delivery Date is before Ship Date; Invalid freight cost
SHO7611,BLUEDART,17/03/2024,UNKNOWN,Mumbai,Pune,362.11,23/03/2024,,,Invalid status
SHO7613,DHL,07/02/2025,Pending,Bangalore,Hyderabad,389.53,,,,Expected Delivery Date is missing or invalid
SHO7614,BLUEDART,26/06/2026,Delivered,Pune,Mumbai,193.27,,07/07/2026,,Expected Delivery Date is missing or invalid
SHO7615,FEDEX,,Pending,Delhi,Mumbai,495.02,,,,Invalid ship date; Expected Delivery Date is missing or invalid
SHO7616,FEDEX,30/11/2024,Delayed,Chennai,Bangalore,235.35,12/04/2024,06/12/2024,,Expected Delivery Date is before Ship Date
SHO7619,FEDEX,10/03/2025,Accepted,Hyderabad,Delhi,-32.71,,,,Expected Delivery Date is missing or invalid; Invalid freight cost
,BLUEDART,15/07/2025,Delayed,Chennai,Delhi,58.18,18/07/2025,25/07/2025,,Missing shipment ID
SHO7621,BLUEDART,19/12/2025,Pending,Chennai,Pune,116.39,,,,Expected Delivery Date is missing or invalid
SHO7622,FEDEX,,In Transit,Delhi,Bangalore,-15.73,17/10/2025,,,Invalid ship date; Invalid freight cost
SHO7624,FEDEX,30/01/2026,Delayed,Mumbai,Pune,-67.94,,,,Expected Delivery Date is missing or invalid; Invalid freight cost
SHO7627,DHL,30/05/2026,In Transit,Hyderabad,Delhi,205.28,06/01/2026,,,Expected Delivery Date is before Ship Date
SHO7628,FEDEX,23/06/2026,Accepted,Hyderabad,Delhi,-43.78,30/06/2026,,,Invalid freight cost
SHO7629,FEDEX,,Accepted,Hyderabad,Delhi,-46.63,,,,Invalid ship date; Expected Delivery Date is missing or invalid; Invalid freight cost
SHO7630,FEDEX,05/10/2025,Pending,Hyderabad,Pune,301.26,17/05/2025,,,Expected Delivery Date is before Ship Date
SHO7636,BLUEDART,13/08/2025,UNKNOWN,Pune,Mumbai,46.28,,20/08/2025,,Invalid status; Expected Delivery Date is missing or invalid
SHO7638,BLUEDART,21/06/2024,Delayed,Pune,Hyderabad,-65.93,25/06/2024,27/06/2024,,Invalid freight cost
,FEDEX,24/10/2025,In Transit,Mumbai,Delhi,,29/10/2025,,,Missing shipment ID; Invalid freight cost
,BLUEDART,,Accepted,Delhi,Pune,369.04,20/05/2024,27/05/2024,,Missing shipment ID; Invalid ship date
SHO7646,DHL,11/03/2025,Pending,Chennai,Delhi,,18/03/2025,,,Invalid freight cost
SHO7647,FEDEX,26/11/2025,IN TRANS,Delhi,Chennai,284.67,29/11/2025,,,Invalid status
SHO7648,BLUEDART,,Delivered,Chennai,Pune,116.42,04/08/2024,07/08/2024,3,Invalid ship date
SHO7650,FEDEX,,In Transit,Delhi,Chennai,209.8,17/09/2025,,,Invalid ship date
,FEDEX,09/12/2024,IN TRANS,Hyderabad,Delhi,468.62,,,,Missing shipment ID; Invalid status; Expected Delivery Date is missing or invalid
SHO7653,BLUEDART,,Delivered,Pune,Chennai,179.45,13/02/2026,17/02/2026,4,Invalid ship date
SHO7656,DHL,03/05/2024,In Transit,Hyderabad,Bangalore,,,,,Expected Delivery Date is missing or invalid; Invalid freight cost
SHO7657,BLUEDART,,Pending,Hyderabad,Chennai,121.49,14/11/2024,,,Invalid ship date
SHO7658,FEDEX,09/01/2025,In Transit,Pune,Delhi,484.55,,,,Expected Delivery Date is missing or invalid
SHO7660,BLUEDART,24/08/2024,Accepted,Delhi,Chennai,-32.95,30/08/2024,,,Invalid freight cost
,BLUEDART,14/12/2024,Delayed,Mumbai,Chennai,,19/12/2024,,,Missing shipment ID; Invalid freight cost
SHO7662,BLUEDART,,Delayed,Hyderabad,Pune,0.42,24/03/2026,04/02/2026,,Invalid ship date
SHO7663,FEDEX,30/10/2025,Accepted,Chennai,Pune,433.42,,,,Expected Delivery Date is missing or invalid
SHO7667,DHL,09/11/2024,Delayed,Pune,Bangalore,473.68,15/09/2024,16/09/2024,,Expected Delivery Date is before Ship Date
SHO7670,FEDEX,,Delayed,Pune,Bangalore,-37.55,,20/11/2024,,Invalid ship date; Expected Delivery Date is missing or invalid; Invalid freight cost
SHO7671,FEDEX,29/01/2026,In Transit,Chennai,Pune,373.57,,,,Expected Delivery Date is missing or invalid
SHO7673,BLUEDART,28/09/2025,Delivered,Bangalore,Chennai,471.59,,06/10/2025,,Expected Delivery Date is missing or invalid
SHO7676,FEDEX,07/02/2025,In Transit,Mumbai,Delhi,402.32,,,,Expected Delivery Date is missing or invalid
SHO7680,DHL,22/05/2024,Delayed,Hyderabad,Bangalore,-47.49,29/05/2024,06/05/2024,,Invalid freight cost
SHO7681,FEDEX,21/05/2025,UNKNOWN,Bangalore,Hyderabad,304.25,23/05/2025,,,Invalid status
SHO7683,DHL,21/09/2024,Delayed,Delhi,Hyderabad,,24/09/2024,25/09/2024,,Invalid freight cost
SHO7687,DHL,,Pending,Delhi,Hyderabad,458.43,11/08/2025,,,Invalid ship date
SHO7689,BLUEDART,31/07/2024,In Transit,Chennai,Hyderabad,,08/05/2024,,,Expected Delivery Date is before Ship Date; Invalid freight cost
,BLUEDART,04/08/2025,In Transit,Hyderabad,Mumbai,-10.14,,,,Missing shipment ID; Expected Delivery Date is missing or invalid; Invalid freight cost
SHO7692,FEDEX,18/02/2024,Accepted,Chennai,Hyderabad,471.84,,,,Expected Delivery Date is missing or invalid
SHO7693,FEDEX,,Accepted,Chennai,Hyderabad,345.05,24/01/2024,,,Invalid ship date
SHO7694,DHL,19/07/2025,Pending,Pune,Delhi,-69.52,26/07/2025,,,Invalid freight cost
SHO7696,BLUEDART,16/04/2026,Delayed,Chennai,Hyderabad,100.08,,21/04/2026,,Expected Delivery Date is missing or invalid
SHO7697,DHL,15/02/2025,Accepted,Pune,Mumbai,,20/02/2025,25/02/2025,,Invalid freight cost
SHO7699,FEDEX,,Pending,Chennai,Bangalore,265.12,27/10/2024,,,Invalid ship date
SHO7700,FEDEX,,Pending,Bangalore,Delhi,-12.82,14/03/2026,,,Invalid ship date; Invalid freight cost
SHO7701,BLUEDART,25/11/2024,Delivered,Chennai,Mumbai,352.97,,29/11/2024,,Expected Delivery Date is missing or invalid
SHO7705,BLUEDART,05/07/2024,Pending,Bangalore,Hyderabad,19.27,,,,Expected Delivery Date is missing or invalid
SHO7706,FEDEX,,In Transit,Mumbai,Chennai,417.84,13/11/2025,,,Invalid ship date
SHO7708,FEDEX,15/10/2025,IN TRANS,Pune,Delhi,-56.12,19/10/2025,,,Invalid status; Invalid freight cost
SHO7710,DHL,22/02/2024,Accepted,Pune,Bangalore,-16.0,29/02/2024,,,Invalid freight cost
SHO7713,DHL,,IN TRANS,Delhi,Bangalore,26.04,,,,Invalid ship date; Invalid status; Expected Delivery Date is missing or invalid
SHO7714,DHL,02/08/2024,Delivered,Hyderabad,Pune,492.92,,13/02/2024,,Expected Delivery Date is missing or invalid; Delivered Date is before Ship Date
SHO7715,BLUEDART,18/02/2024,Delivered,Mumbai,Delhi,-4.71,20/02/2024,,,Delivered Date is missing or invalid for Delivered status; Invalid freight cost
SHO7717,BLUEDART,20/08/2025,Pending,Mumbai,Delhi,-28.26,25/08/2025,,,Invalid freight cost
SHO7718,BLUEDART,09/01/2025,Pending,Hyderabad,Bangalore,-7.06,05/09/2025,,,Invalid freight cost
SHO7721,DHL,,Pending,Pune,Mumbai,287.96,19/04/2024,,,Invalid ship date
SHO7722,BLUEDART,19/03/2025,In Transit,Hyderabad,Mumbai,-55.04,,,,Expected Delivery Date is missing or invalid; Invalid freight cost
SHO7725,DHL,15/01/2026,Pending,Mumbai,Pune,104.35,,,,Expected Delivery Date is missing or invalid
SHO7726,BLUEDART,28/07/2024,Delayed,Hyderabad,Mumbai,98.58,08/04/2024,13/08/2024,,Expected Delivery Date is before Ship Date
SHO7728,BLUEDART,03/05/2024,Pending,Pune,Hyderabad,-2.27,,,,Expected Delivery Date is missing or invalid; Invalid freight cost
SHO7730,FEDEX,,Delayed,Mumbai,Chennai,196.69,30/04/2025,05/01/2025,,Invalid ship date
SHO7731,DHL,01/06/2025,IN TRANS,Mumbai,Bangalore,460.56,04/06/2025,,,Invalid status
SHO7733,FEDEX,,UNKNOWN,Bangalore,Chennai,71.66,20/04/2024,,,Invalid ship date; Invalid status
,FEDEX,08/08/2025,Delivered,Bangalore,Pune,93.84,14/08/2025,19/08/2025,5,Missing shipment ID
SHO7736,BLUEDART,02/07/2024,In Transit,Bangalore,Chennai,-48.18,07/07/2024,,,Invalid freight cost
SHO7739,FEDEX,,Delivered,Hyderabad,Delhi,354.73,27/06/2026,27/06/2026,0,Invalid ship date
SHO7740,BLUEDART,09/03/2024,Delayed,Mumbai,Hyderabad,-15.57,12/03/2024,17/03/2024,,Invalid freight cost
SHO7741,BLUEDART,30/08/2025,IN TRANS,Delhi,Chennai,164.62,09/02/2025,,,Invalid status; Expected Delivery Date is before Ship Date
SHO7742,BLUEDART,17/03/2025,In Transit,Chennai,Pune,,23/03/2025,,,Invalid freight cost
SHO7744,BLUEDART,,In Transit,Delhi,Pune,7.03,30/05/2026,,,Invalid ship date
SHO7745,DHL,,In Transit,Bangalore,Mumbai,-29.68,05/05/2026,,,Invalid ship date; Invalid freight cost
SHO7746,BLUEDART,16/06/2026,In Transit,Bangalore,Delhi,34.17,,,,Expected Delivery Date is missing or invalid
SHO7747,DHL,05/04/2024,UNKNOWN,Chennai,Pune,321.16,,09/05/2024,,Invalid status; Expected Delivery Date is missing or invalid
SHO7749,FEDEX,19/03/2026,Delayed,Pune,Hyderabad,452.12,,,,Expected Delivery Date is missing or invalid
SHO7750,DHL,,UNKNOWN,Bangalore,Mumbai,182.78,,03/03/2024,,Invalid ship date; Invalid status; Expected Delivery Date is missing or invalid
SHO7752,BLUEDART,08/02/2025,UNKNOWN,Chennai,Delhi,-46.11,05/08/2025,,,Invalid status; Invalid freight cost
SHO7753,FEDEX,18/10/2024,In Transit,Bangalore,Chennai,-72.21,22/10/2024,,,Invalid freight cost
SHO7754,FEDEX,04/01/2025,In Transit,Hyderabad,Pune,-47.28,01/11/2025,,,Invalid freight cost
SHO7758,FEDEX,,In Transit,Pune,Delhi,-75.87,26/03/2025,,,Invalid ship date; Invalid freight cost
SHO7762,DHL,,Pending,Hyderabad,Mumbai,160.67,15/03/2025,,,Invalid ship date
SHO7764,DHL,20/07/2024,Delivered,Pune,Delhi,122.64,22/07/2024,,,Delivered Date is missing or invalid for Delivered status
,BLUEDART,01/02/2026,In Transit,Pune,Delhi,155.05,01/08/2026,,,Missing shipment ID
,DHL,10/04/2024,Delayed,Delhi,Chennai,163.65,11/10/2024,18/10/2024,,Missing shipment ID
SHO7767,DHL,25/03/2024,Delayed,Hyderabad,Bangalore,-20.53,29/03/2024,04/04/2024,,Invalid freight cost
SHO7768,DHL,10/07/2024,UNKNOWN,Chennai,Mumbai,233.43,10/10/2024,12/10/2024,,Invalid status
SHO7770,DHL,,UNKNOWN,Bangalore,Pune,389.31,,,,Invalid ship date; Invalid status; Expected Delivery Date is missing or invalid
SHO7774,BLUEDART,,Pending,Hyderabad,Delhi,423.31,15/07/2025,,,Invalid ship date
SHO7775,FEDEX,23/02/2025,Delivered,Mumbai,Hyderabad,190.87,,03/04/2025,,Expected Delivery Date is missing or invalid
SHO7776,FEDEX,03/07/2026,Delayed,Pune,Mumbai,162.25,10/03/2026,17/03/2026,,Expected Delivery Date is before Ship Date
SHO7777,BLUEDART,,UNKNOWN,Delhi,Pune,360.55,,,,Invalid ship date; Invalid status; Expected Delivery Date is missing or invalid
SHO7778,BLUEDART,30/08/2024,Pending,Delhi,Chennai,104.32,,,,Expected Delivery Date is missing or invalid
SHO7780,DHL,08/09/2025,Delayed,Chennai,Pune,450.22,,20/08/2025,,Expected Delivery Date is missing or invalid
SHO7781,DHL,23/09/2024,Pending,Hyderabad,Pune,266.13,,,,Expected Delivery Date is missing or invalid
SHO7782,DHL,02/10/2025,Delayed,Hyderabad,Pune,233.37,17/02/2025,,,Expected Delivery Date is before Ship Date
,FEDEX,06/03/2026,Accepted,Hyderabad,Pune,304.17,06/05/2026,,,Missing shipment ID
SHO7784,FEDEX,05/10/2025,Accepted,Chennai,Bangalore,56.61,,,,Expected Delivery Date is missing or invalid
SHO7786,DHL,08/01/2025,Delivered,Mumbai,Chennai,372.58,,13/01/2025,,Expected Delivery Date is missing or invalid
SHO7788,BLUEDART,13/10/2025,In Transit,Delhi,Chennai,268.82,,,,Expected Delivery Date is missing or invalid
SHO7790,DHL,15/06/2025,In Transit,Bangalore,Delhi,-22.28,20/06/2025,,,Invalid freight cost
,DHL,,UNKNOWN,Delhi,Chennai,233.45,10/10/2025,,,Missing shipment ID; Invalid ship date; Invalid status
SHO7793,FEDEX,,Pending,Hyderabad,Pune,369.19,13/05/2025,,,Invalid ship date
SHO7794,BLUEDART,11/07/2025,UNKNOWN,Delhi,Bangalore,-38.4,,16/11/2025,,Invalid status; Expected Delivery Date is missing or invalid; Invalid freight cost
SHO7796,DHL,29/04/2024,Pending,Delhi,Bangalore,163.36,,,,Expected Delivery Date is missing or invalid
SHO7797,FEDEX,16/05/2026,UNKNOWN,Mumbai,Hyderabad,280.27,,26/05/2026,,Invalid status; Expected Delivery Date is missing or invalid
SHO7798,DHL,,Delayed,Hyderabad,Bangalore,393.44,,20/04/2024,,Invalid ship date; Expected Delivery Date is missing or invalid
SHO7801,BLUEDART,,Delayed,Hyderabad,Bangalore,146.17,17/03/2026,,,Invalid ship date
SHO7802,FEDEX,10/04/2026,In Transit,Delhi,Hyderabad,73.07,,,,Expected Delivery Date is missing or invalid
SHO7805,DHL,10/10/2025,Accepted,Bangalore,Chennai,-21.89,14/10/2025,,,Invalid freight cost
SHO7807,BLUEDART,03/04/2025,UNKNOWN,Chennai,Hyderabad,-41.6,08/04/2025,,,Invalid status; Invalid freight cost
SHO7808,DHL,04/07/2024,In Transit,Bangalore,Pune,226.51,,,,Expected Delivery Date is missing or invalid
SHO7812,DHL,18/11/2025,Pending,Mumbai,Hyderabad,-41.5,25/11/2025,,,Invalid freight cost
SHO7813,DHL,28/05/2025,Delayed,Pune,Chennai,300.63,,09/06/2025,,Expected Delivery Date is missing or invalid
SHO7816,BLUEDART,,Pending,Bangalore,Mumbai,,,,,Invalid ship date; Expected Delivery Date is missing or invalid; Invalid freight cost
SHO7817,DHL,03/06/2026,Delivered,Delhi,Mumbai,184.87,03/11/2026,10/03/2026,0,Delivered Date is before Ship Date
SHO7820,FEDEX,23/04/2024,Delivered,Bangalore,Mumbai,484.45,26/04/2024,,,Delivered Date is missing or invalid for Delivered status
SHO7821,BLUEDART,21/06/2024,IN TRANS,Hyderabad,Mumbai,-28.26,23/06/2024,,,Invalid status; Invalid freight cost
SHO7822,FEDEX,24/04/2026,In Transit,Chennai,Pune,,,,,Expected Delivery Date is missing or invalid; Invalid freight cost
SHO7823,DHL,,In Transit,Pune,Delhi,-71.17,21/03/2025,,,Invalid ship date; Invalid freight cost
SHO7824,FEDEX,01/07/2025,UNKNOWN,Pune,Mumbai,331.31,10/01/2025,,,Invalid status; Expected Delivery Date is before Ship Date
,BLUEDART,28/10/2025,Pending,Pune,Delhi,213.47,11/04/2025,,,Missing shipment ID; Expected Delivery Date is before Ship Date
,DHL,18/06/2026,Delivered,Hyderabad,Pune,104.1,20/06/2026,22/06/2026,2,Missing shipment ID
SHO7831,DHL,21/01/2024,Delayed,Bangalore,Chennai,387.63,,01/02/2024,,Expected Delivery Date is missing or invalid
SHO7832,DHL,,Pending,Bangalore,Mumbai,437.29,21/06/2024,,,Invalid ship date
,FEDEX,09/11/2025,Delayed,Pune,Hyderabad,101.63,,18/11/2025,,Missing shipment ID; Expected Delivery Date is missing or invalid
,FEDEX,23/03/2024,Pending,Bangalore,Chennai,147.07,29/03/2024,,,Missing shipment ID
SHO7836,FEDEX,02/09/2025,Pending,Mumbai,Hyderabad,18.27,14/02/2025,,,Expected Delivery Date is before Ship Date
SHO7837,DHL,15/11/2025,Pending,Delhi,Chennai,183.51,,,,Expected Delivery Date is missing or invalid
SHO7838,DHL,26/05/2024,Delivered,Bangalore,Hyderabad,-65.9,31/05/2024,04/06/2024,4,Invalid freight cost
SHO7839,FEDEX,17/02/2025,Pending,Mumbai,Bangalore,,22/02/2025,,,Invalid freight cost
SHO7841,DHL,,IN TRANS,Chennai,Bangalore,154.88,05/05/2024,,,Invalid ship date; Invalid status
SHO7842,DHL,,In Transit,Bangalore,Pune,48.82,23/07/2025,,,Invalid ship date
SHO7843,FEDEX,30/05/2024,Delivered,Bangalore,Hyderabad,288.29,06/01/2024,,,Delivered Date is missing or invalid for Delivered status; Expected Delivery Date is before Ship Date
SHO7844,FEDEX,24/11/2024,IN TRANS,Pune,Mumbai,162.13,,,,Invalid status; Expected Delivery Date is missing or invalid
SHO7845,DHL,03/08/2025,Accepted,Hyderabad,Chennai,-38.41,09/08/2025,,,Invalid freight cost
SHO7846,FEDEX,05/05/2024,In Transit,Chennai,Hyderabad,109.21,,,,Expected Delivery Date is missing or invalid
SHO7847,DHL,27/05/2025,IN TRANS,Delhi,Hyderabad,246.69,01/06/2025,,,Invalid status
SHO7848,DHL,,IN TRANS,Hyderabad,Pune,151.27,21/12/2025,,,Invalid ship date; Invalid status
SHO7849,DHL,,Delivered,Mumbai,Hyderabad,421.74,12/03/2024,04/12/2024,267,Invalid ship date
SHO7850,DHL,,Delayed,Hyderabad,Mumbai,343.19,04/09/2025,11/09/2025,,Invalid ship date
SHO7851,DHL,,Delivered,Pune,Chennai,-41.03,,05/08/2024,,Invalid ship date; Expected Delivery Date is missing or invalid; Invalid freight cost
SHO7852,FEDEX,,Accepted,Mumbai,Delhi,184.67,06/12/2024,08/12/2024,,Invalid ship date
,DHL,13/03/2026,Pending,Mumbai,Pune,389.97,,,,Missing shipment ID; Expected Delivery Date is missing or invalid
SHO7856,BLUEDART,15/03/2024,Pending,Bangalore,Pune,,,,,Expected Delivery Date is missing or invalid; Invalid freight cost
SHO7857,BLUEDART,,Delivered,Chennai,Bangalore,65.19,24/02/2024,22/02/2024,0,Invalid ship date
SHO7858,DHL,23/12/2025,UNKNOWN,Hyderabad,Chennai,164.31,,01/02/2026,,Invalid status; Expected Delivery Date is missing or invalid
SHO7861,DHL,02/02/2024,Delivered,Pune,Chennai,32.57,02/09/2024,,,Delivered Date is missing or invalid for Delivered status
SHO7862,DHL,,In Transit,Hyderabad,Chennai,24.45,01/01/2026,,,Invalid ship date
SHO7863,BLUEDART,,Pending,Chennai,Pune,-55.35,12/10/2024,,,Invalid ship date; Invalid freight cost
SHO7865,DHL,,Delayed,Chennai,Hyderabad,262.07,,,,Invalid ship date; Expected Delivery Date is missing or invalid
SHO7867,DHL,26/01/2024,Delivered,Hyderabad,Chennai,238.97,30/01/2024,,,Delivered Date is missing or invalid for Delivered status
SHO7868,DHL,24/09/2025,Delayed,Chennai,Delhi,483.99,,10/10/2025,,Expected Delivery Date is missing or invalid
SHO7870,BLUEDART,06/12/2024,Pending,Bangalore,Mumbai,258.58,,,,Expected Delivery Date is missing or invalid
SHO7871,DHL,06/05/2026,UNKNOWN,Pune,Delhi,233.48,,,,Invalid status; Expected Delivery Date is missing or invalid
,BLUEDART,21/06/2026,Pending,Bangalore,Mumbai,217.7,27/06/2026,,,Missing shipment ID
SHO7875,BLUEDART,,Delayed,Hyderabad,Mumbai,418.68,,13/03/2026,,Invalid ship date; Expected Delivery Date is missing or invalid
SHO7878,DHL,25/04/2025,Pending,Mumbai,Chennai,-1.31,02/05/2025,,,Invalid freight cost
SHO7879,FEDEX,08/10/2024,Pending,Delhi,Bangalore,387.3,14/08/2024,,,Expected Delivery Date is before Ship Date
SHO7880,BLUEDART,,Delayed,Pune,Mumbai,327.0,,10/04/2024,,Invalid ship date; Expected Delivery Date is missing or invalid
SHO7882,FEDEX,02/04/2025,Delivered,Delhi,Chennai,-34.79,04/07/2025,05/04/2025,0,Invalid freight cost
,FEDEX,05/06/2024,Delayed,Delhi,Bangalore,100.7,08/05/2024,14/05/2024,,Missing shipment ID; Expected Delivery Date is before Ship Date
SHO7884,DHL,,In Transit,Chennai,Bangalore,129.09,,,,Invalid ship date; Expected Delivery Date is missing or invalid
SHO7886,BLUEDART,,In Transit,Delhi,Chennai,303.33,14/03/2026,,,Invalid ship date
SHO7888,DHL,17/02/2024,In Transit,Chennai,Hyderabad,,19/02/2024,,,Invalid freight cost
SHO7889,FEDEX,,Delayed,Mumbai,Pune,207.16,01/11/2025,15/01/2025,,Invalid ship date
SHO7891,BLUEDART,18/06/2024,Pending,Hyderabad,Delhi,,24/06/2024,,,Invalid freight cost
SHO7892,FEDEX,20/06/2025,Delayed,Delhi,Bangalore,43.37,,27/06/2025,,Expected Delivery Date is missing or invalid
SHO7894,DHL,03/01/2024,In Transit,Bangalore,Delhi,-2.01,09/01/2024,,,Invalid freight cost
SHO7896,BLUEDART,,UNKNOWN,Pune,Delhi,53.56,29/12/2025,31/12/2025,,Invalid ship date; Invalid status
SHO7897,BLUEDART,12/05/2024,Delivered,Mumbai,Hyderabad,-0.11,11/12/2024,09/12/2024,0,Invalid freight cost
SHO7900,DHL,20/05/2024,Delayed,Pune,Delhi,-46.57,26/05/2024,31/05/2024,,Invalid freight cost
SHO7902,FEDEX,06/05/2026,In Transit,Hyderabad,Pune,-4.14,,,,Expected Delivery Date is missing or invalid; Invalid freight cost
SHO7906,DHL,20/05/2026,Delayed,Delhi,Bangalore,349.15,,28/05/2026,,Expected Delivery Date is missing or invalid
SHO7908,BLUEDART,,Pending,Hyderabad,Bangalore,34.18,,,,Invalid ship date; Expected Delivery Date is missing or invalid
SHO7910,DHL,25/05/2026,Delayed,Bangalore,Pune,87.01,,04/06/2026,,Expected Delivery Date is missing or invalid
SHO7911,DHL,,In Transit,Hyderabad,Chennai,,19/03/2026,,,Invalid ship date; Invalid freight cost
SHO7912,BLUEDART,02/11/2025,IN TRANS,Pune,Chennai,188.9,18/02/2025,,,Invalid status; Expected Delivery Date is before Ship Date
SHO7913,DHL,27/05/2025,In Transit,Chennai,Delhi,-57.35,03/06/2025,,,Invalid freight cost
SHO7914,DHL,23/03/2026,In Transit,Bangalore,Mumbai,-72.13,,,,Expected Delivery Date is missing or invalid; Invalid freight cost
SHO7915,BLUEDART,02/10/2026,Delivered,Hyderabad,Mumbai,323.67,15/02/2026,20/02/2026,5,Expected Delivery Date is before Ship Date; Delivered Date is before Ship Date
SHO7917,FEDEX,15/08/2025,Delivered,Hyderabad,Chennai,125.49,,16/08/2025,,Expected Delivery Date is missing or invalid
SHO7918,DHL,,UNKNOWN,Mumbai,Bangalore,99.25,,20/02/2026,,Invalid ship date; Invalid status; Expected Delivery Date is missing or invalid
SHO7919,FEDEX,12/12/2024,IN TRANS,Bangalore,Hyderabad,48.49,17/12/2024,,,Invalid status
SHO7922,DHL,,Delivered,Bangalore,Pune,60.75,,01/06/2025,,Invalid ship date; Expected Delivery Date is missing or invalid
SHO7923,BLUEDART,28/01/2024,IN TRANS,Chennai,Hyderabad,-34.98,03/02/2024,,,Invalid status; Invalid freight cost
SHO7924,DHL,19/09/2025,UNKNOWN,Chennai,Pune,421.37,23/09/2025,21/09/2025,,Invalid status
SHO7925,FEDEX,06/07/2026,Pending,Bangalore,Mumbai,-40.82,10/06/2026,,,Expected Delivery Date is before Ship Date; Invalid freight cost
SHO7926,BLUEDART,28/04/2026,Delivered,Bangalore,Hyderabad,418.99,02/05/2026,05/04/2026,0,Delivered Date is before Ship Date
SHO7927,FEDEX,15/01/2025,UNKNOWN,Bangalore,Mumbai,192.0,,17/01/2025,,Invalid status; Expected Delivery Date is missing or invalid
SHO7928,FEDEX,20/05/2024,Delayed,Chennai,Delhi,100.66,,,,Expected Delivery Date is missing or invalid
SHO7930,BLUEDART,09/08/2025,Delayed,Pune,Mumbai,182.66,,24/08/2025,,Expected Delivery Date is missing or invalid
SHO7933,BLUEDART,,Pending,Pune,Chennai,222.73,31/05/2025,,,Invalid ship date
SHO7935,DHL,30/11/2024,In Transit,Delhi,Chennai,,12/02/2024,,,Expected Delivery Date is before Ship Date; Invalid freight cost
SHO7936,DHL,04/01/2024,Pending,Delhi,Mumbai,482.44,,,,Expected Delivery Date is missing or invalid
SHO7937,DHL,14/05/2026,Pending,Pune,Hyderabad,-20.65,,,,Expected Delivery Date is missing or invalid; Invalid freight cost
SHO7938,FEDEX,03/12/2024,Delivered,Hyderabad,Pune,251.21,14/03/2024,,,Delivered Date is missing or invalid for Delivered status; Expected Delivery Date is before Ship Date
SHO7940,DHL,23/05/2024,Delivered,Chennai,Delhi,-32.09,26/05/2024,25/05/2024,0,Invalid freight cost
SHO7941,FEDEX,21/12/2024,Pending,Mumbai,Chennai,,25/12/2024,,,Invalid freight cost
SHO7942,FEDEX,22/11/2025,Accepted,Pune,Chennai,411.45,,,,Expected Delivery Date is missing or invalid
SHO7944,DHL,15/12/2025,Delivered,Pune,Mumbai,478.21,18/12/2025,,,Delivered Date is missing or invalid for Delivered status
SHO7947,DHL,08/02/2026,Delayed,Mumbai,Pune,-38.48,13/02/2026,15/02/2026,,Invalid freight cost
,FEDEX,16/02/2025,Accepted,Pune,Chennai,449.11,18/02/2025,,,Missing shipment ID
SHO7949,BLUEDART,,Delayed,Delhi,Pune,278.4,12/03/2025,,,Invalid ship date
SHO7951,DHL,19/10/2025,UNKNOWN,Chennai,Hyderabad,167.03,26/10/2025,29/10/2025,,Invalid status
SHO7954,BLUEDART,11/05/2025,UNKNOWN,Delhi,Mumbai,374.92,15/05/2025,,,Invalid status
SHO7955,BLUEDART,18/08/2024,UNKNOWN,Bangalore,Delhi,496.81,,,,Invalid status; Expected Delivery Date is missing or invalid
SHO7956,BLUEDART,04/05/2024,Pending,Delhi,Pune,-58.03,12/04/2024,,,Expected Delivery Date is before Ship Date; Invalid freight cost
,BLUEDART,04/07/2026,Delivered,Mumbai,Hyderabad,127.78,04/11/2026,,,Missing shipment ID; Delivered Date is missing or invalid for Delivered status
SHO7958,BLUEDART,06/12/2025,Accepted,Chennai,Hyderabad,339.57,,,,Expected Delivery Date is missing or invalid
SHO7959,FEDEX,,Delayed,Chennai,Hyderabad,432.49,24/03/2024,04/03/2024,,Invalid ship date
SHO7960,BLUEDART,29/09/2024,UNKNOWN,Chennai,Hyderabad,340.47,03/10/2024,,,Invalid status
SHO7962,BLUEDART,04/07/2026,In Transit,Mumbai,Pune,300.51,,,,Expected Delivery Date is missing or invalid
SHO7963,DHL,16/08/2025,Delivered,Delhi,Mumbai,-45.41,21/08/2025,,,Delivered Date is missing or invalid for Delivered status; Invalid freight cost
,BLUEDART,08/06/2024,Delivered,Hyderabad,Delhi,412.35,,,,Missing shipment ID; Expected Delivery Date is missing or invalid; Delivered Date is missing or invalid for Delivered status
SHO7965,DHL,29/03/2024,Delivered,Delhi,Chennai,242.81,04/03/2024,07/04/2024,34,Expected Delivery Date is before Ship Date
SHO7967,BLUEDART,,In Transit,Chennai,Hyderabad,70.66,02/04/2026,,,Invalid ship date
SHO7968,BLUEDART,04/08/2025,In Transit,Pune,Delhi,36.15,12/04/2025,,,Expected Delivery Date is before Ship Date
SHO7969,BLUEDART,10/11/2025,Pending,Hyderabad,Bangalore,38.34,,,,Expected Delivery Date is missing or invalid
SHO7970,BLUEDART,01/06/2025,Pending,Pune,Mumbai,-51.97,08/06/2025,,,Invalid freight cost
SHO7971,FEDEX,,In Transit,Chennai,Bangalore,346.33,26/09/2025,,,Invalid ship date
SHO7973,BLUEDART,02/09/2025,Delayed,Chennai,Hyderabad,93.03,,21/02/2025,,Expected Delivery Date is missing or invalid
SHO7975,DHL,13/02/2025,Accepted,Mumbai,Delhi,475.35,,,,Expected Delivery Date is missing or invalid
SHO7977,BLUEDART,,In Transit,Mumbai,Bangalore,335.4,21/02/2024,,,Invalid ship date
SHO7980,BLUEDART,05/06/2024,UNKNOWN,Delhi,Bangalore,199.29,11/05/2024,,,Invalid status; Expected Delivery Date is before Ship Date
SHO7981,FEDEX,22/05/2026,IN TRANS,Chennai,Hyderabad,350.76,24/05/2026,,,Invalid status
SHO7983,BLUEDART,26/11/2024,Delayed,Pune,Hyderabad,-2.37,02/12/2024,04/12/2024,,Invalid freight cost
,FEDEX,11/03/2026,Delayed,Delhi,Pune,416.18,14/03/2026,23/03/2026,,Missing shipment ID
SHO7987,FEDEX,,IN TRANS,Chennai,Bangalore,337.31,,,,Invalid ship date; Invalid status; Expected Delivery Date is missing or invalid
SHO7988,BLUEDART,26/09/2024,In Transit,Hyderabad,Chennai,417.61,,,,Expected Delivery Date is missing or invalid
SHO7989,BLUEDART,22/04/2026,IN TRANS,Delhi,Pune,-55.49,26/04/2026,,,Invalid status; Invalid freight cost
,DHL,,Accepted,Hyderabad,Pune,227.13,27/06/2024,,,Missing shipment ID; Invalid ship date
SHO7991,BLUEDART,22/03/2026,Pending,Delhi,Chennai,133.57,,,,Expected Delivery Date is missing or invalid
SHO7992,DHL,,Delayed,Chennai,Pune,328.56,31/05/2024,03/06/2024,,Invalid ship date
SHO7993,BLUEDART,03/11/2026,In Transit,Mumbai,Delhi,293.52,13/03/2026,,,Expected Delivery Date is before Ship Date
SHO7995,DHL,01/11/2024,Delayed,Chennai,Mumbai,193.81,16/01/2024,21/01/2024,,Expected Delivery Date is before Ship Date
SHO7998,FEDEX,,Delayed,Chennai,Mumbai,-59.94,24/02/2024,25/02/2024,,Invalid ship date; Invalid freight cost
SHO7999,BLUEDART,23/04/2025,Delayed,Chennai,Bangalore,279.46,,05/05/2025,,Expected Delivery Date is missing or invalid
SHO8002,DHL,10/06/2026,Accepted,Mumbai,Delhi,-10.11,15/06/2026,,,Invalid freight cost
SHO8003,DHL,21/11/2025,UNKNOWN,Bangalore,Chennai,209.71,23/11/2025,,,Invalid status
SHO8005,BLUEDART,23/09/2025,UNKNOWN,Hyderabad,Chennai,-16.24,27/09/2025,10/04/2025,,Invalid status; Invalid freight cost
SHO8006,DHL,,Accepted,Mumbai,Chennai,278.45,11/03/2025,,,Invalid ship date
SHO8007,FEDEX,17/01/2026,Accepted,Hyderabad,Bangalore,392.94,,20/01/2026,,Expected Delivery Date is missing or invalid
SHO8008,FEDEX,,UNKNOWN,Bangalore,Pune,-76.49,28/02/2025,02/03/2025,,Invalid ship date; Invalid status; Invalid freight cost
SHO8009,BLUEDART,,Pending,Mumbai,Bangalore,421.39,22/10/2024,,,Invalid ship date
SHO8012,FEDEX,,Delayed,Mumbai,Bangalore,337.25,10/04/2024,20/04/2024,,Invalid ship date
SHO8014,BLUEDART,,Delivered,Delhi,Pune,91.3,06/12/2024,,,Invalid ship date; Delivered Date is missing or invalid for Delivered status
SHO8015,DHL,04/11/2024,Delivered,Bangalore,Pune,403.49,06/11/2024,,,Delivered Date is missing or invalid for Delivered status
SHO8018,FEDEX,20/05/2024,Delivered,Delhi,Bangalore,,22/05/2024,22/05/2024,0,Invalid freight cost
SHO8019,DHL,14/07/2025,Delayed,Bangalore,Delhi,-63.57,21/07/2025,29/07/2025,,Invalid freight cost
SHO8022,DHL,26/06/2026,UNKNOWN,Mumbai,Delhi,258.3,07/01/2026,,,Invalid status; Expected Delivery Date is before Ship Date
SHO8023,FEDEX,,IN TRANS,Chennai,Bangalore,344.34,10/11/2024,,,Invalid ship date; Invalid status
SHO8025,FEDEX,05/01/2025,UNKNOWN,Hyderabad,Bangalore,306.03,12/01/2025,,,Invalid status
SHO8027,BLUEDART,17/01/2026,In Transit,Bangalore,Mumbai,402.59,,,,Expected Delivery Date is missing or invalid
SHO8032,BLUEDART,08/03/2024,Pending,Hyderabad,Bangalore,310.21,,,,Expected Delivery Date is missing or invalid
SHO8034,FEDEX,17/05/2026,Delivered,Bangalore,Hyderabad,175.76,20/05/2026,,,Delivered Date is missing or invalid for Delivered status
,FEDEX,13/05/2025,Accepted,Chennai,Hyderabad,185.97,20/05/2025,28/05/2025,,Missing shipment ID
SHO8036,DHL,27/02/2024,Accepted,Mumbai,Pune,452.5,03/01/2024,,,Expected Delivery Date is before Ship Date
SHO8037,DHL,02/06/2026,In Transit,Pune,Chennai,360.29,,,,Expected Delivery Date is missing or invalid
SHO8038,FEDEX,26/06/2024,Pending,Mumbai,Bangalore,-51.48,28/06/2024,,,Invalid freight cost
SHO8039,FEDEX,23/08/2024,Pending,Mumbai,Hyderabad,77.1,,,,Expected Delivery Date is missing or invalid
SHO8040,FEDEX,29/10/2025,Pending,Bangalore,Chennai,475.1,,,,Expected Delivery Date is missing or invalid
SHO8041,DHL,12/07/2025,In Transit,Hyderabad,Chennai,-41.35,19/07/2025,,,Invalid freight cost
,FEDEX,08/03/2024,In Transit,Chennai,Delhi,224.88,05/08/2024,,,Missing shipment ID
SHO8048,FEDEX,,Delivered,Bangalore,Mumbai,441.2,,24/01/2025,,Invalid ship date; Expected Delivery Date is missing or invalid
SHO8050,FEDEX,23/03/2025,Delivered,Bangalore,Delhi,-28.17,27/03/2025,,,Delivered Date is missing or invalid for Delivered status; Invalid freight cost
SHO8051,DHL,,Delivered,Delhi,Bangalore,376.47,13/09/2025,18/09/2025,5,Invalid ship date
SHO8052,FEDEX,18/08/2024,UNKNOWN,Bangalore,Pune,27.89,20/08/2024,,,Invalid status
SHO8053,DHL,06/09/2024,Delayed,Bangalore,Delhi,-60.89,,15/09/2024,,Expected Delivery Date is missing or invalid; Invalid freight cost
SHO8054,FEDEX,27/06/2025,IN TRANS,Bangalore,Hyderabad,90.34,29/06/2025,,,Invalid status
SHO8055,FEDEX,,Pending,Bangalore,Chennai,361.65,17/11/2025,,,Invalid ship date
SHO8056,BLUEDART,07/08/2024,Pending,Hyderabad,Chennai,-36.79,14/07/2024,,,Expected Delivery Date is before Ship Date; Invalid freight cost
SHO8057,DHL,01/06/2026,Pending,Pune,Chennai,,04/06/2026,,,Invalid freight cost
SHO8058,FEDEX,29/11/2024,Pending,Pune,Delhi,,03/12/2024,,,Invalid freight cost
SHO8059,FEDEX,03/07/2024,Delivered,Pune,Hyderabad,46.42,11/03/2024,16/03/2024,5,Expected Delivery Date is before Ship Date; Delivered Date is before Ship Date
SHO8060,BLUEDART,22/11/2024,IN TRANS,Pune,Hyderabad,478.71,26/11/2024,,,Invalid status
SHO8062,BLUEDART,28/05/2025,Delivered,Pune,Bangalore,-23.5,06/03/2025,06/02/2025,0,Expected Delivery Date is before Ship Date; Delivered Date is before Ship Date; Invalid freight cost
SHO8064,DHL,02/07/2025,Delayed,Delhi,Bangalore,206.96,,16/07/2025,,Expected Delivery Date is missing or invalid
SHO8065,BLUEDART,,Pending,Delhi,Mumbai,336.73,14/06/2026,,,Invalid ship date
SHO8066,DHL,18/12/2024,IN TRANS,Delhi,Chennai,139.25,23/12/2024,,,Invalid status
SHO8067,BLUEDART,05/03/2025,Delivered,Delhi,Hyderabad,413.21,,03/09/2025,,Expected Delivery Date is missing or invalid
SHO8069,FEDEX,,Pending,Mumbai,Chennai,371.67,21/02/2026,,,Invalid ship date
SHO8071,BLUEDART,28/06/2025,Accepted,Pune,Bangalore,469.61,07/05/2025,,,Expected Delivery Date is before Ship Date
SHO8075,BLUEDART,16/06/2026,UNKNOWN,Delhi,Chennai,279.68,19/06/2026,,,Invalid status
SHO8076,BLUEDART,28/06/2025,Delivered,Mumbai,Pune,450.68,30/06/2025,,,Delivered Date is missing or invalid for Delivered status
SHO8077,BLUEDART,21/09/2024,Delayed,Mumbai,Bangalore,356.21,,28/09/2024,,Expected Delivery Date is missing or invalid
SHO8078,FEDEX,12/05/2026,In Transit,Mumbai,Delhi,-25.93,15/05/2026,,,Invalid freight cost
,BLUEDART,,Pending,Chennai,Pune,469.96,28/01/2024,,,Missing shipment ID; Invalid ship date
SHO8080,DHL,02/07/2025,UNKNOWN,Bangalore,Pune,364.8,,,,Invalid status; Expected Delivery Date is missing or invalid
SHO8081,DHL,15/09/2025,Delivered,Hyderabad,Pune,,17/09/2025,22/09/2025,5,Invalid freight cost
,FEDEX,19/06/2025,In Transit,Pune,Delhi,390.3,,,,Missing shipment ID; Expected Delivery Date is missing or invalid
SHO8084,BLUEDART,21/08/2025,Pending,Mumbai,Hyderabad,-26.28,25/08/2025,,,Invalid freight cost
SHO8085,BLUEDART,24/07/2025,Delayed,Bangalore,Mumbai,-38.7,30/07/2025,08/08/2025,,Invalid freight cost
SHO8088,FEDEX,29/10/2025,Delivered,Delhi,Pune,191.29,03/11/2025,11/04/2025,0,Delivered Date is before Ship Date
SHO8089,DHL,27/04/2025,Delivered,Hyderabad,Pune,43.97,,05/05/2025,,Expected Delivery Date is missing or invalid
SHO8090,FEDEX,17/08/2024,Delivered,Pune,Mumbai,337.17,,23/08/2024,,Expected Delivery Date is missing or invalid
SHO8091,BLUEDART,24/03/2024,Delivered,Hyderabad,Bangalore,49.57,31/03/2024,04/02/2024,0,Delivered Date is before Ship Date
SHO8092,BLUEDART,04/06/2026,UNKNOWN,Pune,Bangalore,,04/10/2026,,,Invalid status; Invalid freight cost
SHO8093,DHL,17/04/2026,Pending,Pune,Hyderabad,262.44,,,,Expected Delivery Date is missing or invalid
SHO8094,FEDEX,,UNKNOWN,Mumbai,Pune,237.96,08/06/2024,,,Invalid ship date; Invalid status
SHO8095,FEDEX,13/03/2024,UNKNOWN,Delhi,Chennai,286.48,18/03/2024,26/03/2024,,Invalid status
SHO8096,FEDEX,28/12/2025,Pending,Mumbai,Chennai,-58.82,01/03/2026,,,Invalid freight cost
SHO8097,FEDEX,05/11/2026,Accepted,Chennai,Delhi,175.59,18/05/2026,,,Expected Delivery Date is before Ship Date
SHO8098,BLUEDART,02/01/2026,Accepted,Mumbai,Delhi,435.95,,,,Expected Delivery Date is missing or invalid
SHO8099,FEDEX,02/10/2024,Pending,Mumbai,Pune,272.07,14/02/2024,,,Expected Delivery Date is before Ship Date
SHO8100,DHL,,In Transit,Mumbai,Pune,281.29,11/05/2025,,,Invalid ship date
SHO8101,BLUEDART,,Delayed,Hyderabad,Mumbai,326.51,11/11/2024,18/11/2024,,Invalid ship date
SHO8102,DHL,,Delivered,Mumbai,Pune,180.22,04/11/2025,08/11/2025,4,Invalid ship date
SHO8103,DHL,26/01/2024,Delivered,Bangalore,Mumbai,201.6,,29/01/2024,,Expected Delivery Date is missing or invalid
SHO8105,BLUEDART,15/02/2024,Accepted,Chennai,Bangalore,312.02,,,,Expected Delivery Date is missing or invalid
,FEDEX,02/12/2024,In Transit,Hyderabad,Chennai,,14/02/2024,,,Missing shipment ID; Expected Delivery Date is before Ship Date; Invalid freight cost
SHO8108,BLUEDART,,Delayed,Hyderabad,Pune,,09/10/2024,14/10/2024,,Invalid ship date; Invalid freight cost
SHO8110,FEDEX,01/11/2024,Delayed,Hyderabad,Delhi,-21.74,,24/01/2024,,Expected Delivery Date is missing or invalid; Invalid freight cost
SHO8111,FEDEX,,Accepted,Mumbai,Pune,16.37,06/09/2024,,,Invalid ship date
SHO8114,DHL,,Delivered,Pune,Bangalore,396.7,04/02/2026,02/06/2026,118,Invalid ship date
SHO8117,DHL,,Pending,Bangalore,Pune,364.68,05/04/2024,,,Invalid ship date
SHO8119,DHL,06/05/2025,IN TRANS,Mumbai,Bangalore,484.85,,,,Invalid status; Expected Delivery Date is missing or invalid
SHO8124,DHL,09/03/2024,Delivered,Bangalore,Mumbai,472.84,15/03/2024,,,Delivered Date is missing or invalid for Delivered status
SHO8125,FEDEX,20/09/2025,IN TRANS,Delhi,Pune,23.74,22/09/2025,,,Invalid status
SHO8126,BLUEDART,12/07/2025,In Transit,Pune,Bangalore,-23.08,18/07/2025,,,Invalid freight cost
SHO8127,DHL,14/04/2025,Delivered,Delhi,Chennai,415.66,21/04/2025,,,Delivered Date is missing or invalid for Delivered status
SHO8130,DHL,05/05/2026,IN TRANS,Delhi,Bangalore,52.49,05/09/2026,,,Invalid status
SHO8131,DHL,14/05/2025,UNKNOWN,Delhi,Hyderabad,202.25,19/05/2025,23/05/2025,,Invalid status
SHO8132,FEDEX,06/12/2026,Pending,Bangalore,Delhi,,15/06/2026,,,Expected Delivery Date is before Ship Date; Invalid freight cost
SHO8135,DHL,04/02/2026,Delivered,Bangalore,Mumbai,176.21,,13/02/2026,,Expected Delivery Date is missing or invalid
SHO8136,FEDEX,24/03/2026,In Transit,Bangalore,Mumbai,-17.44,,,,Expected Delivery Date is missing or invalid; Invalid freight cost
SHO8137,DHL,,In Transit,Mumbai,Bangalore,398.92,18/10/2024,,,Invalid ship date
SHO8138,BLUEDART,,Delivered,Bangalore,Pune,297.4,23/12/2025,28/12/2025,5,Invalid ship date
SHO8142,BLUEDART,,In Transit,Delhi,Pune,368.7,17/07/2025,,,Invalid ship date
SHO8143,DHL,,Pending,Mumbai,Delhi,406.69,,,,Invalid ship date; Expected Delivery Date is missing or invalid
SHO8144,FEDEX,19/06/2026,Delivered,Delhi,Chennai,350.68,,26/06/2026,,Expected Delivery Date is missing or invalid
SHO8146,BLUEDART,,IN TRANS,Hyderabad,Pune,72.43,01/08/2025,,,Invalid ship date; Invalid status
SHO8147,DHL,21/05/2025,UNKNOWN,Bangalore,Delhi,398.9,25/05/2025,,,Invalid status
SHO8149,DHL,,Delayed,Pune,Bangalore,375.96,15/12/2024,,,Invalid ship date
SHO8151,FEDEX,,Delivered,Bangalore,Chennai,158.46,29/08/2025,31/08/2025,2,Invalid ship date
SHO8152,DHL,21/09/2025,Delivered,Hyderabad,Chennai,,27/09/2025,29/09/2025,2,Invalid freight cost
SHO8154,FEDEX,12/10/2024,In Transit,Bangalore,Hyderabad,-26.23,,,,Expected Delivery Date is missing or invalid; Invalid freight cost
SHO8155,FEDEX,03/08/2024,Pending,Mumbai,Delhi,33.45,,,,Expected Delivery Date is missing or invalid
SHO8156,BLUEDART,07/10/2025,IN TRANS,Pune,Hyderabad,402.87,,,,Invalid status; Expected Delivery Date is missing or invalid
SHO8157,DHL,20/06/2025,IN TRANS,Mumbai,Pune,139.42,26/06/2025,,,Invalid status
,BLUEDART,,In Transit,Delhi,Hyderabad,-6.64,12/06/2024,,,Missing shipment ID; Invalid ship date; Invalid freight cost
SHO8159,FEDEX,07/03/2025,UNKNOWN,Hyderabad,Delhi,132.76,05/07/2025,,,Invalid status
,BLUEDART,01/05/2024,Delivered,Bangalore,Pune,277.33,01/10/2024,13/01/2024,0,Missing shipment ID; Delivered Date is before Ship Date
SHO8163,FEDEX,15/10/2025,IN TRANS,Hyderabad,Delhi,495.83,22/10/2025,,,Invalid status
SHO8164,BLUEDART,,Accepted,Hyderabad,Delhi,116.75,,,,Invalid ship date; Expected Delivery Date is missing or invalid
SHO8165,BLUEDART,,Accepted,Delhi,Mumbai,26.59,16/01/2025,26/01/2025,,Invalid ship date
,FEDEX,04/10/2025,IN TRANS,Delhi,Hyderabad,-30.77,06/10/2025,,,Missing shipment ID; Invalid status; Invalid freight cost
SHO8169,BLUEDART,15/09/2024,Pending,Pune,Bangalore,,,,,Expected Delivery Date is missing or invalid; Invalid freight cost
SHO8170,FEDEX,11/06/2026,Delivered,Bangalore,Hyderabad,-27.28,18/06/2026,17/06/2026,0,Invalid freight cost
SHO8171,BLUEDART,11/08/2024,Delivered,Bangalore,Delhi,280.93,11/12/2024,,,Delivered Date is missing or invalid for Delivered status
SHO8173,DHL,13/04/2024,UNKNOWN,Mumbai,Bangalore,,19/04/2024,,,Invalid status; Invalid freight cost
SHO8175,DHL,,Accepted,Chennai,Pune,169.85,02/02/2024,02/09/2024,,Invalid ship date
SHO8176,DHL,06/07/2024,Pending,Pune,Hyderabad,100.73,,,,Expected Delivery Date is missing or invalid
SHO8177,BLUEDART,22/08/2024,Pending,Hyderabad,Mumbai,,27/08/2024,,,Invalid freight cost
SHO8179,DHL,01/11/2024,IN TRANS,Hyderabad,Bangalore,116.19,03/11/2024,,,Invalid status
SHO8180,BLUEDART,05/11/2025,Pending,Hyderabad,Pune,-71.7,11/11/2025,,,Invalid freight cost
SHO8181,DHL,20/04/2026,Delayed,Bangalore,Delhi,-0.27,27/04/2026,06/05/2026,,Invalid freight cost
,BLUEDART,20/04/2024,Pending,Chennai,Pune,420.57,22/04/2024,,,Missing shipment ID
SHO8185,BLUEDART,18/02/2026,Delayed,Mumbai,Bangalore,-23.55,20/02/2026,23/02/2026,,Invalid freight cost
SHO8186,DHL,,Delivered,Delhi,Pune,75.49,06/08/2026,06/11/2026,92,Invalid ship date
,BLUEDART,25/02/2026,In Transit,Delhi,Mumbai,241.99,27/02/2026,,,Missing shipment ID
SHO8190,DHL,30/05/2024,Delayed,Chennai,Mumbai,315.67,06/04/2024,06/10/2024,,Expected Delivery Date is before Ship Date
SHO8192,BLUEDART,19/05/2025,In Transit,Pune,Chennai,-14.86,24/05/2025,,,Invalid freight cost
SHO8193,BLUEDART,17/01/2024,Delayed,Hyderabad,Delhi,354.06,,29/01/2024,,Expected Delivery Date is missing or invalid
SHO8194,FEDEX,,IN TRANS,Hyderabad,Chennai,469.16,17/12/2025,,,Invalid ship date; Invalid status
SHO8195,DHL,16/11/2025,Delayed,Pune,Bangalore,146.68,,25/11/2025,,Expected Delivery Date is missing or invalid
SHO8197,BLUEDART,24/11/2024,Delayed,Pune,Chennai,-46.16,01/12/2024,,,Invalid freight cost
SHO8198,FEDEX,07/06/2024,In Transit,Pune,Mumbai,,12/06/2024,,,Invalid freight cost
SHO8199,BLUEDART,12/02/2025,Delivered,Pune,Bangalore,83.41,,19/02/2025,,Expected Delivery Date is missing or invalid
SHO8200,BLUEDART,15/08/2024,Delayed,Pune,Chennai,95.68,,24/08/2024,,Expected Delivery Date is missing or invalid
SHO8201,FEDEX,,Delivered,Mumbai,Pune,498.43,02/08/2024,,,Invalid ship date; Delivered Date is missing or invalid for Delivered status
SHO8202,FEDEX,,Delayed,Delhi,Pune,489.99,03/04/2025,10/03/2025,,Invalid ship date
SHO8205,BLUEDART,09/11/2024,Delivered,Delhi,Chennai,421.1,,11/11/2024,,Expected Delivery Date is missing or invalid
SHO8207,BLUEDART,21/08/2024,IN TRANS,Pune,Hyderabad,395.7,,,,Invalid status; Expected Delivery Date is missing or invalid
SHO8208,DHL,29/04/2025,In Transit,Delhi,Hyderabad,44.32,05/02/2025,,,Expected Delivery Date is before Ship Date
SHO8210,FEDEX,23/03/2026,UNKNOWN,Hyderabad,Pune,-70.44,28/03/2026,01/04/2026,,Invalid status; Invalid freight cost
SHO8211,FEDEX,16/05/2024,IN TRANS,Bangalore,Pune,188.06,,,,Invalid status; Expected Delivery Date is missing or invalid
SHO8219,DHL,19/09/2025,Delivered,Hyderabad,Chennai,198.35,,20/09/2025,,Expected Delivery Date is missing or invalid
SHO8222,FEDEX,29/02/2024,Delivered,Pune,Hyderabad,-55.63,02/03/2024,02/03/2024,0,Invalid freight cost
SHO8223,FEDEX,13/08/2024,In Transit,Mumbai,Chennai,-26.86,,,,Expected Delivery Date is missing or invalid; Invalid freight cost
SHO8226,BLUEDART,,Delivered,Bangalore,Hyderabad,328.16,24/06/2025,28/06/2025,4,Invalid ship date
SHO8228,DHL,30/10/2025,Delivered,Chennai,Bangalore,360.47,11/01/2025,31/10/2025,293,Expected Delivery Date is before Ship Date
SHO8229,FEDEX,12/12/2024,Pending,Delhi,Pune,290.79,,,,Expected Delivery Date is missing or invalid
SHO8232,DHL,23/10/2025,Delayed,Chennai,Mumbai,-73.41,30/10/2025,11/08/2025,,Invalid freight cost
SHO8233,DHL,31/08/2025,Delayed,Mumbai,Bangalore,194.75,09/07/2025,15/09/2025,,Expected Delivery Date is before Ship Date
SHO8235,FEDEX,,Delayed,Delhi,Bangalore,323.72,,09/09/2024,,Invalid ship date; Expected Delivery Date is missing or invalid
SHO8239,BLUEDART,08/05/2025,In Transit,Mumbai,Delhi,272.44,,,,Expected Delivery Date is missing or invalid
SHO8240,DHL,28/09/2024,Accepted,Delhi,Pune,-22.76,10/03/2024,,,Expected Delivery Date is before Ship Date; Invalid freight cost
SHO8241,BLUEDART,,Pending,Bangalore,Pune,-52.74,04/02/2025,,,Invalid ship date; Invalid freight cost
SHO8242,FEDEX,01/11/2025,In Transit,Mumbai,Bangalore,-66.95,06/11/2025,,,Invalid freight cost
,DHL,17/08/2025,Delayed,Hyderabad,Pune,151.95,24/08/2025,,,Missing shipment ID
,FEDEX,,Delayed,Bangalore,Hyderabad,69.83,21/01/2026,28/01/2026,,Missing shipment ID; Invalid ship date
SHO8247,BLUEDART,28/05/2025,IN TRANS,Bangalore,Chennai,54.39,01/06/2025,,,Invalid status
SHO8248,BLUEDART,19/02/2025,Delivered,Chennai,Delhi,206.73,,,,Expected Delivery Date is missing or invalid; Delivered Date is missing or invalid for Delivered status
SHO8250,BLUEDART,29/06/2024,Delayed,Hyderabad,Delhi,-62.3,03/07/2024,06/07/2024,,Invalid freight cost
SHO8251,FEDEX,16/05/2025,Delivered,Bangalore,Mumbai,-53.36,20/05/2025,,,Delivered Date is missing or invalid for Delivered status; Invalid freight cost
SHO8253,FEDEX,04/01/2026,UNKNOWN,Chennai,Pune,392.54,01/09/2026,,,Invalid status
SHO8254,DHL,29/04/2024,Delivered,Delhi,Mumbai,375.24,,04/05/2024,,Expected Delivery Date is missing or invalid
SHO8255,DHL,05/03/2024,IN TRANS,Hyderabad,Delhi,11.55,08/03/2024,,,Invalid status
SHO8259,FEDEX,,Accepted,Bangalore,Pune,453.19,07/02/2026,,,Invalid ship date
SHO8260,FEDEX,17/03/2024,Delivered,Chennai,Hyderabad,391.73,,19/03/2024,,Expected Delivery Date is missing or invalid
SHO8261,FEDEX,26/08/2025,Delayed,Hyderabad,Mumbai,-76.53,30/08/2025,03/09/2025,,Invalid freight cost
,BLUEDART,26/07/2024,IN TRANS,Mumbai,Bangalore,412.81,31/07/2024,,,Missing shipment ID; Invalid status
SHO8265,DHL,,Delivered,Mumbai,Hyderabad,107.35,05/05/2025,09/05/2025,4,Invalid ship date
SHO8266,FEDEX,29/10/2024,Accepted,Chennai,Mumbai,287.65,11/02/2024,,,Expected Delivery Date is before Ship Date
SHO8267,BLUEDART,24/12/2025,Delayed,Delhi,Hyderabad,,,01/03/2026,,Expected Delivery Date is missing or invalid; Invalid freight cost
SHO8270,FEDEX,,Accepted,Chennai,Bangalore,21.32,22/01/2026,26/01/2026,,Invalid ship date
SHO8271,BLUEDART,04/02/2024,In Transit,Delhi,Hyderabad,,,,,Expected Delivery Date is missing or invalid; Invalid freight cost
SHO8273,BLUEDART,20/07/2024,Delayed,Bangalore,Delhi,,26/07/2024,04/08/2024,,Invalid freight cost
SHO8275,FEDEX,04/09/2024,UNKNOWN,Delhi,Pune,495.3,09/09/2024,14/09/2024,,Invalid status
SHO8277,DHL,24/01/2024,Delivered,Pune,Delhi,258.07,,02/01/2024,,Expected Delivery Date is missing or invalid; Delivered Date is before Ship Date
SHO8278,FEDEX,14/06/2026,In Transit,Pune,Chennai,-55.76,16/06/2026,,,Invalid freight cost
SHO8279,FEDEX,11/07/2024,UNKNOWN,Pune,Bangalore,32.76,11/10/2024,,,Invalid status
SHO8281,DHL,16/01/2024,Pending,Pune,Chennai,-16.8,,,,Expected Delivery Date is missing or invalid; Invalid freight cost
SHO8282,DHL,10/12/2024,Delivered,Bangalore,Pune,207.26,,,,Expected Delivery Date is missing or invalid; Delivered Date is missing or invalid for Delivered status
SHO8283,DHL,24/02/2024,Delivered,Mumbai,Delhi,-13.08,27/02/2024,28/02/2024,1,Invalid freight cost
SHO8285,BLUEDART,31/10/2024,Accepted,Chennai,Pune,379.33,,,,Expected Delivery Date is missing or invalid
SHO8286,FEDEX,,Pending,Bangalore,Chennai,223.74,30/06/2025,,,Invalid ship date
SHO8289,DHL,14/01/2026,In Transit,Pune,Delhi,203.56,,,,Expected Delivery Date is missing or invalid
SHO8291,BLUEDART,,Delivered,Mumbai,Chennai,219.35,,06/06/2025,,Invalid ship date; Expected Delivery Date is missing or invalid
SHO8293,FEDEX,,In Transit,Hyderabad,Mumbai,,03/05/2026,,,Invalid ship date; Invalid freight cost
SHO8294,DHL,17/04/2025,Pending,Delhi,Mumbai,81.27,,,,Expected Delivery Date is missing or invalid
SHO8295,BLUEDART,15/03/2024,Pending,Mumbai,Chennai,403.43,,,,Expected Delivery Date is missing or invalid
SHO8297,DHL,,Pending,Chennai,Mumbai,124.1,08/08/2025,,,Invalid ship date
SHO8301,DHL,17/02/2024,Delivered,Chennai,Hyderabad,286.95,,,,Expected Delivery Date is missing or invalid; Delivered Date is missing or invalid for Delivered status
SHO8303,DHL,13/05/2025,IN TRANS,Mumbai,Bangalore,51.28,15/05/2025,,,Invalid status
SHO8304,DHL,,Pending,Bangalore,Pune,-70.31,25/02/2026,,,Invalid ship date; Invalid freight cost
SHO8306,BLUEDART,12/03/2026,Delivered,Mumbai,Hyderabad,441.97,18/03/2026,,,Delivered Date is missing or invalid for Delivered status
SHO8308,FEDEX,,Delayed,Delhi,Chennai,61.97,,01/12/2024,,Invalid ship date; Expected Delivery Date is missing or invalid
,FEDEX,31/03/2026,Pending,Hyderabad,Bangalore,396.53,04/05/2026,,,Missing shipment ID
SHO8310,DHL,,Pending,Pune,Chennai,187.53,25/04/2024,,,Invalid ship date
SHO8311,DHL,23/02/2024,Delayed,Delhi,Bangalore,,25/02/2024,,,Invalid freight cost
,DHL,,Delivered,Chennai,Bangalore,201.13,,11/02/2026,,Missing shipment ID; Invalid ship date; Expected Delivery Date is missing or invalid
SHO8314,BLUEDART,03/04/2024,Delivered,Chennai,Hyderabad,299.46,,12/04/2024,,Expected Delivery Date is missing or invalid
SHO8316,BLUEDART,20/06/2026,Accepted,Pune,Hyderabad,382.64,,,,Expected Delivery Date is missing or invalid
SHO8317,DHL,30/11/2025,In Transit,Pune,Bangalore,-68.92,,,,Expected Delivery Date is missing or invalid; Invalid freight cost
SHO8318,BLUEDART,,Accepted,Delhi,Pune,215.94,08/04/2026,,,Invalid ship date
SHO8320,FEDEX,19/12/2024,Delivered,Delhi,Mumbai,-22.21,25/12/2024,26/12/2024,1,Invalid freight cost
SHO8321,BLUEDART,,Delivered,Delhi,Bangalore,97.15,,14/12/2024,,Invalid ship date; Expected Delivery Date is missing or invalid
SHO8322,FEDEX,,Delayed,Hyderabad,Pune,377.89,01/09/2025,16/01/2025,,Invalid ship date
SHO8323,DHL,12/12/2024,In Transit,Pune,Hyderabad,,18/12/2024,,,Invalid freight cost
SHO8324,DHL,16/07/2024,UNKNOWN,Bangalore,Mumbai,108.02,19/07/2024,22/07/2024,,Invalid status
SHO8326,BLUEDART,17/11/2025,Delivered,Pune,Hyderabad,460.69,,21/11/2025,,Expected Delivery Date is missing or invalid
SHO8330,FEDEX,09/12/2024,IN TRANS,Mumbai,Chennai,77.18,15/09/2024,,,Invalid status; Expected Delivery Date is before Ship Date
SHO8331,FEDEX,,Delayed,Mumbai,Bangalore,293.86,,,,Invalid ship date; Expected Delivery Date is missing or invalid
SHO8333,BLUEDART,06/08/2024,Delayed,Mumbai,Bangalore,492.01,,22/08/2024,,Expected Delivery Date is missing or invalid
SHO8334,DHL,14/04/2025,UNKNOWN,Hyderabad,Delhi,30.73,20/04/2025,,,Invalid status
SHO8335,BLUEDART,,Delayed,Mumbai,Bangalore,84.79,02/04/2025,11/04/2025,,Invalid ship date
SHO8336,FEDEX,07/03/2026,Pending,Mumbai,Bangalore,-10.85,13/03/2026,,,Invalid freight cost
SHO8342,BLUEDART,,Delayed,Chennai,Bangalore,218.83,23/03/2026,04/01/2026,,Invalid ship date
SHO8343,DHL,,Accepted,Pune,Bangalore,-60.11,,,,Invalid ship date; Expected Delivery Date is missing or invalid; Invalid freight cost
SHO8344,DHL,22/02/2026,Delivered,Bangalore,Chennai,146.51,28/02/2026,,,Delivered Date is missing or invalid for Delivered status
SHO8345,DHL,,Delivered,Chennai,Pune,433.03,10/10/2025,,,Invalid ship date; Delivered Date is missing or invalid for Delivered status
SHO8346,BLUEDART,08/01/2024,Delivered,Bangalore,Hyderabad,221.05,,17/01/2024,,Expected Delivery Date is missing or invalid
SHO8347,FEDEX,,Delayed,Bangalore,Delhi,-43.86,31/08/2025,06/09/2025,,Invalid ship date; Invalid freight cost
SHO8348,FEDEX,09/11/2024,Delayed,Pune,Hyderabad,156.25,13/09/2024,,,Expected Delivery Date is before Ship Date
,BLUEDART,,Pending,Chennai,Delhi,416.6,07/12/2025,,,Missing shipment ID; Invalid ship date
SHO8350,FEDEX,16/11/2024,Delivered,Chennai,Delhi,-64.29,21/11/2024,25/11/2024,4,Invalid freight cost
SHO8351,BLUEDART,06/07/2025,Pending,Hyderabad,Chennai,17.25,13/06/2025,,,Expected Delivery Date is before Ship Date
SHO8353,DHL,03/04/2024,In Transit,Chennai,Mumbai,-39.26,04/06/2024,,,Invalid freight cost
SHO8355,FEDEX,,Delivered,Mumbai,Pune,58.37,14/04/2026,13/04/2026,0,Invalid ship date
SHO8356,BLUEDART,27/11/2025,IN TRANS,Mumbai,Pune,,12/04/2025,,,Invalid status; Expected Delivery Date is before Ship Date; Invalid freight cost
SHO8358,DHL,26/08/2025,Delayed,Pune,Delhi,488.52,09/02/2025,08/09/2025,,Expected Delivery Date is before Ship Date
SHO8359,FEDEX,29/03/2025,Delivered,Hyderabad,Pune,217.21,,31/03/2025,,Expected Delivery Date is missing or invalid
,DHL,,Pending,Delhi,Chennai,,03/04/2026,,,Missing shipment ID; Invalid ship date; Invalid freight cost
SHO8361,BLUEDART,,Delayed,Pune,Hyderabad,167.08,11/11/2025,,,Invalid ship date
SHO8364,FEDEX,29/03/2025,Delivered,Pune,Mumbai,,04/05/2025,,,Delivered Date is missing or invalid for Delivered status; Invalid freight cost
SHO8366,FEDEX,10/12/2024,IN TRANS,Delhi,Chennai,252.64,14/10/2024,,,Invalid status; Expected Delivery Date is before Ship Date
SHO8367,BLUEDART,,Pending,Chennai,Hyderabad,66.72,26/06/2026,,,Invalid ship date
SHO8368,DHL,23/03/2024,Delayed,Chennai,Pune,-10.98,30/03/2024,04/04/2024,,Invalid freight cost
SHO8369,DHL,09/05/2024,In Transit,Hyderabad,Mumbai,83.43,,,,Expected Delivery Date is missing or invalid
SHO8372,BLUEDART,,UNKNOWN,Delhi,Pune,408.47,20/10/2024,,,Invalid ship date; Invalid status
SHO8373,DHL,,Pending,Mumbai,Hyderabad,75.91,05/02/2025,,,Invalid ship date
SHO8374,DHL,11/04/2025,Delayed,Delhi,Bangalore,346.93,,11/11/2025,,Expected Delivery Date is missing or invalid
SHO8375,FEDEX,11/05/2025,Pending,Delhi,Hyderabad,-59.97,11/07/2025,,,Invalid freight cost
,FEDEX,06/05/2026,Delayed,Hyderabad,Mumbai,-53.05,12/05/2026,18/05/2026,,Missing shipment ID; Invalid freight cost
SHO8378,FEDEX,07/10/2024,Pending,Chennai,Mumbai,103.17,10/09/2024,,,Expected Delivery Date is before Ship Date
SHO8379,FEDEX,16/09/2025,Pending,Hyderabad,Chennai,106.56,,,,Expected Delivery Date is missing or invalid
SHO8381,BLUEDART,15/06/2026,Delivered,Bangalore,Chennai,128.91,,22/06/2026,,Expected Delivery Date is missing or invalid
SHO8382,FEDEX,04/02/2026,UNKNOWN,Chennai,Pune,365.05,07/04/2026,04/08/2026,,Invalid status
SHO8384,FEDEX,12/08/2024,Pending,Pune,Delhi,302.51,,,,Expected Delivery Date is missing or invalid
SHO8387,FEDEX,,Delayed,Delhi,Bangalore,300.02,17/03/2026,24/03/2026,,Invalid ship date
,DHL,01/11/2024,Delivered,Hyderabad,Mumbai,446.39,11/03/2024,11/03/2024,0,Missing shipment ID; Expected Delivery Date is before Ship Date; Delivered Date is before Ship Date
SHO8393,DHL,14/10/2025,IN TRANS,Chennai,Hyderabad,126.94,18/10/2025,,,Invalid status
SHO8395,FEDEX,04/03/2024,Delivered,Pune,Hyderabad,-11.16,04/05/2024,07/04/2024,0,Invalid freight cost
SHO8399,DHL,,Delivered,Mumbai,Delhi,-51.35,,06/07/2024,,Invalid ship date; Expected Delivery Date is missing or invalid; Invalid freight cost
SHO8402,DHL,29/04/2025,Pending,Pune,Chennai,-11.11,,,,Expected Delivery Date is missing or invalid; Invalid freight cost
SHO8404,FEDEX,11/09/2024,Pending,Hyderabad,Mumbai,,15/11/2024,,,Invalid freight cost
,BLUEDART,,Delayed,Bangalore,Chennai,477.75,17/06/2025,27/06/2025,,Missing shipment ID; Invalid ship date
SHO8410,BLUEDART,06/10/2024,In Transit,Delhi,Mumbai,209.62,16/06/2024,,,Expected Delivery Date is before Ship Date
,FEDEX,18/01/2026,Pending,Hyderabad,Bangalore,-66.81,25/01/2026,,,Missing shipment ID; Invalid freight cost
SHO8414,BLUEDART,16/04/2024,In Transit,Mumbai,Hyderabad,174.35,,,,Expected Delivery Date is missing or invalid
SHO8415,FEDEX,09/07/2024,Delivered,Hyderabad,Mumbai,122.64,14/09/2024,,,Delivered Date is missing or invalid for Delivered status
SHO8416,BLUEDART,18/05/2026,Delayed,Mumbai,Delhi,-60.2,25/05/2026,,,Invalid freight cost
SHO8417,DHL,07/05/2025,IN TRANS,Chennai,Delhi,-79.38,09/07/2025,,,Invalid status; Invalid freight cost
SHO8419,BLUEDART,28/11/2024,Accepted,Pune,Bangalore,344.54,12/04/2024,,,Expected Delivery Date is before Ship Date
SHO8420,DHL,06/09/2024,Delivered,Mumbai,Bangalore,250.01,,17/06/2024,,Expected Delivery Date is missing or invalid; Delivered Date is before Ship Date
SHO8422,DHL,13/06/2025,UNKNOWN,Chennai,Bangalore,55.95,19/06/2025,,,Invalid status
SHO8423,DHL,06/09/2024,In Transit,Bangalore,Mumbai,456.15,,,,Expected Delivery Date is missing or invalid
SHO8426,BLUEDART,08/10/2024,Delivered,Mumbai,Chennai,-31.56,13/10/2024,18/10/2024,5,Invalid freight cost
SHO8427,FEDEX,,Delivered,Bangalore,Hyderabad,65.72,,16/11/2024,,Invalid ship date; Expected Delivery Date is missing or invalid
SHO8428,FEDEX,19/03/2025,Pending,Mumbai,Chennai,477.24,,,,Expected Delivery Date is missing or invalid
,BLUEDART,12/10/2025,Delayed,Mumbai,Bangalore,209.92,14/12/2025,23/12/2025,,Missing shipment ID
SHO8431,FEDEX,11/11/2025,Pending,Bangalore,Mumbai,,17/11/2025,,,Invalid freight cost
SHO8432,DHL,,Accepted,Delhi,Pune,44.99,,,,Invalid ship date; Expected Delivery Date is missing or invalid
SHO8437,DHL,19/06/2025,Pending,Hyderabad,Bangalore,-59.34,,,,Expected Delivery Date is missing or invalid; Invalid freight cost
SHO8441,BLUEDART,28/05/2025,IN TRANS,Delhi,Mumbai,-13.45,,,,Invalid status; Expected Delivery Date is missing or invalid; Invalid freight cost
SHO8444,DHL,17/09/2025,In Transit,Pune,Hyderabad,108.68,,,,Expected Delivery Date is missing or invalid
SHO8445,FEDEX,,Delivered,Hyderabad,Chennai,169.16,06/11/2024,10/06/2024,0,Invalid ship date
SHO8446,FEDEX,23/11/2025,In Transit,Delhi,Pune,39.61,,,,Expected Delivery Date is missing or invalid
SHO8448,FEDEX,19/10/2024,IN TRANS,Bangalore,Pune,,26/10/2024,,,Invalid status; Invalid freight cost
SHO8449,DHL,16/04/2026,In Transit,Bangalore,Mumbai,-79.6,21/04/2026,,,Invalid freight cost
SHO8450,DHL,28/09/2025,Delivered,Pune,Mumbai,375.09,30/09/2025,,,Delivered Date is missing or invalid for Delivered status
SHO8454,DHL,17/03/2025,Pending,Chennai,Mumbai,199.4,,,,Expected Delivery Date is missing or invalid
SHO8459,BLUEDART,26/05/2024,UNKNOWN,Mumbai,Bangalore,281.48,,,,Invalid status; Expected Delivery Date is missing or invalid
SHO8461,BLUEDART,15/05/2025,UNKNOWN,Hyderabad,Pune,452.82,17/05/2025,18/05/2025,,Invalid status
SHO8462,BLUEDART,19/06/2025,Delivered,Delhi,Chennai,62.8,,,,Expected Delivery Date is missing or invalid; Delivered Date is missing or invalid for Delivered status
SHO8463,DHL,02/11/2025,Pending,Bangalore,Hyderabad,-54.09,,,,Expected Delivery Date is missing or invalid; Invalid freight cost
SHO8464,DHL,27/03/2026,Delivered,Delhi,Bangalore,86.72,,02/04/2026,,Expected Delivery Date is missing or invalid
SHO8465,DHL,,Delayed,Hyderabad,Delhi,82.62,25/04/2026,01/05/2026,,Invalid ship date
SHO8469,BLUEDART,15/02/2025,In Transit,Delhi,Pune,488.54,,,,Expected Delivery Date is missing or invalid
SHO8470,FEDEX,06/03/2024,IN TRANS,Chennai,Bangalore,479.77,09/03/2024,,,Invalid status
SHO8472,DHL,12/12/2025,IN TRANS,Hyderabad,Chennai,,14/12/2025,,,Invalid status; Invalid freight cost
SHO8474,DHL,,Pending,Pune,Bangalore,468.19,22/03/2024,,,Invalid ship date
SHO8476,DHL,07/05/2024,Accepted,Delhi,Bangalore,305.91,,,,Expected Delivery Date is missing or invalid
SHO8477,FEDEX,23/04/2025,Delivered,Hyderabad,Pune,-11.25,29/04/2025,28/04/2025,0,Invalid freight cost
SHO8479,FEDEX,,Accepted,Bangalore,Chennai,249.26,07/04/2025,,,Invalid ship date
SHO8480,FEDEX,,Pending,Delhi,Chennai,276.19,24/09/2025,,,Invalid ship date
SHO8483,FEDEX,22/06/2025,IN TRANS,Hyderabad,Chennai,243.41,28/06/2025,,,Invalid status
SHO8486,FEDEX,,Delivered,Bangalore,Hyderabad,388.75,05/11/2024,07/11/2024,2,Invalid ship date
SHO8487,BLUEDART,,Delayed,Hyderabad,Mumbai,66.64,,08/06/2026,,Invalid ship date; Expected Delivery Date is missing or invalid
SHO8488,FEDEX,,Delivered,Chennai,Pune,464.46,08/08/2025,09/08/2025,1,Invalid ship date
,DHL,18/09/2024,Delayed,Hyderabad,Delhi,481.04,,25/09/2024,,Missing shipment ID; Expected Delivery Date is missing or invalid
SHO8490,FEDEX,,Delivered,Bangalore,Mumbai,2.63,05/06/2024,,,Invalid ship date; Delivered Date is missing or invalid for Delivered status
SHO8491,DHL,,Delivered,Delhi,Pune,90.99,28/02/2026,05/03/2026,5,Invalid ship date
,FEDEX,26/06/2024,In Transit,Chennai,Mumbai,281.78,,,,Missing shipment ID; Expected Delivery Date is missing or invalid
SHO8493,FEDEX,,Pending,Hyderabad,Pune,254.04,05/01/2025,,,Invalid ship date
SHO8494,FEDEX,26/09/2025,Pending,Hyderabad,Bangalore,197.49,,,,Expected Delivery Date is missing or invalid
SHO8495,FEDEX,25/10/2025,Delayed,Delhi,Chennai,31.06,,01/11/2025,,Expected Delivery Date is missing or invalid
,FEDEX,13/08/2025,In Transit,Mumbai,Pune,196.11,18/08/2025,,,Missing shipment ID
SHO8497,DHL,25/08/2024,Delayed,Delhi,Hyderabad,228.74,,09/05/2024,,Expected Delivery Date is missing or invalid
SHO8499,DHL,13/07/2025,In Transit,Mumbai,Chennai,-78.91,18/07/2025,,,Invalid freight cost
,FEDEX,,Pending,Hyderabad,Chennai,17.13,17/01/2024,,,Missing shipment ID; Invalid ship date
SHO8502,DHL,22/02/2026,Delayed,Bangalore,Hyderabad,166.3,,03/06/2026,,Expected Delivery Date is missing or invalid
SHO8503,FEDEX,20/04/2025,Delivered,Delhi,Pune,-63.42,26/04/2025,28/04/2025,2,Invalid freight cost
SHO8504,BLUEDART,14/03/2024,UNKNOWN,Bangalore,Hyderabad,117.49,17/03/2024,,,Invalid status
SHO8505,BLUEDART,,Delayed,Mumbai,Delhi,313.63,06/02/2025,06/04/2025,,Invalid ship date
SHO8506,DHL,16/04/2024,Delivered,Pune,Mumbai,-18.07,23/04/2024,,,Delivered Date is missing or invalid for Delivered status; Invalid freight cost
SHO8507,FEDEX,,Accepted,Pune,Delhi,488.18,11/11/2025,,,Invalid ship date
SHO8508,FEDEX,22/12/2025,Delayed,Bangalore,Pune,,27/12/2025,30/12/2025,,Invalid freight cost
SHO8509,FEDEX,29/06/2024,Delivered,Mumbai,Bangalore,113.06,,30/06/2024,,Expected Delivery Date is missing or invalid
SHO8512,DHL,,Pending,Pune,Mumbai,260.24,28/09/2024,,,Invalid ship date
SHO8513,DHL,17/07/2024,IN TRANS,Pune,Delhi,6.5,19/07/2024,,,Invalid status
SHO8514,FEDEX,24/06/2024,Delayed,Pune,Mumbai,380.12,07/01/2024,,,Expected Delivery Date is before Ship Date
SHO8515,FEDEX,,Delivered,Hyderabad,Mumbai,301.11,,17/02/2026,,Invalid ship date; Expected Delivery Date is missing or invalid
,DHL,23/06/2025,Pending,Pune,Hyderabad,256.1,,,,Missing shipment ID; Expected Delivery Date is missing or invalid
SHO8517,FEDEX,,In Transit,Hyderabad,Chennai,106.21,28/10/2024,,,Invalid ship date
SHO8518,FEDEX,08/07/2024,UNKNOWN,Pune,Chennai,-4.95,,15/08/2024,,Invalid status; Expected Delivery Date is missing or invalid; Invalid freight cost
SHO8519,BLUEDART,04/09/2024,Delayed,Mumbai,Hyderabad,-40.95,04/11/2024,16/04/2024,,Invalid freight cost
SHO8520,BLUEDART,23/11/2024,Delivered,Hyderabad,Delhi,306.56,27/11/2024,,,Delivered Date is missing or invalid for Delivered status
,FEDEX,23/12/2024,Accepted,Bangalore,Delhi,339.73,30/12/2024,,,Missing shipment ID
SHO8524,FEDEX,,IN TRANS,Mumbai,Hyderabad,89.13,13/03/2024,,,Invalid ship date; Invalid status
SHO8525,BLUEDART,,Delivered,Pune,Mumbai,349.53,09/03/2025,,,Invalid ship date; Delivered Date is missing or invalid for Delivered status
,FEDEX,07/01/2026,IN TRANS,Mumbai,Chennai,98.36,13/01/2026,,,Missing shipment ID; Invalid status
SHO8529,BLUEDART,29/02/2024,UNKNOWN,Mumbai,Bangalore,466.91,,,,Invalid status; Expected Delivery Date is missing or invalid
SHO8531,DHL,,UNKNOWN,Mumbai,Chennai,306.16,17/02/2026,21/02/2026,,Invalid ship date; Invalid status
SHO8533,DHL,,Pending,Delhi,Mumbai,161.79,21/07/2024,,,Invalid ship date
SHO8534,DHL,19/02/2024,Pending,Pune,Bangalore,62.35,,,,Expected Delivery Date is missing or invalid
SHO8536,DHL,14/01/2024,Delivered,Chennai,Pune,151.25,16/01/2024,,,Delivered Date is missing or invalid for Delivered status
SHO8537,FEDEX,19/01/2024,Delivered,Delhi,Chennai,142.65,,,,Expected Delivery Date is missing or invalid; Delivered Date is missing or invalid for Delivered status
SHO8538,BLUEDART,15/11/2024,IN TRANS,Hyderabad,Chennai,291.62,22/11/2024,,,Invalid status
SHO8539,BLUEDART,22/03/2024,Pending,Hyderabad,Mumbai,-23.08,26/03/2024,,,Invalid freight cost
SHO8540,DHL,,Delayed,Hyderabad,Bangalore,83.13,11/11/2025,12/11/2025,,Invalid ship date
SHO8542,DHL,25/06/2026,Pending,Delhi,Pune,58.01,07/02/2026,,,Expected Delivery Date is before Ship Date
SHO8543,BLUEDART,21/04/2026,UNKNOWN,Pune,Chennai,201.52,27/04/2026,,,Invalid status
SHO8545,FEDEX,,Accepted,Chennai,Pune,317.84,28/03/2026,,,Invalid ship date
SHO8546,FEDEX,17/01/2024,UNKNOWN,Delhi,Chennai,376.52,23/01/2024,,,Invalid status
SHO8549,FEDEX,23/03/2025,Pending,Delhi,Pune,235.52,,,,Expected Delivery Date is missing or invalid
SHO8550,DHL,10/09/2025,IN TRANS,Mumbai,Hyderabad,36.46,,,,Invalid status; Expected Delivery Date is missing or invalid
SHO8551,DHL,28/06/2025,Delayed,Hyderabad,Pune,121.81,07/04/2025,05/07/2025,,Expected Delivery Date is before Ship Date
SHO8552,DHL,,Delayed,Bangalore,Chennai,85.39,05/01/2025,01/12/2025,,Invalid ship date
SHO8554,DHL,30/04/2025,Delivered,Mumbai,Pune,13.63,02/05/2025,05/03/2025,0,Delivered Date is before Ship Date
SHO8555,DHL,19/03/2025,Pending,Delhi,Chennai,496.41,,,,Expected Delivery Date is missing or invalid
SHO8556,BLUEDART,02/08/2025,Delivered,Delhi,Pune,483.61,15/02/2025,19/02/2025,4,Expected Delivery Date is before Ship Date; Delivered Date is before Ship Date
SHO8557,FEDEX,22/11/2025,Pending,Mumbai,Chennai,194.53,,,,Expected Delivery Date is missing or invalid
,FEDEX,04/06/2025,Delivered,Pune,Hyderabad,92.47,06/06/2025,04/06/2025,0,Missing shipment ID
SHO8560,FEDEX,,Accepted,Delhi,Bangalore,406.5,24/09/2024,,,Invalid ship date
SHO8561,BLUEDART,03/07/2024,UNKNOWN,Delhi,Mumbai,297.43,14/03/2024,13/03/2024,,Invalid status; Expected Delivery Date is before Ship Date
SHO8562,DHL,09/05/2024,UNKNOWN,Hyderabad,Pune,401.68,09/09/2024,16/09/2024,,Invalid status
SHO8563,DHL,31/12/2024,Delayed,Chennai,Hyderabad,-14.12,07/01/2025,01/08/2025,,Invalid freight cost
SHO8564,DHL,09/04/2025,Delivered,Pune,Chennai,360.24,,04/12/2025,,Expected Delivery Date is missing or invalid
SHO8565,BLUEDART,,In Transit,Delhi,Pune,157.83,,,,Invalid ship date; Expected Delivery Date is missing or invalid
SHO8567,DHL,30/10/2024,UNKNOWN,Bangalore,Mumbai,231.52,01/11/2024,,,Invalid status
SHO8568,FEDEX,,Delivered,Bangalore,Mumbai,341.42,27/07/2025,,,Invalid ship date; Delivered Date is missing or invalid for Delivered status
,BLUEDART,18/10/2024,Delivered,Bangalore,Pune,44.86,25/10/2024,,,Missing shipment ID; Delivered Date is missing or invalid for Delivered status
SHO8572,BLUEDART,,Delivered,Pune,Bangalore,349.33,09/10/2024,11/10/2024,2,Invalid ship date
,BLUEDART,30/05/2024,IN TRANS,Pune,Mumbai,429.64,06/04/2024,,,Missing shipment ID; Invalid status; Expected Delivery Date is before Ship Date
SHO8575,FEDEX,02/08/2025,In Transit,Chennai,Mumbai,167.34,15/02/2025,,,Expected Delivery Date is before Ship Date
SHO8576,BLUEDART,27/04/2025,UNKNOWN,Hyderabad,Delhi,150.19,29/04/2025,,,Invalid status
SHO8578,BLUEDART,,UNKNOWN,Chennai,Mumbai,,,,,Invalid ship date; Invalid status; Expected Delivery Date is missing or invalid; Invalid freight cost
SHO8579,DHL,13/10/2024,Pending,Bangalore,Delhi,370.0,,,,Expected Delivery Date is missing or invalid
SHO8580,FEDEX,11/02/2025,IN TRANS,Hyderabad,Mumbai,399.3,15/02/2025,,,Invalid status
SHO8582,BLUEDART,05/12/2026,Pending,Chennai,Hyderabad,451.44,19/05/2026,,,Expected Delivery Date is before Ship Date
SHO8584,FEDEX,02/09/2025,In Transit,Delhi,Chennai,118.28,09/04/2025,,,Expected Delivery Date is before Ship Date
SHO8585,DHL,06/10/2026,Pending,Delhi,Chennai,97.43,15/06/2026,,,Expected Delivery Date is before Ship Date
SHO8587,BLUEDART,,Delayed,Chennai,Pune,38.34,28/11/2024,04/12/2024,,Invalid ship date
SHO8588,DHL,23/03/2025,In Transit,Delhi,Chennai,,26/03/2025,,,Invalid freight cost
SHO8589,BLUEDART,24/01/2024,UNKNOWN,Bangalore,Hyderabad,104.25,30/01/2024,02/02/2024,,Invalid status
SHO8590,FEDEX,,In Transit,Chennai,Bangalore,461.85,11/05/2025,,,Invalid ship date
SHO8593,DHL,14/06/2025,UNKNOWN,Chennai,Hyderabad,480.71,17/06/2025,17/06/2025,,Invalid status
SHO8594,BLUEDART,09/05/2025,In Transit,Bangalore,Chennai,-6.57,13/05/2025,,,Invalid freight cost
SHO8597,DHL,,UNKNOWN,Bangalore,Hyderabad,440.67,06/03/2024,,,Invalid ship date; Invalid status
SHO8598,DHL,17/12/2025,Delayed,Mumbai,Pune,258.83,,25/12/2025,,Expected Delivery Date is missing or invalid
SHO8599,BLUEDART,13/04/2025,IN TRANS,Chennai,Hyderabad,-2.5,19/04/2025,,,Invalid status; Invalid freight cost
SHO8600,BLUEDART,03/11/2026,In Transit,Chennai,Mumbai,453.95,18/03/2026,,,Expected Delivery Date is before Ship Date
SHO8602,BLUEDART,,Delayed,Hyderabad,Bangalore,359.61,30/07/2024,,,Invalid ship date
,BLUEDART,21/06/2024,Delivered,Mumbai,Delhi,97.94,24/06/2024,24/06/2024,0,Missing shipment ID
SHO8604,DHL,,Pending,Hyderabad,Mumbai,381.28,28/06/2024,,,Invalid ship date
SHO8605,FEDEX,,Delivered,Mumbai,Bangalore,262.74,09/03/2025,04/09/2025,179,Invalid ship date
SHO8606,DHL,26/01/2026,Pending,Bangalore,Delhi,150.91,,,,Expected Delivery Date is missing or invalid
,DHL,18/06/2024,Pending,Delhi,Bangalore,-24.19,21/06/2024,,,Missing shipment ID; Invalid freight cost
SHO8611,DHL,11/02/2024,In Transit,Delhi,Mumbai,,14/02/2024,,,Invalid freight cost
SHO8613,FEDEX,,Delayed,Hyderabad,Chennai,341.29,20/05/2026,27/05/2026,,Invalid ship date
SHO8614,FEDEX,,Delivered,Pune,Delhi,277.03,17/03/2026,21/03/2026,4,Invalid ship date
SHO8615,FEDEX,11/06/2026,Delivered,Pune,Hyderabad,-66.52,18/06/2026,18/06/2026,0,Invalid freight cost
SHO8616,BLUEDART,,In Transit,Hyderabad,Mumbai,-45.01,11/02/2024,,,Invalid ship date; Invalid freight cost
SHO8619,BLUEDART,,Pending,Pune,Bangalore,72.26,17/04/2026,,,Invalid ship date
,DHL,02/10/2024,Delivered,Delhi,Chennai,374.32,09/10/2024,11/10/2024,2,Missing shipment ID
SHO8622,DHL,,Delayed,Mumbai,Bangalore,-36.39,30/06/2024,,,Invalid ship date; Invalid freight cost
SHO8623,DHL,08/12/2024,Delivered,Delhi,Mumbai,348.07,18/08/2024,20/08/2024,2,Expected Delivery Date is before Ship Date; Delivered Date is before Ship Date
SHO8624,FEDEX,29/05/2026,Pending,Bangalore,Hyderabad,481.74,,,,Expected Delivery Date is missing or invalid
SHO8627,BLUEDART,31/03/2025,IN TRANS,Hyderabad,Pune,122.16,03/04/2025,,,Invalid status
SHO8628,FEDEX,28/06/2024,Delayed,Chennai,Hyderabad,,07/04/2024,07/11/2024,,Expected Delivery Date is before Ship Date; Invalid freight cost
SHO8629,DHL,,Pending,Hyderabad,Mumbai,109.68,06/04/2025,,,Invalid ship date
SHO8630,BLUEDART,13/07/2025,Delivered,Hyderabad,Chennai,113.0,20/07/2025,,,Delivered Date is missing or invalid for Delivered status
SHO8631,BLUEDART,16/02/2024,UNKNOWN,Hyderabad,Bangalore,5.16,21/02/2024,,,Invalid status
SHO8632,FEDEX,24/05/2025,UNKNOWN,Pune,Chennai,362.38,,,,Invalid status; Expected Delivery Date is missing or invalid
SHO8633,FEDEX,29/11/2025,Delivered,Pune,Mumbai,402.73,06/12/2025,12/10/2025,0,Delivered Date is before Ship Date
SHO8637,FEDEX,,In Transit,Hyderabad,Bangalore,36.73,08/02/2026,,,Invalid ship date
SHO8638,BLUEDART,07/07/2025,Accepted,Pune,Delhi,-1.26,11/07/2025,,,Invalid freight cost
SHO8640,FEDEX,22/11/2025,Delayed,Chennai,Pune,-43.07,26/11/2025,,,Invalid freight cost
SHO8642,BLUEDART,28/12/2025,Delivered,Delhi,Chennai,6.94,01/01/2026,,,Delivered Date is missing or invalid for Delivered status
SHO8643,DHL,06/10/2025,Accepted,Delhi,Hyderabad,142.95,,,,Expected Delivery Date is missing or invalid
SHO8644,DHL,,Pending,Delhi,Pune,180.21,03/03/2025,,,Invalid ship date
SHO8645,BLUEDART,,IN TRANS,Delhi,Pune,352.3,05/04/2025,,,Invalid ship date; Invalid status
SHO8646,BLUEDART,31/08/2024,Delayed,Chennai,Mumbai,300.05,,12/09/2024,,Expected Delivery Date is missing or invalid
SHO8647,FEDEX,21/02/2026,Delivered,Pune,Delhi,-22.41,24/02/2026,01/03/2026,5,Invalid freight cost
SHO8651,BLUEDART,,IN TRANS,Bangalore,Delhi,-57.77,,,,Invalid ship date; Invalid status; Expected Delivery Date is missing or invalid; Invalid freight cost
SHO8652,BLUEDART,,Delayed,Hyderabad,Bangalore,340.7,,12/05/2026,,Invalid ship date; Expected Delivery Date is missing or invalid
SHO8655,BLUEDART,24/07/2024,UNKNOWN,Pune,Delhi,425.47,27/07/2024,27/07/2024,,Invalid status
SHO8656,DHL,25/07/2025,Pending,Bangalore,Hyderabad,-68.82,,,,Expected Delivery Date is missing or invalid; Invalid freight cost
SHO8657,BLUEDART,31/07/2024,Delayed,Hyderabad,Chennai,482.18,08/02/2024,08/06/2024,,Expected Delivery Date is before Ship Date
SHO8660,FEDEX,06/09/2025,Delayed,Chennai,Delhi,422.71,13/06/2025,17/06/2025,,Expected Delivery Date is before Ship Date
SHO8661,FEDEX,15/08/2025,In Transit,Bangalore,Chennai,428.04,,,,Expected Delivery Date is missing or invalid
SHO8662,FEDEX,23/02/2026,Pending,Bangalore,Pune,156.23,03/01/2026,,,Expected Delivery Date is before Ship Date
SHO8663,DHL,01/08/2024,Delivered,Hyderabad,Chennai,258.93,,,,Expected Delivery Date is missing or invalid; Delivered Date is missing or invalid for Delivered status
SHO8665,BLUEDART,01/08/2025,Delayed,Hyderabad,Pune,,06/08/2025,08/10/2025,,Invalid freight cost
SHO8666,FEDEX,15/01/2026,UNKNOWN,Hyderabad,Pune,,18/01/2026,,,Invalid status; Invalid freight cost
SHO8668,BLUEDART,10/03/2026,UNKNOWN,Delhi,Hyderabad,-5.15,,,,Invalid status; Expected Delivery Date is missing or invalid; Invalid freight cost
SHO8669,FEDEX,,Pending,Bangalore,Pune,328.0,,,,Invalid ship date; Expected Delivery Date is missing or invalid
SHO8670,FEDEX,08/10/2024,In Transit,Mumbai,Hyderabad,-54.77,11/10/2024,,,Invalid freight cost
SHO8671,BLUEDART,16/10/2024,Delivered,Bangalore,Delhi,35.12,18/10/2024,,,Delivered Date is missing or invalid for Delivered status
SHO8673,FEDEX,06/12/2026,In Transit,Mumbai,Pune,6.09,17/06/2026,,,Expected Delivery Date is before Ship Date
SHO8674,BLUEDART,,Delivered,Mumbai,Bangalore,7.33,30/04/2026,02/05/2026,2,Invalid ship date
SHO8679,FEDEX,12/12/2025,In Transit,Pune,Delhi,190.63,,,,Expected Delivery Date is missing or invalid
SHO8680,FEDEX,15/07/2025,In Transit,Delhi,Chennai,-74.83,18/07/2025,,,Invalid freight cost
SHO8682,BLUEDART,01/02/2025,Delivered,Bangalore,Chennai,-24.26,,10/02/2025,,Expected Delivery Date is missing or invalid; Invalid freight cost
SHO8683,DHL,17/01/2024,Delivered,Hyderabad,Delhi,-0.52,20/01/2024,19/01/2024,0,Invalid freight cost
SHO8687,BLUEDART,,In Transit,Chennai,Bangalore,178.16,,,,Invalid ship date; Expected Delivery Date is missing or invalid
SHO8689,BLUEDART,07/09/2025,IN TRANS,Bangalore,Chennai,95.17,11/09/2025,,,Invalid status
SHO8692,FEDEX,03/08/2026,Pending,Hyderabad,Pune,,,,,Expected Delivery Date is missing or invalid; Invalid freight cost
SHO8693,DHL,22/06/2026,Delivered,Chennai,Hyderabad,98.47,27/06/2026,,,Delivered Date is missing or invalid for Delivered status
SHO8694,BLUEDART,26/02/2025,In Transit,Hyderabad,Pune,377.04,,,,Expected Delivery Date is missing or invalid
SHO8695,FEDEX,14/08/2025,Delayed,Hyderabad,Chennai,137.07,,24/08/2025,,Expected Delivery Date is missing or invalid
SHO8696,FEDEX,26/06/2024,Accepted,Bangalore,Hyderabad,467.98,,,,Expected Delivery Date is missing or invalid
SHO8698,BLUEDART,,Delivered,Mumbai,Chennai,421.89,09/03/2026,09/03/2026,0,Invalid ship date
SHO8699,FEDEX,28/11/2025,Delivered,Chennai,Bangalore,-49.42,30/11/2025,28/11/2025,0,Invalid freight cost
SHO8701,FEDEX,02/03/2026,Delayed,Delhi,Bangalore,,,,,Expected Delivery Date is missing or invalid; Invalid freight cost
SHO8702,BLUEDART,,In Transit,Delhi,Chennai,223.74,09/02/2026,,,Invalid ship date
SHO8704,DHL,05/09/2025,In Transit,Chennai,Delhi,,09/07/2025,,,Expected Delivery Date is before Ship Date; Invalid freight cost
SHO8707,BLUEDART,,Delayed,Pune,Delhi,98.28,23/05/2026,02/06/2026,,Invalid ship date
SHO8708,DHL,,In Transit,Hyderabad,Chennai,378.53,11/01/2025,,,Invalid ship date
SHO8713,BLUEDART,03/07/2024,Accepted,Bangalore,Delhi,,13/03/2024,17/03/2024,,Expected Delivery Date is before Ship Date; Invalid freight cost
SHO8714,FEDEX,02/06/2024,Delivered,Chennai,Hyderabad,359.54,,07/06/2024,,Expected Delivery Date is missing or invalid
SHO8716,FEDEX,,Delivered,Mumbai,Hyderabad,494.1,29/12/2024,30/12/2024,1,Invalid ship date
SHO8718,FEDEX,06/03/2025,In Transit,Delhi,Bangalore,237.81,,,,Expected Delivery Date is missing or invalid
SHO8719,DHL,08/12/2024,IN TRANS,Bangalore,Hyderabad,346.66,15/12/2024,,,Invalid status
SHO8722,FEDEX,30/10/2024,Pending,Bangalore,Pune,7.38,,,,Expected Delivery Date is missing or invalid
SHO8724,BLUEDART,,Delivered,Hyderabad,Delhi,166.14,,19/05/2026,,Invalid ship date; Expected Delivery Date is missing or invalid
SHO8725,DHL,,Delivered,Hyderabad,Bangalore,-26.33,17/02/2025,17/02/2025,0,Invalid ship date; Invalid freight cost
SHO8726,DHL,03/02/2024,IN TRANS,Bangalore,Hyderabad,61.21,10/02/2024,,,Invalid status
SHO8727,BLUEDART,10/05/2026,Accepted,Hyderabad,Chennai,127.79,,,,Expected Delivery Date is missing or invalid
SHO8728,FEDEX,,UNKNOWN,Bangalore,Delhi,202.83,02/11/2024,13/02/2024,,Invalid ship date; Invalid status
SHO8730,DHL,02/05/2026,Delivered,Bangalore,Mumbai,449.64,09/02/2026,10/02/2026,1,Expected Delivery Date is before Ship Date; Delivered Date is before Ship Date
SHO8731,DHL,27/08/2025,Delivered,Hyderabad,Chennai,17.92,09/02/2025,05/09/2025,208,Expected Delivery Date is before Ship Date
,FEDEX,05/10/2026,In Transit,Bangalore,Delhi,-7.26,13/05/2026,,,Missing shipment ID; Expected Delivery Date is before Ship Date; Invalid freight cost
SHO8733,BLUEDART,24/08/2024,IN TRANS,Hyderabad,Chennai,387.73,26/08/2024,,,Invalid status
SHO8734,FEDEX,14/03/2024,Accepted,Pune,Bangalore,-4.39,,,,Expected Delivery Date is missing or invalid; Invalid freight cost
SHO8735,BLUEDART,18/03/2024,Delayed,Bangalore,Chennai,-78.79,20/03/2024,24/03/2024,,Invalid freight cost
SHO8737,FEDEX,,In Transit,Bangalore,Mumbai,90.07,12/07/2025,,,Invalid ship date
SHO8740,FEDEX,01/01/2025,Delayed,Delhi,Chennai,-13.47,07/01/2025,17/01/2025,,Invalid freight cost
SHO8741,FEDEX,02/04/2026,Delayed,Chennai,Mumbai,,02/10/2026,02/12/2026,,Invalid freight cost
SHO8742,FEDEX,30/07/2024,In Transit,Bangalore,Mumbai,137.2,,,,Expected Delivery Date is missing or invalid
,FEDEX,12/06/2025,In Transit,Chennai,Hyderabad,,10/12/2025,,,Missing shipment ID; Invalid freight cost
SHO8745,BLUEDART,21/10/2025,UNKNOWN,Hyderabad,Mumbai,-58.24,27/10/2025,,,Invalid status; Invalid freight cost
SHO8746,FEDEX,15/01/2026,Delivered,Bangalore,Delhi,418.94,,20/01/2026,,Expected Delivery Date is missing or invalid
SHO8750,BLUEDART,29/07/2025,Delivered,Hyderabad,Chennai,33.25,,03/08/2025,,Expected Delivery Date is missing or invalid
SHO8752,BLUEDART,02/01/2024,IN TRANS,Bangalore,Mumbai,126.25,,,,Invalid status; Expected Delivery Date is missing or invalid
SHO8753,BLUEDART,01/01/2025,Delivered,Chennai,Bangalore,25.68,07/01/2025,,,Delivered Date is missing or invalid for Delivered status
SHO8757,FEDEX,19/02/2025,Delivered,Delhi,Mumbai,274.83,,,,Expected Delivery Date is missing or invalid; Delivered Date is missing or invalid for Delivered status
SHO8758,FEDEX,02/06/2025,In Transit,Chennai,Bangalore,287.56,,,,Expected Delivery Date is missing or invalid
SHO8760,DHL,10/12/2025,Pending,Chennai,Delhi,-64.94,17/12/2025,,,Invalid freight cost
SHO8762,BLUEDART,,Delayed,Hyderabad,Mumbai,335.56,31/10/2024,06/11/2024,,Invalid ship date
SHO8764,BLUEDART,,Delayed,Delhi,Chennai,,26/06/2025,03/07/2025,,Invalid ship date; Invalid freight cost
SHO8765,FEDEX,,In Transit,Pune,Delhi,-77.43,04/06/2026,,,Invalid ship date; Invalid freight cost
SHO8766,BLUEDART,,UNKNOWN,Pune,Bangalore,188.25,20/12/2025,,,Invalid ship date; Invalid status
SHO8767,BLUEDART,18/11/2025,Pending,Bangalore,Delhi,256.54,,,,Expected Delivery Date is missing or invalid
SHO8768,FEDEX,01/02/2026,Delayed,Delhi,Hyderabad,-76.77,02/04/2026,05/02/2026,,Invalid freight cost
SHO8769,FEDEX,,Pending,Chennai,Hyderabad,208.36,26/03/2024,,,Invalid ship date
SHO8770,FEDEX,14/07/2024,Delivered,Hyderabad,Pune,298.14,19/07/2024,,,Delivered Date is missing or invalid for Delivered status
SHO8772,DHL,31/03/2024,IN TRANS,Bangalore,Delhi,121.65,07/04/2024,,,Invalid status
SHO8773,BLUEDART,01/10/2024,Pending,Pune,Bangalore,,,,,Expected Delivery Date is missing or invalid; Invalid freight cost
,DHL,19/06/2025,Pending,Pune,Hyderabad,138.53,21/06/2025,,,Missing shipment ID
SHO8776,DHL,21/02/2024,Pending,Bangalore,Delhi,330.46,,,,Expected Delivery Date is missing or invalid
SHO8778,DHL,29/05/2024,Delivered,Chennai,Pune,292.17,31/05/2024,,,Delivered Date is missing or invalid for Delivered status
SHO8779,DHL,30/06/2026,Pending,Pune,Delhi,208.15,,,,Expected Delivery Date is missing or invalid
SHO8780,DHL,16/08/2024,Pending,Delhi,Chennai,-14.45,19/08/2024,,,Invalid freight cost
,FEDEX,,In Transit,Delhi,Mumbai,-64.72,22/03/2024,,,Missing shipment ID; Invalid ship date; Invalid freight cost
SHO8782,BLUEDART,07/03/2026,Delivered,Chennai,Hyderabad,-76.29,,10/03/2026,,Expected Delivery Date is missing or invalid; Invalid freight cost
SHO8783,FEDEX,,Delivered,Pune,Delhi,21.76,22/11/2025,,,Invalid ship date; Delivered Date is missing or invalid for Delivered status
SHO8785,BLUEDART,16/06/2024,Delivered,Chennai,Pune,479.05,22/06/2024,,,Delivered Date is missing or invalid for Delivered status
SHO8786,DHL,05/11/2024,In Transit,Delhi,Pune,160.08,11/08/2024,,,Expected Delivery Date is before Ship Date
SHO8788,BLUEDART,05/03/2025,Delivered,Chennai,Bangalore,-48.68,05/09/2025,05/07/2025,0,Invalid freight cost
SHO8789,BLUEDART,12/10/2024,Delivered,Bangalore,Hyderabad,443.69,17/12/2024,,,Delivered Date is missing or invalid for Delivered status
SHO8790,DHL,29/06/2024,Delivered,Pune,Chennai,,06/07/2024,,,Delivered Date is missing or invalid for Delivered status; Invalid freight cost
SHO8791,DHL,,In Transit,Chennai,Hyderabad,455.38,27/10/2024,,,Invalid ship date
SHO8792,BLUEDART,27/05/2026,Pending,Delhi,Mumbai,-54.12,31/05/2026,,,Invalid freight cost
,BLUEDART,04/06/2026,Delayed,Chennai,Pune,84.49,,16/06/2026,,Missing shipment ID; Expected Delivery Date is missing or invalid
SHO8794,BLUEDART,,Pending,Hyderabad,Pune,-67.5,,,,Invalid ship date; Expected Delivery Date is missing or invalid; Invalid freight cost
SHO8795,BLUEDART,,UNKNOWN,Delhi,Hyderabad,296.72,18/05/2026,25/05/2026,,Invalid ship date; Invalid status
SHO8796,BLUEDART,,In Transit,Pune,Delhi,162.32,05/11/2025,,,Invalid ship date
SHO8797,BLUEDART,,Pending,Pune,Mumbai,454.67,08/04/2024,,,Invalid ship date
SHO8798,FEDEX,,Pending,Hyderabad,Chennai,41.85,07/03/2026,,,Invalid ship date
SHO8799,BLUEDART,08/01/2024,Delivered,Pune,Bangalore,186.23,,08/01/2024,,Expected Delivery Date is missing or invalid
SHO8803,DHL,17/03/2026,Delivered,Chennai,Bangalore,,24/03/2026,23/03/2026,0,Invalid freight cost
SHO8805,BLUEDART,13/07/2025,IN TRANS,Bangalore,Hyderabad,496.23,18/07/2025,,,Invalid status
SHO8807,DHL,,Delayed,Mumbai,Bangalore,366.07,06/09/2025,,,Invalid ship date
SHO8809,FEDEX,,In Transit,Hyderabad,Delhi,183.25,31/01/2024,,,Invalid ship date
SHO8810,FEDEX,12/05/2025,Delayed,Bangalore,Delhi,151.77,,17/12/2025,,Expected Delivery Date is missing or invalid
SHO8812,BLUEDART,07/03/2026,Delayed,Mumbai,Chennai,68.63,,18/03/2026,,Expected Delivery Date is missing or invalid
,BLUEDART,03/04/2024,Accepted,Mumbai,Hyderabad,386.97,04/05/2024,,,Missing shipment ID
SHO8815,DHL,05/12/2024,In Transit,Delhi,Hyderabad,372.18,15/05/2024,,,Expected Delivery Date is before Ship Date
SHO8816,FEDEX,05/03/2025,Delivered,Mumbai,Bangalore,210.45,10/05/2025,,,Delivered Date is missing or invalid for Delivered status
SHO8817,FEDEX,,In Transit,Chennai,Mumbai,247.7,14/09/2025,,,Invalid ship date
,FEDEX,,IN TRANS,Hyderabad,Mumbai,427.46,24/12/2024,,,Missing shipment ID; Invalid ship date; Invalid status
,DHL,,In Transit,Bangalore,Hyderabad,,19/09/2024,,,Missing shipment ID; Invalid ship date; Invalid freight cost
SHO8820,BLUEDART,06/12/2026,Delayed,Pune,Bangalore,375.06,19/06/2026,25/06/2026,,Expected Delivery Date is before Ship Date
,FEDEX,29/06/2025,Pending,Delhi,Hyderabad,297.29,02/07/2025,,,Missing shipment ID
SHO8825,BLUEDART,,Delayed,Pune,Mumbai,-10.78,24/02/2024,,,Invalid ship date; Invalid freight cost
SHO8828,BLUEDART,08/02/2024,IN TRANS,Pune,Mumbai,,14/02/2024,,,Invalid status; Invalid freight cost
SHO8829,BLUEDART,01/12/2025,Pending,Delhi,Chennai,204.17,15/01/2025,,,Expected Delivery Date is before Ship Date
SHO8830,DHL,28/01/2025,Pending,Hyderabad,Chennai,66.12,02/01/2025,,,Expected Delivery Date is before Ship Date
SHO8831,DHL,08/09/2025,UNKNOWN,Hyderabad,Chennai,287.68,15/09/2025,20/09/2025,,Invalid status
SHO8832,DHL,,Delivered,Mumbai,Pune,,12/05/2026,16/05/2026,4,Invalid ship date; Invalid freight cost
SHO8837,BLUEDART,25/05/2024,Delivered,Mumbai,Bangalore,218.52,,04/06/2024,,Expected Delivery Date is missing or invalid
SHO8838,DHL,,Accepted,Chennai,Mumbai,127.78,16/11/2025,,,Invalid ship date
SHO8839,BLUEDART,23/07/2025,Delayed,Pune,Delhi,288.37,,02/08/2025,,Expected Delivery Date is missing or invalid
SHO8841,DHL,15/05/2026,In Transit,Pune,Chennai,-46.28,17/05/2026,,,Invalid freight cost
SHO8842,FEDEX,12/12/2024,Delivered,Hyderabad,Bangalore,230.0,14/12/2024,,,Delivered Date is missing or invalid for Delivered status
SHO8843,FEDEX,01/02/2025,Delayed,Pune,Delhi,85.62,04/01/2025,12/01/2025,,Expected Delivery Date is before Ship Date
SHO8845,BLUEDART,29/07/2025,IN TRANS,Bangalore,Pune,168.0,31/07/2025,,,Invalid status
SHO8847,FEDEX,23/04/2026,UNKNOWN,Pune,Mumbai,231.17,25/04/2026,30/04/2026,,Invalid status
SHO8848,DHL,26/04/2026,Delayed,Chennai,Pune,-3.73,28/04/2026,07/05/2026,,Invalid freight cost
SHO8849,BLUEDART,02/12/2024,Delayed,Chennai,Hyderabad,291.74,,,,Expected Delivery Date is missing or invalid
SHO8850,BLUEDART,26/08/2024,Delivered,Bangalore,Mumbai,,31/08/2024,29/08/2024,0,Invalid freight cost
SHO8851,BLUEDART,,Delivered,Bangalore,Hyderabad,327.71,,07/05/2024,,Invalid ship date; Expected Delivery Date is missing or invalid
,BLUEDART,21/09/2025,In Transit,Chennai,Hyderabad,80.25,,,,Missing shipment ID; Expected Delivery Date is missing or invalid
,DHL,06/08/2024,Delivered,Hyderabad,Bangalore,421.07,13/08/2024,,,Missing shipment ID; Delivered Date is missing or invalid for Delivered status
SHO8854,FEDEX,03/11/2024,Delivered,Mumbai,Pune,337.28,17/03/2024,21/03/2024,4,Expected Delivery Date is before Ship Date; Delivered Date is before Ship Date
SHO8855,DHL,20/04/2024,Pending,Chennai,Pune,467.01,,,,Expected Delivery Date is missing or invalid
SHO8859,BLUEDART,01/12/2025,Delayed,Delhi,Mumbai,26.87,,22/01/2025,,Expected Delivery Date is missing or invalid
SHO8860,DHL,13/02/2025,IN TRANS,Bangalore,Mumbai,-33.69,,,,Invalid status; Expected Delivery Date is missing or invalid; Invalid freight cost
SHO8864,BLUEDART,,In Transit,Mumbai,Hyderabad,151.14,02/02/2026,,,Invalid ship date
SHO8868,BLUEDART,14/01/2025,IN TRANS,Delhi,Chennai,428.31,18/01/2025,,,Invalid status
SHO8869,DHL,23/02/2025,In Transit,Bangalore,Delhi,480.5,,,,Expected Delivery Date is missing or invalid
SHO8870,FEDEX,,UNKNOWN,Delhi,Chennai,337.2,21/05/2026,,,Invalid ship date; Invalid status
SHO8873,DHL,28/02/2024,Delayed,Chennai,Bangalore,41.19,03/02/2024,08/03/2024,,Expected Delivery Date is before Ship Date
SHO8875,DHL,,In Transit,Bangalore,Delhi,81.75,20/10/2025,,,Invalid ship date
SHO8877,BLUEDART,24/06/2026,Accepted,Pune,Bangalore,,07/01/2026,,,Expected Delivery Date is before Ship Date; Invalid freight cost
SHO8878,FEDEX,24/12/2024,UNKNOWN,Delhi,Hyderabad,13.62,31/12/2024,,,Invalid status
SHO8879,FEDEX,,In Transit,Delhi,Pune,415.33,25/03/2025,,,Invalid ship date
SHO8880,FEDEX,21/06/2026,Delayed,Chennai,Delhi,5.18,,07/02/2026,,Expected Delivery Date is missing or invalid
,DHL,28/10/2024,In Transit,Chennai,Pune,450.51,03/11/2024,,,Missing shipment ID
SHO8885,FEDEX,15/01/2024,IN TRANS,Delhi,Mumbai,363.02,17/01/2024,,,Invalid status
SHO8887,DHL,17/01/2024,Pending,Pune,Chennai,203.56,,,,Expected Delivery Date is missing or invalid
SHO8892,BLUEDART,,Delivered,Delhi,Pune,83.81,21/08/2025,21/08/2025,0,Invalid ship date
SHO8893,DHL,02/07/2025,Pending,Hyderabad,Chennai,341.15,10/02/2025,,,Expected Delivery Date is before Ship Date
SHO8895,FEDEX,09/12/2025,Pending,Bangalore,Pune,382.45,,,,Expected Delivery Date is missing or invalid
SHO8899,FEDEX,18/08/2025,In Transit,Chennai,Hyderabad,312.57,,,,Expected Delivery Date is missing or invalid
SHO8901,FEDEX,,Delivered,Chennai,Delhi,,,04/12/2024,,Invalid ship date; Expected Delivery Date is missing or invalid; Invalid freight cost
SHO8903,FEDEX,15/04/2026,Delivered,Hyderabad,Delhi,411.58,,15/04/2026,,Expected Delivery Date is missing or invalid
SHO8904,FEDEX,,Accepted,Mumbai,Hyderabad,76.1,14/02/2025,,,Invalid ship date
SHO8905,FEDEX,24/01/2026,In Transit,Mumbai,Hyderabad,264.11,,,,Expected Delivery Date is missing or invalid
SHO8908,FEDEX,07/11/2024,Accepted,Delhi,Chennai,349.14,,,,Expected Delivery Date is missing or invalid
SHO8909,FEDEX,27/09/2024,Pending,Delhi,Pune,-11.57,10/01/2024,,,Expected Delivery Date is before Ship Date; Invalid freight cost
SHO8914,BLUEDART,17/05/2025,In Transit,Pune,Hyderabad,295.1,,,,Expected Delivery Date is missing or invalid
SHO8915,FEDEX,10/08/2024,In Transit,Delhi,Mumbai,-39.13,11/10/2024,,,Invalid freight cost
,FEDEX,09/07/2025,Delivered,Chennai,Delhi,161.8,16/07/2025,20/07/2025,4,Missing shipment ID
SHO8918,FEDEX,,IN TRANS,Hyderabad,Mumbai,372.11,,,,Invalid ship date; Invalid status; Expected Delivery Date is missing or invalid
SHO8920,BLUEDART,19/12/2025,Pending,Bangalore,Hyderabad,-51.03,24/12/2025,,,Invalid freight cost
SHO8921,DHL,10/08/2024,Pending,Chennai,Hyderabad,-35.13,14/08/2024,,,Invalid freight cost
,FEDEX,02/04/2024,UNKNOWN,Hyderabad,Pune,21.04,07/02/2024,,,Missing shipment ID; Invalid status; Expected Delivery Date is before Ship Date
SHO8923,FEDEX,23/07/2024,Delivered,Pune,Chennai,-28.7,25/07/2024,,,Delivered Date is missing or invalid for Delivered status; Invalid freight cost
SHO8924,BLUEDART,03/02/2024,Delivered,Mumbai,Chennai,,10/02/2024,08/02/2024,0,Invalid freight cost
SHO8925,BLUEDART,,Accepted,Pune,Hyderabad,237.55,08/07/2024,,,Invalid ship date
SHO8927,FEDEX,03/04/2024,Delayed,Hyderabad,Pune,114.36,,16/04/2024,,Expected Delivery Date is missing or invalid
SHO8928,DHL,08/11/2024,In Transit,Delhi,Chennai,109.55,13/08/2024,,,Expected Delivery Date is before Ship Date
,DHL,11/03/2024,Delayed,Hyderabad,Chennai,405.85,06/11/2024,11/11/2024,,Missing shipment ID
SHO8930,DHL,13/08/2025,IN TRANS,Bangalore,Delhi,248.18,18/08/2025,,,Invalid status
SHO8933,FEDEX,03/06/2024,In Transit,Hyderabad,Delhi,133.1,06/05/2024,,,Expected Delivery Date is before Ship Date
SHO8934,BLUEDART,21/10/2025,IN TRANS,Mumbai,Pune,-60.85,,,,Invalid status; Expected Delivery Date is missing or invalid; Invalid freight cost
SHO8935,DHL,13/01/2026,IN TRANS,Bangalore,Delhi,226.63,20/01/2026,,,Invalid status
SHO8937,DHL,30/10/2024,Pending,Delhi,Chennai,-12.19,06/11/2024,,,Invalid freight cost
SHO8938,DHL,08/03/2024,In Transit,Chennai,Delhi,,10/08/2024,,,Invalid freight cost
SHO8939,BLUEDART,,IN TRANS,Delhi,Mumbai,-5.19,20/02/2026,,,Invalid ship date; Invalid status; Invalid freight cost
SHO8940,BLUEDART,,Delayed,Chennai,Mumbai,493.38,31/07/2024,07/08/2024,,Invalid ship date
,FEDEX,02/10/2025,Delivered,Mumbai,Pune,118.05,08/10/2025,06/10/2025,0,Missing shipment ID
SHO8942,FEDEX,,Delivered,Chennai,Delhi,-0.04,,16/04/2024,,Invalid ship date; Expected Delivery Date is missing or invalid; Invalid freight cost
SHO8943,BLUEDART,11/09/2025,Pending,Bangalore,Hyderabad,,18/09/2025,,,Invalid freight cost
SHO8944,FEDEX,27/08/2025,UNKNOWN,Chennai,Hyderabad,489.87,30/08/2025,09/01/2025,,Invalid status
SHO8945,FEDEX,,Pending,Bangalore,Chennai,120.98,07/06/2024,,,Invalid ship date
SHO8947,BLUEDART,02/06/2024,Pending,Chennai,Pune,15.05,,,,Expected Delivery Date is missing or invalid
SHO8949,DHL,31/08/2025,Delayed,Mumbai,Chennai,210.09,,,,Expected Delivery Date is missing or invalid
SHO8950,BLUEDART,09/03/2024,Delayed,Mumbai,Bangalore,63.8,,03/12/2024,,Expected Delivery Date is missing or invalid
SHO8953,FEDEX,29/06/2024,In Transit,Bangalore,Hyderabad,230.17,,,,Expected Delivery Date is missing or invalid
SHO8955,FEDEX,,UNKNOWN,Chennai,Pune,113.53,,,,Invalid ship date; Invalid status; Expected Delivery Date is missing or invalid
SHO8956,FEDEX,08/11/2024,Pending,Hyderabad,Pune,,13/08/2024,,,Expected Delivery Date is before Ship Date; Invalid freight cost
SHO8957,BLUEDART,,Pending,Bangalore,Pune,173.75,08/10/2025,,,Invalid ship date
SHO8960,BLUEDART,26/10/2024,Pending,Delhi,Bangalore,362.1,11/02/2024,,,Expected Delivery Date is before Ship Date
SHO8962,FEDEX,19/07/2024,UNKNOWN,Pune,Delhi,213.16,26/07/2024,,,Invalid status
SHO8964,DHL,,In Transit,Chennai,Bangalore,-49.15,30/06/2025,,,Invalid ship date; Invalid freight cost
SHO8966,DHL,16/02/2024,UNKNOWN,Delhi,Bangalore,-48.91,,20/02/2024,,Invalid status; Expected Delivery Date is missing or invalid; Invalid freight cost
SHO8969,FEDEX,07/09/2024,Pending,Bangalore,Mumbai,92.54,14/07/2024,,,Expected Delivery Date is before Ship Date
SHO8970,BLUEDART,22/02/2025,Accepted,Pune,Mumbai,-32.15,27/02/2025,,,Invalid freight cost
SHO8971,DHL,21/06/2025,UNKNOWN,Pune,Mumbai,269.47,28/06/2025,,,Invalid status
SHO8973,FEDEX,08/08/2025,Pending,Pune,Bangalore,-73.83,15/08/2025,,,Invalid freight cost
SHO8974,FEDEX,17/04/2024,IN TRANS,Hyderabad,Pune,358.68,23/04/2024,,,Invalid status
SHO8975,BLUEDART,,In Transit,Delhi,Mumbai,310.47,15/12/2024,,,Invalid ship date
SHO8977,DHL,26/05/2024,In Transit,Mumbai,Pune,187.47,06/01/2024,,,Expected Delivery Date is before Ship Date
SHO8978,FEDEX,15/02/2025,Pending,Mumbai,Hyderabad,473.01,,,,Expected Delivery Date is missing or invalid
SHO8979,DHL,,In Transit,Chennai,Delhi,173.17,19/01/2024,,,Invalid ship date
SHO8980,DHL,09/11/2024,Accepted,Chennai,Bangalore,-16.85,13/11/2024,,,Invalid freight cost
SHO8981,BLUEDART,,In Transit,Hyderabad,Mumbai,295.26,05/05/2024,,,Invalid ship date
SHO8982,FEDEX,,IN TRANS,Mumbai,Bangalore,403.33,18/11/2025,,,Invalid ship date; Invalid status
SHO8983,BLUEDART,,Accepted,Pune,Mumbai,94.93,10/07/2024,,,Invalid ship date
SHO8985,FEDEX,30/05/2024,Accepted,Pune,Mumbai,234.59,06/04/2024,,,Expected Delivery Date is before Ship Date
SHO8986,FEDEX,,Pending,Bangalore,Hyderabad,,14/08/2025,,,Invalid ship date; Invalid freight cost
SHO8988,FEDEX,30/05/2026,Delivered,Chennai,Bangalore,441.11,,06/07/2026,,Expected Delivery Date is missing or invalid
SHO8989,DHL,25/01/2024,IN TRANS,Chennai,Mumbai,428.47,28/01/2024,,,Invalid status
SHO8991,BLUEDART,04/07/2024,In Transit,Hyderabad,Bangalore,-32.63,07/08/2024,,,Invalid freight cost
SHO8992,FEDEX,,Pending,Hyderabad,Mumbai,381.09,05/07/2025,,,Invalid ship date
SHO8994,DHL,06/01/2025,Delivered,Hyderabad,Bangalore,-21.41,06/06/2025,09/06/2025,3,Invalid freight cost
SHO8995,FEDEX,24/12/2025,In Transit,Hyderabad,Delhi,141.86,,,,Expected Delivery Date is missing or invalid
,DHL,21/10/2024,Pending,Delhi,Chennai,27.64,27/10/2024,,,Missing shipment ID
SHO8997,DHL,14/06/2024,Delivered,Mumbai,Pune,482.64,,24/06/2024,,Expected Delivery Date is missing or invalid
SHO8998,DHL,,Pending,Hyderabad,Bangalore,281.07,,,,Invalid ship date; Expected Delivery Date is missing or invalid
SHO8999,FEDEX,08/05/2025,UNKNOWN,Pune,Delhi,155.07,08/12/2025,,,Invalid status
SHO9001,FEDEX,,Delivered,Bangalore,Chennai,93.19,,11/10/2025,,Invalid ship date; Expected Delivery Date is missing or invalid
SHO9004,FEDEX,09/03/2025,Pending,Hyderabad,Chennai,-16.8,,,,Expected Delivery Date is missing or invalid; Invalid freight cost
SHO9005,FEDEX,,In Transit,Hyderabad,Delhi,370.78,22/03/2024,,,Invalid ship date
SHO9007,FEDEX,,Pending,Delhi,Bangalore,-2.89,,,,Invalid ship date; Expected Delivery Date is missing or invalid; Invalid freight cost
SHO9008,BLUEDART,08/01/2026,In Transit,Pune,Delhi,,,,,Expected Delivery Date is missing or invalid; Invalid freight cost
SHO9009,BLUEDART,,Delivered,Mumbai,Hyderabad,422.73,10/12/2024,10/12/2024,0,Invalid ship date
SHO9010,DHL,,Pending,Mumbai,Hyderabad,257.95,05/11/2025,,,Invalid ship date
SHO9012,DHL,,Accepted,Pune,Chennai,448.24,28/08/2025,,,Invalid ship date
SHO9013,FEDEX,29/03/2025,Delivered,Chennai,Mumbai,205.76,04/04/2025,,,Delivered Date is missing or invalid for Delivered status
SHO9014,FEDEX,31/08/2025,Pending,Delhi,Bangalore,385.53,,,,Expected Delivery Date is missing or invalid
SHO9017,BLUEDART,31/03/2024,IN TRANS,Chennai,Pune,,04/02/2024,,,Invalid status; Expected Delivery Date is before Ship Date; Invalid freight cost
SHO9019,DHL,31/01/2024,In Transit,Pune,Delhi,,02/05/2024,,,Invalid freight cost
SHO9020,DHL,03/06/2025,Delayed,Delhi,Bangalore,378.67,,,,Expected Delivery Date is missing or invalid
SHO9021,DHL,30/04/2025,IN TRANS,Mumbai,Delhi,496.85,05/06/2025,,,Invalid status
SHO9022,FEDEX,,Pending,Bangalore,Mumbai,46.74,26/09/2025,,,Invalid ship date
SHO9023,BLUEDART,11/04/2025,Delivered,Hyderabad,Chennai,409.58,,15/04/2025,,Expected Delivery Date is missing or invalid
SHO9024,FEDEX,14/10/2024,In Transit,Mumbai,Hyderabad,-48.09,20/10/2024,,,Invalid freight cost
SHO9026,DHL,,Delayed,Delhi,Mumbai,277.03,06/08/2026,13/06/2026,,Invalid ship date
SHO9027,DHL,26/06/2026,Accepted,Chennai,Mumbai,44.93,,03/07/2026,,Expected Delivery Date is missing or invalid
SHO9028,FEDEX,03/05/2025,In Transit,Hyderabad,Chennai,,03/11/2025,,,Invalid freight cost
SHO9029,BLUEDART,24/07/2025,In Transit,Chennai,Delhi,,29/07/2025,,,Invalid freight cost
SHO9030,FEDEX,,Pending,Delhi,Mumbai,-30.86,03/01/2025,,,Invalid ship date; Invalid freight cost
,FEDEX,16/04/2026,Pending,Bangalore,Hyderabad,-7.26,22/04/2026,,,Missing shipment ID; Invalid freight cost
SHO9032,FEDEX,19/04/2025,In Transit,Pune,Mumbai,46.16,,,,Expected Delivery Date is missing or invalid
SHO9033,DHL,11/09/2025,Delivered,Delhi,Mumbai,-6.88,13/09/2025,,,Delivered Date is missing or invalid for Delivered status; Invalid freight cost
SHO9034,BLUEDART,22/02/2024,Delivered,Pune,Hyderabad,70.39,29/02/2024,,,Delivered Date is missing or invalid for Delivered status
SHO9035,FEDEX,06/12/2024,Accepted,Chennai,Bangalore,405.7,,,,Expected Delivery Date is missing or invalid
SHO9036,FEDEX,,Delivered,Hyderabad,Bangalore,389.62,08/01/2024,07/01/2024,0,Invalid ship date
SHO9037,BLUEDART,02/07/2026,Delivered,Delhi,Chennai,348.73,02/10/2026,13/02/2026,0,Delivered Date is before Ship Date
SHO9038,DHL,,Delayed,Delhi,Bangalore,390.53,,25/06/2024,,Invalid ship date; Expected Delivery Date is missing or invalid
SHO9039,FEDEX,,In Transit,Hyderabad,Chennai,230.38,24/04/2025,,,Invalid ship date
SHO9041,DHL,,Delivered,Delhi,Pune,395.22,21/10/2024,,,Invalid ship date; Delivered Date is missing or invalid for Delivered status
SHO9043,BLUEDART,09/10/2025,Delivered,Delhi,Pune,-20.16,,16/10/2025,,Expected Delivery Date is missing or invalid; Invalid freight cost
SHO9044,DHL,21/06/2026,In Transit,Bangalore,Chennai,-27.11,28/06/2026,,,Invalid freight cost
SHO9045,DHL,02/11/2024,Accepted,Delhi,Chennai,81.38,,,,Expected Delivery Date is missing or invalid
SHO9046,DHL,02/03/2024,IN TRANS,Bangalore,Delhi,377.55,08/03/2024,,,Invalid status
SHO9047,DHL,17/10/2025,Accepted,Hyderabad,Pune,404.99,,,,Expected Delivery Date is missing or invalid
SHO9048,BLUEDART,14/09/2024,Delivered,Delhi,Pune,-42.2,,19/09/2024,,Expected Delivery Date is missing or invalid; Invalid freight cost
SHO9050,FEDEX,25/05/2026,IN TRANS,Mumbai,Pune,293.05,,,,Invalid status; Expected Delivery Date is missing or invalid
SHO9052,FEDEX,21/02/2026,Accepted,Chennai,Pune,-27.15,25/02/2026,,,Invalid freight cost
,DHL,22/06/2024,In Transit,Hyderabad,Bangalore,-2.34,24/06/2024,,,Missing shipment ID; Invalid freight cost
SHO9054,DHL,,Accepted,Pune,Bangalore,170.71,05/06/2024,,,Invalid ship date
SHO9055,DHL,23/06/2026,In Transit,Bangalore,Hyderabad,-68.43,30/06/2026,,,Invalid freight cost
SHO9056,BLUEDART,28/05/2026,In Transit,Pune,Bangalore,206.68,06/03/2026,,,Expected Delivery Date is before Ship Date
SHO9058,DHL,,UNKNOWN,Delhi,Chennai,102.83,,,,Invalid ship date; Invalid status; Expected Delivery Date is missing or invalid
SHO9060,FEDEX,01/04/2026,Delivered,Mumbai,Bangalore,-10.96,04/04/2026,02/04/2026,0,Invalid freight cost
SHO9061,BLUEDART,06/05/2025,Pending,Pune,Delhi,-0.79,,,,Expected Delivery Date is missing or invalid; Invalid freight cost
SHO9063,BLUEDART,13/09/2024,In Transit,Bangalore,Mumbai,,20/09/2024,,,Invalid freight cost
SHO9064,FEDEX,,In Transit,Hyderabad,Mumbai,57.04,,,,Invalid ship date; Expected Delivery Date is missing or invalid
,DHL,29/03/2025,In Transit,Delhi,Mumbai,407.64,31/03/2025,,,Missing shipment ID
SHO9066,BLUEDART,08/06/2024,In Transit,Chennai,Pune,,,,,Expected Delivery Date is missing or invalid; Invalid freight cost
,BLUEDART,02/02/2024,In Transit,Mumbai,Pune,424.63,04/02/2024,,,Missing shipment ID
SHO9068,BLUEDART,26/11/2024,Accepted,Bangalore,Pune,298.48,,,,Expected Delivery Date is missing or invalid
SHO9069,FEDEX,,In Transit,Pune,Delhi,-66.0,09/06/2025,,,Invalid ship date; Invalid freight cost
SHO9070,DHL,29/12/2025,IN TRANS,Hyderabad,Bangalore,167.32,01/03/2026,,,Invalid status
SHO9072,DHL,23/07/2024,IN TRANS,Bangalore,Hyderabad,218.47,,,,Invalid status; Expected Delivery Date is missing or invalid
SHO9073,FEDEX,30/08/2024,Pending,Bangalore,Pune,366.56,09/03/2024,,,Expected Delivery Date is before Ship Date
SHO9074,DHL,14/06/2025,UNKNOWN,Chennai,Delhi,-76.65,20/06/2025,,,Invalid status; Invalid freight cost
SHO9076,FEDEX,01/01/2024,Delayed,Chennai,Pune,,04/01/2024,14/01/2024,,Invalid freight cost
SHO9077,BLUEDART,,In Transit,Bangalore,Delhi,11.71,13/01/2025,,,Invalid ship date
SHO9079,BLUEDART,02/06/2025,Pending,Chennai,Delhi,121.19,09/02/2025,,,Expected Delivery Date is before Ship Date
SHO9081,DHL,26/03/2025,In Transit,Delhi,Bangalore,422.09,04/01/2025,,,Expected Delivery Date is before Ship Date
SHO9082,BLUEDART,17/05/2025,Accepted,Bangalore,Chennai,105.02,,,,Expected Delivery Date is missing or invalid
SHO9083,BLUEDART,,IN TRANS,Chennai,Hyderabad,311.08,,,,Invalid ship date; Invalid status; Expected Delivery Date is missing or invalid
,FEDEX,,In Transit,Delhi,Chennai,62.57,10/10/2024,,,Missing shipment ID; Invalid ship date
SHO9089,BLUEDART,30/05/2024,Pending,Mumbai,Delhi,-64.81,04/06/2024,,,Invalid freight cost
,FEDEX,27/05/2024,IN TRANS,Chennai,Bangalore,158.77,01/06/2024,,,Missing shipment ID; Invalid status
SHO9092,DHL,05/07/2024,Accepted,Mumbai,Bangalore,492.13,09/05/2024,,,Expected Delivery Date is before Ship Date
SHO9094,DHL,,Delayed,Mumbai,Bangalore,-72.46,,25/03/2025,,Invalid ship date; Expected Delivery Date is missing or invalid; Invalid freight cost
SHO9095,FEDEX,29/08/2024,Delayed,Bangalore,Mumbai,308.55,,15/09/2024,,Expected Delivery Date is missing or invalid
SHO9096,FEDEX,04/06/2025,In Transit,Delhi,Mumbai,245.71,13/04/2025,,,Expected Delivery Date is before Ship Date
,FEDEX,17/06/2024,Accepted,Delhi,Hyderabad,398.31,22/06/2024,02/07/2024,,Missing shipment ID
,FEDEX,03/05/2026,UNKNOWN,Hyderabad,Mumbai,498.2,07/05/2026,,,Missing shipment ID; Invalid status
SHO9102,DHL,25/04/2026,IN TRANS,Hyderabad,Delhi,441.76,,,,Invalid status; Expected Delivery Date is missing or invalid
SHO9105,DHL,,In Transit,Mumbai,Hyderabad,205.81,23/09/2025,,,Invalid ship date
SHO9106,DHL,29/08/2025,Pending,Chennai,Bangalore,-71.02,,,,Expected Delivery Date is missing or invalid; Invalid freight cost
SHO9108,DHL,04/10/2026,Delayed,Mumbai,Pune,298.97,17/04/2026,,,Expected Delivery Date is before Ship Date
SHO9109,DHL,01/02/2026,Delayed,Chennai,Delhi,224.8,,11/02/2026,,Expected Delivery Date is missing or invalid
SHO9111,FEDEX,09/02/2025,Delivered,Chennai,Pune,-34.37,08/09/2025,,,Delivered Date is missing or invalid for Delivered status; Invalid freight cost
SHO9112,FEDEX,11/04/2025,Delayed,Chennai,Hyderabad,491.46,,,,Expected Delivery Date is missing or invalid
SHO9113,DHL,,In Transit,Chennai,Delhi,393.91,,,,Invalid ship date; Expected Delivery Date is missing or invalid
SHO9114,DHL,,Accepted,Bangalore,Delhi,453.17,01/02/2024,,,Invalid ship date
SHO9117,BLUEDART,02/08/2024,Delayed,Hyderabad,Mumbai,46.47,,08/11/2024,,Expected Delivery Date is missing or invalid
,BLUEDART,19/09/2025,In Transit,Pune,Chennai,-60.6,24/09/2025,,,Missing shipment ID; Invalid freight cost
SHO9122,BLUEDART,04/05/2026,UNKNOWN,Pune,Chennai,154.52,,,,Invalid status; Expected Delivery Date is missing or invalid
SHO9123,DHL,22/04/2026,Delivered,Pune,Mumbai,-61.01,,,,Expected Delivery Date is missing or invalid; Delivered Date is missing or invalid for Delivered status; Invalid freight cost
SHO9124,BLUEDART,,Pending,Mumbai,Hyderabad,455.38,26/07/2025,,,Invalid ship date
SHO9126,BLUEDART,09/07/2024,Pending,Chennai,Hyderabad,363.87,,,,Expected Delivery Date is missing or invalid
SHO9127,DHL,,Accepted,Delhi,Hyderabad,475.81,09/06/2025,08/09/2025,,Invalid ship date
SHO9129,BLUEDART,,Delayed,Hyderabad,Delhi,244.1,,18/09/2025,,Invalid ship date; Expected Delivery Date is missing or invalid
SHO9130,FEDEX,,Pending,Hyderabad,Mumbai,85.95,21/09/2025,,,Invalid ship date
SHO9131,FEDEX,31/10/2024,Accepted,Chennai,Bangalore,53.42,11/06/2024,,,Expected Delivery Date is before Ship Date
SHO9133,BLUEDART,12/01/2025,Delivered,Bangalore,Chennai,449.69,14/01/2025,,,Delivered Date is missing or invalid for Delivered status
SHO9134,FEDEX,,Delayed,Mumbai,Hyderabad,446.95,10/05/2024,06/10/2024,,Invalid ship date
SHO9135,BLUEDART,,Pending,Hyderabad,Mumbai,-78.58,,,,Invalid ship date; Expected Delivery Date is missing or invalid; Invalid freight cost
SHO9136,FEDEX,05/07/2025,Delayed,Mumbai,Hyderabad,297.85,,20/05/2025,,Expected Delivery Date is missing or invalid
SHO9137,BLUEDART,14/08/2024,IN TRANS,Mumbai,Pune,357.64,20/08/2024,,,Invalid status
SHO9140,DHL,,IN TRANS,Bangalore,Chennai,432.81,,,,Invalid ship date; Invalid status; Expected Delivery Date is missing or invalid
SHO9141,FEDEX,,Delivered,Delhi,Bangalore,357.41,18/02/2025,20/02/2025,2,Invalid ship date
SHO9145,BLUEDART,13/01/2025,Delivered,Mumbai,Delhi,156.18,,14/01/2025,,Expected Delivery Date is missing or invalid
SHO9146,FEDEX,02/06/2026,In Transit,Pune,Delhi,85.83,12/02/2026,,,Expected Delivery Date is before Ship Date
SHO9149,DHL,18/09/2024,In Transit,Delhi,Chennai,,21/09/2024,,,Invalid freight cost
SHO9150,BLUEDART,23/12/2024,In Transit,Mumbai,Delhi,232.99,,,,Expected Delivery Date is missing or invalid
SHO9151,FEDEX,23/08/2025,Pending,Hyderabad,Delhi,187.4,,,,Expected Delivery Date is missing or invalid
SHO9153,BLUEDART,24/06/2025,Delayed,Bangalore,Pune,-16.55,28/06/2025,06/07/2025,,Invalid freight cost
,DHL,26/10/2024,Delivered,Delhi,Pune,434.16,31/10/2024,02/11/2024,2,Missing shipment ID
SHO9155,FEDEX,28/03/2026,Pending,Bangalore,Chennai,296.49,04/02/2026,,,Expected Delivery Date is before Ship Date
SHO9157,FEDEX,,Pending,Bangalore,Pune,361.61,05/08/2024,,,Invalid ship date
SHO9158,DHL,25/11/2025,IN TRANS,Hyderabad,Chennai,46.12,30/11/2025,,,Invalid status
SHO9162,BLUEDART,19/02/2025,IN TRANS,Mumbai,Hyderabad,321.43,21/02/2025,,,Invalid status
SHO9164,FEDEX,,Accepted,Bangalore,Mumbai,375.65,05/12/2025,,,Invalid ship date
SHO9165,FEDEX,12/07/2024,Delivered,Chennai,Pune,248.43,,,,Expected Delivery Date is missing or invalid; Delivered Date is missing or invalid for Delivered status
SHO9166,DHL,22/02/2026,Delayed,Pune,Bangalore,187.98,03/01/2026,03/07/2026,,Expected Delivery Date is before Ship Date
SHO9168,DHL,01/03/2024,IN TRANS,Hyderabad,Delhi,188.31,01/10/2024,,,Invalid status
SHO9170,DHL,07/01/2025,In Transit,Delhi,Mumbai,,07/04/2025,,,Invalid freight cost
SHO9173,DHL,09/06/2025,Delivered,Mumbai,Chennai,-54.91,12/06/2025,14/06/2025,2,Invalid freight cost
SHO9174,DHL,03/07/2025,Pending,Pune,Hyderabad,-71.17,12/03/2025,,,Expected Delivery Date is before Ship Date; Invalid freight cost
SHO9176,BLUEDART,09/09/2024,Delivered,Bangalore,Chennai,131.11,13/09/2024,,,Delivered Date is missing or invalid for Delivered status
SHO9177,FEDEX,29/08/2025,Delayed,Mumbai,Delhi,47.17,09/03/2025,12/09/2025,,Expected Delivery Date is before Ship Date
SHO9178,BLUEDART,,Pending,Hyderabad,Delhi,216.42,01/02/2025,,,Invalid ship date
SHO9179,BLUEDART,29/12/2025,Delayed,Delhi,Mumbai,358.79,,08/01/2026,,Expected Delivery Date is missing or invalid
SHO9181,BLUEDART,29/08/2024,Delayed,Pune,Chennai,194.53,,10/09/2024,,Expected Delivery Date is missing or invalid
SHO9182,DHL,11/01/2025,IN TRANS,Bangalore,Hyderabad,122.2,13/01/2025,,,Invalid status
,DHL,14/03/2024,In Transit,Bangalore,Hyderabad,-3.65,,,,Missing shipment ID; Expected Delivery Date is missing or invalid; Invalid freight cost
SHO9185,FEDEX,10/04/2026,IN TRANS,Bangalore,Pune,309.24,15/04/2026,,,Invalid status
SHO9186,BLUEDART,20/05/2025,In Transit,Bangalore,Delhi,-7.18,24/05/2025,,,Invalid freight cost
SHO9187,BLUEDART,30/04/2024,Delayed,Hyderabad,Bangalore,390.47,,05/08/2024,,Expected Delivery Date is missing or invalid
SHO9188,BLUEDART,30/01/2025,Delayed,Pune,Bangalore,42.51,,10/02/2025,,Expected Delivery Date is missing or invalid
SHO9189,FEDEX,16/12/2024,Pending,Delhi,Hyderabad,17.94,,,,Expected Delivery Date is missing or invalid
SHO9190,FEDEX,24/01/2026,IN TRANS,Delhi,Bangalore,95.74,30/01/2026,,,Invalid status
SHO9191,BLUEDART,06/05/2024,UNKNOWN,Hyderabad,Pune,-19.06,,,,Invalid status; Expected Delivery Date is missing or invalid; Invalid freight cost
SHO9192,DHL,,Delayed,Mumbai,Bangalore,120.9,19/11/2024,21/11/2024,,Invalid ship date
SHO9193,BLUEDART,23/11/2024,Delivered,Mumbai,Chennai,474.26,26/11/2024,,,Delivered Date is missing or invalid for Delivered status
SHO9194,DHL,18/04/2025,IN TRANS,Delhi,Hyderabad,368.07,24/04/2025,,,Invalid status
SHO9196,BLUEDART,02/11/2026,Delivered,Bangalore,Delhi,146.69,18/02/2026,18/02/2026,0,Expected Delivery Date is before Ship Date; Delivered Date is before Ship Date
SHO9197,BLUEDART,,Accepted,Pune,Chennai,-60.63,,,,Invalid ship date; Expected Delivery Date is missing or invalid; Invalid freight cost
SHO9198,BLUEDART,17/02/2026,Accepted,Hyderabad,Delhi,450.96,,,,Expected Delivery Date is missing or invalid
SHO9201,FEDEX,19/07/2025,Delivered,Delhi,Bangalore,31.98,,29/07/2025,,Expected Delivery Date is missing or invalid
SHO9202,DHL,06/07/2025,Pending,Chennai,Bangalore,,09/07/2025,,,Invalid freight cost
SHO9204,DHL,,In Transit,Delhi,Pune,40.48,17/05/2024,,,Invalid ship date
SHO9205,FEDEX,,Accepted,Bangalore,Chennai,480.83,,10/07/2024,,Invalid ship date; Expected Delivery Date is missing or invalid
SHO9206,FEDEX,31/07/2025,In Transit,Hyderabad,Delhi,180.15,08/06/2025,,,Expected Delivery Date is before Ship Date
SHO9207,DHL,24/06/2026,Accepted,Delhi,Pune,117.42,,,,Expected Delivery Date is missing or invalid
SHO9208,DHL,,Delayed,Bangalore,Delhi,-74.36,,30/06/2026,,Invalid ship date; Expected Delivery Date is missing or invalid; Invalid freight cost
SHO9209,FEDEX,04/03/2025,UNKNOWN,Hyderabad,Bangalore,317.34,,,,Invalid status; Expected Delivery Date is missing or invalid
SHO9212,FEDEX,30/05/2026,Delivered,Chennai,Hyderabad,495.77,01/06/2026,06/05/2026,0,Delivered Date is before Ship Date
SHO9213,DHL,08/09/2024,UNKNOWN,Hyderabad,Mumbai,226.59,08/12/2024,20/08/2024,,Invalid status
SHO9214,BLUEDART,,Delivered,Bangalore,Hyderabad,353.32,14/01/2026,,,Invalid ship date; Delivered Date is missing or invalid for Delivered status
SHO9217,FEDEX,,In Transit,Mumbai,Pune,488.85,14/11/2025,,,Invalid ship date
SHO9218,BLUEDART,21/10/2024,Delivered,Mumbai,Delhi,39.06,,26/10/2024,,Expected Delivery Date is missing or invalid
SHO9220,FEDEX,02/07/2026,Delivered,Pune,Chennai,78.25,,02/12/2026,,Expected Delivery Date is missing or invalid
SHO9222,FEDEX,28/04/2025,In Transit,Mumbai,Bangalore,438.42,,,,Expected Delivery Date is missing or invalid
SHO9223,BLUEDART,03/07/2026,Pending,Chennai,Bangalore,-44.23,10/03/2026,,,Expected Delivery Date is before Ship Date; Invalid freight cost
SHO9224,FEDEX,05/05/2026,IN TRANS,Hyderabad,Chennai,,05/10/2026,,,Invalid status; Invalid freight cost
SHO9226,FEDEX,,IN TRANS,Bangalore,Hyderabad,329.31,28/01/2025,,,Invalid ship date; Invalid status
SHO9228,BLUEDART,02/10/2025,IN TRANS,Bangalore,Pune,444.86,07/10/2025,,,Invalid status
SHO9229,BLUEDART,05/12/2025,Delivered,Chennai,Delhi,,14/05/2025,17/05/2025,3,Expected Delivery Date is before Ship Date; Delivered Date is before Ship Date; Invalid freight cost
SHO9230,DHL,01/05/2024,Accepted,Bangalore,Pune,438.3,,,,Expected Delivery Date is missing or invalid
SHO9231,DHL,24/09/2024,Delivered,Chennai,Delhi,-60.29,28/09/2024,,,Delivered Date is missing or invalid for Delivered status; Invalid freight cost
SHO9233,BLUEDART,,Delivered,Hyderabad,Bangalore,333.76,02/02/2024,04/02/2024,2,Invalid ship date
SHO9238,DHL,05/10/2026,In Transit,Pune,Chennai,-4.21,15/05/2026,,,Expected Delivery Date is before Ship Date; Invalid freight cost
SHO9239,DHL,04/06/2026,Delayed,Hyderabad,Delhi,99.57,,13/04/2026,,Expected Delivery Date is missing or invalid
SHO9240,FEDEX,08/08/2024,UNKNOWN,Mumbai,Chennai,458.21,08/10/2024,,,Invalid status
SHO9241,DHL,30/04/2025,Delivered,Mumbai,Pune,345.23,,05/05/2025,,Expected Delivery Date is missing or invalid
SHO9243,BLUEDART,23/05/2024,Accepted,Chennai,Pune,-50.38,,,,Expected Delivery Date is missing or invalid; Invalid freight cost
SHO9244,BLUEDART,06/07/2026,Pending,Chennai,Pune,-71.16,,,,Expected Delivery Date is missing or invalid; Invalid freight cost
SHO9245,BLUEDART,,Delivered,Delhi,Pune,,23/10/2025,,,Invalid ship date; Delivered Date is missing or invalid for Delivered status; Invalid freight cost
SHO9246,DHL,20/06/2025,UNKNOWN,Bangalore,Chennai,356.94,25/06/2025,,,Invalid status
SHO9248,BLUEDART,15/02/2024,IN TRANS,Hyderabad,Pune,,20/02/2024,,,Invalid status; Invalid freight cost
SHO9249,FEDEX,29/01/2025,UNKNOWN,Chennai,Delhi,72.08,01/02/2025,,,Invalid status
SHO9250,DHL,,Accepted,Pune,Hyderabad,123.31,,,,Invalid ship date; Expected Delivery Date is missing or invalid
SHO9252,DHL,04/06/2025,IN TRANS,Mumbai,Pune,3.86,06/06/2025,,,Invalid status
SHO9253,DHL,,IN TRANS,Chennai,Pune,333.03,04/01/2026,,,Invalid ship date; Invalid status
SHO9255,FEDEX,,Delayed,Bangalore,Delhi,208.44,10/01/2024,10/08/2024,,Invalid ship date
SHO9259,FEDEX,11/03/2025,Accepted,Mumbai,Bangalore,-26.81,08/11/2025,,,Invalid freight cost
SHO9260,DHL,25/03/2026,Delayed,Mumbai,Hyderabad,-41.4,28/03/2026,31/03/2026,,Invalid freight cost
SHO9262,DHL,17/01/2024,In Transit,Mumbai,Delhi,-38.32,23/01/2024,,,Invalid freight cost
,FEDEX,15/11/2024,Delivered,Delhi,Pune,-0.84,22/11/2024,27/11/2024,5,Missing shipment ID; Invalid freight cost
SHO9265,DHL,02/01/2024,Delayed,Chennai,Hyderabad,-0.29,04/01/2024,12/01/2024,,Invalid freight cost
SHO9267,BLUEDART,,IN TRANS,Chennai,Bangalore,219.44,,,,Invalid ship date; Invalid status; Expected Delivery Date is missing or invalid
,DHL,11/07/2024,Delivered,Delhi,Chennai,433.77,13/07/2024,17/07/2024,4,Missing shipment ID
SHO9270,DHL,,In Transit,Hyderabad,Delhi,37.47,28/03/2025,,,Invalid ship date
SHO9272,BLUEDART,04/05/2024,IN TRANS,Hyderabad,Mumbai,440.28,,,,Invalid status; Expected Delivery Date is missing or invalid
SHO9273,BLUEDART,16/01/2024,Delivered,Hyderabad,Chennai,137.22,,21/01/2024,,Expected Delivery Date is missing or invalid
SHO9274,FEDEX,09/05/2025,IN TRANS,Bangalore,Hyderabad,176.12,15/05/2025,,,Invalid status
SHO9275,FEDEX,31/07/2024,Delayed,Chennai,Delhi,469.74,08/04/2024,10/08/2024,,Expected Delivery Date is before Ship Date
SHO9276,FEDEX,27/07/2024,Pending,Delhi,Bangalore,210.0,,,,Expected Delivery Date is missing or invalid
SHO9278,DHL,,Accepted,Hyderabad,Bangalore,427.36,13/04/2024,,,Invalid ship date
SHO9279,DHL,30/07/2025,Pending,Mumbai,Hyderabad,467.4,08/05/2025,,,Expected Delivery Date is before Ship Date
SHO9281,FEDEX,03/12/2025,Accepted,Bangalore,Chennai,448.14,15/03/2025,,,Expected Delivery Date is before Ship Date
SHO9282,FEDEX,08/02/2026,Accepted,Chennai,Bangalore,-54.55,13/02/2026,,,Invalid freight cost
SHO9284,DHL,08/02/2025,Delivered,Bangalore,Delhi,433.96,,,,Expected Delivery Date is missing or invalid; Delivered Date is missing or invalid for Delivered status
SHO9285,FEDEX,,Pending,Bangalore,Hyderabad,19.1,,,,Invalid ship date; Expected Delivery Date is missing or invalid
SHO9286,BLUEDART,05/10/2025,IN TRANS,Pune,Hyderabad,446.09,10/07/2025,,,Invalid status; Expected Delivery Date is before Ship Date
SHO9287,DHL,24/09/2025,UNKNOWN,Hyderabad,Bangalore,32.15,29/09/2025,,,Invalid status
SHO9288,DHL,25/12/2025,Delayed,Delhi,Hyderabad,327.72,,01/05/2026,,Expected Delivery Date is missing or invalid
SHO9289,FEDEX,11/11/2025,Pending,Delhi,Mumbai,110.44,,,,Expected Delivery Date is missing or invalid
SHO9291,FEDEX,27/04/2024,In Transit,Delhi,Pune,420.98,,,,Expected Delivery Date is missing or invalid
SHO9292,BLUEDART,22/10/2024,IN TRANS,Delhi,Hyderabad,298.94,24/10/2024,,,Invalid status
SHO9294,DHL,,Delayed,Mumbai,Chennai,204.77,21/01/2025,30/01/2025,,Invalid ship date
SHO9295,DHL,08/12/2024,UNKNOWN,Bangalore,Hyderabad,340.04,14/12/2024,16/12/2024,,Invalid status
SHO9297,DHL,,In Transit,Chennai,Pune,101.73,,,,Invalid ship date; Expected Delivery Date is missing or invalid
SHO9298,FEDEX,,Delayed,Delhi,Bangalore,438.87,13/08/2024,22/08/2024,,Invalid ship date
SHO9299,FEDEX,,Pending,Bangalore,Delhi,121.1,22/06/2024,,,Invalid ship date
SHO9301,FEDEX,24/08/2024,IN TRANS,Bangalore,Pune,385.28,29/08/2024,,,Invalid status
SHO9302,FEDEX,,Delayed,Hyderabad,Mumbai,211.37,,09/05/2024,,Invalid ship date; Expected Delivery Date is missing or invalid
SHO9303,BLUEDART,02/03/2025,IN TRANS,Chennai,Delhi,370.21,09/03/2025,,,Invalid status
SHO9304,DHL,15/01/2026,Accepted,Delhi,Pune,335.78,,,,Expected Delivery Date is missing or invalid
SHO9305,FEDEX,30/09/2024,Accepted,Pune,Chennai,473.25,,,,Expected Delivery Date is missing or invalid
SHO9306,DHL,,Pending,Delhi,Mumbai,249.62,18/01/2024,,,Invalid ship date
SHO9309,FEDEX,27/07/2024,In Transit,Chennai,Hyderabad,177.71,08/01/2024,,,Expected Delivery Date is before Ship Date
SHO9310,DHL,20/04/2024,UNKNOWN,Mumbai,Pune,34.33,24/04/2024,26/04/2024,,Invalid status
,FEDEX,24/06/2026,Delayed,Delhi,Pune,243.58,,05/07/2026,,Missing shipment ID; Expected Delivery Date is missing or invalid
SHO9314,FEDEX,12/08/2025,Pending,Chennai,Delhi,-68.89,16/08/2025,,,Invalid freight cost
SHO9315,BLUEDART,,In Transit,Delhi,Hyderabad,60.86,,,,Invalid ship date; Expected Delivery Date is missing or invalid
SHO9316,BLUEDART,26/12/2025,Accepted,Chennai,Delhi,380.97,,,,Expected Delivery Date is missing or invalid
SHO9317,DHL,28/06/2026,Delayed,Mumbai,Delhi,345.25,,11/07/2026,,Expected Delivery Date is missing or invalid
SHO9318,FEDEX,,Accepted,Hyderabad,Chennai,115.26,12/04/2025,15/04/2025,,Invalid ship date
SHO9320,BLUEDART,,Delivered,Bangalore,Mumbai,477.21,,20/03/2026,,Invalid ship date; Expected Delivery Date is missing or invalid
SHO9321,FEDEX,04/06/2024,Delivered,Bangalore,Mumbai,-1.52,11/06/2024,15/06/2024,4,Invalid freight cost
SHO9325,FEDEX,30/11/2024,In Transit,Hyderabad,Mumbai,118.98,12/06/2024,,,Expected Delivery Date is before Ship Date
SHO9326,BLUEDART,22/05/2025,UNKNOWN,Chennai,Pune,2.2,25/05/2025,,,Invalid status
SHO9327,FEDEX,,Pending,Mumbai,Hyderabad,164.24,21/08/2025,,,Invalid ship date
,FEDEX,24/01/2024,Pending,Mumbai,Delhi,312.68,,,,Missing shipment ID; Expected Delivery Date is missing or invalid
SHO9332,BLUEDART,,In Transit,Chennai,Delhi,301.43,25/10/2025,,,Invalid ship date
SHO9334,BLUEDART,29/10/2024,Delivered,Pune,Mumbai,302.78,03/11/2024,11/08/2024,0,Delivered Date is before Ship Date
SHO9335,BLUEDART,04/10/2025,Pending,Bangalore,Delhi,433.21,,,,Expected Delivery Date is missing or invalid
SHO9336,FEDEX,,Pending,Mumbai,Pune,419.36,04/09/2026,,,Invalid ship date
SHO9337,FEDEX,,Delayed,Pune,Chennai,-3.02,03/03/2026,,,Invalid ship date; Invalid freight cost
SHO9342,DHL,10/09/2025,Delivered,Hyderabad,Pune,,15/10/2025,20/10/2025,5,Invalid freight cost
SHO9344,DHL,27/08/2025,Pending,Chennai,Delhi,-70.41,31/08/2025,,,Invalid freight cost
SHO9345,FEDEX,26/11/2024,Pending,Chennai,Mumbai,47.19,,,,Expected Delivery Date is missing or invalid
SHO9346,FEDEX,28/02/2024,Delayed,Pune,Hyderabad,458.35,03/01/2024,03/06/2024,,Expected Delivery Date is before Ship Date
SHO9350,DHL,20/02/2024,Delayed,Mumbai,Bangalore,364.59,,,,Expected Delivery Date is missing or invalid
SHO9353,BLUEDART,27/04/2026,IN TRANS,Delhi,Pune,-30.65,,,,Invalid status; Expected Delivery Date is missing or invalid; Invalid freight cost
SHO9354,BLUEDART,21/02/2025,Delivered,Pune,Mumbai,-13.14,,04/03/2025,,Expected Delivery Date is missing or invalid; Invalid freight cost
SHO9356,BLUEDART,,Delayed,Pune,Hyderabad,427.27,21/03/2025,23/03/2025,,Invalid ship date
SHO9358,BLUEDART,,Delivered,Chennai,Mumbai,438.32,,16/07/2024,,Invalid ship date; Expected Delivery Date is missing or invalid
SHO9359,FEDEX,26/09/2025,In Transit,Hyderabad,Bangalore,237.5,,,,Expected Delivery Date is missing or invalid
SHO9362,BLUEDART,06/02/2024,Delivered,Delhi,Pune,,02/09/2024,13/02/2024,0,Invalid freight cost
,BLUEDART,09/02/2025,Pending,Mumbai,Bangalore,436.57,13/02/2025,,,Missing shipment ID
SHO9364,DHL,12/03/2024,In Transit,Pune,Mumbai,-17.8,05/12/2024,,,Invalid freight cost
SHO9365,DHL,01/05/2024,Delayed,Chennai,Bangalore,347.09,12/01/2024,,,Expected Delivery Date is before Ship Date
SHO9367,FEDEX,09/12/2024,Accepted,Bangalore,Hyderabad,86.4,18/09/2024,,,Expected Delivery Date is before Ship Date
SHO9369,DHL,12/11/2025,Accepted,Chennai,Hyderabad,492.5,,,,Expected Delivery Date is missing or invalid
SHO9371,BLUEDART,,In Transit,Mumbai,Hyderabad,18.65,17/03/2024,,,Invalid ship date
SHO9373,FEDEX,28/06/2026,Delivered,Pune,Hyderabad,427.11,07/01/2026,07/05/2026,120,Expected Delivery Date is before Ship Date; Delivered Date is before Ship Date
SHO9374,BLUEDART,10/11/2025,Delayed,Mumbai,Hyderabad,307.58,13/10/2025,15/10/2025,,Expected Delivery Date is before Ship Date
SHO9377,DHL,07/05/2024,In Transit,Mumbai,Delhi,431.6,,,,Expected Delivery Date is missing or invalid
SHO9378,FEDEX,27/09/2025,Accepted,Mumbai,Pune,227.08,10/01/2025,09/10/2025,,Expected Delivery Date is before Ship Date
SHO9379,DHL,,Accepted,Chennai,Hyderabad,250.66,07/06/2024,,,Invalid ship date
SHO9380,BLUEDART,22/02/2025,In Transit,Bangalore,Mumbai,79.56,,,,Expected Delivery Date is missing or invalid
SHO9384,FEDEX,13/01/2025,Delivered,Hyderabad,Mumbai,-30.97,19/01/2025,20/01/2025,1,Invalid freight cost
SHO9386,DHL,23/03/2024,IN TRANS,Bangalore,Chennai,224.01,27/03/2024,,,Invalid status
SHO9388,FEDEX,27/10/2025,Delayed,Pune,Hyderabad,122.1,,11/06/2025,,Expected Delivery Date is missing or invalid
SHO9390,BLUEDART,28/07/2025,In Transit,Bangalore,Mumbai,478.94,08/04/2025,,,Expected Delivery Date is before Ship Date
SHO9391,FEDEX,11/12/2025,IN TRANS,Delhi,Bangalore,154.55,16/12/2025,,,Invalid status
,FEDEX,17/09/2024,Pending,Pune,Chennai,241.67,19/09/2024,,,Missing shipment ID
SHO9393,FEDEX,09/04/2024,Pending,Chennai,Delhi,-20.81,,,,Expected Delivery Date is missing or invalid; Invalid freight cost
SHO9394,FEDEX,31/05/2024,IN TRANS,Delhi,Hyderabad,456.32,06/06/2024,,,Invalid status
SHO9395,DHL,,Delivered,Chennai,Pune,-53.81,,,,Invalid ship date; Expected Delivery Date is missing or invalid; Delivered Date is missing or invalid for Delivered status; Invalid freight cost
SHO9397,BLUEDART,24/06/2024,Delayed,Hyderabad,Bangalore,-76.0,,,,Expected Delivery Date is missing or invalid; Invalid freight cost
SHO9398,BLUEDART,02/12/2025,In Transit,Delhi,Hyderabad,390.45,15/02/2025,,,Expected Delivery Date is before Ship Date
SHO9400,BLUEDART,26/06/2025,Pending,Mumbai,Pune,64.38,07/02/2025,,,Expected Delivery Date is before Ship Date
SHO9401,BLUEDART,21/04/2025,Delayed,Hyderabad,Pune,-79.18,25/04/2025,,,Invalid freight cost
,FEDEX,18/03/2024,UNKNOWN,Delhi,Bangalore,,,,,Missing shipment ID; Invalid status; Expected Delivery Date is missing or invalid; Invalid freight cost
SHO9411,FEDEX,31/03/2026,Delivered,Bangalore,Delhi,-56.52,04/05/2026,07/04/2026,0,Invalid freight cost
SHO9418,BLUEDART,08/08/2025,Accepted,Pune,Mumbai,370.21,,,,Expected Delivery Date is missing or invalid
SHO9421,FEDEX,13/02/2026,Delivered,Hyderabad,Delhi,27.07,15/02/2026,,,Delivered Date is missing or invalid for Delivered status
SHO9422,FEDEX,06/10/2025,Pending,Pune,Chennai,426.76,16/06/2025,,,Expected Delivery Date is before Ship Date
SHO9423,DHL,18/11/2025,Delayed,Pune,Hyderabad,218.4,,03/12/2025,,Expected Delivery Date is missing or invalid
SHO9426,DHL,08/02/2024,UNKNOWN,Hyderabad,Chennai,408.77,13/02/2024,,,Invalid status
SHO9427,DHL,,Accepted,Bangalore,Delhi,11.3,,,,Invalid ship date; Expected Delivery Date is missing or invalid
SHO9430,BLUEDART,18/04/2026,In Transit,Chennai,Hyderabad,456.23,,,,Expected Delivery Date is missing or invalid
SHO9432,DHL,,Pending,Bangalore,Chennai,476.99,30/01/2025,,,Invalid ship date
SHO9435,DHL,,Delayed,Hyderabad,Bangalore,226.18,06/07/2024,15/07/2024,,Invalid ship date
SHO9437,DHL,28/04/2025,In Transit,Chennai,Delhi,198.88,,,,Expected Delivery Date is missing or invalid
SHO9438,BLUEDART,11/08/2024,Delayed,Bangalore,Chennai,,,11/12/2024,,Expected Delivery Date is missing or invalid; Invalid freight cost
SHO9439,DHL,23/01/2024,Delayed,Pune,Delhi,-7.18,30/01/2024,31/01/2024,,Invalid freight cost
SHO9440,DHL,10/03/2026,IN TRANS,Delhi,Bangalore,-20.28,17/03/2026,,,Invalid status; Invalid freight cost
SHO9441,BLUEDART,07/01/2024,IN TRANS,Bangalore,Hyderabad,465.7,07/06/2024,,,Invalid status
SHO9442,DHL,,Delivered,Delhi,Chennai,284.26,,07/08/2024,,Invalid ship date; Expected Delivery Date is missing or invalid
SHO9443,DHL,,Delayed,Hyderabad,Pune,93.14,,03/12/2024,,Invalid ship date; Expected Delivery Date is missing or invalid
,DHL,07/01/2026,Delivered,Hyderabad,Mumbai,256.29,11/01/2026,14/01/2026,3,Missing shipment ID
SHO9446,BLUEDART,08/09/2024,Accepted,Pune,Delhi,,14/08/2024,17/08/2024,,Expected Delivery Date is before Ship Date; Invalid freight cost
SHO9448,DHL,30/06/2025,Delayed,Pune,Hyderabad,241.05,07/04/2025,14/07/2025,,Expected Delivery Date is before Ship Date
SHO9449,DHL,,Delivered,Pune,Hyderabad,426.79,,21/08/2025,,Invalid ship date; Expected Delivery Date is missing or invalid
SHO9451,DHL,20/02/2026,Delayed,Hyderabad,Chennai,455.04,,27/02/2026,,Expected Delivery Date is missing or invalid
SHO9452,FEDEX,08/04/2026,Delivered,Chennai,Pune,148.41,,04/11/2026,,Expected Delivery Date is missing or invalid
SHO9454,BLUEDART,,Delayed,Bangalore,Delhi,222.87,24/06/2024,27/06/2024,,Invalid ship date
,FEDEX,22/08/2025,Delivered,Chennai,Delhi,170.0,,27/08/2025,,Missing shipment ID; Expected Delivery Date is missing or invalid
,BLUEDART,14/05/2025,Accepted,Chennai,Bangalore,265.38,,,,Missing shipment ID; Expected Delivery Date is missing or invalid
SHO9460,FEDEX,16/02/2025,Delivered,Mumbai,Bangalore,47.27,19/02/2025,,,Delivered Date is missing or invalid for Delivered status
,BLUEDART,20/01/2026,Delayed,Hyderabad,Bangalore,-51.17,23/01/2026,02/02/2026,,Missing shipment ID; Invalid freight cost
SHO9463,FEDEX,14/06/2024,UNKNOWN,Mumbai,Chennai,281.04,16/06/2024,14/06/2024,,Invalid status
SHO9464,FEDEX,30/05/2026,In Transit,Delhi,Mumbai,,06/06/2026,,,Invalid freight cost
SHO9465,DHL,14/11/2024,IN TRANS,Bangalore,Delhi,230.58,16/11/2024,,,Invalid status
SHO9466,DHL,01/09/2024,In Transit,Hyderabad,Pune,358.74,16/01/2024,,,Expected Delivery Date is before Ship Date
SHO9467,BLUEDART,04/08/2025,Delayed,Bangalore,Chennai,139.64,12/04/2025,14/04/2025,,Expected Delivery Date is before Ship Date
SHO9468,DHL,13/05/2026,IN TRANS,Pune,Bangalore,142.36,19/05/2026,,,Invalid status
SHO9469,DHL,05/11/2026,Accepted,Pune,Hyderabad,416.64,18/05/2026,,,Expected Delivery Date is before Ship Date
SHO9471,FEDEX,,IN TRANS,Chennai,Delhi,-69.42,06/12/2025,,,Invalid ship date; Invalid status; Invalid freight cost
SHO9472,FEDEX,07/05/2024,Delayed,Mumbai,Delhi,375.88,,23/05/2024,,Expected Delivery Date is missing or invalid
,FEDEX,05/04/2026,Pending,Delhi,Bangalore,198.99,12/04/2026,,,Missing shipment ID
SHO9474,DHL,07/03/2024,Pending,Hyderabad,Chennai,-10.0,,,,Expected Delivery Date is missing or invalid; Invalid freight cost
SHO9475,DHL,26/11/2025,UNKNOWN,Bangalore,Mumbai,-43.53,,12/06/2025,,Invalid status; Expected Delivery Date is missing or invalid; Invalid freight cost
SHO9478,BLUEDART,,Accepted,Delhi,Hyderabad,463.59,23/04/2024,,,Invalid ship date
SHO9479,FEDEX,23/05/2025,Delayed,Delhi,Mumbai,341.25,,02/06/2025,,Expected Delivery Date is missing or invalid
SHO9481,FEDEX,18/05/2025,In Transit,Hyderabad,Delhi,-28.39,25/05/2025,,,Invalid freight cost
SHO9482,DHL,03/05/2024,In Transit,Pune,Chennai,119.69,10/03/2024,,,Expected Delivery Date is before Ship Date
SHO9483,DHL,,In Transit,Pune,Delhi,243.62,18/09/2024,,,Invalid ship date
SHO9485,BLUEDART,,In Transit,Delhi,Mumbai,419.76,,,,Invalid ship date; Expected Delivery Date is missing or invalid
SHO9486,FEDEX,07/01/2024,Accepted,Delhi,Chennai,,07/07/2024,07/07/2024,,Invalid freight cost
SHO9487,BLUEDART,25/04/2026,Delivered,Mumbai,Hyderabad,110.22,02/05/2026,05/02/2026,0,Delivered Date is before Ship Date
,DHL,27/07/2025,In Transit,Delhi,Hyderabad,190.05,01/08/2025,,,Missing shipment ID
SHO9490,DHL,17/05/2026,Accepted,Mumbai,Bangalore,30.92,,,,Expected Delivery Date is missing or invalid
SHO9491,FEDEX,25/03/2024,UNKNOWN,Chennai,Delhi,173.28,,,,Invalid status; Expected Delivery Date is missing or invalid
SHO9493,DHL,,In Transit,Chennai,Bangalore,144.6,18/07/2025,,,Invalid ship date
SHO9494,FEDEX,17/06/2026,IN TRANS,Mumbai,Bangalore,459.96,19/06/2026,,,Invalid status
SHO9497,FEDEX,22/10/2025,In Transit,Hyderabad,Mumbai,,29/10/2025,,,Invalid freight cost
SHO9498,BLUEDART,30/03/2024,Delivered,Hyderabad,Mumbai,,04/04/2024,,,Delivered Date is missing or invalid for Delivered status; Invalid freight cost
SHO9499,BLUEDART,03/06/2024,In Transit,Mumbai,Hyderabad,-48.85,03/09/2024,,,Invalid freight cost
SHO9500,FEDEX,01/05/2026,Delivered,Bangalore,Hyderabad,437.42,,01/12/2026,,Expected Delivery Date is missing or invalid
SHO9502,DHL,24/01/2026,IN TRANS,Delhi,Chennai,,28/01/2026,,,Invalid status; Invalid freight cost
SHO9503,BLUEDART,23/05/2024,In Transit,Pune,Hyderabad,114.94,,,,Expected Delivery Date is missing or invalid
SHO9504,DHL,19/04/2025,UNKNOWN,Pune,Mumbai,391.98,,,,Invalid status; Expected Delivery Date is missing or invalid
SHO9505,BLUEDART,29/06/2025,Pending,Hyderabad,Pune,225.3,07/01/2025,,,Expected Delivery Date is before Ship Date
SHO9506,BLUEDART,03/10/2025,In Transit,Chennai,Pune,96.55,10/06/2025,,,Expected Delivery Date is before Ship Date
SHO9507,BLUEDART,03/12/2026,Pending,Pune,Delhi,445.34,16/03/2026,,,Expected Delivery Date is before Ship Date
SHO9510,BLUEDART,,Pending,Bangalore,Mumbai,281.44,,,,Invalid ship date; Expected Delivery Date is missing or invalid
SHO9511,FEDEX,03/06/2025,Delivered,Delhi,Bangalore,-22.82,03/12/2025,11/03/2025,0,Delivered Date is before Ship Date; Invalid freight cost
SHO9512,DHL,04/06/2026,Pending,Chennai,Hyderabad,-34.41,12/04/2026,,,Expected Delivery Date is before Ship Date; Invalid freight cost
SHO9513,BLUEDART,06/04/2024,Delayed,Hyderabad,Pune,242.36,,,,Expected Delivery Date is missing or invalid
SHO9516,DHL,,Delivered,Delhi,Bangalore,-38.94,02/02/2025,,,Invalid ship date; Delivered Date is missing or invalid for Delivered status; Invalid freight cost
SHO9517,BLUEDART,,Delivered,Chennai,Bangalore,395.07,21/08/2024,22/08/2024,1,Invalid ship date
SHO9520,FEDEX,07/03/2026,Delayed,Mumbai,Delhi,109.5,,14/03/2026,,Expected Delivery Date is missing or invalid
SHO9522,BLUEDART,24/07/2025,Delivered,Hyderabad,Mumbai,28.65,26/07/2025,,,Delivered Date is missing or invalid for Delivered status
SHO9523,FEDEX,24/04/2024,Delayed,Bangalore,Hyderabad,,,,,Expected Delivery Date is missing or invalid; Invalid freight cost
SHO9524,FEDEX,15/02/2026,Accepted,Chennai,Hyderabad,-42.71,,,,Expected Delivery Date is missing or invalid; Invalid freight cost
SHO9525,BLUEDART,01/12/2025,Pending,Delhi,Hyderabad,,18/01/2025,,,Expected Delivery Date is before Ship Date; Invalid freight cost
SHO9526,FEDEX,,Delivered,Chennai,Hyderabad,,08/02/2024,02/06/2024,115,Invalid ship date; Invalid freight cost
SHO9527,BLUEDART,20/03/2026,Delayed,Pune,Chennai,322.51,,04/04/2026,,Expected Delivery Date is missing or invalid
SHO9528,FEDEX,,In Transit,Mumbai,Chennai,207.41,,,,Invalid ship date; Expected Delivery Date is missing or invalid
SHO9529,BLUEDART,27/01/2025,Delivered,Pune,Hyderabad,,02/03/2025,,,Delivered Date is missing or invalid for Delivered status; Invalid freight cost
SHO9531,DHL,12/02/2026,Pending,Mumbai,Hyderabad,-6.03,,,,Expected Delivery Date is missing or invalid; Invalid freight cost
SHO9534,BLUEDART,,In Transit,Pune,Mumbai,106.44,,,,Invalid ship date; Expected Delivery Date is missing or invalid
SHO9535,DHL,29/10/2024,Delivered,Hyderabad,Pune,362.32,05/11/2024,,,Delivered Date is missing or invalid for Delivered status
SHO9536,FEDEX,07/10/2025,Delivered,Bangalore,Pune,-15.8,,19/07/2025,,Expected Delivery Date is missing or invalid; Delivered Date is before Ship Date; Invalid freight cost
SHO9538,BLUEDART,,Pending,Bangalore,Hyderabad,400.59,28/04/2024,,,Invalid ship date
SHO9539,DHL,12/02/2024,IN TRANS,Delhi,Hyderabad,78.17,04/12/2024,,,Invalid status
SHO9540,BLUEDART,06/12/2024,Accepted,Chennai,Hyderabad,80.5,18/06/2024,,,Expected Delivery Date is before Ship Date
SHO9543,BLUEDART,21/10/2025,UNKNOWN,Chennai,Delhi,414.3,23/10/2025,,,Invalid status
SHO9546,BLUEDART,13/09/2024,Pending,Bangalore,Pune,376.44,,,,Expected Delivery Date is missing or invalid
SHO9548,BLUEDART,02/11/2025,Accepted,Bangalore,Mumbai,158.37,11/09/2025,,,Expected Delivery Date is before Ship Date
SHO9549,FEDEX,,In Transit,Bangalore,Chennai,323.59,06/12/2024,,,Invalid ship date
SHO9550,DHL,02/11/2025,Accepted,Delhi,Bangalore,357.41,11/06/2025,,,Expected Delivery Date is before Ship Date
SHO9551,BLUEDART,14/12/2024,Accepted,Delhi,Pune,,18/12/2024,,,Invalid freight cost
,FEDEX,21/03/2026,Delivered,Chennai,Bangalore,498.8,27/03/2026,,,Missing shipment ID; Delivered Date is missing or invalid for Delivered status
SHO9554,BLUEDART,,Delayed,Mumbai,Chennai,22.17,14/10/2025,18/10/2025,,Invalid ship date
SHO9556,DHL,,In Transit,Chennai,Bangalore,359.77,,,,Invalid ship date; Expected Delivery Date is missing or invalid
SHO9558,BLUEDART,,Delayed,Delhi,Bangalore,234.45,,07/07/2026,,Invalid ship date; Expected Delivery Date is missing or invalid
SHO9559,FEDEX,05/04/2025,Delivered,Chennai,Mumbai,352.06,07/05/2025,,,Delivered Date is missing or invalid for Delivered status
SHO9560,FEDEX,31/10/2025,Delivered,Delhi,Pune,-30.75,,,,Expected Delivery Date is missing or invalid; Delivered Date is missing or invalid for Delivered status; Invalid freight cost
SHO9561,BLUEDART,13/06/2026,Delayed,Chennai,Delhi,-77.82,16/06/2026,22/06/2026,,Invalid freight cost
,FEDEX,03/10/2026,Delayed,Delhi,Hyderabad,168.12,17/03/2026,25/03/2026,,Missing shipment ID; Expected Delivery Date is before Ship Date
SHO9563,DHL,25/04/2026,In Transit,Delhi,Mumbai,367.84,,,,Expected Delivery Date is missing or invalid
,FEDEX,,Delayed,Chennai,Mumbai,3.87,,31/03/2025,,Missing shipment ID; Invalid ship date; Expected Delivery Date is missing or invalid
SHO9567,BLUEDART,29/03/2025,IN TRANS,Pune,Chennai,163.04,02/04/2025,,,Invalid status
SHO9568,FEDEX,16/10/2025,Delayed,Chennai,Mumbai,2.09,,27/10/2025,,Expected Delivery Date is missing or invalid
SHO9569,DHL,17/06/2025,UNKNOWN,Mumbai,Delhi,340.57,,,,Invalid status; Expected Delivery Date is missing or invalid
SHO9570,DHL,,Accepted,Chennai,Delhi,129.98,,,,Invalid ship date; Expected Delivery Date is missing or invalid
SHO9572,DHL,06/02/2025,Delivered,Mumbai,Delhi,,09/02/2025,08/02/2025,0,Invalid freight cost
SHO9574,BLUEDART,,UNKNOWN,Chennai,Delhi,141.89,,08/11/2024,,Invalid ship date; Invalid status; Expected Delivery Date is missing or invalid
,BLUEDART,18/06/2025,In Transit,Delhi,Mumbai,144.89,,,,Missing shipment ID; Expected Delivery Date is missing or invalid
SHO9578,FEDEX,26/07/2024,Accepted,Mumbai,Delhi,22.62,08/02/2024,,,Expected Delivery Date is before Ship Date
SHO9579,BLUEDART,,Delayed,Chennai,Bangalore,-76.54,13/02/2024,14/02/2024,,Invalid ship date; Invalid freight cost
SHO9580,FEDEX,11/02/2024,In Transit,Chennai,Pune,-68.94,18/02/2024,,,Invalid freight cost
SHO9581,DHL,,Delayed,Delhi,Pune,461.16,30/01/2024,09/02/2024,,Invalid ship date
SHO9583,DHL,,Pending,Delhi,Bangalore,298.76,18/06/2025,,,Invalid ship date
,FEDEX,11/11/2024,In Transit,Hyderabad,Chennai,-14.2,14/11/2024,,,Missing shipment ID; Invalid freight cost
SHO9585,BLUEDART,07/03/2025,In Transit,Mumbai,Chennai,-46.36,,,,Expected Delivery Date is missing or invalid; Invalid freight cost
SHO9586,DHL,,Delayed,Delhi,Pune,301.63,23/07/2024,28/07/2024,,Invalid ship date
,FEDEX,27/02/2025,In Transit,Bangalore,Mumbai,-40.96,06/03/2025,,,Missing shipment ID; Invalid freight cost
SHO9588,FEDEX,01/02/2025,Pending,Hyderabad,Mumbai,-57.74,08/01/2025,,,Expected Delivery Date is before Ship Date; Invalid freight cost
SHO9592,DHL,,Delayed,Chennai,Mumbai,491.95,07/12/2025,17/12/2025,,Invalid ship date
,FEDEX,07/07/2025,Delayed,Bangalore,Chennai,19.12,10/07/2025,16/07/2025,,Missing shipment ID
SHO9595,BLUEDART,,Pending,Hyderabad,Mumbai,406.43,08/02/2025,,,Invalid ship date
SHO9596,BLUEDART,,Delivered,Hyderabad,Pune,192.91,27/06/2024,29/06/2024,2,Invalid ship date
SHO9598,FEDEX,02/01/2025,UNKNOWN,Chennai,Pune,162.79,02/06/2025,,,Invalid status
SHO9601,FEDEX,,In Transit,Delhi,Chennai,171.28,27/03/2026,,,Invalid ship date
,FEDEX,,Delivered,Delhi,Chennai,-48.45,,01/11/2026,,Missing shipment ID; Invalid ship date; Expected Delivery Date is missing or invalid; Invalid freight cost
SHO9604,FEDEX,16/09/2024,In Transit,Bangalore,Hyderabad,199.38,,,,Expected Delivery Date is missing or invalid
SHO9605,BLUEDART,04/10/2024,Pending,Mumbai,Hyderabad,315.84,15/04/2024,,,Expected Delivery Date is before Ship Date
,DHL,,Delivered,Bangalore,Delhi,153.98,20/08/2024,23/08/2024,3,Missing shipment ID; Invalid ship date
SHO9609,DHL,09/01/2025,In Transit,Bangalore,Chennai,-13.24,11/01/2025,,,Invalid freight cost
SHO9615,BLUEDART,,Accepted,Pune,Chennai,-58.94,29/11/2025,06/12/2025,,Invalid ship date; Invalid freight cost
SHO9616,FEDEX,28/02/2024,IN TRANS,Pune,Delhi,,06/03/2024,,,Invalid status; Invalid freight cost
SHO9619,BLUEDART,,Delayed,Pune,Mumbai,114.39,,25/07/2025,,Invalid ship date; Expected Delivery Date is missing or invalid
,DHL,26/01/2026,Delayed,Pune,Chennai,489.68,31/01/2026,02/08/2026,,Missing shipment ID
SHO9622,BLUEDART,,Delayed,Delhi,Chennai,174.37,09/02/2026,14/02/2026,,Invalid ship date
SHO9623,DHL,,IN TRANS,Delhi,Hyderabad,86.25,14/10/2025,,,Invalid ship date; Invalid status
SHO9624,BLUEDART,09/12/2024,Delivered,Pune,Mumbai,151.16,,13/12/2024,,Expected Delivery Date is missing or invalid
,BLUEDART,,Pending,Chennai,Mumbai,8.92,,,,Missing shipment ID; Invalid ship date; Expected Delivery Date is missing or invalid
SHO9626,BLUEDART,13/12/2025,Pending,Hyderabad,Chennai,-10.17,16/12/2025,,,Invalid freight cost
,FEDEX,21/05/2024,Pending,Hyderabad,Chennai,447.61,25/05/2024,,,Missing shipment ID
SHO9628,DHL,01/02/2026,Delayed,Bangalore,Hyderabad,66.86,,02/12/2026,,Expected Delivery Date is missing or invalid
SHO9631,BLUEDART,30/07/2024,Delayed,Chennai,Mumbai,485.34,,08/04/2024,,Expected Delivery Date is missing or invalid
,DHL,22/01/2024,Accepted,Delhi,Pune,-50.34,,,,Missing shipment ID; Expected Delivery Date is missing or invalid; Invalid freight cost
SHO9635,FEDEX,09/02/2025,Delayed,Hyderabad,Bangalore,336.72,,09/10/2025,,Expected Delivery Date is missing or invalid
SHO9636,FEDEX,,Delivered,Pune,Chennai,308.11,,26/02/2024,,Invalid ship date; Expected Delivery Date is missing or invalid
SHO9637,BLUEDART,,Pending,Pune,Mumbai,77.64,30/03/2025,,,Invalid ship date
SHO9638,DHL,24/08/2025,Accepted,Mumbai,Chennai,-60.24,26/08/2025,,,Invalid freight cost
SHO9640,FEDEX,25/11/2024,Delayed,Bangalore,Chennai,,,02/12/2024,,Expected Delivery Date is missing or invalid; Invalid freight cost
SHO9641,FEDEX,10/02/2024,In Transit,Pune,Bangalore,,15/02/2024,,,Invalid freight cost
SHO9643,BLUEDART,03/09/2026,Pending,Bangalore,Hyderabad,24.8,14/03/2026,,,Expected Delivery Date is before Ship Date
SHO9644,DHL,26/11/2024,Pending,Chennai,Hyderabad,363.34,,,,Expected Delivery Date is missing or invalid
SHO9645,BLUEDART,04/06/2026,In Transit,Chennai,Delhi,-27.12,04/10/2026,,,Invalid freight cost
SHO9646,FEDEX,01/08/2025,Delivered,Mumbai,Pune,255.41,10/01/2025,14/01/2025,4,Expected Delivery Date is before Ship Date; Delivered Date is before Ship Date
SHO9648,DHL,,In Transit,Hyderabad,Bangalore,0.66,15/05/2026,,,Invalid ship date
SHO9649,BLUEDART,03/11/2024,Accepted,Mumbai,Pune,231.66,,,,Expected Delivery Date is missing or invalid
SHO9650,DHL,29/09/2025,UNKNOWN,Delhi,Pune,-57.18,01/10/2025,,,Invalid status; Invalid freight cost
SHO9651,BLUEDART,18/06/2026,Pending,Mumbai,Chennai,,24/06/2026,,,Invalid freight cost
SHO9653,BLUEDART,05/01/2025,Delayed,Bangalore,Mumbai,171.96,,16/01/2025,,Expected Delivery Date is missing or invalid
SHO9657,BLUEDART,,In Transit,Delhi,Mumbai,426.56,05/02/2025,,,Invalid ship date
SHO9658,BLUEDART,16/03/2024,Delivered,Chennai,Pune,270.51,22/03/2024,,,Delivered Date is missing or invalid for Delivered status
SHO9661,FEDEX,02/03/2025,Pending,Bangalore,Delhi,403.65,,,,Expected Delivery Date is missing or invalid
SHO9662,BLUEDART,28/04/2024,Delayed,Pune,Mumbai,41.22,,13/05/2024,,Expected Delivery Date is missing or invalid
SHO9665,FEDEX,18/07/2025,UNKNOWN,Delhi,Chennai,145.51,,27/07/2025,,Invalid status; Expected Delivery Date is missing or invalid
SHO9667,BLUEDART,09/06/2024,Delivered,Chennai,Delhi,,09/09/2024,09/11/2024,61,Invalid freight cost
SHO9668,DHL,10/11/2025,Delayed,Hyderabad,Chennai,158.03,15/10/2025,16/10/2025,,Expected Delivery Date is before Ship Date
SHO9669,BLUEDART,02/09/2025,Delayed,Delhi,Bangalore,440.75,09/08/2025,17/09/2025,,Expected Delivery Date is before Ship Date
SHO9670,DHL,16/03/2026,In Transit,Delhi,Chennai,85.38,,,,Expected Delivery Date is missing or invalid
SHO9674,DHL,12/04/2024,In Transit,Hyderabad,Pune,186.68,,,,Expected Delivery Date is missing or invalid
,DHL,24/03/2026,Delayed,Delhi,Bangalore,434.84,29/03/2026,31/03/2026,,Missing shipment ID
,BLUEDART,25/09/2025,In Transit,Mumbai,Pune,184.79,10/01/2025,,,Missing shipment ID; Expected Delivery Date is before Ship Date
SHO9677,DHL,24/03/2024,IN TRANS,Pune,Mumbai,151.58,27/03/2024,,,Invalid status
SHO9678,BLUEDART,,In Transit,Pune,Hyderabad,,12/07/2024,,,Invalid ship date; Invalid freight cost
SHO9679,BLUEDART,06/01/2024,Pending,Hyderabad,Bangalore,12.17,,,,Expected Delivery Date is missing or invalid
SHO9681,FEDEX,31/07/2025,In Transit,Hyderabad,Delhi,-20.07,08/02/2025,,,Expected Delivery Date is before Ship Date; Invalid freight cost
SHO9682,FEDEX,,In Transit,Pune,Chennai,318.41,,,,Invalid ship date; Expected Delivery Date is missing or invalid
SHO9683,BLUEDART,05/09/2025,In Transit,Pune,Delhi,,11/09/2025,,,Invalid freight cost
SHO9684,DHL,06/08/2024,Pending,Bangalore,Delhi,210.41,,,,Expected Delivery Date is missing or invalid
SHO9686,FEDEX,31/12/2024,Accepted,Chennai,Mumbai,12.34,,,,Expected Delivery Date is missing or invalid
SHO9688,DHL,,Delivered,Bangalore,Mumbai,440.33,15/05/2026,,,Invalid ship date; Delivered Date is missing or invalid for Delivered status
SHO9690,BLUEDART,16/11/2025,Delayed,Pune,Bangalore,251.01,,29/11/2025,,Expected Delivery Date is missing or invalid
SHO9691,BLUEDART,09/09/2024,Delivered,Delhi,Bangalore,120.01,,12/09/2024,,Expected Delivery Date is missing or invalid
SHO9693,BLUEDART,28/12/2025,Delivered,Hyderabad,Bangalore,356.75,,30/12/2025,,Expected Delivery Date is missing or invalid
SHO9694,FEDEX,,Accepted,Chennai,Bangalore,375.44,26/06/2026,,,Invalid ship date
SHO9695,BLUEDART,19/06/2024,Delivered,Hyderabad,Bangalore,,22/06/2024,20/06/2024,0,Invalid freight cost
,BLUEDART,19/02/2024,Delivered,Delhi,Bangalore,143.15,26/02/2024,,,Missing shipment ID; Delivered Date is missing or invalid for Delivered status
SHO9697,BLUEDART,16/03/2024,Pending,Bangalore,Pune,,,,,Expected Delivery Date is missing or invalid; Invalid freight cost
SHO9699,FEDEX,04/12/2024,Delivered,Mumbai,Bangalore,246.72,09/12/2024,,,Delivered Date is missing or invalid for Delivered status
SHO9700,DHL,04/10/2024,Accepted,Bangalore,Mumbai,193.36,10/08/2024,,,Expected Delivery Date is before Ship Date
SHO9701,FEDEX,01/02/2025,Delivered,Hyderabad,Bangalore,129.73,,01/08/2025,,Expected Delivery Date is missing or invalid
SHO9702,DHL,11/11/2025,Accepted,Pune,Chennai,-50.98,17/11/2025,,,Invalid freight cost
SHO9703,DHL,05/03/2025,In Transit,Chennai,Delhi,-51.4,05/09/2025,,,Invalid freight cost
,FEDEX,30/05/2024,Pending,Mumbai,Hyderabad,308.16,04/06/2024,,,Missing shipment ID
SHO9706,BLUEDART,,IN TRANS,Hyderabad,Chennai,24.41,01/11/2024,,,Invalid ship date; Invalid status
SHO9707,BLUEDART,12/12/2024,UNKNOWN,Hyderabad,Mumbai,-60.89,,,,Invalid status; Expected Delivery Date is missing or invalid; Invalid freight cost
SHO9708,BLUEDART,24/01/2024,UNKNOWN,Pune,Hyderabad,273.8,29/01/2024,,,Invalid status
SHO9710,DHL,03/06/2024,Delayed,Hyderabad,Chennai,326.33,09/03/2024,18/03/2024,,Expected Delivery Date is before Ship Date
SHO9711,BLUEDART,22/03/2026,In Transit,Delhi,Chennai,-63.9,26/03/2026,,,Invalid freight cost
SHO9712,FEDEX,07/08/2025,Delivered,Bangalore,Delhi,-69.71,13/08/2025,,,Delivered Date is missing or invalid for Delivered status; Invalid freight cost
SHO9715,BLUEDART,04/03/2025,Delivered,Hyderabad,Chennai,209.41,,08/03/2025,,Expected Delivery Date is missing or invalid
SHO9716,DHL,16/08/2025,IN TRANS,Chennai,Mumbai,-61.51,22/08/2025,,,Invalid status; Invalid freight cost
SHO9719,DHL,02/02/2025,UNKNOWN,Bangalore,Chennai,314.65,,02/09/2025,,Invalid status; Expected Delivery Date is missing or invalid
SHO9721,DHL,07/12/2025,In Transit,Chennai,Bangalore,170.24,14/07/2025,,,Expected Delivery Date is before Ship Date
SHO9723,FEDEX,08/11/2024,UNKNOWN,Bangalore,Chennai,217.05,,,,Invalid status; Expected Delivery Date is missing or invalid
SHO9725,BLUEDART,27/10/2025,Delayed,Delhi,Bangalore,163.42,11/03/2025,11/07/2025,,Expected Delivery Date is before Ship Date
SHO9726,DHL,05/12/2025,In Transit,Chennai,Pune,-33.45,17/05/2025,,,Expected Delivery Date is before Ship Date; Invalid freight cost
SHO9727,DHL,,Delivered,Mumbai,Chennai,264.27,01/10/2024,10/05/2024,0,Invalid ship date
SHO9731,BLUEDART,21/03/2025,In Transit,Hyderabad,Chennai,355.37,,,,Expected Delivery Date is missing or invalid
SHO9733,BLUEDART,23/03/2025,Delivered,Bangalore,Delhi,-45.66,30/03/2025,31/03/2025,1,Invalid freight cost
SHO9734,DHL,,Delivered,Bangalore,Pune,125.62,12/12/2024,,,Invalid ship date; Delivered Date is missing or invalid for Delivered status
SHO9735,DHL,25/06/2025,Pending,Delhi,Chennai,9.15,,,,Expected Delivery Date is missing or invalid
SHO9736,BLUEDART,03/07/2024,In Transit,Pune,Hyderabad,353.85,12/03/2024,,,Expected Delivery Date is before Ship Date
SHO9737,FEDEX,20/10/2025,Delivered,Delhi,Hyderabad,155.69,,23/10/2025,,Expected Delivery Date is missing or invalid
SHO9738,FEDEX,25/06/2026,Delayed,Delhi,Mumbai,-25.48,,07/05/2026,,Expected Delivery Date is missing or invalid; Invalid freight cost
SHO9739,FEDEX,01/12/2025,Pending,Bangalore,Pune,471.2,,,,Expected Delivery Date is missing or invalid
SHO9740,BLUEDART,09/12/2025,Delayed,Chennai,Hyderabad,46.79,14/09/2025,,,Expected Delivery Date is before Ship Date
SHO9741,FEDEX,22/05/2025,Accepted,Mumbai,Bangalore,-4.75,25/05/2025,,,Invalid freight cost
SHO9742,FEDEX,06/09/2026,In Transit,Hyderabad,Bangalore,218.69,,,,Expected Delivery Date is missing or invalid
SHO9744,DHL,06/12/2025,Accepted,Bangalore,Mumbai,-69.93,10/12/2025,,,Invalid freight cost
SHO9745,BLUEDART,21/01/2026,Pending,Mumbai,Hyderabad,231.28,,,,Expected Delivery Date is missing or invalid
SHO9748,DHL,,Delivered,Chennai,Delhi,182.22,18/06/2024,21/06/2024,3,Invalid ship date
SHO9749,DHL,,In Transit,Pune,Mumbai,217.67,16/04/2025,,,Invalid ship date
SHO9751,FEDEX,04/03/2025,In Transit,Chennai,Hyderabad,,04/10/2025,,,Invalid freight cost
SHO9752,FEDEX,13/10/2025,Accepted,Bangalore,Hyderabad,75.32,,,,Expected Delivery Date is missing or invalid
SHO9754,DHL,26/04/2024,UNKNOWN,Pune,Chennai,412.58,01/05/2024,,,Invalid status
SHO9757,FEDEX,,Delayed,Bangalore,Delhi,-72.94,22/01/2025,24/01/2025,,Invalid ship date; Invalid freight cost
,BLUEDART,11/08/2025,Pending,Mumbai,Delhi,393.33,,,,Missing shipment ID; Expected Delivery Date is missing or invalid
SHO9759,FEDEX,28/12/2024,IN TRANS,Hyderabad,Delhi,341.32,31/12/2024,,,Invalid status
SHO9761,BLUEDART,21/01/2025,Delivered,Bangalore,Mumbai,-12.15,,,,Expected Delivery Date is missing or invalid; Delivered Date is missing or invalid for Delivered status; Invalid freight cost
SHO9762,DHL,,Pending,Bangalore,Delhi,251.2,31/01/2026,,,Invalid ship date
SHO9764,FEDEX,03/09/2025,Delivered,Mumbai,Delhi,252.38,,09/05/2025,,Expected Delivery Date is missing or invalid; Delivered Date is before Ship Date
SHO9766,FEDEX,31/05/2025,Pending,Mumbai,Chennai,282.01,06/04/2025,,,Expected Delivery Date is before Ship Date
,FEDEX,02/09/2024,Delayed,Hyderabad,Mumbai,311.9,13/02/2024,,,Missing shipment ID; Expected Delivery Date is before Ship Date
SHO9769,BLUEDART,22/12/2025,In Transit,Mumbai,Chennai,465.67,,,,Expected Delivery Date is missing or invalid
SHO9770,FEDEX,19/11/2025,Accepted,Pune,Hyderabad,-33.05,24/11/2025,,,Invalid freight cost
SHO9772,FEDEX,,Accepted,Hyderabad,Chennai,-28.96,04/04/2025,,,Invalid ship date; Invalid freight cost
SHO9773,BLUEDART,18/12/2025,Pending,Chennai,Delhi,,23/12/2025,,,Invalid freight cost
SHO9774,FEDEX,21/10/2025,Pending,Chennai,Mumbai,413.67,,,,Expected Delivery Date is missing or invalid
SHO9776,BLUEDART,03/05/2026,IN TRANS,Hyderabad,Chennai,365.25,03/09/2026,,,Invalid status
SHO9777,BLUEDART,,Delayed,Hyderabad,Bangalore,-30.27,24/12/2024,30/12/2024,,Invalid ship date; Invalid freight cost
SHO9778,DHL,13/05/2026,IN TRANS,Hyderabad,Bangalore,-50.7,18/05/2026,,,Invalid status; Invalid freight cost
,DHL,16/11/2025,In Transit,Hyderabad,Pune,183.88,23/11/2025,,,Missing shipment ID
SHO9782,FEDEX,,UNKNOWN,Bangalore,Mumbai,345.39,08/02/2025,,,Invalid ship date; Invalid status
SHO9787,BLUEDART,13/03/2024,In Transit,Pune,Mumbai,-48.68,15/03/2024,,,Invalid freight cost
,DHL,06/05/2025,Delivered,Hyderabad,Chennai,467.09,,13/05/2025,,Missing shipment ID; Expected Delivery Date is missing or invalid
SHO9794,DHL,,In Transit,Hyderabad,Bangalore,341.23,,,,Invalid ship date; Expected Delivery Date is missing or invalid
SHO9797,DHL,,Delivered,Pune,Hyderabad,21.06,03/07/2024,12/03/2024,0,Invalid ship date
SHO9799,BLUEDART,,Accepted,Bangalore,Delhi,141.45,,,,Invalid ship date; Expected Delivery Date is missing or invalid
SHO9801,BLUEDART,07/10/2025,Pending,Delhi,Bangalore,-79.64,13/10/2025,,,Invalid freight cost
SHO9803,DHL,27/06/2025,Accepted,Pune,Chennai,191.54,,11/07/2025,,Expected Delivery Date is missing or invalid
SHO9804,FEDEX,05/12/2024,Pending,Delhi,Hyderabad,-19.3,,,,Expected Delivery Date is missing or invalid; Invalid freight cost
SHO9806,DHL,04/12/2024,Delivered,Hyderabad,Chennai,22.55,07/12/2024,,,Delivered Date is missing or invalid for Delivered status
SHO9807,FEDEX,20/05/2026,Pending,Chennai,Delhi,191.25,,,,Expected Delivery Date is missing or invalid
,BLUEDART,04/10/2024,Pending,Pune,Delhi,58.41,10/06/2024,,,Missing shipment ID; Expected Delivery Date is before Ship Date
,FEDEX,05/05/2026,In Transit,Pune,Bangalore,492.55,10/05/2026,,,Missing shipment ID
SHO9813,FEDEX,28/04/2025,UNKNOWN,Delhi,Hyderabad,23.69,04/05/2025,,,Invalid status
SHO9814,DHL,19/09/2024,Pending,Mumbai,Delhi,-35.72,22/09/2024,,,Invalid freight cost
SHO9818,BLUEDART,22/03/2025,UNKNOWN,Hyderabad,Chennai,358.94,,,,Invalid status; Expected Delivery Date is missing or invalid
SHO9819,FEDEX,12/12/2025,Accepted,Hyderabad,Bangalore,,16/12/2025,,,Invalid freight cost
SHO9823,FEDEX,15/03/2026,Accepted,Chennai,Pune,59.56,,,,Expected Delivery Date is missing or invalid
SHO9827,BLUEDART,,Pending,Delhi,Chennai,131.74,13/01/2025,,,Invalid ship date
SHO9828,DHL,08/08/2025,Delivered,Chennai,Mumbai,465.74,,12/08/2025,,Expected Delivery Date is missing or invalid
SHO9830,BLUEDART,05/12/2025,In Transit,Chennai,Bangalore,319.15,12/07/2025,,,Expected Delivery Date is before Ship Date
SHO9831,BLUEDART,05/10/2024,UNKNOWN,Bangalore,Pune,237.89,14/05/2024,,,Invalid status; Expected Delivery Date is before Ship Date
SHO9832,BLUEDART,,Delivered,Bangalore,Pune,59.53,08/03/2026,12/03/2026,4,Invalid ship date
SHO9833,FEDEX,,Pending,Chennai,Delhi,267.11,20/11/2024,,,Invalid ship date
SHO9834,BLUEDART,23/10/2025,UNKNOWN,Bangalore,Mumbai,160.82,,,,Invalid status; Expected Delivery Date is missing or invalid
SHO9835,DHL,27/12/2024,IN TRANS,Pune,Delhi,122.22,01/02/2025,,,Invalid status
SHO9836,DHL,,In Transit,Delhi,Hyderabad,393.16,03/12/2025,,,Invalid ship date
SHO9837,DHL,,In Transit,Delhi,Mumbai,306.74,,,,Invalid ship date; Expected Delivery Date is missing or invalid
SHO9841,DHL,03/12/2025,Pending,Mumbai,Hyderabad,115.84,,,,Expected Delivery Date is missing or invalid
SHO9842,DHL,09/04/2025,Pending,Bangalore,Mumbai,186.87,,,,Expected Delivery Date is missing or invalid
SHO9843,FEDEX,28/08/2024,Delivered,Pune,Bangalore,169.46,09/02/2024,06/09/2024,210,Expected Delivery Date is before Ship Date
SHO9844,FEDEX,06/12/2025,In Transit,Hyderabad,Delhi,327.55,,,,Expected Delivery Date is missing or invalid
,DHL,21/07/2024,Delivered,Bangalore,Hyderabad,238.98,23/07/2024,,,Missing shipment ID; Delivered Date is missing or invalid for Delivered status
SHO9848,FEDEX,20/12/2024,In Transit,Hyderabad,Delhi,322.72,,,,Expected Delivery Date is missing or invalid
SHO9850,FEDEX,,Pending,Bangalore,Mumbai,-15.7,30/06/2026,,,Invalid ship date; Invalid freight cost
SHO9852,DHL,02/02/2025,Delivered,Chennai,Mumbai,-60.7,02/09/2025,14/02/2025,0,Invalid freight cost
,BLUEDART,05/07/2025,In Transit,Pune,Delhi,347.83,07/07/2025,,,Missing shipment ID
,FEDEX,18/06/2025,Accepted,Bangalore,Chennai,,22/06/2025,,,Missing shipment ID; Invalid freight cost
SHO9855,DHL,22/08/2025,Pending,Pune,Hyderabad,238.41,,,,Expected Delivery Date is missing or invalid
SHO9856,FEDEX,14/04/2024,Delivered,Delhi,Chennai,-39.03,17/04/2024,20/04/2024,3,Invalid freight cost
,FEDEX,16/03/2025,Delayed,Pune,Delhi,16.2,,,,Missing shipment ID; Expected Delivery Date is missing or invalid
SHO9859,DHL,26/05/2024,Delivered,Mumbai,Delhi,89.12,28/05/2024,06/01/2024,0,Delivered Date is before Ship Date
,FEDEX,12/03/2025,Pending,Bangalore,Mumbai,416.67,09/12/2025,,,Missing shipment ID
SHO9863,DHL,21/08/2024,IN TRANS,Bangalore,Delhi,494.71,,,,Invalid status; Expected Delivery Date is missing or invalid
,FEDEX,27/05/2025,Delivered,Bangalore,Pune,144.01,03/06/2025,,,Missing shipment ID; Delivered Date is missing or invalid for Delivered status
SHO9866,DHL,11/09/2024,Pending,Chennai,Delhi,121.5,,,,Expected Delivery Date is missing or invalid
SHO9868,BLUEDART,,Delivered,Hyderabad,Pune,58.41,,22/07/2024,,Invalid ship date; Expected Delivery Date is missing or invalid
SHO9869,BLUEDART,02/05/2024,Delivered,Mumbai,Pune,430.19,09/02/2024,,,Delivered Date is missing or invalid for Delivered status; Expected Delivery Date is before Ship Date
SHO9872,FEDEX,18/03/2026,UNKNOWN,Chennai,Delhi,125.19,20/03/2026,,,Invalid status
SHO9873,DHL,16/10/2025,Delivered,Chennai,Hyderabad,81.83,19/10/2025,,,Delivered Date is missing or invalid for Delivered status
SHO9874,FEDEX,16/06/2026,In Transit,Bangalore,Mumbai,429.12,,,,Expected Delivery Date is missing or invalid
SHO9875,DHL,,Accepted,Chennai,Mumbai,223.05,03/01/2026,,,Invalid ship date
SHO9876,FEDEX,22/12/2025,UNKNOWN,Bangalore,Delhi,369.11,24/12/2025,,,Invalid status
SHO9877,DHL,,Accepted,Chennai,Bangalore,483.26,,,,Invalid ship date; Expected Delivery Date is missing or invalid
SHO9882,BLUEDART,21/12/2025,IN TRANS,Chennai,Mumbai,165.71,28/12/2025,,,Invalid status
SHO9883,DHL,01/10/2026,In Transit,Hyderabad,Delhi,208.11,16/01/2026,,,Expected Delivery Date is before Ship Date
SHO9884,DHL,07/10/2024,Delivered,Bangalore,Delhi,132.41,13/10/2024,,,Delivered Date is missing or invalid for Delivered status
SHO9885,FEDEX,,Accepted,Hyderabad,Pune,476.5,19/01/2025,,,Invalid ship date
SHO9886,DHL,,Pending,Mumbai,Chennai,83.32,16/05/2025,,,Invalid ship date
,BLUEDART,03/10/2024,Delivered,Delhi,Chennai,222.37,10/10/2024,10/09/2024,0,Missing shipment ID; Delivered Date is before Ship Date
SHO9888,BLUEDART,,Delivered,Bangalore,Chennai,122.27,26/08/2024,30/08/2024,4,Invalid ship date
SHO9892,BLUEDART,,UNKNOWN,Bangalore,Hyderabad,-18.75,23/05/2025,,,Invalid ship date; Invalid status; Invalid freight cost
SHO9893,DHL,14/03/2024,Delivered,Pune,Bangalore,344.71,16/03/2024,,,Delivered Date is missing or invalid for Delivered status
SHO9896,BLUEDART,,Pending,Mumbai,Chennai,214.23,20/09/2025,,,Invalid ship date
SHO9897,DHL,09/01/2025,Delivered,Mumbai,Hyderabad,-48.18,12/01/2025,16/01/2025,4,Invalid freight cost
,FEDEX,15/06/2025,In Transit,Hyderabad,Pune,221.55,18/06/2025,,,Missing shipment ID
SHO9899,BLUEDART,05/03/2026,Pending,Delhi,Pune,360.98,,,,Expected Delivery Date is missing or invalid
SHO9900,BLUEDART,19/10/2024,UNKNOWN,Pune,Delhi,490.54,21/10/2024,27/10/2024,,Invalid status
SHO9902,BLUEDART,07/02/2026,Delivered,Bangalore,Chennai,415.57,12/02/2026,,,Delivered Date is missing or invalid for Delivered status
SHO9903,DHL,09/02/2026,Pending,Bangalore,Chennai,471.64,,,,Expected Delivery Date is missing or invalid
SHO9905,FEDEX,19/08/2025,UNKNOWN,Bangalore,Pune,82.51,25/08/2025,,,Invalid status
SHO9907,FEDEX,16/12/2024,Delayed,Mumbai,Hyderabad,,,22/12/2024,,Expected Delivery Date is missing or invalid; Invalid freight cost
SHO9908,DHL,11/06/2024,Accepted,Chennai,Mumbai,388.5,,,,Expected Delivery Date is missing or invalid
SHO9910,BLUEDART,01/06/2025,Accepted,Hyderabad,Pune,207.96,09/01/2025,,,Expected Delivery Date is before Ship Date
SHO9912,FEDEX,,In Transit,Hyderabad,Pune,127.82,21/01/2026,,,Invalid ship date
SHO9913,FEDEX,12/02/2024,Pending,Hyderabad,Chennai,,15/02/2024,,,Invalid freight cost
SHO9914,FEDEX,04/11/2024,Delayed,Hyderabad,Bangalore,265.92,11/09/2024,17/11/2024,,Expected Delivery Date is before Ship Date
,DHL,,In Transit,Delhi,Mumbai,189.75,09/08/2024,,,Missing shipment ID; Invalid ship date
SHO9918,FEDEX,,Delayed,Chennai,Delhi,356.38,,08/07/2025,,Invalid ship date; Expected Delivery Date is missing or invalid
,DHL,10/02/2025,Accepted,Delhi,Chennai,-37.78,16/02/2025,14/02/2025,,Missing shipment ID; Invalid freight cost
,BLUEDART,11/06/2025,Delivered,Bangalore,Hyderabad,443.3,13/11/2025,13/11/2025,0,Missing shipment ID
SHO9925,DHL,20/12/2024,IN TRANS,Hyderabad,Delhi,409.17,,,,Invalid status; Expected Delivery Date is missing or invalid
SHO9926,FEDEX,29/06/2024,Delayed,Hyderabad,Mumbai,232.29,07/05/2024,,,Expected Delivery Date is before Ship Date
SHO9927,BLUEDART,,Accepted,Bangalore,Delhi,143.68,27/04/2025,,,Invalid ship date
SHO9930,BLUEDART,01/10/2024,Pending,Delhi,Mumbai,47.56,14/01/2024,,,Expected Delivery Date is before Ship Date
SHO9931,DHL,24/07/2024,Pending,Bangalore,Chennai,7.38,,,,Expected Delivery Date is missing or invalid
SHO9933,FEDEX,05/10/2024,UNKNOWN,Delhi,Pune,8.51,10/10/2024,18/10/2024,,Invalid status
SHO9936,DHL,20/05/2024,UNKNOWN,Bangalore,Hyderabad,-49.83,24/05/2024,,,Invalid status; Invalid freight cost
SHO9937,FEDEX,,In Transit,Pune,Hyderabad,145.29,27/10/2025,,,Invalid ship date
SHO9938,DHL,04/10/2025,Pending,Bangalore,Pune,164.35,10/09/2025,,,Expected Delivery Date is before Ship Date
SHO9939,DHL,20/08/2025,Delayed,Pune,Delhi,-69.48,22/08/2025,24/08/2025,,Invalid freight cost
SHO9940,DHL,15/03/2026,UNKNOWN,Chennai,Pune,494.42,19/03/2026,26/03/2026,,Invalid status
SHO9941,FEDEX,,Delayed,Delhi,Hyderabad,366.76,22/01/2025,25/01/2025,,Invalid ship date
,DHL,19/12/2025,In Transit,Chennai,Delhi,7.1,24/12/2025,,,Missing shipment ID
SHO9944,DHL,28/09/2025,IN TRANS,Pune,Delhi,340.14,30/09/2025,,,Invalid status
SHO9945,BLUEDART,25/08/2024,Delayed,Pune,Delhi,-11.24,31/08/2024,09/02/2024,,Invalid freight cost
SHO9947,DHL,28/07/2025,Accepted,Pune,Delhi,338.87,,,,Expected Delivery Date is missing or invalid
SHO9950,DHL,,Delayed,Mumbai,Bangalore,-1.05,23/06/2024,26/06/2024,,Invalid ship date; Invalid freight cost
SHO9951,BLUEDART,29/04/2026,In Transit,Pune,Chennai,62.29,05/02/2026,,,Expected Delivery Date is before Ship Date
SHO9952,BLUEDART,,Delivered,Chennai,Hyderabad,30.12,12/02/2025,15/02/2025,3,Invalid ship date
SHO9953,FEDEX,22/04/2026,IN TRANS,Mumbai,Delhi,332.94,26/04/2026,,,Invalid status
SHO9955,DHL,16/02/2024,IN TRANS,Chennai,Hyderabad,234.4,18/02/2024,,,Invalid status
SHO9956,FEDEX,29/05/2025,Delayed,Mumbai,Pune,197.85,,03/06/2025,,Expected Delivery Date is missing or invalid
SHO9958,BLUEDART,,Pending,Bangalore,Hyderabad,235.91,05/11/2025,,,Invalid ship date
SHO9959,BLUEDART,,Delayed,Hyderabad,Bangalore,332.02,21/03/2024,28/03/2024,,Invalid ship date
SHO9960,BLUEDART,28/10/2025,Pending,Delhi,Mumbai,-8.98,04/11/2025,,,Invalid freight cost
SHO9965,DHL,23/07/2024,Delivered,Hyderabad,Mumbai,-3.72,,,,Expected Delivery Date is missing or invalid; Delivered Date is missing or invalid for Delivered status; Invalid freight cost
SHO9967,DHL,07/06/2024,Delivered,Bangalore,Delhi,98.37,,10/06/2024,,Expected Delivery Date is missing or invalid
SHO9968,FEDEX,19/07/2025,In Transit,Delhi,Chennai,296.98,,,,Expected Delivery Date is missing or invalid
SHO9971,FEDEX,07/03/2025,Delayed,Chennai,Mumbai,,,20/03/2025,,Expected Delivery Date is missing or invalid; Invalid freight cost
,BLUEDART,24/02/2025,Pending,Hyderabad,Mumbai,205.96,27/02/2025,,,Missing shipment ID
SHO9973,BLUEDART,04/08/2025,Pending,Pune,Delhi,68.98,,,,Expected Delivery Date is missing or invalid
SHO9974,DHL,18/05/2025,UNKNOWN,Chennai,Bangalore,13.14,24/05/2025,,,Invalid status
SHO9975,DHL,23/06/2025,Pending,Delhi,Pune,72.34,,,,Expected Delivery Date is missing or invalid
SHO9976,BLUEDART,17/12/2024,UNKNOWN,Chennai,Pune,228.63,20/12/2024,,,Invalid status
SHO9977,DHL,25/10/2025,IN TRANS,Bangalore,Pune,,28/10/2025,,,Invalid status; Invalid freight cost
SHO9979,DHL,24/10/2024,Pending,Hyderabad,Pune,-71.07,31/10/2024,,,Invalid freight cost
SHO9981,FEDEX,07/02/2024,UNKNOWN,Chennai,Hyderabad,350.72,09/07/2024,,,Invalid status
SHO9982,BLUEDART,,In Transit,Bangalore,Chennai,450.62,18/07/2024,,,Invalid ship date
SHO9985,BLUEDART,07/05/2024,Pending,Chennai,Hyderabad,96.69,,,,Expected Delivery Date is missing or invalid
SHO9987,DHL,27/06/2024,IN TRANS,Delhi,Chennai,38.9,30/06/2024,,,Invalid status
SHO9988,BLUEDART,11/03/2025,UNKNOWN,Pune,Bangalore,348.02,17/03/2025,17/03/2025,,Invalid status
SHO9992,FEDEX,04/03/2024,UNKNOWN,Hyderabad,Chennai,497.77,10/03/2024,,,Invalid status
,FEDEX,21/02/2024,In Transit,Hyderabad,Delhi,312.06,26/02/2024,,,Missing shipment ID
SHO9994,FEDEX,,Delayed,Delhi,Chennai,399.62,27/08/2025,29/08/2025,,Invalid ship date
SHO9996,BLUEDART,01/11/2025,Pending,Hyderabad,Delhi,,15/01/2025,,,Expected Delivery Date is before Ship Date; Invalid freight cost
